criterion,criterion_depth_m,scenario,depth_scale,origin,rule,ref_reachable,ref_length_km,returned,shelter,length_km,exposure_m2,max_depth_m,traversable,detour_pct,outcome
SV,0.3,S1,0.5,1,distance,true,3.5648,true,9,3.5648,0,0,true,0,correct_route
SV,0.3,S1,0.5,1,proposed_050,true,3.5648,true,9,3.5648,0,0,true,0,correct_route
SV,0.3,S1,0.5,1,proposed_mode,true,3.5648,true,9,3.5648,0,0,true,0,correct_route
SV,0.3,S1,0.5,1,an_080,true,3.5648,true,9,3.5648,0,0,true,0,correct_route
SV,0.3,S1,0.5,1,an_mode,true,3.5648,true,9,3.5648,0,0,true,0,correct_route
SV,0.3,S1,0.5,2,distance,true,4.4419,true,4,4.4419,0,0,true,0,correct_route
SV,0.3,S1,0.5,2,proposed_050,true,4.4419,true,4,4.4419,0,0,true,0,correct_route
SV,0.3,S1,0.5,2,proposed_mode,true,4.4419,true,4,4.4419,0,0,true,0,correct_route
SV,0.3,S1,0.5,2,an_080,true,4.4419,true,4,4.4419,0,0,true,0,correct_route
SV,0.3,S1,0.5,2,an_mode,true,4.4419,true,4,4.4419,0,0,true,0,correct_route
SV,0.3,S1,0.5,3,distance,true,2.6507,true,9,2.6507,0,0,true,0,correct_route
SV,0.3,S1,0.5,3,proposed_050,true,2.6507,true,9,2.6507,0,0,true,0,correct_route
SV,0.3,S1,0.5,3,proposed_mode,true,2.6507,true,9,2.6507,0,0,true,0,correct_route
SV,0.3,S1,0.5,3,an_080,true,2.6507,true,9,2.6507,0,0,true,0,correct_route
SV,0.3,S1,0.5,3,an_mode,true,2.6507,true,9,2.6507,0,0,true,0,correct_route
SV,0.3,S1,0.5,4,distance,true,4.3464,true,4,4.3464,0,0,true,0,correct_route
SV,0.3,S1,0.5,4,proposed_050,true,4.3464,true,4,4.3464,0,0,true,0,correct_route
SV,0.3,S1,0.5,4,proposed_mode,true,4.3464,true,4,4.3464,0,0,true,0,correct_route
SV,0.3,S1,0.5,4,an_080,true,4.3464,true,4,4.3464,0,0,true,0,correct_route
SV,0.3,S1,0.5,4,an_mode,true,4.3464,true,4,4.3464,0,0,true,0,correct_route
SV,0.3,S1,0.5,5,distance,true,4.4419,true,4,4.4419,48.509,0.15,true,0,correct_route
SV,0.3,S1,0.5,5,proposed_050,true,4.4419,true,4,4.4419,48.509,0.15,true,0,correct_route
SV,0.3,S1,0.5,5,proposed_mode,true,4.4419,true,4,4.4419,48.509,0.15,true,0,correct_route
SV,0.3,S1,0.5,5,an_080,true,4.4419,true,4,4.4419,48.509,0.15,true,0,correct_route
SV,0.3,S1,0.5,5,an_mode,true,4.4419,true,4,4.4419,48.509,0.15,true,0,correct_route
SV,0.3,S1,0.5,6,distance,true,0.7045,true,4,0.7045,0,0,true,0,correct_route
SV,0.3,S1,0.5,6,proposed_050,true,0.7045,true,4,0.7045,0,0,true,0,correct_route
SV,0.3,S1,0.5,6,proposed_mode,true,0.7045,true,4,0.7045,0,0,true,0,correct_route
SV,0.3,S1,0.5,6,an_080,true,0.7045,true,4,0.7045,0,0,true,0,correct_route
SV,0.3,S1,0.5,6,an_mode,true,0.7045,true,4,0.7045,0,0,true,0,correct_route
SV,0.3,S1,0.5,7,distance,true,2.4584,true,8,2.4584,93.458,0.15,true,0,correct_route
SV,0.3,S1,0.5,7,proposed_050,true,2.4584,true,8,2.5299,58.297,0.15,true,2.908,correct_route
SV,0.3,S1,0.5,7,proposed_mode,true,2.4584,true,8,2.5299,58.297,0.15,true,2.908,correct_route
SV,0.3,S1,0.5,7,an_080,true,2.4584,true,8,2.5299,58.297,0.15,true,2.908,correct_route
SV,0.3,S1,0.5,7,an_mode,true,2.4584,true,8,2.5299,58.297,0.15,true,2.908,correct_route
SV,0.3,S1,0.5,8,distance,true,2.2256,true,4,2.2256,44.406,0.15,true,0,correct_route
SV,0.3,S1,0.5,8,proposed_050,true,2.2256,true,4,2.2256,44.406,0.15,true,0,correct_route
SV,0.3,S1,0.5,8,proposed_mode,true,2.2256,true,4,2.2256,44.406,0.15,true,0,correct_route
SV,0.3,S1,0.5,8,an_080,true,2.2256,true,4,2.2256,44.406,0.15,true,0,correct_route
SV,0.3,S1,0.5,8,an_mode,true,2.2256,true,4,2.2256,44.406,0.15,true,0,correct_route
SV,0.3,S1,0.5,9,distance,true,2.2269,true,8,2.2269,0,0,true,0,correct_route
SV,0.3,S1,0.5,9,proposed_050,true,2.2269,true,8,2.2269,0,0,true,0,correct_route
SV,0.3,S1,0.5,9,proposed_mode,true,2.2269,true,8,2.2269,0,0,true,0,correct_route
SV,0.3,S1,0.5,9,an_080,true,2.2269,true,8,2.2269,0,0,true,0,correct_route
SV,0.3,S1,0.5,9,an_mode,true,2.2269,true,8,2.2269,0,0,true,0,correct_route
SV,0.3,S1,0.5,10,distance,true,0.7573,true,9,0.7573,0,0,true,0,correct_route
SV,0.3,S1,0.5,10,proposed_050,true,0.7573,true,9,0.7573,0,0,true,0,correct_route
SV,0.3,S1,0.5,10,proposed_mode,true,0.7573,true,9,0.7573,0,0,true,0,correct_route
SV,0.3,S1,0.5,10,an_080,true,0.7573,true,9,0.7573,0,0,true,0,correct_route
SV,0.3,S1,0.5,10,an_mode,true,0.7573,true,9,0.7573,0,0,true,0,correct_route
SV,0.3,S1,0.5,11,distance,true,5.077,true,4,5.077,44.406,0.15,true,0,correct_route
SV,0.3,S1,0.5,11,proposed_050,true,5.077,true,4,5.077,44.406,0.15,true,0,correct_route
SV,0.3,S1,0.5,11,proposed_mode,true,5.077,true,4,5.077,44.406,0.15,true,0,correct_route
SV,0.3,S1,0.5,11,an_080,true,5.077,true,4,5.077,44.406,0.15,true,0,correct_route
SV,0.3,S1,0.5,11,an_mode,true,5.077,true,4,5.077,44.406,0.15,true,0,correct_route
SV,0.3,S1,0.5,12,distance,true,4.8102,true,8,4.8102,91.276,0.15,true,0,correct_route
SV,0.3,S1,0.5,12,proposed_050,true,4.8102,true,8,5.3842,10.125,0.05,true,11.932,correct_route
SV,0.3,S1,0.5,12,proposed_mode,true,4.8102,true,8,5.3842,10.125,0.05,true,11.932,correct_route
SV,0.3,S1,0.5,12,an_080,true,4.8102,true,8,4.8102,91.276,0.15,true,0,correct_route
SV,0.3,S1,0.5,12,an_mode,true,4.8102,true,8,4.8102,91.276,0.15,true,0,correct_route
SV,0.3,S1,0.5,13,distance,true,5.3483,true,4,5.3483,11.811,0.05,true,0,correct_route
SV,0.3,S1,0.5,13,proposed_050,true,5.3483,true,4,5.3483,11.811,0.05,true,0,correct_route
SV,0.3,S1,0.5,13,proposed_mode,true,5.3483,true,4,5.3483,11.811,0.05,true,0,correct_route
SV,0.3,S1,0.5,13,an_080,true,5.3483,true,4,5.3483,11.811,0.05,true,0,correct_route
SV,0.3,S1,0.5,13,an_mode,true,5.3483,true,4,5.3483,11.811,0.05,true,0,correct_route
SV,0.3,S1,0.5,14,distance,true,2.2619,true,4,2.2619,0,0,true,0,correct_route
SV,0.3,S1,0.5,14,proposed_050,true,2.2619,true,4,2.2619,0,0,true,0,correct_route
SV,0.3,S1,0.5,14,proposed_mode,true,2.2619,true,4,2.2619,0,0,true,0,correct_route
SV,0.3,S1,0.5,14,an_080,true,2.2619,true,4,2.2619,0,0,true,0,correct_route
SV,0.3,S1,0.5,14,an_mode,true,2.2619,true,4,2.2619,0,0,true,0,correct_route
SV,0.3,S1,0.5,15,distance,true,3.7294,true,4,3.7294,11.811,0.05,true,0,correct_route
SV,0.3,S1,0.5,15,proposed_050,true,3.7294,true,4,3.7294,11.811,0.05,true,0,correct_route
SV,0.3,S1,0.5,15,proposed_mode,true,3.7294,true,4,3.7294,11.811,0.05,true,0,correct_route
SV,0.3,S1,0.5,15,an_080,true,3.7294,true,4,3.7294,11.811,0.05,true,0,correct_route
SV,0.3,S1,0.5,15,an_mode,true,3.7294,true,4,3.7294,11.811,0.05,true,0,correct_route
SV,0.3,S1,0.5,16,distance,true,1.4535,true,8,1.4535,0,0,true,0,correct_route
SV,0.3,S1,0.5,16,proposed_050,true,1.4535,true,8,1.4535,0,0,true,0,correct_route
SV,0.3,S1,0.5,16,proposed_mode,true,1.4535,true,8,1.4535,0,0,true,0,correct_route
SV,0.3,S1,0.5,16,an_080,true,1.4535,true,8,1.4535,0,0,true,0,correct_route
SV,0.3,S1,0.5,16,an_mode,true,1.4535,true,8,1.4535,0,0,true,0,correct_route
SV,0.3,S1,0.5,17,distance,true,4.4279,true,8,4.4279,91.276,0.15,true,0,correct_route
SV,0.3,S1,0.5,17,proposed_050,true,4.4279,true,5,4.44,0,0,true,0.275,correct_route
SV,0.3,S1,0.5,17,proposed_mode,true,4.4279,true,5,4.44,0,0,true,0.275,correct_route
SV,0.3,S1,0.5,17,an_080,true,4.4279,true,5,4.44,0,0,true,0.275,correct_route
SV,0.3,S1,0.5,17,an_mode,true,4.4279,true,5,4.44,0,0,true,0.275,correct_route
SV,0.3,S1,0.5,18,distance,true,2.343,true,8,2.343,5.378,0.05,true,0,correct_route
SV,0.3,S1,0.5,18,proposed_050,true,2.343,true,8,2.343,5.378,0.05,true,0,correct_route
SV,0.3,S1,0.5,18,proposed_mode,true,2.343,true,8,2.343,5.378,0.05,true,0,correct_route
SV,0.3,S1,0.5,18,an_080,true,2.343,true,8,2.343,5.378,0.05,true,0,correct_route
SV,0.3,S1,0.5,18,an_mode,true,2.343,true,8,2.343,5.378,0.05,true,0,correct_route
SV,0.3,S1,0.5,19,distance,true,2.0721,true,8,2.0721,0,0,true,0,correct_route
SV,0.3,S1,0.5,19,proposed_050,true,2.0721,true,8,2.0721,0,0,true,0,correct_route
SV,0.3,S1,0.5,19,proposed_mode,true,2.0721,true,8,2.0721,0,0,true,0,correct_route
SV,0.3,S1,0.5,19,an_080,true,2.0721,true,8,2.0721,0,0,true,0,correct_route
SV,0.3,S1,0.5,19,an_mode,true,2.0721,true,8,2.0721,0,0,true,0,correct_route
SV,0.3,S1,0.5,20,distance,true,8.4103,true,7,8.4103,86.256,0.15,true,0,correct_route
SV,0.3,S1,0.5,20,proposed_050,true,8.4103,true,7,8.5508,0,0,true,1.671,correct_route
SV,0.3,S1,0.5,20,proposed_mode,true,8.4103,true,7,8.5508,0,0,true,1.671,correct_route
SV,0.3,S1,0.5,20,an_080,true,8.4103,true,7,8.5508,0,0,true,1.671,correct_route
SV,0.3,S1,0.5,20,an_mode,true,8.4103,true,7,8.5508,0,0,true,1.671,correct_route
SV,0.3,S1,0.5,21,distance,true,1.5022,true,7,1.5022,0,0,true,0,correct_route
SV,0.3,S1,0.5,21,proposed_050,true,1.5022,true,7,1.5022,0,0,true,0,correct_route
SV,0.3,S1,0.5,21,proposed_mode,true,1.5022,true,7,1.5022,0,0,true,0,correct_route
SV,0.3,S1,0.5,21,an_080,true,1.5022,true,7,1.5022,0,0,true,0,correct_route
SV,0.3,S1,0.5,21,an_mode,true,1.5022,true,7,1.5022,0,0,true,0,correct_route
SV,0.3,S1,0.5,22,distance,true,2.2373,true,7,2.2373,0,0,true,0,correct_route
SV,0.3,S1,0.5,22,proposed_050,true,2.2373,true,7,2.2373,0,0,true,0,correct_route
SV,0.3,S1,0.5,22,proposed_mode,true,2.2373,true,7,2.2373,0,0,true,0,correct_route
SV,0.3,S1,0.5,22,an_080,true,2.2373,true,7,2.2373,0,0,true,0,correct_route
SV,0.3,S1,0.5,22,an_mode,true,2.2373,true,7,2.2373,0,0,true,0,correct_route
SV,0.3,S1,0.5,23,distance,true,5.7136,true,7,5.7136,86.256,0.15,true,0,correct_route
SV,0.3,S1,0.5,23,proposed_050,true,5.7136,true,7,5.8541,0,0,true,2.459,correct_route
SV,0.3,S1,0.5,23,proposed_mode,true,5.7136,true,7,5.8541,0,0,true,2.459,correct_route
SV,0.3,S1,0.5,23,an_080,true,5.7136,true,7,5.8541,0,0,true,2.459,correct_route
SV,0.3,S1,0.5,23,an_mode,true,5.7136,true,7,5.8541,0,0,true,2.459,correct_route
SV,0.3,S1,0.5,24,distance,true,3.7965,true,7,3.7965,86.256,0.15,true,0,correct_route
SV,0.3,S1,0.5,24,proposed_050,true,3.7965,true,7,4.0629,43.12,0.15,true,7.016,correct_route
SV,0.3,S1,0.5,24,proposed_mode,true,3.7965,true,7,4.0629,43.12,0.15,true,7.016,correct_route
SV,0.3,S1,0.5,24,an_080,true,3.7965,true,7,3.7965,86.256,0.15,true,0,correct_route
SV,0.3,S1,0.5,24,an_mode,true,3.7965,true,7,3.7965,86.256,0.15,true,0,correct_route
SV,0.3,S1,0.5,25,distance,true,2.019,true,5,2.019,0,0,true,0,correct_route
SV,0.3,S1,0.5,25,proposed_050,true,2.019,true,5,2.019,0,0,true,0,correct_route
SV,0.3,S1,0.5,25,proposed_mode,true,2.019,true,5,2.019,0,0,true,0,correct_route
SV,0.3,S1,0.5,25,an_080,true,2.019,true,5,2.019,0,0,true,0,correct_route
SV,0.3,S1,0.5,25,an_mode,true,2.019,true,5,2.019,0,0,true,0,correct_route
SV,0.3,S1,0.5,26,distance,true,1.0687,true,5,1.0687,0,0,true,0,correct_route
SV,0.3,S1,0.5,26,proposed_050,true,1.0687,true,5,1.0687,0,0,true,0,correct_route
SV,0.3,S1,0.5,26,proposed_mode,true,1.0687,true,5,1.0687,0,0,true,0,correct_route
SV,0.3,S1,0.5,26,an_080,true,1.0687,true,5,1.0687,0,0,true,0,correct_route
SV,0.3,S1,0.5,26,an_mode,true,1.0687,true,5,1.0687,0,0,true,0,correct_route
SV,0.3,S1,0.5,27,distance,true,2.187,true,3,2.187,51.819,0.15,true,0,correct_route
SV,0.3,S1,0.5,27,proposed_050,true,2.187,true,3,2.187,51.819,0.15,true,0,correct_route
SV,0.3,S1,0.5,27,proposed_mode,true,2.187,true,3,2.187,51.819,0.15,true,0,correct_route
SV,0.3,S1,0.5,27,an_080,true,2.187,true,3,2.187,51.819,0.15,true,0,correct_route
SV,0.3,S1,0.5,27,an_mode,true,2.187,true,3,2.187,51.819,0.15,true,0,correct_route
SV,0.3,S1,0.5,28,distance,true,3.3577,true,7,3.3577,41.921,0.15,true,0,correct_route
SV,0.3,S1,0.5,28,proposed_050,true,3.3577,true,7,3.3577,41.921,0.15,true,0,correct_route
SV,0.3,S1,0.5,28,proposed_mode,true,3.3577,true,7,3.3577,41.921,0.15,true,0,correct_route
SV,0.3,S1,0.5,28,an_080,true,3.3577,true,7,3.3577,41.921,0.15,true,0,correct_route
SV,0.3,S1,0.5,28,an_mode,true,3.3577,true,7,3.3577,41.921,0.15,true,0,correct_route
SV,0.3,S1,0.5,29,distance,true,5.5354,true,7,5.5354,88.208,0.15,true,0,correct_route
SV,0.3,S1,0.5,29,proposed_050,true,5.5354,true,7,6.0363,0,0,true,9.05,correct_route
SV,0.3,S1,0.5,29,proposed_mode,true,5.5354,true,7,6.0363,0,0,true,9.05,correct_route
SV,0.3,S1,0.5,29,an_080,true,5.5354,true,7,5.5354,88.208,0.15,true,0,correct_route
SV,0.3,S1,0.5,29,an_mode,true,5.5354,true,7,5.5354,88.208,0.15,true,0,correct_route
SV,0.3,S1,0.5,30,distance,true,2.6793,true,3,2.6793,44.051,0.15,true,0,correct_route
SV,0.3,S1,0.5,30,proposed_050,true,2.6793,true,3,2.6793,44.051,0.15,true,0,correct_route
SV,0.3,S1,0.5,30,proposed_mode,true,2.6793,true,3,2.6793,44.051,0.15,true,0,correct_route
SV,0.3,S1,0.5,30,an_080,true,2.6793,true,3,2.6793,44.051,0.15,true,0,correct_route
SV,0.3,S1,0.5,30,an_mode,true,2.6793,true,3,2.6793,44.051,0.15,true,0,correct_route
SV,0.3,S1,0.5,31,distance,true,3.5175,true,7,3.5175,88.208,0.15,true,0,correct_route
SV,0.3,S1,0.5,31,proposed_050,true,3.5175,true,7,4.0185,0,0,true,14.242,correct_route
SV,0.3,S1,0.5,31,proposed_mode,true,3.5175,true,7,4.0185,0,0,true,14.242,correct_route
SV,0.3,S1,0.5,31,an_080,true,3.5175,true,7,3.5175,88.208,0.15,true,0,correct_route
SV,0.3,S1,0.5,31,an_mode,true,3.5175,true,7,3.5175,88.208,0.15,true,0,correct_route
SV,0.3,S1,0.5,32,distance,true,1.5916,true,3,1.5916,49.293,0.15,true,0,correct_route
SV,0.3,S1,0.5,32,proposed_050,true,1.5916,true,3,1.5916,49.293,0.15,true,0,correct_route
SV,0.3,S1,0.5,32,proposed_mode,true,1.5916,true,3,1.5916,49.293,0.15,true,0,correct_route
SV,0.3,S1,0.5,32,an_080,true,1.5916,true,3,1.5916,49.293,0.15,true,0,correct_route
SV,0.3,S1,0.5,32,an_mode,true,1.5916,true,3,1.5916,49.293,0.15,true,0,correct_route
SV,0.3,S1,0.5,33,distance,true,2.2529,true,7,2.2529,43.136,0.15,true,0,correct_route
SV,0.3,S1,0.5,33,proposed_050,true,2.2529,true,7,2.3876,0,0,true,5.977,correct_route
SV,0.3,S1,0.5,33,proposed_mode,true,2.2529,true,7,2.3876,0,0,true,5.977,correct_route
SV,0.3,S1,0.5,33,an_080,true,2.2529,true,7,2.3876,0,0,true,5.977,correct_route
SV,0.3,S1,0.5,33,an_mode,true,2.2529,true,7,2.3876,0,0,true,5.977,correct_route
SV,0.3,S1,0.5,34,distance,true,1.9227,true,7,1.9227,41.921,0.15,true,0,correct_route
SV,0.3,S1,0.5,34,proposed_050,true,1.9227,true,7,1.9227,41.921,0.15,true,0,correct_route
SV,0.3,S1,0.5,34,proposed_mode,true,1.9227,true,7,1.9227,41.921,0.15,true,0,correct_route
SV,0.3,S1,0.5,34,an_080,true,1.9227,true,7,1.9227,41.921,0.15,true,0,correct_route
SV,0.3,S1,0.5,34,an_mode,true,1.9227,true,7,1.9227,41.921,0.15,true,0,correct_route
SV,0.3,S1,0.5,35,distance,true,3.6916,true,7,3.6916,0,0,true,0,correct_route
SV,0.3,S1,0.5,35,proposed_050,true,3.6916,true,7,3.6916,0,0,true,0,correct_route
SV,0.3,S1,0.5,35,proposed_mode,true,3.6916,true,7,3.6916,0,0,true,0,correct_route
SV,0.3,S1,0.5,35,an_080,true,3.6916,true,7,3.6916,0,0,true,0,correct_route
SV,0.3,S1,0.5,35,an_mode,true,3.6916,true,7,3.6916,0,0,true,0,correct_route
SV,0.3,S1,0.5,36,distance,true,4.5516,true,7,4.5516,88.208,0.15,true,0,correct_route
SV,0.3,S1,0.5,36,proposed_050,true,4.5516,true,7,4.9758,0,0,true,9.32,correct_route
SV,0.3,S1,0.5,36,proposed_mode,true,4.5516,true,7,4.9758,0,0,true,9.32,correct_route
SV,0.3,S1,0.5,36,an_080,true,4.5516,true,7,4.9758,0,0,true,9.32,correct_route
SV,0.3,S1,0.5,36,an_mode,true,4.5516,true,7,4.9758,0,0,true,9.32,correct_route
SV,0.3,S1,0.5,37,distance,true,3.7026,true,7,3.7026,43.136,0.15,true,0,correct_route
SV,0.3,S1,0.5,37,proposed_050,true,3.7026,true,7,3.8372,0,0,true,3.637,correct_route
SV,0.3,S1,0.5,37,proposed_mode,true,3.7026,true,7,3.8372,0,0,true,3.637,correct_route
SV,0.3,S1,0.5,37,an_080,true,3.7026,true,7,3.8372,0,0,true,3.637,correct_route
SV,0.3,S1,0.5,37,an_mode,true,3.7026,true,7,3.8372,0,0,true,3.637,correct_route
SV,0.3,S1,0.5,38,distance,true,4.8669,true,7,4.8669,41.921,0.15,true,0,correct_route
SV,0.3,S1,0.5,38,proposed_050,true,4.8669,true,7,4.8669,41.921,0.15,true,0,correct_route
SV,0.3,S1,0.5,38,proposed_mode,true,4.8669,true,7,4.8669,41.921,0.15,true,0,correct_route
SV,0.3,S1,0.5,38,an_080,true,4.8669,true,7,4.8669,41.921,0.15,true,0,correct_route
SV,0.3,S1,0.5,38,an_mode,true,4.8669,true,7,4.8669,41.921,0.15,true,0,correct_route
SV,0.3,S1,0.5,39,distance,true,3.8945,true,3,3.8945,49.293,0.15,true,0,correct_route
SV,0.3,S1,0.5,39,proposed_050,true,3.8945,true,3,3.8945,49.293,0.15,true,0,correct_route
SV,0.3,S1,0.5,39,proposed_mode,true,3.8945,true,3,3.8945,49.293,0.15,true,0,correct_route
SV,0.3,S1,0.5,39,an_080,true,3.8945,true,3,3.8945,49.293,0.15,true,0,correct_route
SV,0.3,S1,0.5,39,an_mode,true,3.8945,true,3,3.8945,49.293,0.15,true,0,correct_route
SV,0.3,S1,0.5,40,distance,true,4.2719,true,3,4.2719,44.051,0.15,true,0,correct_route
SV,0.3,S1,0.5,40,proposed_050,true,4.2719,true,3,4.2719,44.051,0.15,true,0,correct_route
SV,0.3,S1,0.5,40,proposed_mode,true,4.2719,true,3,4.2719,44.051,0.15,true,0,correct_route
SV,0.3,S1,0.5,40,an_080,true,4.2719,true,3,4.2719,44.051,0.15,true,0,correct_route
SV,0.3,S1,0.5,40,an_mode,true,4.2719,true,3,4.2719,44.051,0.15,true,0,correct_route
LV,0.5,S1,0.5,1,distance,true,3.5648,true,9,3.5648,0,0,true,0,correct_route
LV,0.5,S1,0.5,1,proposed_050,true,3.5648,true,9,3.5648,0,0,true,0,correct_route
LV,0.5,S1,0.5,1,proposed_mode,true,3.5648,true,9,3.5648,0,0,true,0,correct_route
LV,0.5,S1,0.5,1,an_080,true,3.5648,true,9,3.5648,0,0,true,0,correct_route
LV,0.5,S1,0.5,1,an_mode,true,3.5648,true,9,3.5648,0,0,true,0,correct_route
LV,0.5,S1,0.5,2,distance,true,4.4419,true,4,4.4419,0,0,true,0,correct_route
LV,0.5,S1,0.5,2,proposed_050,true,4.4419,true,4,4.4419,0,0,true,0,correct_route
LV,0.5,S1,0.5,2,proposed_mode,true,4.4419,true,4,4.4419,0,0,true,0,correct_route
LV,0.5,S1,0.5,2,an_080,true,4.4419,true,4,4.4419,0,0,true,0,correct_route
LV,0.5,S1,0.5,2,an_mode,true,4.4419,true,4,4.4419,0,0,true,0,correct_route
LV,0.5,S1,0.5,3,distance,true,2.6507,true,9,2.6507,0,0,true,0,correct_route
LV,0.5,S1,0.5,3,proposed_050,true,2.6507,true,9,2.6507,0,0,true,0,correct_route
LV,0.5,S1,0.5,3,proposed_mode,true,2.6507,true,9,2.6507,0,0,true,0,correct_route
LV,0.5,S1,0.5,3,an_080,true,2.6507,true,9,2.6507,0,0,true,0,correct_route
LV,0.5,S1,0.5,3,an_mode,true,2.6507,true,9,2.6507,0,0,true,0,correct_route
LV,0.5,S1,0.5,4,distance,true,4.3464,true,4,4.3464,0,0,true,0,correct_route
LV,0.5,S1,0.5,4,proposed_050,true,4.3464,true,4,4.3464,0,0,true,0,correct_route
LV,0.5,S1,0.5,4,proposed_mode,true,4.3464,true,4,4.3464,0,0,true,0,correct_route
LV,0.5,S1,0.5,4,an_080,true,4.3464,true,4,4.3464,0,0,true,0,correct_route
LV,0.5,S1,0.5,4,an_mode,true,4.3464,true,4,4.3464,0,0,true,0,correct_route
LV,0.5,S1,0.5,5,distance,true,4.4419,true,4,4.4419,48.509,0.15,true,0,correct_route
LV,0.5,S1,0.5,5,proposed_050,true,4.4419,true,4,4.4419,48.509,0.15,true,0,correct_route
LV,0.5,S1,0.5,5,proposed_mode,true,4.4419,true,4,4.4419,48.509,0.15,true,0,correct_route
LV,0.5,S1,0.5,5,an_080,true,4.4419,true,4,4.4419,48.509,0.15,true,0,correct_route
LV,0.5,S1,0.5,5,an_mode,true,4.4419,true,4,4.4419,48.509,0.15,true,0,correct_route
LV,0.5,S1,0.5,6,distance,true,0.7045,true,4,0.7045,0,0,true,0,correct_route
LV,0.5,S1,0.5,6,proposed_050,true,0.7045,true,4,0.7045,0,0,true,0,correct_route
LV,0.5,S1,0.5,6,proposed_mode,true,0.7045,true,4,0.7045,0,0,true,0,correct_route
LV,0.5,S1,0.5,6,an_080,true,0.7045,true,4,0.7045,0,0,true,0,correct_route
LV,0.5,S1,0.5,6,an_mode,true,0.7045,true,4,0.7045,0,0,true,0,correct_route
LV,0.5,S1,0.5,7,distance,true,2.4584,true,8,2.4584,93.458,0.15,true,0,correct_route
LV,0.5,S1,0.5,7,proposed_050,true,2.4584,true,8,2.5299,58.297,0.15,true,2.908,correct_route
LV,0.5,S1,0.5,7,proposed_mode,true,2.4584,true,8,2.5299,58.297,0.15,true,2.908,correct_route
LV,0.5,S1,0.5,7,an_080,true,2.4584,true,8,2.5299,58.297,0.15,true,2.908,correct_route
LV,0.5,S1,0.5,7,an_mode,true,2.4584,true,8,2.5299,58.297,0.15,true,2.908,correct_route
LV,0.5,S1,0.5,8,distance,true,2.2256,true,4,2.2256,44.406,0.15,true,0,correct_route
LV,0.5,S1,0.5,8,proposed_050,true,2.2256,true,4,2.2256,44.406,0.15,true,0,correct_route
LV,0.5,S1,0.5,8,proposed_mode,true,2.2256,true,4,2.2256,44.406,0.15,true,0,correct_route
LV,0.5,S1,0.5,8,an_080,true,2.2256,true,4,2.2256,44.406,0.15,true,0,correct_route
LV,0.5,S1,0.5,8,an_mode,true,2.2256,true,4,2.2256,44.406,0.15,true,0,correct_route
LV,0.5,S1,0.5,9,distance,true,2.2269,true,8,2.2269,0,0,true,0,correct_route
LV,0.5,S1,0.5,9,proposed_050,true,2.2269,true,8,2.2269,0,0,true,0,correct_route
LV,0.5,S1,0.5,9,proposed_mode,true,2.2269,true,8,2.2269,0,0,true,0,correct_route
LV,0.5,S1,0.5,9,an_080,true,2.2269,true,8,2.2269,0,0,true,0,correct_route
LV,0.5,S1,0.5,9,an_mode,true,2.2269,true,8,2.2269,0,0,true,0,correct_route
LV,0.5,S1,0.5,10,distance,true,0.7573,true,9,0.7573,0,0,true,0,correct_route
LV,0.5,S1,0.5,10,proposed_050,true,0.7573,true,9,0.7573,0,0,true,0,correct_route
LV,0.5,S1,0.5,10,proposed_mode,true,0.7573,true,9,0.7573,0,0,true,0,correct_route
LV,0.5,S1,0.5,10,an_080,true,0.7573,true,9,0.7573,0,0,true,0,correct_route
LV,0.5,S1,0.5,10,an_mode,true,0.7573,true,9,0.7573,0,0,true,0,correct_route
LV,0.5,S1,0.5,11,distance,true,5.077,true,4,5.077,44.406,0.15,true,0,correct_route
LV,0.5,S1,0.5,11,proposed_050,true,5.077,true,4,5.077,44.406,0.15,true,0,correct_route
LV,0.5,S1,0.5,11,proposed_mode,true,5.077,true,4,5.077,44.406,0.15,true,0,correct_route
LV,0.5,S1,0.5,11,an_080,true,5.077,true,4,5.077,44.406,0.15,true,0,correct_route
LV,0.5,S1,0.5,11,an_mode,true,5.077,true,4,5.077,44.406,0.15,true,0,correct_route
LV,0.5,S1,0.5,12,distance,true,4.8102,true,8,4.8102,91.276,0.15,true,0,correct_route
LV,0.5,S1,0.5,12,proposed_050,true,4.8102,true,8,5.3842,10.125,0.05,true,11.932,correct_route
LV,0.5,S1,0.5,12,proposed_mode,true,4.8102,true,8,5.3842,10.125,0.05,true,11.932,correct_route
LV,0.5,S1,0.5,12,an_080,true,4.8102,true,8,4.8102,91.276,0.15,true,0,correct_route
LV,0.5,S1,0.5,12,an_mode,true,4.8102,true,8,4.8102,91.276,0.15,true,0,correct_route
LV,0.5,S1,0.5,13,distance,true,5.3483,true,4,5.3483,11.811,0.05,true,0,correct_route
LV,0.5,S1,0.5,13,proposed_050,true,5.3483,true,4,5.3483,11.811,0.05,true,0,correct_route
LV,0.5,S1,0.5,13,proposed_mode,true,5.3483,true,4,5.3483,11.811,0.05,true,0,correct_route
LV,0.5,S1,0.5,13,an_080,true,5.3483,true,4,5.3483,11.811,0.05,true,0,correct_route
LV,0.5,S1,0.5,13,an_mode,true,5.3483,true,4,5.3483,11.811,0.05,true,0,correct_route
LV,0.5,S1,0.5,14,distance,true,2.2619,true,4,2.2619,0,0,true,0,correct_route
LV,0.5,S1,0.5,14,proposed_050,true,2.2619,true,4,2.2619,0,0,true,0,correct_route
LV,0.5,S1,0.5,14,proposed_mode,true,2.2619,true,4,2.2619,0,0,true,0,correct_route
LV,0.5,S1,0.5,14,an_080,true,2.2619,true,4,2.2619,0,0,true,0,correct_route
LV,0.5,S1,0.5,14,an_mode,true,2.2619,true,4,2.2619,0,0,true,0,correct_route
LV,0.5,S1,0.5,15,distance,true,3.7294,true,4,3.7294,11.811,0.05,true,0,correct_route
LV,0.5,S1,0.5,15,proposed_050,true,3.7294,true,4,3.7294,11.811,0.05,true,0,correct_route
LV,0.5,S1,0.5,15,proposed_mode,true,3.7294,true,4,3.7294,11.811,0.05,true,0,correct_route
LV,0.5,S1,0.5,15,an_080,true,3.7294,true,4,3.7294,11.811,0.05,true,0,correct_route
LV,0.5,S1,0.5,15,an_mode,true,3.7294,true,4,3.7294,11.811,0.05,true,0,correct_route
LV,0.5,S1,0.5,16,distance,true,1.4535,true,8,1.4535,0,0,true,0,correct_route
LV,0.5,S1,0.5,16,proposed_050,true,1.4535,true,8,1.4535,0,0,true,0,correct_route
LV,0.5,S1,0.5,16,proposed_mode,true,1.4535,true,8,1.4535,0,0,true,0,correct_route
LV,0.5,S1,0.5,16,an_080,true,1.4535,true,8,1.4535,0,0,true,0,correct_route
LV,0.5,S1,0.5,16,an_mode,true,1.4535,true,8,1.4535,0,0,true,0,correct_route
LV,0.5,S1,0.5,17,distance,true,4.4279,true,8,4.4279,91.276,0.15,true,0,correct_route
LV,0.5,S1,0.5,17,proposed_050,true,4.4279,true,5,4.44,0,0,true,0.275,correct_route
LV,0.5,S1,0.5,17,proposed_mode,true,4.4279,true,5,4.44,0,0,true,0.275,correct_route
LV,0.5,S1,0.5,17,an_080,true,4.4279,true,5,4.44,0,0,true,0.275,correct_route
LV,0.5,S1,0.5,17,an_mode,true,4.4279,true,5,4.44,0,0,true,0.275,correct_route
LV,0.5,S1,0.5,18,distance,true,2.343,true,8,2.343,5.378,0.05,true,0,correct_route
LV,0.5,S1,0.5,18,proposed_050,true,2.343,true,8,2.343,5.378,0.05,true,0,correct_route
LV,0.5,S1,0.5,18,proposed_mode,true,2.343,true,8,2.343,5.378,0.05,true,0,correct_route
LV,0.5,S1,0.5,18,an_080,true,2.343,true,8,2.343,5.378,0.05,true,0,correct_route
LV,0.5,S1,0.5,18,an_mode,true,2.343,true,8,2.343,5.378,0.05,true,0,correct_route
LV,0.5,S1,0.5,19,distance,true,2.0721,true,8,2.0721,0,0,true,0,correct_route
LV,0.5,S1,0.5,19,proposed_050,true,2.0721,true,8,2.0721,0,0,true,0,correct_route
LV,0.5,S1,0.5,19,proposed_mode,true,2.0721,true,8,2.0721,0,0,true,0,correct_route
LV,0.5,S1,0.5,19,an_080,true,2.0721,true,8,2.0721,0,0,true,0,correct_route
LV,0.5,S1,0.5,19,an_mode,true,2.0721,true,8,2.0721,0,0,true,0,correct_route
LV,0.5,S1,0.5,20,distance,true,8.4103,true,7,8.4103,86.256,0.15,true,0,correct_route
LV,0.5,S1,0.5,20,proposed_050,true,8.4103,true,7,8.5508,0,0,true,1.671,correct_route
LV,0.5,S1,0.5,20,proposed_mode,true,8.4103,true,7,8.5508,0,0,true,1.671,correct_route
LV,0.5,S1,0.5,20,an_080,true,8.4103,true,7,8.5508,0,0,true,1.671,correct_route
LV,0.5,S1,0.5,20,an_mode,true,8.4103,true,7,8.5508,0,0,true,1.671,correct_route
LV,0.5,S1,0.5,21,distance,true,1.5022,true,7,1.5022,0,0,true,0,correct_route
LV,0.5,S1,0.5,21,proposed_050,true,1.5022,true,7,1.5022,0,0,true,0,correct_route
LV,0.5,S1,0.5,21,proposed_mode,true,1.5022,true,7,1.5022,0,0,true,0,correct_route
LV,0.5,S1,0.5,21,an_080,true,1.5022,true,7,1.5022,0,0,true,0,correct_route
LV,0.5,S1,0.5,21,an_mode,true,1.5022,true,7,1.5022,0,0,true,0,correct_route
LV,0.5,S1,0.5,22,distance,true,2.2373,true,7,2.2373,0,0,true,0,correct_route
LV,0.5,S1,0.5,22,proposed_050,true,2.2373,true,7,2.2373,0,0,true,0,correct_route
LV,0.5,S1,0.5,22,proposed_mode,true,2.2373,true,7,2.2373,0,0,true,0,correct_route
LV,0.5,S1,0.5,22,an_080,true,2.2373,true,7,2.2373,0,0,true,0,correct_route
LV,0.5,S1,0.5,22,an_mode,true,2.2373,true,7,2.2373,0,0,true,0,correct_route
LV,0.5,S1,0.5,23,distance,true,5.7136,true,7,5.7136,86.256,0.15,true,0,correct_route
LV,0.5,S1,0.5,23,proposed_050,true,5.7136,true,7,5.8541,0,0,true,2.459,correct_route
LV,0.5,S1,0.5,23,proposed_mode,true,5.7136,true,7,5.8541,0,0,true,2.459,correct_route
LV,0.5,S1,0.5,23,an_080,true,5.7136,true,7,5.8541,0,0,true,2.459,correct_route
LV,0.5,S1,0.5,23,an_mode,true,5.7136,true,7,5.8541,0,0,true,2.459,correct_route
LV,0.5,S1,0.5,24,distance,true,3.7965,true,7,3.7965,86.256,0.15,true,0,correct_route
LV,0.5,S1,0.5,24,proposed_050,true,3.7965,true,7,4.0629,43.12,0.15,true,7.016,correct_route
LV,0.5,S1,0.5,24,proposed_mode,true,3.7965,true,7,4.0629,43.12,0.15,true,7.016,correct_route
LV,0.5,S1,0.5,24,an_080,true,3.7965,true,7,3.7965,86.256,0.15,true,0,correct_route
LV,0.5,S1,0.5,24,an_mode,true,3.7965,true,7,3.7965,86.256,0.15,true,0,correct_route
LV,0.5,S1,0.5,25,distance,true,2.019,true,5,2.019,0,0,true,0,correct_route
LV,0.5,S1,0.5,25,proposed_050,true,2.019,true,5,2.019,0,0,true,0,correct_route
LV,0.5,S1,0.5,25,proposed_mode,true,2.019,true,5,2.019,0,0,true,0,correct_route
LV,0.5,S1,0.5,25,an_080,true,2.019,true,5,2.019,0,0,true,0,correct_route
LV,0.5,S1,0.5,25,an_mode,true,2.019,true,5,2.019,0,0,true,0,correct_route
LV,0.5,S1,0.5,26,distance,true,1.0687,true,5,1.0687,0,0,true,0,correct_route
LV,0.5,S1,0.5,26,proposed_050,true,1.0687,true,5,1.0687,0,0,true,0,correct_route
LV,0.5,S1,0.5,26,proposed_mode,true,1.0687,true,5,1.0687,0,0,true,0,correct_route
LV,0.5,S1,0.5,26,an_080,true,1.0687,true,5,1.0687,0,0,true,0,correct_route
LV,0.5,S1,0.5,26,an_mode,true,1.0687,true,5,1.0687,0,0,true,0,correct_route
LV,0.5,S1,0.5,27,distance,true,2.187,true,3,2.187,51.819,0.15,true,0,correct_route
LV,0.5,S1,0.5,27,proposed_050,true,2.187,true,3,2.187,51.819,0.15,true,0,correct_route
LV,0.5,S1,0.5,27,proposed_mode,true,2.187,true,3,2.187,51.819,0.15,true,0,correct_route
LV,0.5,S1,0.5,27,an_080,true,2.187,true,3,2.187,51.819,0.15,true,0,correct_route
LV,0.5,S1,0.5,27,an_mode,true,2.187,true,3,2.187,51.819,0.15,true,0,correct_route
LV,0.5,S1,0.5,28,distance,true,3.3577,true,7,3.3577,41.921,0.15,true,0,correct_route
LV,0.5,S1,0.5,28,proposed_050,true,3.3577,true,7,3.3577,41.921,0.15,true,0,correct_route
LV,0.5,S1,0.5,28,proposed_mode,true,3.3577,true,7,3.3577,41.921,0.15,true,0,correct_route
LV,0.5,S1,0.5,28,an_080,true,3.3577,true,7,3.3577,41.921,0.15,true,0,correct_route
LV,0.5,S1,0.5,28,an_mode,true,3.3577,true,7,3.3577,41.921,0.15,true,0,correct_route
LV,0.5,S1,0.5,29,distance,true,5.5354,true,7,5.5354,88.208,0.15,true,0,correct_route
LV,0.5,S1,0.5,29,proposed_050,true,5.5354,true,7,6.0363,0,0,true,9.05,correct_route
LV,0.5,S1,0.5,29,proposed_mode,true,5.5354,true,7,6.0363,0,0,true,9.05,correct_route
LV,0.5,S1,0.5,29,an_080,true,5.5354,true,7,5.5354,88.208,0.15,true,0,correct_route
LV,0.5,S1,0.5,29,an_mode,true,5.5354,true,7,5.5354,88.208,0.15,true,0,correct_route
LV,0.5,S1,0.5,30,distance,true,2.6793,true,3,2.6793,44.051,0.15,true,0,correct_route
LV,0.5,S1,0.5,30,proposed_050,true,2.6793,true,3,2.6793,44.051,0.15,true,0,correct_route
LV,0.5,S1,0.5,30,proposed_mode,true,2.6793,true,3,2.6793,44.051,0.15,true,0,correct_route
LV,0.5,S1,0.5,30,an_080,true,2.6793,true,3,2.6793,44.051,0.15,true,0,correct_route
LV,0.5,S1,0.5,30,an_mode,true,2.6793,true,3,2.6793,44.051,0.15,true,0,correct_route
LV,0.5,S1,0.5,31,distance,true,3.5175,true,7,3.5175,88.208,0.15,true,0,correct_route
LV,0.5,S1,0.5,31,proposed_050,true,3.5175,true,7,4.0185,0,0,true,14.242,correct_route
LV,0.5,S1,0.5,31,proposed_mode,true,3.5175,true,7,4.0185,0,0,true,14.242,correct_route
LV,0.5,S1,0.5,31,an_080,true,3.5175,true,7,3.5175,88.208,0.15,true,0,correct_route
LV,0.5,S1,0.5,31,an_mode,true,3.5175,true,7,3.5175,88.208,0.15,true,0,correct_route
LV,0.5,S1,0.5,32,distance,true,1.5916,true,3,1.5916,49.293,0.15,true,0,correct_route
LV,0.5,S1,0.5,32,proposed_050,true,1.5916,true,3,1.5916,49.293,0.15,true,0,correct_route
LV,0.5,S1,0.5,32,proposed_mode,true,1.5916,true,3,1.5916,49.293,0.15,true,0,correct_route
LV,0.5,S1,0.5,32,an_080,true,1.5916,true,3,1.5916,49.293,0.15,true,0,correct_route
LV,0.5,S1,0.5,32,an_mode,true,1.5916,true,3,1.5916,49.293,0.15,true,0,correct_route
LV,0.5,S1,0.5,33,distance,true,2.2529,true,7,2.2529,43.136,0.15,true,0,correct_route
LV,0.5,S1,0.5,33,proposed_050,true,2.2529,true,7,2.3876,0,0,true,5.977,correct_route
LV,0.5,S1,0.5,33,proposed_mode,true,2.2529,true,7,2.3876,0,0,true,5.977,correct_route
LV,0.5,S1,0.5,33,an_080,true,2.2529,true,7,2.3876,0,0,true,5.977,correct_route
LV,0.5,S1,0.5,33,an_mode,true,2.2529,true,7,2.3876,0,0,true,5.977,correct_route
LV,0.5,S1,0.5,34,distance,true,1.9227,true,7,1.9227,41.921,0.15,true,0,correct_route
LV,0.5,S1,0.5,34,proposed_050,true,1.9227,true,7,1.9227,41.921,0.15,true,0,correct_route
LV,0.5,S1,0.5,34,proposed_mode,true,1.9227,true,7,1.9227,41.921,0.15,true,0,correct_route
LV,0.5,S1,0.5,34,an_080,true,1.9227,true,7,1.9227,41.921,0.15,true,0,correct_route
LV,0.5,S1,0.5,34,an_mode,true,1.9227,true,7,1.9227,41.921,0.15,true,0,correct_route
LV,0.5,S1,0.5,35,distance,true,3.6916,true,7,3.6916,0,0,true,0,correct_route
LV,0.5,S1,0.5,35,proposed_050,true,3.6916,true,7,3.6916,0,0,true,0,correct_route
LV,0.5,S1,0.5,35,proposed_mode,true,3.6916,true,7,3.6916,0,0,true,0,correct_route
LV,0.5,S1,0.5,35,an_080,true,3.6916,true,7,3.6916,0,0,true,0,correct_route
LV,0.5,S1,0.5,35,an_mode,true,3.6916,true,7,3.6916,0,0,true,0,correct_route
LV,0.5,S1,0.5,36,distance,true,4.5516,true,7,4.5516,88.208,0.15,true,0,correct_route
LV,0.5,S1,0.5,36,proposed_050,true,4.5516,true,7,4.9758,0,0,true,9.32,correct_route
LV,0.5,S1,0.5,36,proposed_mode,true,4.5516,true,7,4.9758,0,0,true,9.32,correct_route
LV,0.5,S1,0.5,36,an_080,true,4.5516,true,7,4.9758,0,0,true,9.32,correct_route
LV,0.5,S1,0.5,36,an_mode,true,4.5516,true,7,4.9758,0,0,true,9.32,correct_route
LV,0.5,S1,0.5,37,distance,true,3.7026,true,7,3.7026,43.136,0.15,true,0,correct_route
LV,0.5,S1,0.5,37,proposed_050,true,3.7026,true,7,3.8372,0,0,true,3.637,correct_route
LV,0.5,S1,0.5,37,proposed_mode,true,3.7026,true,7,3.8372,0,0,true,3.637,correct_route
LV,0.5,S1,0.5,37,an_080,true,3.7026,true,7,3.8372,0,0,true,3.637,correct_route
LV,0.5,S1,0.5,37,an_mode,true,3.7026,true,7,3.8372,0,0,true,3.637,correct_route
LV,0.5,S1,0.5,38,distance,true,4.8669,true,7,4.8669,41.921,0.15,true,0,correct_route
LV,0.5,S1,0.5,38,proposed_050,true,4.8669,true,7,4.8669,41.921,0.15,true,0,correct_route
LV,0.5,S1,0.5,38,proposed_mode,true,4.8669,true,7,4.8669,41.921,0.15,true,0,correct_route
LV,0.5,S1,0.5,38,an_080,true,4.8669,true,7,4.8669,41.921,0.15,true,0,correct_route
LV,0.5,S1,0.5,38,an_mode,true,4.8669,true,7,4.8669,41.921,0.15,true,0,correct_route
LV,0.5,S1,0.5,39,distance,true,3.8945,true,3,3.8945,49.293,0.15,true,0,correct_route
LV,0.5,S1,0.5,39,proposed_050,true,3.8945,true,3,3.8945,49.293,0.15,true,0,correct_route
LV,0.5,S1,0.5,39,proposed_mode,true,3.8945,true,3,3.8945,49.293,0.15,true,0,correct_route
LV,0.5,S1,0.5,39,an_080,true,3.8945,true,3,3.8945,49.293,0.15,true,0,correct_route
LV,0.5,S1,0.5,39,an_mode,true,3.8945,true,3,3.8945,49.293,0.15,true,0,correct_route
LV,0.5,S1,0.5,40,distance,true,4.2719,true,3,4.2719,44.051,0.15,true,0,correct_route
LV,0.5,S1,0.5,40,proposed_050,true,4.2719,true,3,4.2719,44.051,0.15,true,0,correct_route
LV,0.5,S1,0.5,40,proposed_mode,true,4.2719,true,3,4.2719,44.051,0.15,true,0,correct_route
LV,0.5,S1,0.5,40,an_080,true,4.2719,true,3,4.2719,44.051,0.15,true,0,correct_route
LV,0.5,S1,0.5,40,an_mode,true,4.2719,true,3,4.2719,44.051,0.15,true,0,correct_route
AD,1.2,S1,0.5,1,distance,true,3.5648,true,9,3.5648,0,0,true,0,correct_route
AD,1.2,S1,0.5,1,proposed_050,true,3.5648,true,9,3.5648,0,0,true,0,correct_route
AD,1.2,S1,0.5,1,proposed_mode,true,3.5648,true,9,3.5648,0,0,true,0,correct_route
AD,1.2,S1,0.5,1,an_080,true,3.5648,true,9,3.5648,0,0,true,0,correct_route
AD,1.2,S1,0.5,1,an_mode,true,3.5648,true,9,3.5648,0,0,true,0,correct_route
AD,1.2,S1,0.5,2,distance,true,4.4419,true,4,4.4419,0,0,true,0,correct_route
AD,1.2,S1,0.5,2,proposed_050,true,4.4419,true,4,4.4419,0,0,true,0,correct_route
AD,1.2,S1,0.5,2,proposed_mode,true,4.4419,true,4,4.4419,0,0,true,0,correct_route
AD,1.2,S1,0.5,2,an_080,true,4.4419,true,4,4.4419,0,0,true,0,correct_route
AD,1.2,S1,0.5,2,an_mode,true,4.4419,true,4,4.4419,0,0,true,0,correct_route
AD,1.2,S1,0.5,3,distance,true,2.6507,true,9,2.6507,0,0,true,0,correct_route
AD,1.2,S1,0.5,3,proposed_050,true,2.6507,true,9,2.6507,0,0,true,0,correct_route
AD,1.2,S1,0.5,3,proposed_mode,true,2.6507,true,9,2.6507,0,0,true,0,correct_route
AD,1.2,S1,0.5,3,an_080,true,2.6507,true,9,2.6507,0,0,true,0,correct_route
AD,1.2,S1,0.5,3,an_mode,true,2.6507,true,9,2.6507,0,0,true,0,correct_route
AD,1.2,S1,0.5,4,distance,true,4.3464,true,4,4.3464,0,0,true,0,correct_route
AD,1.2,S1,0.5,4,proposed_050,true,4.3464,true,4,4.3464,0,0,true,0,correct_route
AD,1.2,S1,0.5,4,proposed_mode,true,4.3464,true,4,4.3464,0,0,true,0,correct_route
AD,1.2,S1,0.5,4,an_080,true,4.3464,true,4,4.3464,0,0,true,0,correct_route
AD,1.2,S1,0.5,4,an_mode,true,4.3464,true,4,4.3464,0,0,true,0,correct_route
AD,1.2,S1,0.5,5,distance,true,4.4419,true,4,4.4419,48.509,0.15,true,0,correct_route
AD,1.2,S1,0.5,5,proposed_050,true,4.4419,true,4,4.4419,48.509,0.15,true,0,correct_route
AD,1.2,S1,0.5,5,proposed_mode,true,4.4419,true,4,4.4419,48.509,0.15,true,0,correct_route
AD,1.2,S1,0.5,5,an_080,true,4.4419,true,4,4.4419,48.509,0.15,true,0,correct_route
AD,1.2,S1,0.5,5,an_mode,true,4.4419,true,4,4.4419,48.509,0.15,true,0,correct_route
AD,1.2,S1,0.5,6,distance,true,0.7045,true,4,0.7045,0,0,true,0,correct_route
AD,1.2,S1,0.5,6,proposed_050,true,0.7045,true,4,0.7045,0,0,true,0,correct_route
AD,1.2,S1,0.5,6,proposed_mode,true,0.7045,true,4,0.7045,0,0,true,0,correct_route
AD,1.2,S1,0.5,6,an_080,true,0.7045,true,4,0.7045,0,0,true,0,correct_route
AD,1.2,S1,0.5,6,an_mode,true,0.7045,true,4,0.7045,0,0,true,0,correct_route
AD,1.2,S1,0.5,7,distance,true,2.4584,true,8,2.4584,93.458,0.15,true,0,correct_route
AD,1.2,S1,0.5,7,proposed_050,true,2.4584,true,8,2.5299,58.297,0.15,true,2.908,correct_route
AD,1.2,S1,0.5,7,proposed_mode,true,2.4584,true,8,2.5299,58.297,0.15,true,2.908,correct_route
AD,1.2,S1,0.5,7,an_080,true,2.4584,true,8,2.5299,58.297,0.15,true,2.908,correct_route
AD,1.2,S1,0.5,7,an_mode,true,2.4584,true,8,2.5299,58.297,0.15,true,2.908,correct_route
AD,1.2,S1,0.5,8,distance,true,2.2256,true,4,2.2256,44.406,0.15,true,0,correct_route
AD,1.2,S1,0.5,8,proposed_050,true,2.2256,true,4,2.2256,44.406,0.15,true,0,correct_route
AD,1.2,S1,0.5,8,proposed_mode,true,2.2256,true,4,2.2256,44.406,0.15,true,0,correct_route
AD,1.2,S1,0.5,8,an_080,true,2.2256,true,4,2.2256,44.406,0.15,true,0,correct_route
AD,1.2,S1,0.5,8,an_mode,true,2.2256,true,4,2.2256,44.406,0.15,true,0,correct_route
AD,1.2,S1,0.5,9,distance,true,2.2269,true,8,2.2269,0,0,true,0,correct_route
AD,1.2,S1,0.5,9,proposed_050,true,2.2269,true,8,2.2269,0,0,true,0,correct_route
AD,1.2,S1,0.5,9,proposed_mode,true,2.2269,true,8,2.2269,0,0,true,0,correct_route
AD,1.2,S1,0.5,9,an_080,true,2.2269,true,8,2.2269,0,0,true,0,correct_route
AD,1.2,S1,0.5,9,an_mode,true,2.2269,true,8,2.2269,0,0,true,0,correct_route
AD,1.2,S1,0.5,10,distance,true,0.7573,true,9,0.7573,0,0,true,0,correct_route
AD,1.2,S1,0.5,10,proposed_050,true,0.7573,true,9,0.7573,0,0,true,0,correct_route
AD,1.2,S1,0.5,10,proposed_mode,true,0.7573,true,9,0.7573,0,0,true,0,correct_route
AD,1.2,S1,0.5,10,an_080,true,0.7573,true,9,0.7573,0,0,true,0,correct_route
AD,1.2,S1,0.5,10,an_mode,true,0.7573,true,9,0.7573,0,0,true,0,correct_route
AD,1.2,S1,0.5,11,distance,true,5.077,true,4,5.077,44.406,0.15,true,0,correct_route
AD,1.2,S1,0.5,11,proposed_050,true,5.077,true,4,5.077,44.406,0.15,true,0,correct_route
AD,1.2,S1,0.5,11,proposed_mode,true,5.077,true,4,5.077,44.406,0.15,true,0,correct_route
AD,1.2,S1,0.5,11,an_080,true,5.077,true,4,5.077,44.406,0.15,true,0,correct_route
AD,1.2,S1,0.5,11,an_mode,true,5.077,true,4,5.077,44.406,0.15,true,0,correct_route
AD,1.2,S1,0.5,12,distance,true,4.8102,true,8,4.8102,91.276,0.15,true,0,correct_route
AD,1.2,S1,0.5,12,proposed_050,true,4.8102,true,8,5.3842,10.125,0.05,true,11.932,correct_route
AD,1.2,S1,0.5,12,proposed_mode,true,4.8102,true,8,5.3842,10.125,0.05,true,11.932,correct_route
AD,1.2,S1,0.5,12,an_080,true,4.8102,true,8,4.8102,91.276,0.15,true,0,correct_route
AD,1.2,S1,0.5,12,an_mode,true,4.8102,true,8,4.8102,91.276,0.15,true,0,correct_route
AD,1.2,S1,0.5,13,distance,true,5.3483,true,4,5.3483,11.811,0.05,true,0,correct_route
AD,1.2,S1,0.5,13,proposed_050,true,5.3483,true,4,5.3483,11.811,0.05,true,0,correct_route
AD,1.2,S1,0.5,13,proposed_mode,true,5.3483,true,4,5.3483,11.811,0.05,true,0,correct_route
AD,1.2,S1,0.5,13,an_080,true,5.3483,true,4,5.3483,11.811,0.05,true,0,correct_route
AD,1.2,S1,0.5,13,an_mode,true,5.3483,true,4,5.3483,11.811,0.05,true,0,correct_route
AD,1.2,S1,0.5,14,distance,true,2.2619,true,4,2.2619,0,0,true,0,correct_route
AD,1.2,S1,0.5,14,proposed_050,true,2.2619,true,4,2.2619,0,0,true,0,correct_route
AD,1.2,S1,0.5,14,proposed_mode,true,2.2619,true,4,2.2619,0,0,true,0,correct_route
AD,1.2,S1,0.5,14,an_080,true,2.2619,true,4,2.2619,0,0,true,0,correct_route
AD,1.2,S1,0.5,14,an_mode,true,2.2619,true,4,2.2619,0,0,true,0,correct_route
AD,1.2,S1,0.5,15,distance,true,3.7294,true,4,3.7294,11.811,0.05,true,0,correct_route
AD,1.2,S1,0.5,15,proposed_050,true,3.7294,true,4,3.7294,11.811,0.05,true,0,correct_route
AD,1.2,S1,0.5,15,proposed_mode,true,3.7294,true,4,3.7294,11.811,0.05,true,0,correct_route
AD,1.2,S1,0.5,15,an_080,true,3.7294,true,4,3.7294,11.811,0.05,true,0,correct_route
AD,1.2,S1,0.5,15,an_mode,true,3.7294,true,4,3.7294,11.811,0.05,true,0,correct_route
AD,1.2,S1,0.5,16,distance,true,1.4535,true,8,1.4535,0,0,true,0,correct_route
AD,1.2,S1,0.5,16,proposed_050,true,1.4535,true,8,1.4535,0,0,true,0,correct_route
AD,1.2,S1,0.5,16,proposed_mode,true,1.4535,true,8,1.4535,0,0,true,0,correct_route
AD,1.2,S1,0.5,16,an_080,true,1.4535,true,8,1.4535,0,0,true,0,correct_route
AD,1.2,S1,0.5,16,an_mode,true,1.4535,true,8,1.4535,0,0,true,0,correct_route
AD,1.2,S1,0.5,17,distance,true,4.4279,true,8,4.4279,91.276,0.15,true,0,correct_route
AD,1.2,S1,0.5,17,proposed_050,true,4.4279,true,5,4.44,0,0,true,0.275,correct_route
AD,1.2,S1,0.5,17,proposed_mode,true,4.4279,true,5,4.44,0,0,true,0.275,correct_route
AD,1.2,S1,0.5,17,an_080,true,4.4279,true,5,4.44,0,0,true,0.275,correct_route
AD,1.2,S1,0.5,17,an_mode,true,4.4279,true,5,4.44,0,0,true,0.275,correct_route
AD,1.2,S1,0.5,18,distance,true,2.343,true,8,2.343,5.378,0.05,true,0,correct_route
AD,1.2,S1,0.5,18,proposed_050,true,2.343,true,8,2.343,5.378,0.05,true,0,correct_route
AD,1.2,S1,0.5,18,proposed_mode,true,2.343,true,8,2.343,5.378,0.05,true,0,correct_route
AD,1.2,S1,0.5,18,an_080,true,2.343,true,8,2.343,5.378,0.05,true,0,correct_route
AD,1.2,S1,0.5,18,an_mode,true,2.343,true,8,2.343,5.378,0.05,true,0,correct_route
AD,1.2,S1,0.5,19,distance,true,2.0721,true,8,2.0721,0,0,true,0,correct_route
AD,1.2,S1,0.5,19,proposed_050,true,2.0721,true,8,2.0721,0,0,true,0,correct_route
AD,1.2,S1,0.5,19,proposed_mode,true,2.0721,true,8,2.0721,0,0,true,0,correct_route
AD,1.2,S1,0.5,19,an_080,true,2.0721,true,8,2.0721,0,0,true,0,correct_route
AD,1.2,S1,0.5,19,an_mode,true,2.0721,true,8,2.0721,0,0,true,0,correct_route
AD,1.2,S1,0.5,20,distance,true,8.4103,true,7,8.4103,86.256,0.15,true,0,correct_route
AD,1.2,S1,0.5,20,proposed_050,true,8.4103,true,7,8.5508,0,0,true,1.671,correct_route
AD,1.2,S1,0.5,20,proposed_mode,true,8.4103,true,7,8.5508,0,0,true,1.671,correct_route
AD,1.2,S1,0.5,20,an_080,true,8.4103,true,7,8.5508,0,0,true,1.671,correct_route
AD,1.2,S1,0.5,20,an_mode,true,8.4103,true,7,8.5508,0,0,true,1.671,correct_route
AD,1.2,S1,0.5,21,distance,true,1.5022,true,7,1.5022,0,0,true,0,correct_route
AD,1.2,S1,0.5,21,proposed_050,true,1.5022,true,7,1.5022,0,0,true,0,correct_route
AD,1.2,S1,0.5,21,proposed_mode,true,1.5022,true,7,1.5022,0,0,true,0,correct_route
AD,1.2,S1,0.5,21,an_080,true,1.5022,true,7,1.5022,0,0,true,0,correct_route
AD,1.2,S1,0.5,21,an_mode,true,1.5022,true,7,1.5022,0,0,true,0,correct_route
AD,1.2,S1,0.5,22,distance,true,2.2373,true,7,2.2373,0,0,true,0,correct_route
AD,1.2,S1,0.5,22,proposed_050,true,2.2373,true,7,2.2373,0,0,true,0,correct_route
AD,1.2,S1,0.5,22,proposed_mode,true,2.2373,true,7,2.2373,0,0,true,0,correct_route
AD,1.2,S1,0.5,22,an_080,true,2.2373,true,7,2.2373,0,0,true,0,correct_route
AD,1.2,S1,0.5,22,an_mode,true,2.2373,true,7,2.2373,0,0,true,0,correct_route
AD,1.2,S1,0.5,23,distance,true,5.7136,true,7,5.7136,86.256,0.15,true,0,correct_route
AD,1.2,S1,0.5,23,proposed_050,true,5.7136,true,7,5.8541,0,0,true,2.459,correct_route
AD,1.2,S1,0.5,23,proposed_mode,true,5.7136,true,7,5.8541,0,0,true,2.459,correct_route
AD,1.2,S1,0.5,23,an_080,true,5.7136,true,7,5.8541,0,0,true,2.459,correct_route
AD,1.2,S1,0.5,23,an_mode,true,5.7136,true,7,5.8541,0,0,true,2.459,correct_route
AD,1.2,S1,0.5,24,distance,true,3.7965,true,7,3.7965,86.256,0.15,true,0,correct_route
AD,1.2,S1,0.5,24,proposed_050,true,3.7965,true,7,4.0629,43.12,0.15,true,7.016,correct_route
AD,1.2,S1,0.5,24,proposed_mode,true,3.7965,true,7,4.0629,43.12,0.15,true,7.016,correct_route
AD,1.2,S1,0.5,24,an_080,true,3.7965,true,7,3.7965,86.256,0.15,true,0,correct_route
AD,1.2,S1,0.5,24,an_mode,true,3.7965,true,7,3.7965,86.256,0.15,true,0,correct_route
AD,1.2,S1,0.5,25,distance,true,2.019,true,5,2.019,0,0,true,0,correct_route
AD,1.2,S1,0.5,25,proposed_050,true,2.019,true,5,2.019,0,0,true,0,correct_route
AD,1.2,S1,0.5,25,proposed_mode,true,2.019,true,5,2.019,0,0,true,0,correct_route
AD,1.2,S1,0.5,25,an_080,true,2.019,true,5,2.019,0,0,true,0,correct_route
AD,1.2,S1,0.5,25,an_mode,true,2.019,true,5,2.019,0,0,true,0,correct_route
AD,1.2,S1,0.5,26,distance,true,1.0687,true,5,1.0687,0,0,true,0,correct_route
AD,1.2,S1,0.5,26,proposed_050,true,1.0687,true,5,1.0687,0,0,true,0,correct_route
AD,1.2,S1,0.5,26,proposed_mode,true,1.0687,true,5,1.0687,0,0,true,0,correct_route
AD,1.2,S1,0.5,26,an_080,true,1.0687,true,5,1.0687,0,0,true,0,correct_route
AD,1.2,S1,0.5,26,an_mode,true,1.0687,true,5,1.0687,0,0,true,0,correct_route
AD,1.2,S1,0.5,27,distance,true,2.187,true,3,2.187,51.819,0.15,true,0,correct_route
AD,1.2,S1,0.5,27,proposed_050,true,2.187,true,3,2.187,51.819,0.15,true,0,correct_route
AD,1.2,S1,0.5,27,proposed_mode,true,2.187,true,3,2.187,51.819,0.15,true,0,correct_route
AD,1.2,S1,0.5,27,an_080,true,2.187,true,3,2.187,51.819,0.15,true,0,correct_route
AD,1.2,S1,0.5,27,an_mode,true,2.187,true,3,2.187,51.819,0.15,true,0,correct_route
AD,1.2,S1,0.5,28,distance,true,3.3577,true,7,3.3577,41.921,0.15,true,0,correct_route
AD,1.2,S1,0.5,28,proposed_050,true,3.3577,true,7,3.3577,41.921,0.15,true,0,correct_route
AD,1.2,S1,0.5,28,proposed_mode,true,3.3577,true,7,3.3577,41.921,0.15,true,0,correct_route
AD,1.2,S1,0.5,28,an_080,true,3.3577,true,7,3.3577,41.921,0.15,true,0,correct_route
AD,1.2,S1,0.5,28,an_mode,true,3.3577,true,7,3.3577,41.921,0.15,true,0,correct_route
AD,1.2,S1,0.5,29,distance,true,5.5354,true,7,5.5354,88.208,0.15,true,0,correct_route
AD,1.2,S1,0.5,29,proposed_050,true,5.5354,true,7,6.0363,0,0,true,9.05,correct_route
AD,1.2,S1,0.5,29,proposed_mode,true,5.5354,true,7,6.0363,0,0,true,9.05,correct_route
AD,1.2,S1,0.5,29,an_080,true,5.5354,true,7,5.5354,88.208,0.15,true,0,correct_route
AD,1.2,S1,0.5,29,an_mode,true,5.5354,true,7,5.5354,88.208,0.15,true,0,correct_route
AD,1.2,S1,0.5,30,distance,true,2.6793,true,3,2.6793,44.051,0.15,true,0,correct_route
AD,1.2,S1,0.5,30,proposed_050,true,2.6793,true,3,2.6793,44.051,0.15,true,0,correct_route
AD,1.2,S1,0.5,30,proposed_mode,true,2.6793,true,3,2.6793,44.051,0.15,true,0,correct_route
AD,1.2,S1,0.5,30,an_080,true,2.6793,true,3,2.6793,44.051,0.15,true,0,correct_route
AD,1.2,S1,0.5,30,an_mode,true,2.6793,true,3,2.6793,44.051,0.15,true,0,correct_route
AD,1.2,S1,0.5,31,distance,true,3.5175,true,7,3.5175,88.208,0.15,true,0,correct_route
AD,1.2,S1,0.5,31,proposed_050,true,3.5175,true,7,4.0185,0,0,true,14.242,correct_route
AD,1.2,S1,0.5,31,proposed_mode,true,3.5175,true,7,4.0185,0,0,true,14.242,correct_route
AD,1.2,S1,0.5,31,an_080,true,3.5175,true,7,3.5175,88.208,0.15,true,0,correct_route
AD,1.2,S1,0.5,31,an_mode,true,3.5175,true,7,3.5175,88.208,0.15,true,0,correct_route
AD,1.2,S1,0.5,32,distance,true,1.5916,true,3,1.5916,49.293,0.15,true,0,correct_route
AD,1.2,S1,0.5,32,proposed_050,true,1.5916,true,3,1.5916,49.293,0.15,true,0,correct_route
AD,1.2,S1,0.5,32,proposed_mode,true,1.5916,true,3,1.5916,49.293,0.15,true,0,correct_route
AD,1.2,S1,0.5,32,an_080,true,1.5916,true,3,1.5916,49.293,0.15,true,0,correct_route
AD,1.2,S1,0.5,32,an_mode,true,1.5916,true,3,1.5916,49.293,0.15,true,0,correct_route
AD,1.2,S1,0.5,33,distance,true,2.2529,true,7,2.2529,43.136,0.15,true,0,correct_route
AD,1.2,S1,0.5,33,proposed_050,true,2.2529,true,7,2.3876,0,0,true,5.977,correct_route
AD,1.2,S1,0.5,33,proposed_mode,true,2.2529,true,7,2.3876,0,0,true,5.977,correct_route
AD,1.2,S1,0.5,33,an_080,true,2.2529,true,7,2.3876,0,0,true,5.977,correct_route
AD,1.2,S1,0.5,33,an_mode,true,2.2529,true,7,2.3876,0,0,true,5.977,correct_route
AD,1.2,S1,0.5,34,distance,true,1.9227,true,7,1.9227,41.921,0.15,true,0,correct_route
AD,1.2,S1,0.5,34,proposed_050,true,1.9227,true,7,1.9227,41.921,0.15,true,0,correct_route
AD,1.2,S1,0.5,34,proposed_mode,true,1.9227,true,7,1.9227,41.921,0.15,true,0,correct_route
AD,1.2,S1,0.5,34,an_080,true,1.9227,true,7,1.9227,41.921,0.15,true,0,correct_route
AD,1.2,S1,0.5,34,an_mode,true,1.9227,true,7,1.9227,41.921,0.15,true,0,correct_route
AD,1.2,S1,0.5,35,distance,true,3.6916,true,7,3.6916,0,0,true,0,correct_route
AD,1.2,S1,0.5,35,proposed_050,true,3.6916,true,7,3.6916,0,0,true,0,correct_route
AD,1.2,S1,0.5,35,proposed_mode,true,3.6916,true,7,3.6916,0,0,true,0,correct_route
AD,1.2,S1,0.5,35,an_080,true,3.6916,true,7,3.6916,0,0,true,0,correct_route
AD,1.2,S1,0.5,35,an_mode,true,3.6916,true,7,3.6916,0,0,true,0,correct_route
AD,1.2,S1,0.5,36,distance,true,4.5516,true,7,4.5516,88.208,0.15,true,0,correct_route
AD,1.2,S1,0.5,36,proposed_050,true,4.5516,true,7,4.9758,0,0,true,9.32,correct_route
AD,1.2,S1,0.5,36,proposed_mode,true,4.5516,true,7,4.9758,0,0,true,9.32,correct_route
AD,1.2,S1,0.5,36,an_080,true,4.5516,true,7,4.9758,0,0,true,9.32,correct_route
AD,1.2,S1,0.5,36,an_mode,true,4.5516,true,7,4.9758,0,0,true,9.32,correct_route
AD,1.2,S1,0.5,37,distance,true,3.7026,true,7,3.7026,43.136,0.15,true,0,correct_route
AD,1.2,S1,0.5,37,proposed_050,true,3.7026,true,7,3.8372,0,0,true,3.637,correct_route
AD,1.2,S1,0.5,37,proposed_mode,true,3.7026,true,7,3.8372,0,0,true,3.637,correct_route
AD,1.2,S1,0.5,37,an_080,true,3.7026,true,7,3.8372,0,0,true,3.637,correct_route
AD,1.2,S1,0.5,37,an_mode,true,3.7026,true,7,3.8372,0,0,true,3.637,correct_route
AD,1.2,S1,0.5,38,distance,true,4.8669,true,7,4.8669,41.921,0.15,true,0,correct_route
AD,1.2,S1,0.5,38,proposed_050,true,4.8669,true,7,4.8669,41.921,0.15,true,0,correct_route
AD,1.2,S1,0.5,38,proposed_mode,true,4.8669,true,7,4.8669,41.921,0.15,true,0,correct_route
AD,1.2,S1,0.5,38,an_080,true,4.8669,true,7,4.8669,41.921,0.15,true,0,correct_route
AD,1.2,S1,0.5,38,an_mode,true,4.8669,true,7,4.8669,41.921,0.15,true,0,correct_route
AD,1.2,S1,0.5,39,distance,true,3.8945,true,3,3.8945,49.293,0.15,true,0,correct_route
AD,1.2,S1,0.5,39,proposed_050,true,3.8945,true,3,3.8945,49.293,0.15,true,0,correct_route
AD,1.2,S1,0.5,39,proposed_mode,true,3.8945,true,3,3.8945,49.293,0.15,true,0,correct_route
AD,1.2,S1,0.5,39,an_080,true,3.8945,true,3,3.8945,49.293,0.15,true,0,correct_route
AD,1.2,S1,0.5,39,an_mode,true,3.8945,true,3,3.8945,49.293,0.15,true,0,correct_route
AD,1.2,S1,0.5,40,distance,true,4.2719,true,3,4.2719,44.051,0.15,true,0,correct_route
AD,1.2,S1,0.5,40,proposed_050,true,4.2719,true,3,4.2719,44.051,0.15,true,0,correct_route
AD,1.2,S1,0.5,40,proposed_mode,true,4.2719,true,3,4.2719,44.051,0.15,true,0,correct_route
AD,1.2,S1,0.5,40,an_080,true,4.2719,true,3,4.2719,44.051,0.15,true,0,correct_route
AD,1.2,S1,0.5,40,an_mode,true,4.2719,true,3,4.2719,44.051,0.15,true,0,correct_route
SV,0.3,S1,0.75,1,distance,true,3.5648,true,9,3.5648,0,0,true,0,correct_route
SV,0.3,S1,0.75,1,proposed_050,true,3.5648,true,9,3.5648,0,0,true,0,correct_route
SV,0.3,S1,0.75,1,proposed_mode,true,3.5648,true,9,3.5648,0,0,true,0,correct_route
SV,0.3,S1,0.75,1,an_080,true,3.5648,true,9,3.5648,0,0,true,0,correct_route
SV,0.3,S1,0.75,1,an_mode,true,3.5648,true,9,3.5648,0,0,true,0,correct_route
SV,0.3,S1,0.75,2,distance,true,4.4419,true,4,4.4419,0,0,true,0,correct_route
SV,0.3,S1,0.75,2,proposed_050,true,4.4419,true,4,4.4419,0,0,true,0,correct_route
SV,0.3,S1,0.75,2,proposed_mode,true,4.4419,true,4,4.4419,0,0,true,0,correct_route
SV,0.3,S1,0.75,2,an_080,true,4.4419,true,4,4.4419,0,0,true,0,correct_route
SV,0.3,S1,0.75,2,an_mode,true,4.4419,true,4,4.4419,0,0,true,0,correct_route
SV,0.3,S1,0.75,3,distance,true,2.6507,true,9,2.6507,0,0,true,0,correct_route
SV,0.3,S1,0.75,3,proposed_050,true,2.6507,true,9,2.6507,0,0,true,0,correct_route
SV,0.3,S1,0.75,3,proposed_mode,true,2.6507,true,9,2.6507,0,0,true,0,correct_route
SV,0.3,S1,0.75,3,an_080,true,2.6507,true,9,2.6507,0,0,true,0,correct_route
SV,0.3,S1,0.75,3,an_mode,true,2.6507,true,9,2.6507,0,0,true,0,correct_route
SV,0.3,S1,0.75,4,distance,true,4.3464,true,4,4.3464,0,0,true,0,correct_route
SV,0.3,S1,0.75,4,proposed_050,true,4.3464,true,4,4.3464,0,0,true,0,correct_route
SV,0.3,S1,0.75,4,proposed_mode,true,4.3464,true,4,4.3464,0,0,true,0,correct_route
SV,0.3,S1,0.75,4,an_080,true,4.3464,true,4,4.3464,0,0,true,0,correct_route
SV,0.3,S1,0.75,4,an_mode,true,4.3464,true,4,4.3464,0,0,true,0,correct_route
SV,0.3,S1,0.75,5,distance,true,4.4419,true,4,4.4419,72.763,0.225,true,0,correct_route
SV,0.3,S1,0.75,5,proposed_050,true,4.4419,true,4,4.8013,0,0,true,8.091,correct_route
SV,0.3,S1,0.75,5,proposed_mode,true,4.4419,true,4,4.8013,0,0,true,8.091,correct_route
SV,0.3,S1,0.75,5,an_080,true,4.4419,true,4,4.8013,0,0,true,8.091,correct_route
SV,0.3,S1,0.75,5,an_mode,true,4.4419,true,4,4.8013,0,0,true,8.091,correct_route
SV,0.3,S1,0.75,6,distance,true,0.7045,true,4,0.7045,0,0,true,0,correct_route
SV,0.3,S1,0.75,6,proposed_050,true,0.7045,true,4,0.7045,0,0,true,0,correct_route
SV,0.3,S1,0.75,6,proposed_mode,true,0.7045,true,4,0.7045,0,0,true,0,correct_route
SV,0.3,S1,0.75,6,an_080,true,0.7045,true,4,0.7045,0,0,true,0,correct_route
SV,0.3,S1,0.75,6,an_mode,true,0.7045,true,4,0.7045,0,0,true,0,correct_route
SV,0.3,S1,0.75,7,distance,true,2.4584,true,8,2.4584,140.188,0.225,true,0,correct_route
SV,0.3,S1,0.75,7,proposed_050,true,2.4584,true,8,2.9041,0,0,true,18.128,correct_route
SV,0.3,S1,0.75,7,proposed_mode,true,2.4584,true,8,2.9041,0,0,true,18.128,correct_route
SV,0.3,S1,0.75,7,an_080,true,2.4584,true,8,2.9041,0,0,true,18.128,correct_route
SV,0.3,S1,0.75,7,an_mode,true,2.4584,true,8,2.9041,0,0,true,18.128,correct_route
SV,0.3,S1,0.75,8,distance,true,2.2256,true,4,2.2256,66.609,0.225,true,0,correct_route
SV,0.3,S1,0.75,8,proposed_050,true,2.2256,true,4,2.5061,17.717,0.075,true,12.604,correct_route
SV,0.3,S1,0.75,8,proposed_mode,true,2.2256,true,4,2.5061,17.717,0.075,true,12.604,correct_route
SV,0.3,S1,0.75,8,an_080,true,2.2256,true,4,2.5061,17.717,0.075,true,12.604,correct_route
SV,0.3,S1,0.75,8,an_mode,true,2.2256,true,4,2.5061,17.717,0.075,true,12.604,correct_route
SV,0.3,S1,0.75,9,distance,true,2.2269,true,8,2.2269,0,0,true,0,correct_route
SV,0.3,S1,0.75,9,proposed_050,true,2.2269,true,8,2.2269,0,0,true,0,correct_route
SV,0.3,S1,0.75,9,proposed_mode,true,2.2269,true,8,2.2269,0,0,true,0,correct_route
SV,0.3,S1,0.75,9,an_080,true,2.2269,true,8,2.2269,0,0,true,0,correct_route
SV,0.3,S1,0.75,9,an_mode,true,2.2269,true,8,2.2269,0,0,true,0,correct_route
SV,0.3,S1,0.75,10,distance,true,0.7573,true,9,0.7573,0,0,true,0,correct_route
SV,0.3,S1,0.75,10,proposed_050,true,0.7573,true,9,0.7573,0,0,true,0,correct_route
SV,0.3,S1,0.75,10,proposed_mode,true,0.7573,true,9,0.7573,0,0,true,0,correct_route
SV,0.3,S1,0.75,10,an_080,true,0.7573,true,9,0.7573,0,0,true,0,correct_route
SV,0.3,S1,0.75,10,an_mode,true,0.7573,true,9,0.7573,0,0,true,0,correct_route
SV,0.3,S1,0.75,11,distance,true,5.077,true,4,5.077,66.609,0.225,true,0,correct_route
SV,0.3,S1,0.75,11,proposed_050,true,5.077,true,4,5.3575,17.717,0.075,true,5.525,correct_route
SV,0.3,S1,0.75,11,proposed_mode,true,5.077,true,4,5.3575,17.717,0.075,true,5.525,correct_route
SV,0.3,S1,0.75,11,an_080,true,5.077,true,4,5.3575,17.717,0.075,true,5.525,correct_route
SV,0.3,S1,0.75,11,an_mode,true,5.077,true,4,5.3575,17.717,0.075,true,5.525,correct_route
SV,0.3,S1,0.75,12,distance,true,4.8102,true,8,4.8102,136.914,0.225,true,0,correct_route
SV,0.3,S1,0.75,12,proposed_050,true,4.8102,true,8,5.417,8.067,0.075,true,12.615,correct_route
SV,0.3,S1,0.75,12,proposed_mode,true,4.8102,true,8,5.417,8.067,0.075,true,12.615,correct_route
SV,0.3,S1,0.75,12,an_080,true,4.8102,true,8,5.3842,15.188,0.075,true,11.932,correct_route
SV,0.3,S1,0.75,12,an_mode,true,4.8102,true,8,5.3842,15.188,0.075,true,11.932,correct_route
SV,0.3,S1,0.75,13,distance,true,5.3483,true,4,5.3483,17.717,0.075,true,0,correct_route
SV,0.3,S1,0.75,13,proposed_050,true,5.3483,true,4,5.5532,0,0,true,3.83,correct_route
SV,0.3,S1,0.75,13,proposed_mode,true,5.3483,true,4,5.5532,0,0,true,3.83,correct_route
SV,0.3,S1,0.75,13,an_080,true,5.3483,true,4,5.3483,17.717,0.075,true,0,correct_route
SV,0.3,S1,0.75,13,an_mode,true,5.3483,true,4,5.3483,17.717,0.075,true,0,correct_route
SV,0.3,S1,0.75,14,distance,true,2.2619,true,4,2.2619,0,0,true,0,correct_route
SV,0.3,S1,0.75,14,proposed_050,true,2.2619,true,4,2.2619,0,0,true,0,correct_route
SV,0.3,S1,0.75,14,proposed_mode,true,2.2619,true,4,2.2619,0,0,true,0,correct_route
SV,0.3,S1,0.75,14,an_080,true,2.2619,true,4,2.2619,0,0,true,0,correct_route
SV,0.3,S1,0.75,14,an_mode,true,2.2619,true,4,2.2619,0,0,true,0,correct_route
SV,0.3,S1,0.75,15,distance,true,3.7294,true,4,3.7294,17.717,0.075,true,0,correct_route
SV,0.3,S1,0.75,15,proposed_050,true,3.7294,true,4,3.9342,0,0,true,5.492,correct_route
SV,0.3,S1,0.75,15,proposed_mode,true,3.7294,true,4,3.9342,0,0,true,5.492,correct_route
SV,0.3,S1,0.75,15,an_080,true,3.7294,true,4,3.7294,17.717,0.075,true,0,correct_route
SV,0.3,S1,0.75,15,an_mode,true,3.7294,true,4,3.7294,17.717,0.075,true,0,correct_route
SV,0.3,S1,0.75,16,distance,true,1.4535,true,8,1.4535,0,0,true,0,correct_route
SV,0.3,S1,0.75,16,proposed_050,true,1.4535,true,8,1.4535,0,0,true,0,correct_route
SV,0.3,S1,0.75,16,proposed_mode,true,1.4535,true,8,1.4535,0,0,true,0,correct_route
SV,0.3,S1,0.75,16,an_080,true,1.4535,true,8,1.4535,0,0,true,0,correct_route
SV,0.3,S1,0.75,16,an_mode,true,1.4535,true,8,1.4535,0,0,true,0,correct_route
SV,0.3,S1,0.75,17,distance,true,4.4279,true,8,4.4279,136.914,0.225,true,0,correct_route
SV,0.3,S1,0.75,17,proposed_050,true,4.4279,true,5,4.44,0,0,true,0.275,correct_route
SV,0.3,S1,0.75,17,proposed_mode,true,4.4279,true,5,4.44,0,0,true,0.275,correct_route
SV,0.3,S1,0.75,17,an_080,true,4.4279,true,5,4.44,0,0,true,0.275,correct_route
SV,0.3,S1,0.75,17,an_mode,true,4.4279,true,5,4.44,0,0,true,0.275,correct_route
SV,0.3,S1,0.75,18,distance,true,2.343,true,8,2.343,8.067,0.075,true,0,correct_route
SV,0.3,S1,0.75,18,proposed_050,true,2.343,true,8,2.343,8.067,0.075,true,0,correct_route
SV,0.3,S1,0.75,18,proposed_mode,true,2.343,true,8,2.343,8.067,0.075,true,0,correct_route
SV,0.3,S1,0.75,18,an_080,true,2.343,true,8,2.343,8.067,0.075,true,0,correct_route
SV,0.3,S1,0.75,18,an_mode,true,2.343,true,8,2.343,8.067,0.075,true,0,correct_route
SV,0.3,S1,0.75,19,distance,true,2.0721,true,8,2.0721,0,0,true,0,correct_route
SV,0.3,S1,0.75,19,proposed_050,true,2.0721,true,8,2.0721,0,0,true,0,correct_route
SV,0.3,S1,0.75,19,proposed_mode,true,2.0721,true,8,2.0721,0,0,true,0,correct_route
SV,0.3,S1,0.75,19,an_080,true,2.0721,true,8,2.0721,0,0,true,0,correct_route
SV,0.3,S1,0.75,19,an_mode,true,2.0721,true,8,2.0721,0,0,true,0,correct_route
SV,0.3,S1,0.75,20,distance,true,8.4103,true,7,8.4103,129.384,0.225,true,0,correct_route
SV,0.3,S1,0.75,20,proposed_050,true,8.4103,true,7,8.5508,0,0,true,1.671,correct_route
SV,0.3,S1,0.75,20,proposed_mode,true,8.4103,true,7,8.5508,0,0,true,1.671,correct_route
SV,0.3,S1,0.75,20,an_080,true,8.4103,true,7,8.5508,0,0,true,1.671,correct_route
SV,0.3,S1,0.75,20,an_mode,true,8.4103,true,7,8.5508,0,0,true,1.671,correct_route
SV,0.3,S1,0.75,21,distance,true,1.5022,true,7,1.5022,0,0,true,0,correct_route
SV,0.3,S1,0.75,21,proposed_050,true,1.5022,true,7,1.5022,0,0,true,0,correct_route
SV,0.3,S1,0.75,21,proposed_mode,true,1.5022,true,7,1.5022,0,0,true,0,correct_route
SV,0.3,S1,0.75,21,an_080,true,1.5022,true,7,1.5022,0,0,true,0,correct_route
SV,0.3,S1,0.75,21,an_mode,true,1.5022,true,7,1.5022,0,0,true,0,correct_route
SV,0.3,S1,0.75,22,distance,true,2.2373,true,7,2.2373,0,0,true,0,correct_route
SV,0.3,S1,0.75,22,proposed_050,true,2.2373,true,7,2.2373,0,0,true,0,correct_route
SV,0.3,S1,0.75,22,proposed_mode,true,2.2373,true,7,2.2373,0,0,true,0,correct_route
SV,0.3,S1,0.75,22,an_080,true,2.2373,true,7,2.2373,0,0,true,0,correct_route
SV,0.3,S1,0.75,22,an_mode,true,2.2373,true,7,2.2373,0,0,true,0,correct_route
SV,0.3,S1,0.75,23,distance,true,5.7136,true,7,5.7136,129.384,0.225,true,0,correct_route
SV,0.3,S1,0.75,23,proposed_050,true,5.7136,true,7,5.8541,0,0,true,2.459,correct_route
SV,0.3,S1,0.75,23,proposed_mode,true,5.7136,true,7,5.8541,0,0,true,2.459,correct_route
SV,0.3,S1,0.75,23,an_080,true,5.7136,true,7,5.8541,0,0,true,2.459,correct_route
SV,0.3,S1,0.75,23,an_mode,true,5.7136,true,7,5.8541,0,0,true,2.459,correct_route
SV,0.3,S1,0.75,24,distance,true,3.7965,true,7,3.7965,129.384,0.225,true,0,correct_route
SV,0.3,S1,0.75,24,proposed_050,true,3.7965,true,7,4.4108,0,0,true,16.179,correct_route
SV,0.3,S1,0.75,24,proposed_mode,true,3.7965,true,7,4.4108,0,0,true,16.179,correct_route
SV,0.3,S1,0.75,24,an_080,true,3.7965,true,7,4.4108,0,0,true,16.179,correct_route
SV,0.3,S1,0.75,24,an_mode,true,3.7965,true,7,4.4108,0,0,true,16.179,correct_route
SV,0.3,S1,0.75,25,distance,true,2.019,true,5,2.019,0,0,true,0,correct_route
SV,0.3,S1,0.75,25,proposed_050,true,2.019,true,5,2.019,0,0,true,0,correct_route
SV,0.3,S1,0.75,25,proposed_mode,true,2.019,true,5,2.019,0,0,true,0,correct_route
SV,0.3,S1,0.75,25,an_080,true,2.019,true,5,2.019,0,0,true,0,correct_route
SV,0.3,S1,0.75,25,an_mode,true,2.019,true,5,2.019,0,0,true,0,correct_route
SV,0.3,S1,0.75,26,distance,true,1.0687,true,5,1.0687,0,0,true,0,correct_route
SV,0.3,S1,0.75,26,proposed_050,true,1.0687,true,5,1.0687,0,0,true,0,correct_route
SV,0.3,S1,0.75,26,proposed_mode,true,1.0687,true,5,1.0687,0,0,true,0,correct_route
SV,0.3,S1,0.75,26,an_080,true,1.0687,true,5,1.0687,0,0,true,0,correct_route
SV,0.3,S1,0.75,26,an_mode,true,1.0687,true,5,1.0687,0,0,true,0,correct_route
SV,0.3,S1,0.75,27,distance,true,2.187,true,3,2.187,77.729,0.225,true,0,correct_route
SV,0.3,S1,0.75,27,proposed_050,true,2.187,true,5,2.8807,0,0,true,31.716,correct_route
SV,0.3,S1,0.75,27,proposed_mode,true,2.187,true,5,2.8807,0,0,true,31.716,correct_route
SV,0.3,S1,0.75,27,an_080,true,2.187,true,3,2.187,77.729,0.225,true,0,correct_route
SV,0.3,S1,0.75,27,an_mode,true,2.187,true,3,2.187,77.729,0.225,true,0,correct_route
SV,0.3,S1,0.75,28,distance,true,3.3577,true,7,3.3577,62.881,0.225,true,0,correct_route
SV,0.3,S1,0.75,28,proposed_050,true,3.3577,true,7,3.6245,0,0,true,7.944,correct_route
SV,0.3,S1,0.75,28,proposed_mode,true,3.3577,true,7,3.6245,0,0,true,7.944,correct_route
SV,0.3,S1,0.75,28,an_080,true,3.3577,true,7,3.6245,0,0,true,7.944,correct_route
SV,0.3,S1,0.75,28,an_mode,true,3.3577,true,7,3.6245,0,0,true,7.944,correct_route
SV,0.3,S1,0.75,29,distance,true,5.5354,true,7,5.5354,132.312,0.225,true,0,correct_route
SV,0.3,S1,0.75,29,proposed_050,true,5.5354,true,7,6.0363,0,0,true,9.05,correct_route
SV,0.3,S1,0.75,29,proposed_mode,true,5.5354,true,7,6.0363,0,0,true,9.05,correct_route
SV,0.3,S1,0.75,29,an_080,true,5.5354,true,7,6.0363,0,0,true,9.05,correct_route
SV,0.3,S1,0.75,29,an_mode,true,5.5354,true,7,6.0363,0,0,true,9.05,correct_route
SV,0.3,S1,0.75,30,distance,true,2.6793,true,3,2.6793,66.076,0.225,true,0,correct_route
SV,0.3,S1,0.75,30,proposed_050,true,2.6793,true,5,3.5991,0,0,true,34.328,correct_route
SV,0.3,S1,0.75,30,proposed_mode,true,2.6793,true,5,3.5991,0,0,true,34.328,correct_route
SV,0.3,S1,0.75,30,an_080,true,2.6793,true,3,2.6793,66.076,0.225,true,0,correct_route
SV,0.3,S1,0.75,30,an_mode,true,2.6793,true,3,2.6793,66.076,0.225,true,0,correct_route
SV,0.3,S1,0.75,31,distance,true,3.5175,true,7,3.5175,132.312,0.225,true,0,correct_route
SV,0.3,S1,0.75,31,proposed_050,true,3.5175,true,7,4.0185,0,0,true,14.242,correct_route
SV,0.3,S1,0.75,31,proposed_mode,true,3.5175,true,7,4.0185,0,0,true,14.242,correct_route
SV,0.3,S1,0.75,31,an_080,true,3.5175,true,7,4.0185,0,0,true,14.242,correct_route
SV,0.3,S1,0.75,31,an_mode,true,3.5175,true,7,4.0185,0,0,true,14.242,correct_route
SV,0.3,S1,0.75,32,distance,true,1.5916,true,3,1.5916,73.94,0.225,true,0,correct_route
SV,0.3,S1,0.75,32,proposed_050,true,1.5916,true,5,4.5892,0,0,true,188.348,correct_route
SV,0.3,S1,0.75,32,proposed_mode,true,1.5916,true,5,4.5892,0,0,true,188.348,correct_route
SV,0.3,S1,0.75,32,an_080,true,1.5916,true,3,1.5916,73.94,0.225,true,0,correct_route
SV,0.3,S1,0.75,32,an_mode,true,1.5916,true,3,1.5916,73.94,0.225,true,0,correct_route
SV,0.3,S1,0.75,33,distance,true,2.2529,true,7,2.2529,64.704,0.225,true,0,correct_route
SV,0.3,S1,0.75,33,proposed_050,true,2.2529,true,7,2.3876,0,0,true,5.977,correct_route
SV,0.3,S1,0.75,33,proposed_mode,true,2.2529,true,7,2.3876,0,0,true,5.977,correct_route
SV,0.3,S1,0.75,33,an_080,true,2.2529,true,7,2.3876,0,0,true,5.977,correct_route
SV,0.3,S1,0.75,33,an_mode,true,2.2529,true,7,2.3876,0,0,true,5.977,correct_route
SV,0.3,S1,0.75,34,distance,true,1.9227,true,7,1.9227,62.881,0.225,true,0,correct_route
SV,0.3,S1,0.75,34,proposed_050,true,1.9227,true,7,2.2871,0,0,true,18.957,correct_route
SV,0.3,S1,0.75,34,proposed_mode,true,1.9227,true,7,2.2871,0,0,true,18.957,correct_route
SV,0.3,S1,0.75,34,an_080,true,1.9227,true,7,2.2871,0,0,true,18.957,correct_route
SV,0.3,S1,0.75,34,an_mode,true,1.9227,true,7,2.2871,0,0,true,18.957,correct_route
SV,0.3,S1,0.75,35,distance,true,3.6916,true,7,3.6916,0,0,true,0,correct_route
SV,0.3,S1,0.75,35,proposed_050,true,3.6916,true,7,3.6916,0,0,true,0,correct_route
SV,0.3,S1,0.75,35,proposed_mode,true,3.6916,true,7,3.6916,0,0,true,0,correct_route
SV,0.3,S1,0.75,35,an_080,true,3.6916,true,7,3.6916,0,0,true,0,correct_route
SV,0.3,S1,0.75,35,an_mode,true,3.6916,true,7,3.6916,0,0,true,0,correct_route
SV,0.3,S1,0.75,36,distance,true,4.5516,true,7,4.5516,132.312,0.225,true,0,correct_route
SV,0.3,S1,0.75,36,proposed_050,true,4.5516,true,7,4.9758,0,0,true,9.32,correct_route
SV,0.3,S1,0.75,36,proposed_mode,true,4.5516,true,7,4.9758,0,0,true,9.32,correct_route
SV,0.3,S1,0.75,36,an_080,true,4.5516,true,7,4.9758,0,0,true,9.32,correct_route
SV,0.3,S1,0.75,36,an_mode,true,4.5516,true,7,4.9758,0,0,true,9.32,correct_route
SV,0.3,S1,0.75,37,distance,true,3.7026,true,7,3.7026,64.704,0.225,true,0,correct_route
SV,0.3,S1,0.75,37,proposed_050,true,3.7026,true,7,3.8372,0,0,true,3.637,correct_route
SV,0.3,S1,0.75,37,proposed_mode,true,3.7026,true,7,3.8372,0,0,true,3.637,correct_route
SV,0.3,S1,0.75,37,an_080,true,3.7026,true,7,3.8372,0,0,true,3.637,correct_route
SV,0.3,S1,0.75,37,an_mode,true,3.7026,true,7,3.8372,0,0,true,3.637,correct_route
SV,0.3,S1,0.75,38,distance,true,4.8669,true,7,4.8669,62.881,0.225,true,0,correct_route
SV,0.3,S1,0.75,38,proposed_050,true,4.8669,true,7,5.2587,0,0,true,8.05,correct_route
SV,0.3,S1,0.75,38,proposed_mode,true,4.8669,true,7,5.2587,0,0,true,8.05,correct_route
SV,0.3,S1,0.75,38,an_080,true,4.8669,true,7,4.8669,62.881,0.225,true,0,correct_route
SV,0.3,S1,0.75,38,an_mode,true,4.8669,true,7,4.8669,62.881,0.225,true,0,correct_route
SV,0.3,S1,0.75,39,distance,true,3.8945,true,3,3.8945,73.94,0.225,true,0,correct_route
SV,0.3,S1,0.75,39,proposed_050,true,3.8945,true,5,6.797,0,0,true,74.529,correct_route
SV,0.3,S1,0.75,39,proposed_mode,true,3.8945,true,5,6.797,0,0,true,74.529,correct_route
SV,0.3,S1,0.75,39,an_080,true,3.8945,true,3,3.8945,73.94,0.225,true,0,correct_route
SV,0.3,S1,0.75,39,an_mode,true,3.8945,true,3,3.8945,73.94,0.225,true,0,correct_route
SV,0.3,S1,0.75,40,distance,true,4.2719,true,3,4.2719,66.076,0.225,true,0,correct_route
SV,0.3,S1,0.75,40,proposed_050,true,4.2719,true,5,5.3931,0,0,true,26.246,correct_route
SV,0.3,S1,0.75,40,proposed_mode,true,4.2719,true,5,5.3931,0,0,true,26.246,correct_route
SV,0.3,S1,0.75,40,an_080,true,4.2719,true,3,4.2719,66.076,0.225,true,0,correct_route
SV,0.3,S1,0.75,40,an_mode,true,4.2719,true,3,4.2719,66.076,0.225,true,0,correct_route
LV,0.5,S1,0.75,1,distance,true,3.5648,true,9,3.5648,0,0,true,0,correct_route
LV,0.5,S1,0.75,1,proposed_050,true,3.5648,true,9,3.5648,0,0,true,0,correct_route
LV,0.5,S1,0.75,1,proposed_mode,true,3.5648,true,9,3.5648,0,0,true,0,correct_route
LV,0.5,S1,0.75,1,an_080,true,3.5648,true,9,3.5648,0,0,true,0,correct_route
LV,0.5,S1,0.75,1,an_mode,true,3.5648,true,9,3.5648,0,0,true,0,correct_route
LV,0.5,S1,0.75,2,distance,true,4.4419,true,4,4.4419,0,0,true,0,correct_route
LV,0.5,S1,0.75,2,proposed_050,true,4.4419,true,4,4.4419,0,0,true,0,correct_route
LV,0.5,S1,0.75,2,proposed_mode,true,4.4419,true,4,4.4419,0,0,true,0,correct_route
LV,0.5,S1,0.75,2,an_080,true,4.4419,true,4,4.4419,0,0,true,0,correct_route
LV,0.5,S1,0.75,2,an_mode,true,4.4419,true,4,4.4419,0,0,true,0,correct_route
LV,0.5,S1,0.75,3,distance,true,2.6507,true,9,2.6507,0,0,true,0,correct_route
LV,0.5,S1,0.75,3,proposed_050,true,2.6507,true,9,2.6507,0,0,true,0,correct_route
LV,0.5,S1,0.75,3,proposed_mode,true,2.6507,true,9,2.6507,0,0,true,0,correct_route
LV,0.5,S1,0.75,3,an_080,true,2.6507,true,9,2.6507,0,0,true,0,correct_route
LV,0.5,S1,0.75,3,an_mode,true,2.6507,true,9,2.6507,0,0,true,0,correct_route
LV,0.5,S1,0.75,4,distance,true,4.3464,true,4,4.3464,0,0,true,0,correct_route
LV,0.5,S1,0.75,4,proposed_050,true,4.3464,true,4,4.3464,0,0,true,0,correct_route
LV,0.5,S1,0.75,4,proposed_mode,true,4.3464,true,4,4.3464,0,0,true,0,correct_route
LV,0.5,S1,0.75,4,an_080,true,4.3464,true,4,4.3464,0,0,true,0,correct_route
LV,0.5,S1,0.75,4,an_mode,true,4.3464,true,4,4.3464,0,0,true,0,correct_route
LV,0.5,S1,0.75,5,distance,true,4.4419,true,4,4.4419,72.763,0.225,true,0,correct_route
LV,0.5,S1,0.75,5,proposed_050,true,4.4419,true,4,4.8013,0,0,true,8.091,correct_route
LV,0.5,S1,0.75,5,proposed_mode,true,4.4419,true,4,4.8013,0,0,true,8.091,correct_route
LV,0.5,S1,0.75,5,an_080,true,4.4419,true,4,4.8013,0,0,true,8.091,correct_route
LV,0.5,S1,0.75,5,an_mode,true,4.4419,true,4,4.8013,0,0,true,8.091,correct_route
LV,0.5,S1,0.75,6,distance,true,0.7045,true,4,0.7045,0,0,true,0,correct_route
LV,0.5,S1,0.75,6,proposed_050,true,0.7045,true,4,0.7045,0,0,true,0,correct_route
LV,0.5,S1,0.75,6,proposed_mode,true,0.7045,true,4,0.7045,0,0,true,0,correct_route
LV,0.5,S1,0.75,6,an_080,true,0.7045,true,4,0.7045,0,0,true,0,correct_route
LV,0.5,S1,0.75,6,an_mode,true,0.7045,true,4,0.7045,0,0,true,0,correct_route
LV,0.5,S1,0.75,7,distance,true,2.4584,true,8,2.4584,140.188,0.225,true,0,correct_route
LV,0.5,S1,0.75,7,proposed_050,true,2.4584,true,8,2.9041,0,0,true,18.128,correct_route
LV,0.5,S1,0.75,7,proposed_mode,true,2.4584,true,8,2.9041,0,0,true,18.128,correct_route
LV,0.5,S1,0.75,7,an_080,true,2.4584,true,8,2.9041,0,0,true,18.128,correct_route
LV,0.5,S1,0.75,7,an_mode,true,2.4584,true,8,2.9041,0,0,true,18.128,correct_route
LV,0.5,S1,0.75,8,distance,true,2.2256,true,4,2.2256,66.609,0.225,true,0,correct_route
LV,0.5,S1,0.75,8,proposed_050,true,2.2256,true,4,2.5061,17.717,0.075,true,12.604,correct_route
LV,0.5,S1,0.75,8,proposed_mode,true,2.2256,true,4,2.5061,17.717,0.075,true,12.604,correct_route
LV,0.5,S1,0.75,8,an_080,true,2.2256,true,4,2.5061,17.717,0.075,true,12.604,correct_route
LV,0.5,S1,0.75,8,an_mode,true,2.2256,true,4,2.5061,17.717,0.075,true,12.604,correct_route
LV,0.5,S1,0.75,9,distance,true,2.2269,true,8,2.2269,0,0,true,0,correct_route
LV,0.5,S1,0.75,9,proposed_050,true,2.2269,true,8,2.2269,0,0,true,0,correct_route
LV,0.5,S1,0.75,9,proposed_mode,true,2.2269,true,8,2.2269,0,0,true,0,correct_route
LV,0.5,S1,0.75,9,an_080,true,2.2269,true,8,2.2269,0,0,true,0,correct_route
LV,0.5,S1,0.75,9,an_mode,true,2.2269,true,8,2.2269,0,0,true,0,correct_route
LV,0.5,S1,0.75,10,distance,true,0.7573,true,9,0.7573,0,0,true,0,correct_route
LV,0.5,S1,0.75,10,proposed_050,true,0.7573,true,9,0.7573,0,0,true,0,correct_route
LV,0.5,S1,0.75,10,proposed_mode,true,0.7573,true,9,0.7573,0,0,true,0,correct_route
LV,0.5,S1,0.75,10,an_080,true,0.7573,true,9,0.7573,0,0,true,0,correct_route
LV,0.5,S1,0.75,10,an_mode,true,0.7573,true,9,0.7573,0,0,true,0,correct_route
LV,0.5,S1,0.75,11,distance,true,5.077,true,4,5.077,66.609,0.225,true,0,correct_route
LV,0.5,S1,0.75,11,proposed_050,true,5.077,true,4,5.3575,17.717,0.075,true,5.525,correct_route
LV,0.5,S1,0.75,11,proposed_mode,true,5.077,true,4,5.3575,17.717,0.075,true,5.525,correct_route
LV,0.5,S1,0.75,11,an_080,true,5.077,true,4,5.3575,17.717,0.075,true,5.525,correct_route
LV,0.5,S1,0.75,11,an_mode,true,5.077,true,4,5.3575,17.717,0.075,true,5.525,correct_route
LV,0.5,S1,0.75,12,distance,true,4.8102,true,8,4.8102,136.914,0.225,true,0,correct_route
LV,0.5,S1,0.75,12,proposed_050,true,4.8102,true,8,5.417,8.067,0.075,true,12.615,correct_route
LV,0.5,S1,0.75,12,proposed_mode,true,4.8102,true,8,5.417,8.067,0.075,true,12.615,correct_route
LV,0.5,S1,0.75,12,an_080,true,4.8102,true,8,5.3842,15.188,0.075,true,11.932,correct_route
LV,0.5,S1,0.75,12,an_mode,true,4.8102,true,8,5.3842,15.188,0.075,true,11.932,correct_route
LV,0.5,S1,0.75,13,distance,true,5.3483,true,4,5.3483,17.717,0.075,true,0,correct_route
LV,0.5,S1,0.75,13,proposed_050,true,5.3483,true,4,5.5532,0,0,true,3.83,correct_route
LV,0.5,S1,0.75,13,proposed_mode,true,5.3483,true,4,5.5532,0,0,true,3.83,correct_route
LV,0.5,S1,0.75,13,an_080,true,5.3483,true,4,5.3483,17.717,0.075,true,0,correct_route
LV,0.5,S1,0.75,13,an_mode,true,5.3483,true,4,5.3483,17.717,0.075,true,0,correct_route
LV,0.5,S1,0.75,14,distance,true,2.2619,true,4,2.2619,0,0,true,0,correct_route
LV,0.5,S1,0.75,14,proposed_050,true,2.2619,true,4,2.2619,0,0,true,0,correct_route
LV,0.5,S1,0.75,14,proposed_mode,true,2.2619,true,4,2.2619,0,0,true,0,correct_route
LV,0.5,S1,0.75,14,an_080,true,2.2619,true,4,2.2619,0,0,true,0,correct_route
LV,0.5,S1,0.75,14,an_mode,true,2.2619,true,4,2.2619,0,0,true,0,correct_route
LV,0.5,S1,0.75,15,distance,true,3.7294,true,4,3.7294,17.717,0.075,true,0,correct_route
LV,0.5,S1,0.75,15,proposed_050,true,3.7294,true,4,3.9342,0,0,true,5.492,correct_route
LV,0.5,S1,0.75,15,proposed_mode,true,3.7294,true,4,3.9342,0,0,true,5.492,correct_route
LV,0.5,S1,0.75,15,an_080,true,3.7294,true,4,3.7294,17.717,0.075,true,0,correct_route
LV,0.5,S1,0.75,15,an_mode,true,3.7294,true,4,3.7294,17.717,0.075,true,0,correct_route
LV,0.5,S1,0.75,16,distance,true,1.4535,true,8,1.4535,0,0,true,0,correct_route
LV,0.5,S1,0.75,16,proposed_050,true,1.4535,true,8,1.4535,0,0,true,0,correct_route
LV,0.5,S1,0.75,16,proposed_mode,true,1.4535,true,8,1.4535,0,0,true,0,correct_route
LV,0.5,S1,0.75,16,an_080,true,1.4535,true,8,1.4535,0,0,true,0,correct_route
LV,0.5,S1,0.75,16,an_mode,true,1.4535,true,8,1.4535,0,0,true,0,correct_route
LV,0.5,S1,0.75,17,distance,true,4.4279,true,8,4.4279,136.914,0.225,true,0,correct_route
LV,0.5,S1,0.75,17,proposed_050,true,4.4279,true,5,4.44,0,0,true,0.275,correct_route
LV,0.5,S1,0.75,17,proposed_mode,true,4.4279,true,5,4.44,0,0,true,0.275,correct_route
LV,0.5,S1,0.75,17,an_080,true,4.4279,true,5,4.44,0,0,true,0.275,correct_route
LV,0.5,S1,0.75,17,an_mode,true,4.4279,true,5,4.44,0,0,true,0.275,correct_route
LV,0.5,S1,0.75,18,distance,true,2.343,true,8,2.343,8.067,0.075,true,0,correct_route
LV,0.5,S1,0.75,18,proposed_050,true,2.343,true,8,2.343,8.067,0.075,true,0,correct_route
LV,0.5,S1,0.75,18,proposed_mode,true,2.343,true,8,2.343,8.067,0.075,true,0,correct_route
LV,0.5,S1,0.75,18,an_080,true,2.343,true,8,2.343,8.067,0.075,true,0,correct_route
LV,0.5,S1,0.75,18,an_mode,true,2.343,true,8,2.343,8.067,0.075,true,0,correct_route
LV,0.5,S1,0.75,19,distance,true,2.0721,true,8,2.0721,0,0,true,0,correct_route
LV,0.5,S1,0.75,19,proposed_050,true,2.0721,true,8,2.0721,0,0,true,0,correct_route
LV,0.5,S1,0.75,19,proposed_mode,true,2.0721,true,8,2.0721,0,0,true,0,correct_route
LV,0.5,S1,0.75,19,an_080,true,2.0721,true,8,2.0721,0,0,true,0,correct_route
LV,0.5,S1,0.75,19,an_mode,true,2.0721,true,8,2.0721,0,0,true,0,correct_route
LV,0.5,S1,0.75,20,distance,true,8.4103,true,7,8.4103,129.384,0.225,true,0,correct_route
LV,0.5,S1,0.75,20,proposed_050,true,8.4103,true,7,8.5508,0,0,true,1.671,correct_route
LV,0.5,S1,0.75,20,proposed_mode,true,8.4103,true,7,8.5508,0,0,true,1.671,correct_route
LV,0.5,S1,0.75,20,an_080,true,8.4103,true,7,8.5508,0,0,true,1.671,correct_route
LV,0.5,S1,0.75,20,an_mode,true,8.4103,true,7,8.5508,0,0,true,1.671,correct_route
LV,0.5,S1,0.75,21,distance,true,1.5022,true,7,1.5022,0,0,true,0,correct_route
LV,0.5,S1,0.75,21,proposed_050,true,1.5022,true,7,1.5022,0,0,true,0,correct_route
LV,0.5,S1,0.75,21,proposed_mode,true,1.5022,true,7,1.5022,0,0,true,0,correct_route
LV,0.5,S1,0.75,21,an_080,true,1.5022,true,7,1.5022,0,0,true,0,correct_route
LV,0.5,S1,0.75,21,an_mode,true,1.5022,true,7,1.5022,0,0,true,0,correct_route
LV,0.5,S1,0.75,22,distance,true,2.2373,true,7,2.2373,0,0,true,0,correct_route
LV,0.5,S1,0.75,22,proposed_050,true,2.2373,true,7,2.2373,0,0,true,0,correct_route
LV,0.5,S1,0.75,22,proposed_mode,true,2.2373,true,7,2.2373,0,0,true,0,correct_route
LV,0.5,S1,0.75,22,an_080,true,2.2373,true,7,2.2373,0,0,true,0,correct_route
LV,0.5,S1,0.75,22,an_mode,true,2.2373,true,7,2.2373,0,0,true,0,correct_route
LV,0.5,S1,0.75,23,distance,true,5.7136,true,7,5.7136,129.384,0.225,true,0,correct_route
LV,0.5,S1,0.75,23,proposed_050,true,5.7136,true,7,5.8541,0,0,true,2.459,correct_route
LV,0.5,S1,0.75,23,proposed_mode,true,5.7136,true,7,5.8541,0,0,true,2.459,correct_route
LV,0.5,S1,0.75,23,an_080,true,5.7136,true,7,5.8541,0,0,true,2.459,correct_route
LV,0.5,S1,0.75,23,an_mode,true,5.7136,true,7,5.8541,0,0,true,2.459,correct_route
LV,0.5,S1,0.75,24,distance,true,3.7965,true,7,3.7965,129.384,0.225,true,0,correct_route
LV,0.5,S1,0.75,24,proposed_050,true,3.7965,true,7,4.4108,0,0,true,16.179,correct_route
LV,0.5,S1,0.75,24,proposed_mode,true,3.7965,true,7,4.4108,0,0,true,16.179,correct_route
LV,0.5,S1,0.75,24,an_080,true,3.7965,true,7,4.4108,0,0,true,16.179,correct_route
LV,0.5,S1,0.75,24,an_mode,true,3.7965,true,7,4.4108,0,0,true,16.179,correct_route
LV,0.5,S1,0.75,25,distance,true,2.019,true,5,2.019,0,0,true,0,correct_route
LV,0.5,S1,0.75,25,proposed_050,true,2.019,true,5,2.019,0,0,true,0,correct_route
LV,0.5,S1,0.75,25,proposed_mode,true,2.019,true,5,2.019,0,0,true,0,correct_route
LV,0.5,S1,0.75,25,an_080,true,2.019,true,5,2.019,0,0,true,0,correct_route
LV,0.5,S1,0.75,25,an_mode,true,2.019,true,5,2.019,0,0,true,0,correct_route
LV,0.5,S1,0.75,26,distance,true,1.0687,true,5,1.0687,0,0,true,0,correct_route
LV,0.5,S1,0.75,26,proposed_050,true,1.0687,true,5,1.0687,0,0,true,0,correct_route
LV,0.5,S1,0.75,26,proposed_mode,true,1.0687,true,5,1.0687,0,0,true,0,correct_route
LV,0.5,S1,0.75,26,an_080,true,1.0687,true,5,1.0687,0,0,true,0,correct_route
LV,0.5,S1,0.75,26,an_mode,true,1.0687,true,5,1.0687,0,0,true,0,correct_route
LV,0.5,S1,0.75,27,distance,true,2.187,true,3,2.187,77.729,0.225,true,0,correct_route
LV,0.5,S1,0.75,27,proposed_050,true,2.187,true,5,2.8807,0,0,true,31.716,correct_route
LV,0.5,S1,0.75,27,proposed_mode,true,2.187,true,5,2.8807,0,0,true,31.716,correct_route
LV,0.5,S1,0.75,27,an_080,true,2.187,true,3,2.187,77.729,0.225,true,0,correct_route
LV,0.5,S1,0.75,27,an_mode,true,2.187,true,3,2.187,77.729,0.225,true,0,correct_route
LV,0.5,S1,0.75,28,distance,true,3.3577,true,7,3.3577,62.881,0.225,true,0,correct_route
LV,0.5,S1,0.75,28,proposed_050,true,3.3577,true,7,3.6245,0,0,true,7.944,correct_route
LV,0.5,S1,0.75,28,proposed_mode,true,3.3577,true,7,3.6245,0,0,true,7.944,correct_route
LV,0.5,S1,0.75,28,an_080,true,3.3577,true,7,3.6245,0,0,true,7.944,correct_route
LV,0.5,S1,0.75,28,an_mode,true,3.3577,true,7,3.6245,0,0,true,7.944,correct_route
LV,0.5,S1,0.75,29,distance,true,5.5354,true,7,5.5354,132.312,0.225,true,0,correct_route
LV,0.5,S1,0.75,29,proposed_050,true,5.5354,true,7,6.0363,0,0,true,9.05,correct_route
LV,0.5,S1,0.75,29,proposed_mode,true,5.5354,true,7,6.0363,0,0,true,9.05,correct_route
LV,0.5,S1,0.75,29,an_080,true,5.5354,true,7,6.0363,0,0,true,9.05,correct_route
LV,0.5,S1,0.75,29,an_mode,true,5.5354,true,7,6.0363,0,0,true,9.05,correct_route
LV,0.5,S1,0.75,30,distance,true,2.6793,true,3,2.6793,66.076,0.225,true,0,correct_route
LV,0.5,S1,0.75,30,proposed_050,true,2.6793,true,5,3.5991,0,0,true,34.328,correct_route
LV,0.5,S1,0.75,30,proposed_mode,true,2.6793,true,5,3.5991,0,0,true,34.328,correct_route
LV,0.5,S1,0.75,30,an_080,true,2.6793,true,3,2.6793,66.076,0.225,true,0,correct_route
LV,0.5,S1,0.75,30,an_mode,true,2.6793,true,3,2.6793,66.076,0.225,true,0,correct_route
LV,0.5,S1,0.75,31,distance,true,3.5175,true,7,3.5175,132.312,0.225,true,0,correct_route
LV,0.5,S1,0.75,31,proposed_050,true,3.5175,true,7,4.0185,0,0,true,14.242,correct_route
LV,0.5,S1,0.75,31,proposed_mode,true,3.5175,true,7,4.0185,0,0,true,14.242,correct_route
LV,0.5,S1,0.75,31,an_080,true,3.5175,true,7,4.0185,0,0,true,14.242,correct_route
LV,0.5,S1,0.75,31,an_mode,true,3.5175,true,7,4.0185,0,0,true,14.242,correct_route
LV,0.5,S1,0.75,32,distance,true,1.5916,true,3,1.5916,73.94,0.225,true,0,correct_route
LV,0.5,S1,0.75,32,proposed_050,true,1.5916,true,5,4.5892,0,0,true,188.348,correct_route
LV,0.5,S1,0.75,32,proposed_mode,true,1.5916,true,5,4.5892,0,0,true,188.348,correct_route
LV,0.5,S1,0.75,32,an_080,true,1.5916,true,3,1.5916,73.94,0.225,true,0,correct_route
LV,0.5,S1,0.75,32,an_mode,true,1.5916,true,3,1.5916,73.94,0.225,true,0,correct_route
LV,0.5,S1,0.75,33,distance,true,2.2529,true,7,2.2529,64.704,0.225,true,0,correct_route
LV,0.5,S1,0.75,33,proposed_050,true,2.2529,true,7,2.3876,0,0,true,5.977,correct_route
LV,0.5,S1,0.75,33,proposed_mode,true,2.2529,true,7,2.3876,0,0,true,5.977,correct_route
LV,0.5,S1,0.75,33,an_080,true,2.2529,true,7,2.3876,0,0,true,5.977,correct_route
LV,0.5,S1,0.75,33,an_mode,true,2.2529,true,7,2.3876,0,0,true,5.977,correct_route
LV,0.5,S1,0.75,34,distance,true,1.9227,true,7,1.9227,62.881,0.225,true,0,correct_route
LV,0.5,S1,0.75,34,proposed_050,true,1.9227,true,7,2.2871,0,0,true,18.957,correct_route
LV,0.5,S1,0.75,34,proposed_mode,true,1.9227,true,7,2.2871,0,0,true,18.957,correct_route
LV,0.5,S1,0.75,34,an_080,true,1.9227,true,7,2.2871,0,0,true,18.957,correct_route
LV,0.5,S1,0.75,34,an_mode,true,1.9227,true,7,2.2871,0,0,true,18.957,correct_route
LV,0.5,S1,0.75,35,distance,true,3.6916,true,7,3.6916,0,0,true,0,correct_route
LV,0.5,S1,0.75,35,proposed_050,true,3.6916,true,7,3.6916,0,0,true,0,correct_route
LV,0.5,S1,0.75,35,proposed_mode,true,3.6916,true,7,3.6916,0,0,true,0,correct_route
LV,0.5,S1,0.75,35,an_080,true,3.6916,true,7,3.6916,0,0,true,0,correct_route
LV,0.5,S1,0.75,35,an_mode,true,3.6916,true,7,3.6916,0,0,true,0,correct_route
LV,0.5,S1,0.75,36,distance,true,4.5516,true,7,4.5516,132.312,0.225,true,0,correct_route
LV,0.5,S1,0.75,36,proposed_050,true,4.5516,true,7,4.9758,0,0,true,9.32,correct_route
LV,0.5,S1,0.75,36,proposed_mode,true,4.5516,true,7,4.9758,0,0,true,9.32,correct_route
LV,0.5,S1,0.75,36,an_080,true,4.5516,true,7,4.9758,0,0,true,9.32,correct_route
LV,0.5,S1,0.75,36,an_mode,true,4.5516,true,7,4.9758,0,0,true,9.32,correct_route
LV,0.5,S1,0.75,37,distance,true,3.7026,true,7,3.7026,64.704,0.225,true,0,correct_route
LV,0.5,S1,0.75,37,proposed_050,true,3.7026,true,7,3.8372,0,0,true,3.637,correct_route
LV,0.5,S1,0.75,37,proposed_mode,true,3.7026,true,7,3.8372,0,0,true,3.637,correct_route
LV,0.5,S1,0.75,37,an_080,true,3.7026,true,7,3.8372,0,0,true,3.637,correct_route
LV,0.5,S1,0.75,37,an_mode,true,3.7026,true,7,3.8372,0,0,true,3.637,correct_route
LV,0.5,S1,0.75,38,distance,true,4.8669,true,7,4.8669,62.881,0.225,true,0,correct_route
LV,0.5,S1,0.75,38,proposed_050,true,4.8669,true,7,5.2587,0,0,true,8.05,correct_route
LV,0.5,S1,0.75,38,proposed_mode,true,4.8669,true,7,5.2587,0,0,true,8.05,correct_route
LV,0.5,S1,0.75,38,an_080,true,4.8669,true,7,4.8669,62.881,0.225,true,0,correct_route
LV,0.5,S1,0.75,38,an_mode,true,4.8669,true,7,4.8669,62.881,0.225,true,0,correct_route
LV,0.5,S1,0.75,39,distance,true,3.8945,true,3,3.8945,73.94,0.225,true,0,correct_route
LV,0.5,S1,0.75,39,proposed_050,true,3.8945,true,5,6.797,0,0,true,74.529,correct_route
LV,0.5,S1,0.75,39,proposed_mode,true,3.8945,true,5,6.797,0,0,true,74.529,correct_route
LV,0.5,S1,0.75,39,an_080,true,3.8945,true,3,3.8945,73.94,0.225,true,0,correct_route
LV,0.5,S1,0.75,39,an_mode,true,3.8945,true,3,3.8945,73.94,0.225,true,0,correct_route
LV,0.5,S1,0.75,40,distance,true,4.2719,true,3,4.2719,66.076,0.225,true,0,correct_route
LV,0.5,S1,0.75,40,proposed_050,true,4.2719,true,5,5.3931,0,0,true,26.246,correct_route
LV,0.5,S1,0.75,40,proposed_mode,true,4.2719,true,5,5.3931,0,0,true,26.246,correct_route
LV,0.5,S1,0.75,40,an_080,true,4.2719,true,3,4.2719,66.076,0.225,true,0,correct_route
LV,0.5,S1,0.75,40,an_mode,true,4.2719,true,3,4.2719,66.076,0.225,true,0,correct_route
AD,1.2,S1,0.75,1,distance,true,3.5648,true,9,3.5648,0,0,true,0,correct_route
AD,1.2,S1,0.75,1,proposed_050,true,3.5648,true,9,3.5648,0,0,true,0,correct_route
AD,1.2,S1,0.75,1,proposed_mode,true,3.5648,true,9,3.5648,0,0,true,0,correct_route
AD,1.2,S1,0.75,1,an_080,true,3.5648,true,9,3.5648,0,0,true,0,correct_route
AD,1.2,S1,0.75,1,an_mode,true,3.5648,true,9,3.5648,0,0,true,0,correct_route
AD,1.2,S1,0.75,2,distance,true,4.4419,true,4,4.4419,0,0,true,0,correct_route
AD,1.2,S1,0.75,2,proposed_050,true,4.4419,true,4,4.4419,0,0,true,0,correct_route
AD,1.2,S1,0.75,2,proposed_mode,true,4.4419,true,4,4.4419,0,0,true,0,correct_route
AD,1.2,S1,0.75,2,an_080,true,4.4419,true,4,4.4419,0,0,true,0,correct_route
AD,1.2,S1,0.75,2,an_mode,true,4.4419,true,4,4.4419,0,0,true,0,correct_route
AD,1.2,S1,0.75,3,distance,true,2.6507,true,9,2.6507,0,0,true,0,correct_route
AD,1.2,S1,0.75,3,proposed_050,true,2.6507,true,9,2.6507,0,0,true,0,correct_route
AD,1.2,S1,0.75,3,proposed_mode,true,2.6507,true,9,2.6507,0,0,true,0,correct_route
AD,1.2,S1,0.75,3,an_080,true,2.6507,true,9,2.6507,0,0,true,0,correct_route
AD,1.2,S1,0.75,3,an_mode,true,2.6507,true,9,2.6507,0,0,true,0,correct_route
AD,1.2,S1,0.75,4,distance,true,4.3464,true,4,4.3464,0,0,true,0,correct_route
AD,1.2,S1,0.75,4,proposed_050,true,4.3464,true,4,4.3464,0,0,true,0,correct_route
AD,1.2,S1,0.75,4,proposed_mode,true,4.3464,true,4,4.3464,0,0,true,0,correct_route
AD,1.2,S1,0.75,4,an_080,true,4.3464,true,4,4.3464,0,0,true,0,correct_route
AD,1.2,S1,0.75,4,an_mode,true,4.3464,true,4,4.3464,0,0,true,0,correct_route
AD,1.2,S1,0.75,5,distance,true,4.4419,true,4,4.4419,72.763,0.225,true,0,correct_route
AD,1.2,S1,0.75,5,proposed_050,true,4.4419,true,4,4.8013,0,0,true,8.091,correct_route
AD,1.2,S1,0.75,5,proposed_mode,true,4.4419,true,4,4.8013,0,0,true,8.091,correct_route
AD,1.2,S1,0.75,5,an_080,true,4.4419,true,4,4.8013,0,0,true,8.091,correct_route
AD,1.2,S1,0.75,5,an_mode,true,4.4419,true,4,4.8013,0,0,true,8.091,correct_route
AD,1.2,S1,0.75,6,distance,true,0.7045,true,4,0.7045,0,0,true,0,correct_route
AD,1.2,S1,0.75,6,proposed_050,true,0.7045,true,4,0.7045,0,0,true,0,correct_route
AD,1.2,S1,0.75,6,proposed_mode,true,0.7045,true,4,0.7045,0,0,true,0,correct_route
AD,1.2,S1,0.75,6,an_080,true,0.7045,true,4,0.7045,0,0,true,0,correct_route
AD,1.2,S1,0.75,6,an_mode,true,0.7045,true,4,0.7045,0,0,true,0,correct_route
AD,1.2,S1,0.75,7,distance,true,2.4584,true,8,2.4584,140.188,0.225,true,0,correct_route
AD,1.2,S1,0.75,7,proposed_050,true,2.4584,true,8,2.9041,0,0,true,18.128,correct_route
AD,1.2,S1,0.75,7,proposed_mode,true,2.4584,true,8,2.9041,0,0,true,18.128,correct_route
AD,1.2,S1,0.75,7,an_080,true,2.4584,true,8,2.9041,0,0,true,18.128,correct_route
AD,1.2,S1,0.75,7,an_mode,true,2.4584,true,8,2.9041,0,0,true,18.128,correct_route
AD,1.2,S1,0.75,8,distance,true,2.2256,true,4,2.2256,66.609,0.225,true,0,correct_route
AD,1.2,S1,0.75,8,proposed_050,true,2.2256,true,4,2.5061,17.717,0.075,true,12.604,correct_route
AD,1.2,S1,0.75,8,proposed_mode,true,2.2256,true,4,2.5061,17.717,0.075,true,12.604,correct_route
AD,1.2,S1,0.75,8,an_080,true,2.2256,true,4,2.5061,17.717,0.075,true,12.604,correct_route
AD,1.2,S1,0.75,8,an_mode,true,2.2256,true,4,2.5061,17.717,0.075,true,12.604,correct_route
AD,1.2,S1,0.75,9,distance,true,2.2269,true,8,2.2269,0,0,true,0,correct_route
AD,1.2,S1,0.75,9,proposed_050,true,2.2269,true,8,2.2269,0,0,true,0,correct_route
AD,1.2,S1,0.75,9,proposed_mode,true,2.2269,true,8,2.2269,0,0,true,0,correct_route
AD,1.2,S1,0.75,9,an_080,true,2.2269,true,8,2.2269,0,0,true,0,correct_route
AD,1.2,S1,0.75,9,an_mode,true,2.2269,true,8,2.2269,0,0,true,0,correct_route
AD,1.2,S1,0.75,10,distance,true,0.7573,true,9,0.7573,0,0,true,0,correct_route
AD,1.2,S1,0.75,10,proposed_050,true,0.7573,true,9,0.7573,0,0,true,0,correct_route
AD,1.2,S1,0.75,10,proposed_mode,true,0.7573,true,9,0.7573,0,0,true,0,correct_route
AD,1.2,S1,0.75,10,an_080,true,0.7573,true,9,0.7573,0,0,true,0,correct_route
AD,1.2,S1,0.75,10,an_mode,true,0.7573,true,9,0.7573,0,0,true,0,correct_route
AD,1.2,S1,0.75,11,distance,true,5.077,true,4,5.077,66.609,0.225,true,0,correct_route
AD,1.2,S1,0.75,11,proposed_050,true,5.077,true,4,5.3575,17.717,0.075,true,5.525,correct_route
AD,1.2,S1,0.75,11,proposed_mode,true,5.077,true,4,5.3575,17.717,0.075,true,5.525,correct_route
AD,1.2,S1,0.75,11,an_080,true,5.077,true,4,5.3575,17.717,0.075,true,5.525,correct_route
AD,1.2,S1,0.75,11,an_mode,true,5.077,true,4,5.3575,17.717,0.075,true,5.525,correct_route
AD,1.2,S1,0.75,12,distance,true,4.8102,true,8,4.8102,136.914,0.225,true,0,correct_route
AD,1.2,S1,0.75,12,proposed_050,true,4.8102,true,8,5.417,8.067,0.075,true,12.615,correct_route
AD,1.2,S1,0.75,12,proposed_mode,true,4.8102,true,8,5.417,8.067,0.075,true,12.615,correct_route
AD,1.2,S1,0.75,12,an_080,true,4.8102,true,8,5.3842,15.188,0.075,true,11.932,correct_route
AD,1.2,S1,0.75,12,an_mode,true,4.8102,true,8,5.3842,15.188,0.075,true,11.932,correct_route
AD,1.2,S1,0.75,13,distance,true,5.3483,true,4,5.3483,17.717,0.075,true,0,correct_route
AD,1.2,S1,0.75,13,proposed_050,true,5.3483,true,4,5.5532,0,0,true,3.83,correct_route
AD,1.2,S1,0.75,13,proposed_mode,true,5.3483,true,4,5.5532,0,0,true,3.83,correct_route
AD,1.2,S1,0.75,13,an_080,true,5.3483,true,4,5.3483,17.717,0.075,true,0,correct_route
AD,1.2,S1,0.75,13,an_mode,true,5.3483,true,4,5.3483,17.717,0.075,true,0,correct_route
AD,1.2,S1,0.75,14,distance,true,2.2619,true,4,2.2619,0,0,true,0,correct_route
AD,1.2,S1,0.75,14,proposed_050,true,2.2619,true,4,2.2619,0,0,true,0,correct_route
AD,1.2,S1,0.75,14,proposed_mode,true,2.2619,true,4,2.2619,0,0,true,0,correct_route
AD,1.2,S1,0.75,14,an_080,true,2.2619,true,4,2.2619,0,0,true,0,correct_route
AD,1.2,S1,0.75,14,an_mode,true,2.2619,true,4,2.2619,0,0,true,0,correct_route
AD,1.2,S1,0.75,15,distance,true,3.7294,true,4,3.7294,17.717,0.075,true,0,correct_route
AD,1.2,S1,0.75,15,proposed_050,true,3.7294,true,4,3.9342,0,0,true,5.492,correct_route
AD,1.2,S1,0.75,15,proposed_mode,true,3.7294,true,4,3.9342,0,0,true,5.492,correct_route
AD,1.2,S1,0.75,15,an_080,true,3.7294,true,4,3.7294,17.717,0.075,true,0,correct_route
AD,1.2,S1,0.75,15,an_mode,true,3.7294,true,4,3.7294,17.717,0.075,true,0,correct_route
AD,1.2,S1,0.75,16,distance,true,1.4535,true,8,1.4535,0,0,true,0,correct_route
AD,1.2,S1,0.75,16,proposed_050,true,1.4535,true,8,1.4535,0,0,true,0,correct_route
AD,1.2,S1,0.75,16,proposed_mode,true,1.4535,true,8,1.4535,0,0,true,0,correct_route
AD,1.2,S1,0.75,16,an_080,true,1.4535,true,8,1.4535,0,0,true,0,correct_route
AD,1.2,S1,0.75,16,an_mode,true,1.4535,true,8,1.4535,0,0,true,0,correct_route
AD,1.2,S1,0.75,17,distance,true,4.4279,true,8,4.4279,136.914,0.225,true,0,correct_route
AD,1.2,S1,0.75,17,proposed_050,true,4.4279,true,5,4.44,0,0,true,0.275,correct_route
AD,1.2,S1,0.75,17,proposed_mode,true,4.4279,true,5,4.44,0,0,true,0.275,correct_route
AD,1.2,S1,0.75,17,an_080,true,4.4279,true,5,4.44,0,0,true,0.275,correct_route
AD,1.2,S1,0.75,17,an_mode,true,4.4279,true,5,4.44,0,0,true,0.275,correct_route
AD,1.2,S1,0.75,18,distance,true,2.343,true,8,2.343,8.067,0.075,true,0,correct_route
AD,1.2,S1,0.75,18,proposed_050,true,2.343,true,8,2.343,8.067,0.075,true,0,correct_route
AD,1.2,S1,0.75,18,proposed_mode,true,2.343,true,8,2.343,8.067,0.075,true,0,correct_route
AD,1.2,S1,0.75,18,an_080,true,2.343,true,8,2.343,8.067,0.075,true,0,correct_route
AD,1.2,S1,0.75,18,an_mode,true,2.343,true,8,2.343,8.067,0.075,true,0,correct_route
AD,1.2,S1,0.75,19,distance,true,2.0721,true,8,2.0721,0,0,true,0,correct_route
AD,1.2,S1,0.75,19,proposed_050,true,2.0721,true,8,2.0721,0,0,true,0,correct_route
AD,1.2,S1,0.75,19,proposed_mode,true,2.0721,true,8,2.0721,0,0,true,0,correct_route
AD,1.2,S1,0.75,19,an_080,true,2.0721,true,8,2.0721,0,0,true,0,correct_route
AD,1.2,S1,0.75,19,an_mode,true,2.0721,true,8,2.0721,0,0,true,0,correct_route
AD,1.2,S1,0.75,20,distance,true,8.4103,true,7,8.4103,129.384,0.225,true,0,correct_route
AD,1.2,S1,0.75,20,proposed_050,true,8.4103,true,7,8.5508,0,0,true,1.671,correct_route
AD,1.2,S1,0.75,20,proposed_mode,true,8.4103,true,7,8.5508,0,0,true,1.671,correct_route
AD,1.2,S1,0.75,20,an_080,true,8.4103,true,7,8.5508,0,0,true,1.671,correct_route
AD,1.2,S1,0.75,20,an_mode,true,8.4103,true,7,8.5508,0,0,true,1.671,correct_route
AD,1.2,S1,0.75,21,distance,true,1.5022,true,7,1.5022,0,0,true,0,correct_route
AD,1.2,S1,0.75,21,proposed_050,true,1.5022,true,7,1.5022,0,0,true,0,correct_route
AD,1.2,S1,0.75,21,proposed_mode,true,1.5022,true,7,1.5022,0,0,true,0,correct_route
AD,1.2,S1,0.75,21,an_080,true,1.5022,true,7,1.5022,0,0,true,0,correct_route
AD,1.2,S1,0.75,21,an_mode,true,1.5022,true,7,1.5022,0,0,true,0,correct_route
AD,1.2,S1,0.75,22,distance,true,2.2373,true,7,2.2373,0,0,true,0,correct_route
AD,1.2,S1,0.75,22,proposed_050,true,2.2373,true,7,2.2373,0,0,true,0,correct_route
AD,1.2,S1,0.75,22,proposed_mode,true,2.2373,true,7,2.2373,0,0,true,0,correct_route
AD,1.2,S1,0.75,22,an_080,true,2.2373,true,7,2.2373,0,0,true,0,correct_route
AD,1.2,S1,0.75,22,an_mode,true,2.2373,true,7,2.2373,0,0,true,0,correct_route
AD,1.2,S1,0.75,23,distance,true,5.7136,true,7,5.7136,129.384,0.225,true,0,correct_route
AD,1.2,S1,0.75,23,proposed_050,true,5.7136,true,7,5.8541,0,0,true,2.459,correct_route
AD,1.2,S1,0.75,23,proposed_mode,true,5.7136,true,7,5.8541,0,0,true,2.459,correct_route
AD,1.2,S1,0.75,23,an_080,true,5.7136,true,7,5.8541,0,0,true,2.459,correct_route
AD,1.2,S1,0.75,23,an_mode,true,5.7136,true,7,5.8541,0,0,true,2.459,correct_route
AD,1.2,S1,0.75,24,distance,true,3.7965,true,7,3.7965,129.384,0.225,true,0,correct_route
AD,1.2,S1,0.75,24,proposed_050,true,3.7965,true,7,4.4108,0,0,true,16.179,correct_route
AD,1.2,S1,0.75,24,proposed_mode,true,3.7965,true,7,4.4108,0,0,true,16.179,correct_route
AD,1.2,S1,0.75,24,an_080,true,3.7965,true,7,4.4108,0,0,true,16.179,correct_route
AD,1.2,S1,0.75,24,an_mode,true,3.7965,true,7,4.4108,0,0,true,16.179,correct_route
AD,1.2,S1,0.75,25,distance,true,2.019,true,5,2.019,0,0,true,0,correct_route
AD,1.2,S1,0.75,25,proposed_050,true,2.019,true,5,2.019,0,0,true,0,correct_route
AD,1.2,S1,0.75,25,proposed_mode,true,2.019,true,5,2.019,0,0,true,0,correct_route
AD,1.2,S1,0.75,25,an_080,true,2.019,true,5,2.019,0,0,true,0,correct_route
AD,1.2,S1,0.75,25,an_mode,true,2.019,true,5,2.019,0,0,true,0,correct_route
AD,1.2,S1,0.75,26,distance,true,1.0687,true,5,1.0687,0,0,true,0,correct_route
AD,1.2,S1,0.75,26,proposed_050,true,1.0687,true,5,1.0687,0,0,true,0,correct_route
AD,1.2,S1,0.75,26,proposed_mode,true,1.0687,true,5,1.0687,0,0,true,0,correct_route
AD,1.2,S1,0.75,26,an_080,true,1.0687,true,5,1.0687,0,0,true,0,correct_route
AD,1.2,S1,0.75,26,an_mode,true,1.0687,true,5,1.0687,0,0,true,0,correct_route
AD,1.2,S1,0.75,27,distance,true,2.187,true,3,2.187,77.729,0.225,true,0,correct_route
AD,1.2,S1,0.75,27,proposed_050,true,2.187,true,5,2.8807,0,0,true,31.716,correct_route
AD,1.2,S1,0.75,27,proposed_mode,true,2.187,true,5,2.8807,0,0,true,31.716,correct_route
AD,1.2,S1,0.75,27,an_080,true,2.187,true,3,2.187,77.729,0.225,true,0,correct_route
AD,1.2,S1,0.75,27,an_mode,true,2.187,true,3,2.187,77.729,0.225,true,0,correct_route
AD,1.2,S1,0.75,28,distance,true,3.3577,true,7,3.3577,62.881,0.225,true,0,correct_route
AD,1.2,S1,0.75,28,proposed_050,true,3.3577,true,7,3.6245,0,0,true,7.944,correct_route
AD,1.2,S1,0.75,28,proposed_mode,true,3.3577,true,7,3.6245,0,0,true,7.944,correct_route
AD,1.2,S1,0.75,28,an_080,true,3.3577,true,7,3.6245,0,0,true,7.944,correct_route
AD,1.2,S1,0.75,28,an_mode,true,3.3577,true,7,3.6245,0,0,true,7.944,correct_route
AD,1.2,S1,0.75,29,distance,true,5.5354,true,7,5.5354,132.312,0.225,true,0,correct_route
AD,1.2,S1,0.75,29,proposed_050,true,5.5354,true,7,6.0363,0,0,true,9.05,correct_route
AD,1.2,S1,0.75,29,proposed_mode,true,5.5354,true,7,6.0363,0,0,true,9.05,correct_route
AD,1.2,S1,0.75,29,an_080,true,5.5354,true,7,6.0363,0,0,true,9.05,correct_route
AD,1.2,S1,0.75,29,an_mode,true,5.5354,true,7,6.0363,0,0,true,9.05,correct_route
AD,1.2,S1,0.75,30,distance,true,2.6793,true,3,2.6793,66.076,0.225,true,0,correct_route
AD,1.2,S1,0.75,30,proposed_050,true,2.6793,true,5,3.5991,0,0,true,34.328,correct_route
AD,1.2,S1,0.75,30,proposed_mode,true,2.6793,true,5,3.5991,0,0,true,34.328,correct_route
AD,1.2,S1,0.75,30,an_080,true,2.6793,true,3,2.6793,66.076,0.225,true,0,correct_route
AD,1.2,S1,0.75,30,an_mode,true,2.6793,true,3,2.6793,66.076,0.225,true,0,correct_route
AD,1.2,S1,0.75,31,distance,true,3.5175,true,7,3.5175,132.312,0.225,true,0,correct_route
AD,1.2,S1,0.75,31,proposed_050,true,3.5175,true,7,4.0185,0,0,true,14.242,correct_route
AD,1.2,S1,0.75,31,proposed_mode,true,3.5175,true,7,4.0185,0,0,true,14.242,correct_route
AD,1.2,S1,0.75,31,an_080,true,3.5175,true,7,4.0185,0,0,true,14.242,correct_route
AD,1.2,S1,0.75,31,an_mode,true,3.5175,true,7,4.0185,0,0,true,14.242,correct_route
AD,1.2,S1,0.75,32,distance,true,1.5916,true,3,1.5916,73.94,0.225,true,0,correct_route
AD,1.2,S1,0.75,32,proposed_050,true,1.5916,true,5,4.5892,0,0,true,188.348,correct_route
AD,1.2,S1,0.75,32,proposed_mode,true,1.5916,true,5,4.5892,0,0,true,188.348,correct_route
AD,1.2,S1,0.75,32,an_080,true,1.5916,true,3,1.5916,73.94,0.225,true,0,correct_route
AD,1.2,S1,0.75,32,an_mode,true,1.5916,true,3,1.5916,73.94,0.225,true,0,correct_route
AD,1.2,S1,0.75,33,distance,true,2.2529,true,7,2.2529,64.704,0.225,true,0,correct_route
AD,1.2,S1,0.75,33,proposed_050,true,2.2529,true,7,2.3876,0,0,true,5.977,correct_route
AD,1.2,S1,0.75,33,proposed_mode,true,2.2529,true,7,2.3876,0,0,true,5.977,correct_route
AD,1.2,S1,0.75,33,an_080,true,2.2529,true,7,2.3876,0,0,true,5.977,correct_route
AD,1.2,S1,0.75,33,an_mode,true,2.2529,true,7,2.3876,0,0,true,5.977,correct_route
AD,1.2,S1,0.75,34,distance,true,1.9227,true,7,1.9227,62.881,0.225,true,0,correct_route
AD,1.2,S1,0.75,34,proposed_050,true,1.9227,true,7,2.2871,0,0,true,18.957,correct_route
AD,1.2,S1,0.75,34,proposed_mode,true,1.9227,true,7,2.2871,0,0,true,18.957,correct_route
AD,1.2,S1,0.75,34,an_080,true,1.9227,true,7,2.2871,0,0,true,18.957,correct_route
AD,1.2,S1,0.75,34,an_mode,true,1.9227,true,7,2.2871,0,0,true,18.957,correct_route
AD,1.2,S1,0.75,35,distance,true,3.6916,true,7,3.6916,0,0,true,0,correct_route
AD,1.2,S1,0.75,35,proposed_050,true,3.6916,true,7,3.6916,0,0,true,0,correct_route
AD,1.2,S1,0.75,35,proposed_mode,true,3.6916,true,7,3.6916,0,0,true,0,correct_route
AD,1.2,S1,0.75,35,an_080,true,3.6916,true,7,3.6916,0,0,true,0,correct_route
AD,1.2,S1,0.75,35,an_mode,true,3.6916,true,7,3.6916,0,0,true,0,correct_route
AD,1.2,S1,0.75,36,distance,true,4.5516,true,7,4.5516,132.312,0.225,true,0,correct_route
AD,1.2,S1,0.75,36,proposed_050,true,4.5516,true,7,4.9758,0,0,true,9.32,correct_route
AD,1.2,S1,0.75,36,proposed_mode,true,4.5516,true,7,4.9758,0,0,true,9.32,correct_route
AD,1.2,S1,0.75,36,an_080,true,4.5516,true,7,4.9758,0,0,true,9.32,correct_route
AD,1.2,S1,0.75,36,an_mode,true,4.5516,true,7,4.9758,0,0,true,9.32,correct_route
AD,1.2,S1,0.75,37,distance,true,3.7026,true,7,3.7026,64.704,0.225,true,0,correct_route
AD,1.2,S1,0.75,37,proposed_050,true,3.7026,true,7,3.8372,0,0,true,3.637,correct_route
AD,1.2,S1,0.75,37,proposed_mode,true,3.7026,true,7,3.8372,0,0,true,3.637,correct_route
AD,1.2,S1,0.75,37,an_080,true,3.7026,true,7,3.8372,0,0,true,3.637,correct_route
AD,1.2,S1,0.75,37,an_mode,true,3.7026,true,7,3.8372,0,0,true,3.637,correct_route
AD,1.2,S1,0.75,38,distance,true,4.8669,true,7,4.8669,62.881,0.225,true,0,correct_route
AD,1.2,S1,0.75,38,proposed_050,true,4.8669,true,7,5.2587,0,0,true,8.05,correct_route
AD,1.2,S1,0.75,38,proposed_mode,true,4.8669,true,7,5.2587,0,0,true,8.05,correct_route
AD,1.2,S1,0.75,38,an_080,true,4.8669,true,7,4.8669,62.881,0.225,true,0,correct_route
AD,1.2,S1,0.75,38,an_mode,true,4.8669,true,7,4.8669,62.881,0.225,true,0,correct_route
AD,1.2,S1,0.75,39,distance,true,3.8945,true,3,3.8945,73.94,0.225,true,0,correct_route
AD,1.2,S1,0.75,39,proposed_050,true,3.8945,true,5,6.797,0,0,true,74.529,correct_route
AD,1.2,S1,0.75,39,proposed_mode,true,3.8945,true,5,6.797,0,0,true,74.529,correct_route
AD,1.2,S1,0.75,39,an_080,true,3.8945,true,3,3.8945,73.94,0.225,true,0,correct_route
AD,1.2,S1,0.75,39,an_mode,true,3.8945,true,3,3.8945,73.94,0.225,true,0,correct_route
AD,1.2,S1,0.75,40,distance,true,4.2719,true,3,4.2719,66.076,0.225,true,0,correct_route
AD,1.2,S1,0.75,40,proposed_050,true,4.2719,true,5,5.3931,0,0,true,26.246,correct_route
AD,1.2,S1,0.75,40,proposed_mode,true,4.2719,true,5,5.3931,0,0,true,26.246,correct_route
AD,1.2,S1,0.75,40,an_080,true,4.2719,true,3,4.2719,66.076,0.225,true,0,correct_route
AD,1.2,S1,0.75,40,an_mode,true,4.2719,true,3,4.2719,66.076,0.225,true,0,correct_route
SV,0.3,S1,1,1,distance,true,3.5648,true,9,3.5648,0,0,true,0,correct_route
SV,0.3,S1,1,1,proposed_050,true,3.5648,true,9,3.5648,0,0,true,0,correct_route
SV,0.3,S1,1,1,proposed_mode,true,3.5648,true,9,3.5648,0,0,true,0,correct_route
SV,0.3,S1,1,1,an_080,true,3.5648,true,9,3.5648,0,0,true,0,correct_route
SV,0.3,S1,1,1,an_mode,true,3.5648,true,9,3.5648,0,0,true,0,correct_route
SV,0.3,S1,1,2,distance,true,4.4419,true,4,4.4419,0,0,true,0,correct_route
SV,0.3,S1,1,2,proposed_050,true,4.4419,true,4,4.4419,0,0,true,0,correct_route
SV,0.3,S1,1,2,proposed_mode,true,4.4419,true,4,4.4419,0,0,true,0,correct_route
SV,0.3,S1,1,2,an_080,true,4.4419,true,4,4.4419,0,0,true,0,correct_route
SV,0.3,S1,1,2,an_mode,true,4.4419,true,4,4.4419,0,0,true,0,correct_route
SV,0.3,S1,1,3,distance,true,2.6507,true,9,2.6507,0,0,true,0,correct_route
SV,0.3,S1,1,3,proposed_050,true,2.6507,true,9,2.6507,0,0,true,0,correct_route
SV,0.3,S1,1,3,proposed_mode,true,2.6507,true,9,2.6507,0,0,true,0,correct_route
SV,0.3,S1,1,3,an_080,true,2.6507,true,9,2.6507,0,0,true,0,correct_route
SV,0.3,S1,1,3,an_mode,true,2.6507,true,9,2.6507,0,0,true,0,correct_route
SV,0.3,S1,1,4,distance,true,4.3464,true,4,4.3464,0,0,true,0,correct_route
SV,0.3,S1,1,4,proposed_050,true,4.3464,true,4,4.3464,0,0,true,0,correct_route
SV,0.3,S1,1,4,proposed_mode,true,4.3464,true,4,4.3464,0,0,true,0,correct_route
SV,0.3,S1,1,4,an_080,true,4.3464,true,4,4.3464,0,0,true,0,correct_route
SV,0.3,S1,1,4,an_mode,true,4.3464,true,4,4.3464,0,0,true,0,correct_route
SV,0.3,S1,1,5,distance,true,4.4419,true,4,4.4419,97.017,0.3,true,0,correct_route
SV,0.3,S1,1,5,proposed_050,true,4.4419,true,4,4.8013,0,0,true,8.091,correct_route
SV,0.3,S1,1,5,proposed_mode,true,4.4419,true,4,4.8013,0,0,true,8.091,correct_route
SV,0.3,S1,1,5,an_080,true,4.4419,true,4,4.8013,0,0,true,8.091,correct_route
SV,0.3,S1,1,5,an_mode,true,4.4419,true,4,4.8013,0,0,true,8.091,correct_route
SV,0.3,S1,1,6,distance,true,0.7045,true,4,0.7045,0,0,true,0,correct_route
SV,0.3,S1,1,6,proposed_050,true,0.7045,true,4,0.7045,0,0,true,0,correct_route
SV,0.3,S1,1,6,proposed_mode,true,0.7045,true,4,0.7045,0,0,true,0,correct_route
SV,0.3,S1,1,6,an_080,true,0.7045,true,4,0.7045,0,0,true,0,correct_route
SV,0.3,S1,1,6,an_mode,true,0.7045,true,4,0.7045,0,0,true,0,correct_route
SV,0.3,S1,1,7,distance,true,2.4584,true,8,2.4584,186.917,0.3,true,0,correct_route
SV,0.3,S1,1,7,proposed_050,true,2.4584,true,8,2.9041,0,0,true,18.128,correct_route
SV,0.3,S1,1,7,proposed_mode,true,2.4584,true,8,2.9041,0,0,true,18.128,correct_route
SV,0.3,S1,1,7,an_080,true,2.4584,true,8,2.9041,0,0,true,18.128,correct_route
SV,0.3,S1,1,7,an_mode,true,2.4584,true,8,2.9041,0,0,true,18.128,correct_route
SV,0.3,S1,1,8,distance,true,2.2256,true,4,2.2256,88.812,0.3,true,0,correct_route
SV,0.3,S1,1,8,proposed_050,true,2.2256,true,4,2.5061,23.622,0.1,true,12.604,correct_route
SV,0.3,S1,1,8,proposed_mode,true,2.2256,true,4,2.5061,23.622,0.1,true,12.604,correct_route
SV,0.3,S1,1,8,an_080,true,2.2256,true,4,2.5061,23.622,0.1,true,12.604,correct_route
SV,0.3,S1,1,8,an_mode,true,2.2256,true,4,2.5061,23.622,0.1,true,12.604,correct_route
SV,0.3,S1,1,9,distance,true,2.2269,true,8,2.2269,0,0,true,0,correct_route
SV,0.3,S1,1,9,proposed_050,true,2.2269,true,8,2.2269,0,0,true,0,correct_route
SV,0.3,S1,1,9,proposed_mode,true,2.2269,true,8,2.2269,0,0,true,0,correct_route
SV,0.3,S1,1,9,an_080,true,2.2269,true,8,2.2269,0,0,true,0,correct_route
SV,0.3,S1,1,9,an_mode,true,2.2269,true,8,2.2269,0,0,true,0,correct_route
SV,0.3,S1,1,10,distance,true,0.7573,true,9,0.7573,0,0,true,0,correct_route
SV,0.3,S1,1,10,proposed_050,true,0.7573,true,9,0.7573,0,0,true,0,correct_route
SV,0.3,S1,1,10,proposed_mode,true,0.7573,true,9,0.7573,0,0,true,0,correct_route
SV,0.3,S1,1,10,an_080,true,0.7573,true,9,0.7573,0,0,true,0,correct_route
SV,0.3,S1,1,10,an_mode,true,0.7573,true,9,0.7573,0,0,true,0,correct_route
SV,0.3,S1,1,11,distance,true,5.077,true,4,5.077,88.812,0.3,true,0,correct_route
SV,0.3,S1,1,11,proposed_050,true,5.077,true,4,5.3575,23.622,0.1,true,5.525,correct_route
SV,0.3,S1,1,11,proposed_mode,true,5.077,true,4,5.3575,23.622,0.1,true,5.525,correct_route
SV,0.3,S1,1,11,an_080,true,5.077,true,4,5.3575,23.622,0.1,true,5.525,correct_route
SV,0.3,S1,1,11,an_mode,true,5.077,true,4,5.3575,23.622,0.1,true,5.525,correct_route
SV,0.3,S1,1,12,distance,true,4.8102,true,8,4.8102,182.552,0.3,true,0,correct_route
SV,0.3,S1,1,12,proposed_050,true,4.8102,true,8,5.417,10.756,0.1,true,12.615,correct_route
SV,0.3,S1,1,12,proposed_mode,true,4.8102,true,8,5.417,10.756,0.1,true,12.615,correct_route
SV,0.3,S1,1,12,an_080,true,4.8102,true,8,5.417,10.756,0.1,true,12.615,correct_route
SV,0.3,S1,1,12,an_mode,true,4.8102,true,8,5.417,10.756,0.1,true,12.615,correct_route
SV,0.3,S1,1,13,distance,true,5.3483,true,4,5.3483,23.622,0.1,true,0,correct_route
SV,0.3,S1,1,13,proposed_050,true,5.3483,true,4,5.5532,0,0,true,3.83,correct_route
SV,0.3,S1,1,13,proposed_mode,true,5.3483,true,4,5.5532,0,0,true,3.83,correct_route
SV,0.3,S1,1,13,an_080,true,5.3483,true,4,5.3483,23.622,0.1,true,0,correct_route
SV,0.3,S1,1,13,an_mode,true,5.3483,true,4,5.3483,23.622,0.1,true,0,correct_route
SV,0.3,S1,1,14,distance,true,2.2619,true,4,2.2619,0,0,true,0,correct_route
SV,0.3,S1,1,14,proposed_050,true,2.2619,true,4,2.2619,0,0,true,0,correct_route
SV,0.3,S1,1,14,proposed_mode,true,2.2619,true,4,2.2619,0,0,true,0,correct_route
SV,0.3,S1,1,14,an_080,true,2.2619,true,4,2.2619,0,0,true,0,correct_route
SV,0.3,S1,1,14,an_mode,true,2.2619,true,4,2.2619,0,0,true,0,correct_route
SV,0.3,S1,1,15,distance,true,3.7294,true,4,3.7294,23.622,0.1,true,0,correct_route
SV,0.3,S1,1,15,proposed_050,true,3.7294,true,4,3.9342,0,0,true,5.492,correct_route
SV,0.3,S1,1,15,proposed_mode,true,3.7294,true,4,3.9342,0,0,true,5.492,correct_route
SV,0.3,S1,1,15,an_080,true,3.7294,true,4,3.7294,23.622,0.1,true,0,correct_route
SV,0.3,S1,1,15,an_mode,true,3.7294,true,4,3.7294,23.622,0.1,true,0,correct_route
SV,0.3,S1,1,16,distance,true,1.4535,true,8,1.4535,0,0,true,0,correct_route
SV,0.3,S1,1,16,proposed_050,true,1.4535,true,8,1.4535,0,0,true,0,correct_route
SV,0.3,S1,1,16,proposed_mode,true,1.4535,true,8,1.4535,0,0,true,0,correct_route
SV,0.3,S1,1,16,an_080,true,1.4535,true,8,1.4535,0,0,true,0,correct_route
SV,0.3,S1,1,16,an_mode,true,1.4535,true,8,1.4535,0,0,true,0,correct_route
SV,0.3,S1,1,17,distance,true,4.4279,true,8,4.4279,182.552,0.3,true,0,correct_route
SV,0.3,S1,1,17,proposed_050,true,4.4279,true,5,4.44,0,0,true,0.275,correct_route
SV,0.3,S1,1,17,proposed_mode,true,4.4279,true,5,4.44,0,0,true,0.275,correct_route
SV,0.3,S1,1,17,an_080,true,4.4279,true,5,4.44,0,0,true,0.275,correct_route
SV,0.3,S1,1,17,an_mode,true,4.4279,true,5,4.44,0,0,true,0.275,correct_route
SV,0.3,S1,1,18,distance,true,2.343,true,8,2.343,10.756,0.1,true,0,correct_route
SV,0.3,S1,1,18,proposed_050,true,2.343,true,8,2.343,10.756,0.1,true,0,correct_route
SV,0.3,S1,1,18,proposed_mode,true,2.343,true,8,2.343,10.756,0.1,true,0,correct_route
SV,0.3,S1,1,18,an_080,true,2.343,true,8,2.343,10.756,0.1,true,0,correct_route
SV,0.3,S1,1,18,an_mode,true,2.343,true,8,2.343,10.756,0.1,true,0,correct_route
SV,0.3,S1,1,19,distance,true,2.0721,true,8,2.0721,0,0,true,0,correct_route
SV,0.3,S1,1,19,proposed_050,true,2.0721,true,8,2.0721,0,0,true,0,correct_route
SV,0.3,S1,1,19,proposed_mode,true,2.0721,true,8,2.0721,0,0,true,0,correct_route
SV,0.3,S1,1,19,an_080,true,2.0721,true,8,2.0721,0,0,true,0,correct_route
SV,0.3,S1,1,19,an_mode,true,2.0721,true,8,2.0721,0,0,true,0,correct_route
SV,0.3,S1,1,20,distance,true,8.4103,true,7,8.4103,172.512,0.3,true,0,correct_route
SV,0.3,S1,1,20,proposed_050,true,8.4103,true,7,8.5508,0,0,true,1.671,correct_route
SV,0.3,S1,1,20,proposed_mode,true,8.4103,true,7,8.5508,0,0,true,1.671,correct_route
SV,0.3,S1,1,20,an_080,true,8.4103,true,7,8.5508,0,0,true,1.671,correct_route
SV,0.3,S1,1,20,an_mode,true,8.4103,true,7,8.5508,0,0,true,1.671,correct_route
SV,0.3,S1,1,21,distance,true,1.5022,true,7,1.5022,0,0,true,0,correct_route
SV,0.3,S1,1,21,proposed_050,true,1.5022,true,7,1.5022,0,0,true,0,correct_route
SV,0.3,S1,1,21,proposed_mode,true,1.5022,true,7,1.5022,0,0,true,0,correct_route
SV,0.3,S1,1,21,an_080,true,1.5022,true,7,1.5022,0,0,true,0,correct_route
SV,0.3,S1,1,21,an_mode,true,1.5022,true,7,1.5022,0,0,true,0,correct_route
SV,0.3,S1,1,22,distance,true,2.2373,true,7,2.2373,0,0,true,0,correct_route
SV,0.3,S1,1,22,proposed_050,true,2.2373,true,7,2.2373,0,0,true,0,correct_route
SV,0.3,S1,1,22,proposed_mode,true,2.2373,true,7,2.2373,0,0,true,0,correct_route
SV,0.3,S1,1,22,an_080,true,2.2373,true,7,2.2373,0,0,true,0,correct_route
SV,0.3,S1,1,22,an_mode,true,2.2373,true,7,2.2373,0,0,true,0,correct_route
SV,0.3,S1,1,23,distance,true,5.7136,true,7,5.7136,172.512,0.3,true,0,correct_route
SV,0.3,S1,1,23,proposed_050,true,5.7136,true,7,5.8541,0,0,true,2.459,correct_route
SV,0.3,S1,1,23,proposed_mode,true,5.7136,true,7,5.8541,0,0,true,2.459,correct_route
SV,0.3,S1,1,23,an_080,true,5.7136,true,7,5.8541,0,0,true,2.459,correct_route
SV,0.3,S1,1,23,an_mode,true,5.7136,true,7,5.8541,0,0,true,2.459,correct_route
SV,0.3,S1,1,24,distance,true,3.7965,true,7,3.7965,172.512,0.3,true,0,correct_route
SV,0.3,S1,1,24,proposed_050,true,3.7965,true,7,4.4108,0,0,true,16.179,correct_route
SV,0.3,S1,1,24,proposed_mode,true,3.7965,true,7,4.4108,0,0,true,16.179,correct_route
SV,0.3,S1,1,24,an_080,true,3.7965,true,7,4.4108,0,0,true,16.179,correct_route
SV,0.3,S1,1,24,an_mode,true,3.7965,true,7,4.4108,0,0,true,16.179,correct_route
SV,0.3,S1,1,25,distance,true,2.019,true,5,2.019,0,0,true,0,correct_route
SV,0.3,S1,1,25,proposed_050,true,2.019,true,5,2.019,0,0,true,0,correct_route
SV,0.3,S1,1,25,proposed_mode,true,2.019,true,5,2.019,0,0,true,0,correct_route
SV,0.3,S1,1,25,an_080,true,2.019,true,5,2.019,0,0,true,0,correct_route
SV,0.3,S1,1,25,an_mode,true,2.019,true,5,2.019,0,0,true,0,correct_route
SV,0.3,S1,1,26,distance,true,1.0687,true,5,1.0687,0,0,true,0,correct_route
SV,0.3,S1,1,26,proposed_050,true,1.0687,true,5,1.0687,0,0,true,0,correct_route
SV,0.3,S1,1,26,proposed_mode,true,1.0687,true,5,1.0687,0,0,true,0,correct_route
SV,0.3,S1,1,26,an_080,true,1.0687,true,5,1.0687,0,0,true,0,correct_route
SV,0.3,S1,1,26,an_mode,true,1.0687,true,5,1.0687,0,0,true,0,correct_route
SV,0.3,S1,1,27,distance,true,2.187,true,3,2.187,103.639,0.3,true,0,correct_route
SV,0.3,S1,1,27,proposed_050,true,2.187,true,5,2.8807,0,0,true,31.716,correct_route
SV,0.3,S1,1,27,proposed_mode,true,2.187,true,5,2.8807,0,0,true,31.716,correct_route
SV,0.3,S1,1,27,an_080,true,2.187,true,3,2.2093,99.218,0.3,true,1.017,correct_route
SV,0.3,S1,1,27,an_mode,true,2.187,true,3,2.2093,99.218,0.3,true,1.017,correct_route
SV,0.3,S1,1,28,distance,true,3.3577,true,7,3.3577,83.841,0.3,true,0,correct_route
SV,0.3,S1,1,28,proposed_050,true,3.3577,true,7,3.6245,0,0,true,7.944,correct_route
SV,0.3,S1,1,28,proposed_mode,true,3.3577,true,7,3.6245,0,0,true,7.944,correct_route
SV,0.3,S1,1,28,an_080,true,3.3577,true,7,3.6245,0,0,true,7.944,correct_route
SV,0.3,S1,1,28,an_mode,true,3.3577,true,7,3.6245,0,0,true,7.944,correct_route
SV,0.3,S1,1,29,distance,true,5.5354,true,7,5.5354,176.416,0.3,true,0,correct_route
SV,0.3,S1,1,29,proposed_050,true,5.5354,true,7,6.0363,0,0,true,9.05,correct_route
SV,0.3,S1,1,29,proposed_mode,true,5.5354,true,7,6.0363,0,0,true,9.05,correct_route
SV,0.3,S1,1,29,an_080,true,5.5354,true,7,6.0363,0,0,true,9.05,correct_route
SV,0.3,S1,1,29,an_mode,true,5.5354,true,7,6.0363,0,0,true,9.05,correct_route
SV,0.3,S1,1,30,distance,true,2.6793,true,3,2.6793,88.102,0.3,true,0,correct_route
SV,0.3,S1,1,30,proposed_050,true,2.6793,true,5,3.5991,0,0,true,34.328,correct_route
SV,0.3,S1,1,30,proposed_mode,true,2.6793,true,5,3.5991,0,0,true,34.328,correct_route
SV,0.3,S1,1,30,an_080,true,2.6793,true,3,2.6793,88.102,0.3,true,0,correct_route
SV,0.3,S1,1,30,an_mode,true,2.6793,true,3,2.6793,88.102,0.3,true,0,correct_route
SV,0.3,S1,1,31,distance,true,3.5175,true,7,3.5175,176.416,0.3,true,0,correct_route
SV,0.3,S1,1,31,proposed_050,true,3.5175,true,7,4.0185,0,0,true,14.242,correct_route
SV,0.3,S1,1,31,proposed_mode,true,3.5175,true,7,4.0185,0,0,true,14.242,correct_route
SV,0.3,S1,1,31,an_080,true,3.5175,true,7,4.0185,0,0,true,14.242,correct_route
SV,0.3,S1,1,31,an_mode,true,3.5175,true,7,4.0185,0,0,true,14.242,correct_route
SV,0.3,S1,1,32,distance,true,1.5916,true,3,1.5916,98.587,0.3,true,0,correct_route
SV,0.3,S1,1,32,proposed_050,true,1.5916,true,5,4.5892,0,0,true,188.348,correct_route
SV,0.3,S1,1,32,proposed_mode,true,1.5916,true,5,4.5892,0,0,true,188.348,correct_route
SV,0.3,S1,1,32,an_080,true,1.5916,true,3,1.5916,98.587,0.3,true,0,correct_route
SV,0.3,S1,1,32,an_mode,true,1.5916,true,3,1.5916,98.587,0.3,true,0,correct_route
SV,0.3,S1,1,33,distance,true,2.2529,true,7,2.2529,86.272,0.3,true,0,correct_route
SV,0.3,S1,1,33,proposed_050,true,2.2529,true,7,2.3876,0,0,true,5.977,correct_route
SV,0.3,S1,1,33,proposed_mode,true,2.2529,true,7,2.3876,0,0,true,5.977,correct_route
SV,0.3,S1,1,33,an_080,true,2.2529,true,7,2.3876,0,0,true,5.977,correct_route
SV,0.3,S1,1,33,an_mode,true,2.2529,true,7,2.3876,0,0,true,5.977,correct_route
SV,0.3,S1,1,34,distance,true,1.9227,true,7,1.9227,83.841,0.3,true,0,correct_route
SV,0.3,S1,1,34,proposed_050,true,1.9227,true,7,2.2871,0,0,true,18.957,correct_route
SV,0.3,S1,1,34,proposed_mode,true,1.9227,true,7,2.2871,0,0,true,18.957,correct_route
SV,0.3,S1,1,34,an_080,true,1.9227,true,7,2.2871,0,0,true,18.957,correct_route
SV,0.3,S1,1,34,an_mode,true,1.9227,true,7,2.2871,0,0,true,18.957,correct_route
SV,0.3,S1,1,35,distance,true,3.6916,true,7,3.6916,0,0,true,0,correct_route
SV,0.3,S1,1,35,proposed_050,true,3.6916,true,7,3.6916,0,0,true,0,correct_route
SV,0.3,S1,1,35,proposed_mode,true,3.6916,true,7,3.6916,0,0,true,0,correct_route
SV,0.3,S1,1,35,an_080,true,3.6916,true,7,3.6916,0,0,true,0,correct_route
SV,0.3,S1,1,35,an_mode,true,3.6916,true,7,3.6916,0,0,true,0,correct_route
SV,0.3,S1,1,36,distance,true,4.5516,true,7,4.5516,176.416,0.3,true,0,correct_route
SV,0.3,S1,1,36,proposed_050,true,4.5516,true,7,4.9758,0,0,true,9.32,correct_route
SV,0.3,S1,1,36,proposed_mode,true,4.5516,true,7,4.9758,0,0,true,9.32,correct_route
SV,0.3,S1,1,36,an_080,true,4.5516,true,7,4.9758,0,0,true,9.32,correct_route
SV,0.3,S1,1,36,an_mode,true,4.5516,true,7,4.9758,0,0,true,9.32,correct_route
SV,0.3,S1,1,37,distance,true,3.7026,true,7,3.7026,86.272,0.3,true,0,correct_route
SV,0.3,S1,1,37,proposed_050,true,3.7026,true,7,3.8372,0,0,true,3.637,correct_route
SV,0.3,S1,1,37,proposed_mode,true,3.7026,true,7,3.8372,0,0,true,3.637,correct_route
SV,0.3,S1,1,37,an_080,true,3.7026,true,7,3.8372,0,0,true,3.637,correct_route
SV,0.3,S1,1,37,an_mode,true,3.7026,true,7,3.8372,0,0,true,3.637,correct_route
SV,0.3,S1,1,38,distance,true,4.8669,true,7,4.8669,83.841,0.3,true,0,correct_route
SV,0.3,S1,1,38,proposed_050,true,4.8669,true,7,5.2587,0,0,true,8.05,correct_route
SV,0.3,S1,1,38,proposed_mode,true,4.8669,true,7,5.2587,0,0,true,8.05,correct_route
SV,0.3,S1,1,38,an_080,true,4.8669,true,7,4.8669,83.841,0.3,true,0,correct_route
SV,0.3,S1,1,38,an_mode,true,4.8669,true,7,4.8669,83.841,0.3,true,0,correct_route
SV,0.3,S1,1,39,distance,true,3.8945,true,3,3.8945,98.587,0.3,true,0,correct_route
SV,0.3,S1,1,39,proposed_050,true,3.8945,true,5,6.797,0,0,true,74.529,correct_route
SV,0.3,S1,1,39,proposed_mode,true,3.8945,true,5,6.797,0,0,true,74.529,correct_route
SV,0.3,S1,1,39,an_080,true,3.8945,true,3,3.8945,98.587,0.3,true,0,correct_route
SV,0.3,S1,1,39,an_mode,true,3.8945,true,3,3.8945,98.587,0.3,true,0,correct_route
SV,0.3,S1,1,40,distance,true,4.2719,true,3,4.2719,88.102,0.3,true,0,correct_route
SV,0.3,S1,1,40,proposed_050,true,4.2719,true,5,5.3931,0,0,true,26.246,correct_route
SV,0.3,S1,1,40,proposed_mode,true,4.2719,true,5,5.3931,0,0,true,26.246,correct_route
SV,0.3,S1,1,40,an_080,true,4.2719,true,3,4.2719,88.102,0.3,true,0,correct_route
SV,0.3,S1,1,40,an_mode,true,4.2719,true,3,4.2719,88.102,0.3,true,0,correct_route
LV,0.5,S1,1,1,distance,true,3.5648,true,9,3.5648,0,0,true,0,correct_route
LV,0.5,S1,1,1,proposed_050,true,3.5648,true,9,3.5648,0,0,true,0,correct_route
LV,0.5,S1,1,1,proposed_mode,true,3.5648,true,9,3.5648,0,0,true,0,correct_route
LV,0.5,S1,1,1,an_080,true,3.5648,true,9,3.5648,0,0,true,0,correct_route
LV,0.5,S1,1,1,an_mode,true,3.5648,true,9,3.5648,0,0,true,0,correct_route
LV,0.5,S1,1,2,distance,true,4.4419,true,4,4.4419,0,0,true,0,correct_route
LV,0.5,S1,1,2,proposed_050,true,4.4419,true,4,4.4419,0,0,true,0,correct_route
LV,0.5,S1,1,2,proposed_mode,true,4.4419,true,4,4.4419,0,0,true,0,correct_route
LV,0.5,S1,1,2,an_080,true,4.4419,true,4,4.4419,0,0,true,0,correct_route
LV,0.5,S1,1,2,an_mode,true,4.4419,true,4,4.4419,0,0,true,0,correct_route
LV,0.5,S1,1,3,distance,true,2.6507,true,9,2.6507,0,0,true,0,correct_route
LV,0.5,S1,1,3,proposed_050,true,2.6507,true,9,2.6507,0,0,true,0,correct_route
LV,0.5,S1,1,3,proposed_mode,true,2.6507,true,9,2.6507,0,0,true,0,correct_route
LV,0.5,S1,1,3,an_080,true,2.6507,true,9,2.6507,0,0,true,0,correct_route
LV,0.5,S1,1,3,an_mode,true,2.6507,true,9,2.6507,0,0,true,0,correct_route
LV,0.5,S1,1,4,distance,true,4.3464,true,4,4.3464,0,0,true,0,correct_route
LV,0.5,S1,1,4,proposed_050,true,4.3464,true,4,4.3464,0,0,true,0,correct_route
LV,0.5,S1,1,4,proposed_mode,true,4.3464,true,4,4.3464,0,0,true,0,correct_route
LV,0.5,S1,1,4,an_080,true,4.3464,true,4,4.3464,0,0,true,0,correct_route
LV,0.5,S1,1,4,an_mode,true,4.3464,true,4,4.3464,0,0,true,0,correct_route
LV,0.5,S1,1,5,distance,true,4.4419,true,4,4.4419,97.017,0.3,true,0,correct_route
LV,0.5,S1,1,5,proposed_050,true,4.4419,true,4,4.8013,0,0,true,8.091,correct_route
LV,0.5,S1,1,5,proposed_mode,true,4.4419,true,4,4.8013,0,0,true,8.091,correct_route
LV,0.5,S1,1,5,an_080,true,4.4419,true,4,4.8013,0,0,true,8.091,correct_route
LV,0.5,S1,1,5,an_mode,true,4.4419,true,4,4.8013,0,0,true,8.091,correct_route
LV,0.5,S1,1,6,distance,true,0.7045,true,4,0.7045,0,0,true,0,correct_route
LV,0.5,S1,1,6,proposed_050,true,0.7045,true,4,0.7045,0,0,true,0,correct_route
LV,0.5,S1,1,6,proposed_mode,true,0.7045,true,4,0.7045,0,0,true,0,correct_route
LV,0.5,S1,1,6,an_080,true,0.7045,true,4,0.7045,0,0,true,0,correct_route
LV,0.5,S1,1,6,an_mode,true,0.7045,true,4,0.7045,0,0,true,0,correct_route
LV,0.5,S1,1,7,distance,true,2.4584,true,8,2.4584,186.917,0.3,true,0,correct_route
LV,0.5,S1,1,7,proposed_050,true,2.4584,true,8,2.9041,0,0,true,18.128,correct_route
LV,0.5,S1,1,7,proposed_mode,true,2.4584,true,8,2.9041,0,0,true,18.128,correct_route
LV,0.5,S1,1,7,an_080,true,2.4584,true,8,2.9041,0,0,true,18.128,correct_route
LV,0.5,S1,1,7,an_mode,true,2.4584,true,8,2.9041,0,0,true,18.128,correct_route
LV,0.5,S1,1,8,distance,true,2.2256,true,4,2.2256,88.812,0.3,true,0,correct_route
LV,0.5,S1,1,8,proposed_050,true,2.2256,true,4,2.5061,23.622,0.1,true,12.604,correct_route
LV,0.5,S1,1,8,proposed_mode,true,2.2256,true,4,2.5061,23.622,0.1,true,12.604,correct_route
LV,0.5,S1,1,8,an_080,true,2.2256,true,4,2.5061,23.622,0.1,true,12.604,correct_route
LV,0.5,S1,1,8,an_mode,true,2.2256,true,4,2.5061,23.622,0.1,true,12.604,correct_route
LV,0.5,S1,1,9,distance,true,2.2269,true,8,2.2269,0,0,true,0,correct_route
LV,0.5,S1,1,9,proposed_050,true,2.2269,true,8,2.2269,0,0,true,0,correct_route
LV,0.5,S1,1,9,proposed_mode,true,2.2269,true,8,2.2269,0,0,true,0,correct_route
LV,0.5,S1,1,9,an_080,true,2.2269,true,8,2.2269,0,0,true,0,correct_route
LV,0.5,S1,1,9,an_mode,true,2.2269,true,8,2.2269,0,0,true,0,correct_route
LV,0.5,S1,1,10,distance,true,0.7573,true,9,0.7573,0,0,true,0,correct_route
LV,0.5,S1,1,10,proposed_050,true,0.7573,true,9,0.7573,0,0,true,0,correct_route
LV,0.5,S1,1,10,proposed_mode,true,0.7573,true,9,0.7573,0,0,true,0,correct_route
LV,0.5,S1,1,10,an_080,true,0.7573,true,9,0.7573,0,0,true,0,correct_route
LV,0.5,S1,1,10,an_mode,true,0.7573,true,9,0.7573,0,0,true,0,correct_route
LV,0.5,S1,1,11,distance,true,5.077,true,4,5.077,88.812,0.3,true,0,correct_route
LV,0.5,S1,1,11,proposed_050,true,5.077,true,4,5.3575,23.622,0.1,true,5.525,correct_route
LV,0.5,S1,1,11,proposed_mode,true,5.077,true,4,5.3575,23.622,0.1,true,5.525,correct_route
LV,0.5,S1,1,11,an_080,true,5.077,true,4,5.3575,23.622,0.1,true,5.525,correct_route
LV,0.5,S1,1,11,an_mode,true,5.077,true,4,5.3575,23.622,0.1,true,5.525,correct_route
LV,0.5,S1,1,12,distance,true,4.8102,true,8,4.8102,182.552,0.3,true,0,correct_route
LV,0.5,S1,1,12,proposed_050,true,4.8102,true,8,5.417,10.756,0.1,true,12.615,correct_route
LV,0.5,S1,1,12,proposed_mode,true,4.8102,true,8,5.417,10.756,0.1,true,12.615,correct_route
LV,0.5,S1,1,12,an_080,true,4.8102,true,8,5.417,10.756,0.1,true,12.615,correct_route
LV,0.5,S1,1,12,an_mode,true,4.8102,true,8,5.417,10.756,0.1,true,12.615,correct_route
LV,0.5,S1,1,13,distance,true,5.3483,true,4,5.3483,23.622,0.1,true,0,correct_route
LV,0.5,S1,1,13,proposed_050,true,5.3483,true,4,5.5532,0,0,true,3.83,correct_route
LV,0.5,S1,1,13,proposed_mode,true,5.3483,true,4,5.5532,0,0,true,3.83,correct_route
LV,0.5,S1,1,13,an_080,true,5.3483,true,4,5.3483,23.622,0.1,true,0,correct_route
LV,0.5,S1,1,13,an_mode,true,5.3483,true,4,5.3483,23.622,0.1,true,0,correct_route
LV,0.5,S1,1,14,distance,true,2.2619,true,4,2.2619,0,0,true,0,correct_route
LV,0.5,S1,1,14,proposed_050,true,2.2619,true,4,2.2619,0,0,true,0,correct_route
LV,0.5,S1,1,14,proposed_mode,true,2.2619,true,4,2.2619,0,0,true,0,correct_route
LV,0.5,S1,1,14,an_080,true,2.2619,true,4,2.2619,0,0,true,0,correct_route
LV,0.5,S1,1,14,an_mode,true,2.2619,true,4,2.2619,0,0,true,0,correct_route
LV,0.5,S1,1,15,distance,true,3.7294,true,4,3.7294,23.622,0.1,true,0,correct_route
LV,0.5,S1,1,15,proposed_050,true,3.7294,true,4,3.9342,0,0,true,5.492,correct_route
LV,0.5,S1,1,15,proposed_mode,true,3.7294,true,4,3.9342,0,0,true,5.492,correct_route
LV,0.5,S1,1,15,an_080,true,3.7294,true,4,3.7294,23.622,0.1,true,0,correct_route
LV,0.5,S1,1,15,an_mode,true,3.7294,true,4,3.7294,23.622,0.1,true,0,correct_route
LV,0.5,S1,1,16,distance,true,1.4535,true,8,1.4535,0,0,true,0,correct_route
LV,0.5,S1,1,16,proposed_050,true,1.4535,true,8,1.4535,0,0,true,0,correct_route
LV,0.5,S1,1,16,proposed_mode,true,1.4535,true,8,1.4535,0,0,true,0,correct_route
LV,0.5,S1,1,16,an_080,true,1.4535,true,8,1.4535,0,0,true,0,correct_route
LV,0.5,S1,1,16,an_mode,true,1.4535,true,8,1.4535,0,0,true,0,correct_route
LV,0.5,S1,1,17,distance,true,4.4279,true,8,4.4279,182.552,0.3,true,0,correct_route
LV,0.5,S1,1,17,proposed_050,true,4.4279,true,5,4.44,0,0,true,0.275,correct_route
LV,0.5,S1,1,17,proposed_mode,true,4.4279,true,5,4.44,0,0,true,0.275,correct_route
LV,0.5,S1,1,17,an_080,true,4.4279,true,5,4.44,0,0,true,0.275,correct_route
LV,0.5,S1,1,17,an_mode,true,4.4279,true,5,4.44,0,0,true,0.275,correct_route
LV,0.5,S1,1,18,distance,true,2.343,true,8,2.343,10.756,0.1,true,0,correct_route
LV,0.5,S1,1,18,proposed_050,true,2.343,true,8,2.343,10.756,0.1,true,0,correct_route
LV,0.5,S1,1,18,proposed_mode,true,2.343,true,8,2.343,10.756,0.1,true,0,correct_route
LV,0.5,S1,1,18,an_080,true,2.343,true,8,2.343,10.756,0.1,true,0,correct_route
LV,0.5,S1,1,18,an_mode,true,2.343,true,8,2.343,10.756,0.1,true,0,correct_route
LV,0.5,S1,1,19,distance,true,2.0721,true,8,2.0721,0,0,true,0,correct_route
LV,0.5,S1,1,19,proposed_050,true,2.0721,true,8,2.0721,0,0,true,0,correct_route
LV,0.5,S1,1,19,proposed_mode,true,2.0721,true,8,2.0721,0,0,true,0,correct_route
LV,0.5,S1,1,19,an_080,true,2.0721,true,8,2.0721,0,0,true,0,correct_route
LV,0.5,S1,1,19,an_mode,true,2.0721,true,8,2.0721,0,0,true,0,correct_route
LV,0.5,S1,1,20,distance,true,8.4103,true,7,8.4103,172.512,0.3,true,0,correct_route
LV,0.5,S1,1,20,proposed_050,true,8.4103,true,7,8.5508,0,0,true,1.671,correct_route
LV,0.5,S1,1,20,proposed_mode,true,8.4103,true,7,8.5508,0,0,true,1.671,correct_route
LV,0.5,S1,1,20,an_080,true,8.4103,true,7,8.5508,0,0,true,1.671,correct_route
LV,0.5,S1,1,20,an_mode,true,8.4103,true,7,8.5508,0,0,true,1.671,correct_route
LV,0.5,S1,1,21,distance,true,1.5022,true,7,1.5022,0,0,true,0,correct_route
LV,0.5,S1,1,21,proposed_050,true,1.5022,true,7,1.5022,0,0,true,0,correct_route
LV,0.5,S1,1,21,proposed_mode,true,1.5022,true,7,1.5022,0,0,true,0,correct_route
LV,0.5,S1,1,21,an_080,true,1.5022,true,7,1.5022,0,0,true,0,correct_route
LV,0.5,S1,1,21,an_mode,true,1.5022,true,7,1.5022,0,0,true,0,correct_route
LV,0.5,S1,1,22,distance,true,2.2373,true,7,2.2373,0,0,true,0,correct_route
LV,0.5,S1,1,22,proposed_050,true,2.2373,true,7,2.2373,0,0,true,0,correct_route
LV,0.5,S1,1,22,proposed_mode,true,2.2373,true,7,2.2373,0,0,true,0,correct_route
LV,0.5,S1,1,22,an_080,true,2.2373,true,7,2.2373,0,0,true,0,correct_route
LV,0.5,S1,1,22,an_mode,true,2.2373,true,7,2.2373,0,0,true,0,correct_route
LV,0.5,S1,1,23,distance,true,5.7136,true,7,5.7136,172.512,0.3,true,0,correct_route
LV,0.5,S1,1,23,proposed_050,true,5.7136,true,7,5.8541,0,0,true,2.459,correct_route
LV,0.5,S1,1,23,proposed_mode,true,5.7136,true,7,5.8541,0,0,true,2.459,correct_route
LV,0.5,S1,1,23,an_080,true,5.7136,true,7,5.8541,0,0,true,2.459,correct_route
LV,0.5,S1,1,23,an_mode,true,5.7136,true,7,5.8541,0,0,true,2.459,correct_route
LV,0.5,S1,1,24,distance,true,3.7965,true,7,3.7965,172.512,0.3,true,0,correct_route
LV,0.5,S1,1,24,proposed_050,true,3.7965,true,7,4.4108,0,0,true,16.179,correct_route
LV,0.5,S1,1,24,proposed_mode,true,3.7965,true,7,4.4108,0,0,true,16.179,correct_route
LV,0.5,S1,1,24,an_080,true,3.7965,true,7,4.4108,0,0,true,16.179,correct_route
LV,0.5,S1,1,24,an_mode,true,3.7965,true,7,4.4108,0,0,true,16.179,correct_route
LV,0.5,S1,1,25,distance,true,2.019,true,5,2.019,0,0,true,0,correct_route
LV,0.5,S1,1,25,proposed_050,true,2.019,true,5,2.019,0,0,true,0,correct_route
LV,0.5,S1,1,25,proposed_mode,true,2.019,true,5,2.019,0,0,true,0,correct_route
LV,0.5,S1,1,25,an_080,true,2.019,true,5,2.019,0,0,true,0,correct_route
LV,0.5,S1,1,25,an_mode,true,2.019,true,5,2.019,0,0,true,0,correct_route
LV,0.5,S1,1,26,distance,true,1.0687,true,5,1.0687,0,0,true,0,correct_route
LV,0.5,S1,1,26,proposed_050,true,1.0687,true,5,1.0687,0,0,true,0,correct_route
LV,0.5,S1,1,26,proposed_mode,true,1.0687,true,5,1.0687,0,0,true,0,correct_route
LV,0.5,S1,1,26,an_080,true,1.0687,true,5,1.0687,0,0,true,0,correct_route
LV,0.5,S1,1,26,an_mode,true,1.0687,true,5,1.0687,0,0,true,0,correct_route
LV,0.5,S1,1,27,distance,true,2.187,true,3,2.187,103.639,0.3,true,0,correct_route
LV,0.5,S1,1,27,proposed_050,true,2.187,true,5,2.8807,0,0,true,31.716,correct_route
LV,0.5,S1,1,27,proposed_mode,true,2.187,true,5,2.8807,0,0,true,31.716,correct_route
LV,0.5,S1,1,27,an_080,true,2.187,true,3,2.2093,99.218,0.3,true,1.017,correct_route
LV,0.5,S1,1,27,an_mode,true,2.187,true,3,2.2093,99.218,0.3,true,1.017,correct_route
LV,0.5,S1,1,28,distance,true,3.3577,true,7,3.3577,83.841,0.3,true,0,correct_route
LV,0.5,S1,1,28,proposed_050,true,3.3577,true,7,3.6245,0,0,true,7.944,correct_route
LV,0.5,S1,1,28,proposed_mode,true,3.3577,true,7,3.6245,0,0,true,7.944,correct_route
LV,0.5,S1,1,28,an_080,true,3.3577,true,7,3.6245,0,0,true,7.944,correct_route
LV,0.5,S1,1,28,an_mode,true,3.3577,true,7,3.6245,0,0,true,7.944,correct_route
LV,0.5,S1,1,29,distance,true,5.5354,true,7,5.5354,176.416,0.3,true,0,correct_route
LV,0.5,S1,1,29,proposed_050,true,5.5354,true,7,6.0363,0,0,true,9.05,correct_route
LV,0.5,S1,1,29,proposed_mode,true,5.5354,true,7,6.0363,0,0,true,9.05,correct_route
LV,0.5,S1,1,29,an_080,true,5.5354,true,7,6.0363,0,0,true,9.05,correct_route
LV,0.5,S1,1,29,an_mode,true,5.5354,true,7,6.0363,0,0,true,9.05,correct_route
LV,0.5,S1,1,30,distance,true,2.6793,true,3,2.6793,88.102,0.3,true,0,correct_route
LV,0.5,S1,1,30,proposed_050,true,2.6793,true,5,3.5991,0,0,true,34.328,correct_route
LV,0.5,S1,1,30,proposed_mode,true,2.6793,true,5,3.5991,0,0,true,34.328,correct_route
LV,0.5,S1,1,30,an_080,true,2.6793,true,3,2.6793,88.102,0.3,true,0,correct_route
LV,0.5,S1,1,30,an_mode,true,2.6793,true,3,2.6793,88.102,0.3,true,0,correct_route
LV,0.5,S1,1,31,distance,true,3.5175,true,7,3.5175,176.416,0.3,true,0,correct_route
LV,0.5,S1,1,31,proposed_050,true,3.5175,true,7,4.0185,0,0,true,14.242,correct_route
LV,0.5,S1,1,31,proposed_mode,true,3.5175,true,7,4.0185,0,0,true,14.242,correct_route
LV,0.5,S1,1,31,an_080,true,3.5175,true,7,4.0185,0,0,true,14.242,correct_route
LV,0.5,S1,1,31,an_mode,true,3.5175,true,7,4.0185,0,0,true,14.242,correct_route
LV,0.5,S1,1,32,distance,true,1.5916,true,3,1.5916,98.587,0.3,true,0,correct_route
LV,0.5,S1,1,32,proposed_050,true,1.5916,true,5,4.5892,0,0,true,188.348,correct_route
LV,0.5,S1,1,32,proposed_mode,true,1.5916,true,5,4.5892,0,0,true,188.348,correct_route
LV,0.5,S1,1,32,an_080,true,1.5916,true,3,1.5916,98.587,0.3,true,0,correct_route
LV,0.5,S1,1,32,an_mode,true,1.5916,true,3,1.5916,98.587,0.3,true,0,correct_route
LV,0.5,S1,1,33,distance,true,2.2529,true,7,2.2529,86.272,0.3,true,0,correct_route
LV,0.5,S1,1,33,proposed_050,true,2.2529,true,7,2.3876,0,0,true,5.977,correct_route
LV,0.5,S1,1,33,proposed_mode,true,2.2529,true,7,2.3876,0,0,true,5.977,correct_route
LV,0.5,S1,1,33,an_080,true,2.2529,true,7,2.3876,0,0,true,5.977,correct_route
LV,0.5,S1,1,33,an_mode,true,2.2529,true,7,2.3876,0,0,true,5.977,correct_route
LV,0.5,S1,1,34,distance,true,1.9227,true,7,1.9227,83.841,0.3,true,0,correct_route
LV,0.5,S1,1,34,proposed_050,true,1.9227,true,7,2.2871,0,0,true,18.957,correct_route
LV,0.5,S1,1,34,proposed_mode,true,1.9227,true,7,2.2871,0,0,true,18.957,correct_route
LV,0.5,S1,1,34,an_080,true,1.9227,true,7,2.2871,0,0,true,18.957,correct_route
LV,0.5,S1,1,34,an_mode,true,1.9227,true,7,2.2871,0,0,true,18.957,correct_route
LV,0.5,S1,1,35,distance,true,3.6916,true,7,3.6916,0,0,true,0,correct_route
LV,0.5,S1,1,35,proposed_050,true,3.6916,true,7,3.6916,0,0,true,0,correct_route
LV,0.5,S1,1,35,proposed_mode,true,3.6916,true,7,3.6916,0,0,true,0,correct_route
LV,0.5,S1,1,35,an_080,true,3.6916,true,7,3.6916,0,0,true,0,correct_route
LV,0.5,S1,1,35,an_mode,true,3.6916,true,7,3.6916,0,0,true,0,correct_route
LV,0.5,S1,1,36,distance,true,4.5516,true,7,4.5516,176.416,0.3,true,0,correct_route
LV,0.5,S1,1,36,proposed_050,true,4.5516,true,7,4.9758,0,0,true,9.32,correct_route
LV,0.5,S1,1,36,proposed_mode,true,4.5516,true,7,4.9758,0,0,true,9.32,correct_route
LV,0.5,S1,1,36,an_080,true,4.5516,true,7,4.9758,0,0,true,9.32,correct_route
LV,0.5,S1,1,36,an_mode,true,4.5516,true,7,4.9758,0,0,true,9.32,correct_route
LV,0.5,S1,1,37,distance,true,3.7026,true,7,3.7026,86.272,0.3,true,0,correct_route
LV,0.5,S1,1,37,proposed_050,true,3.7026,true,7,3.8372,0,0,true,3.637,correct_route
LV,0.5,S1,1,37,proposed_mode,true,3.7026,true,7,3.8372,0,0,true,3.637,correct_route
LV,0.5,S1,1,37,an_080,true,3.7026,true,7,3.8372,0,0,true,3.637,correct_route
LV,0.5,S1,1,37,an_mode,true,3.7026,true,7,3.8372,0,0,true,3.637,correct_route
LV,0.5,S1,1,38,distance,true,4.8669,true,7,4.8669,83.841,0.3,true,0,correct_route
LV,0.5,S1,1,38,proposed_050,true,4.8669,true,7,5.2587,0,0,true,8.05,correct_route
LV,0.5,S1,1,38,proposed_mode,true,4.8669,true,7,5.2587,0,0,true,8.05,correct_route
LV,0.5,S1,1,38,an_080,true,4.8669,true,7,4.8669,83.841,0.3,true,0,correct_route
LV,0.5,S1,1,38,an_mode,true,4.8669,true,7,4.8669,83.841,0.3,true,0,correct_route
LV,0.5,S1,1,39,distance,true,3.8945,true,3,3.8945,98.587,0.3,true,0,correct_route
LV,0.5,S1,1,39,proposed_050,true,3.8945,true,5,6.797,0,0,true,74.529,correct_route
LV,0.5,S1,1,39,proposed_mode,true,3.8945,true,5,6.797,0,0,true,74.529,correct_route
LV,0.5,S1,1,39,an_080,true,3.8945,true,3,3.8945,98.587,0.3,true,0,correct_route
LV,0.5,S1,1,39,an_mode,true,3.8945,true,3,3.8945,98.587,0.3,true,0,correct_route
LV,0.5,S1,1,40,distance,true,4.2719,true,3,4.2719,88.102,0.3,true,0,correct_route
LV,0.5,S1,1,40,proposed_050,true,4.2719,true,5,5.3931,0,0,true,26.246,correct_route
LV,0.5,S1,1,40,proposed_mode,true,4.2719,true,5,5.3931,0,0,true,26.246,correct_route
LV,0.5,S1,1,40,an_080,true,4.2719,true,3,4.2719,88.102,0.3,true,0,correct_route
LV,0.5,S1,1,40,an_mode,true,4.2719,true,3,4.2719,88.102,0.3,true,0,correct_route
AD,1.2,S1,1,1,distance,true,3.5648,true,9,3.5648,0,0,true,0,correct_route
AD,1.2,S1,1,1,proposed_050,true,3.5648,true,9,3.5648,0,0,true,0,correct_route
AD,1.2,S1,1,1,proposed_mode,true,3.5648,true,9,3.5648,0,0,true,0,correct_route
AD,1.2,S1,1,1,an_080,true,3.5648,true,9,3.5648,0,0,true,0,correct_route
AD,1.2,S1,1,1,an_mode,true,3.5648,true,9,3.5648,0,0,true,0,correct_route
AD,1.2,S1,1,2,distance,true,4.4419,true,4,4.4419,0,0,true,0,correct_route
AD,1.2,S1,1,2,proposed_050,true,4.4419,true,4,4.4419,0,0,true,0,correct_route
AD,1.2,S1,1,2,proposed_mode,true,4.4419,true,4,4.4419,0,0,true,0,correct_route
AD,1.2,S1,1,2,an_080,true,4.4419,true,4,4.4419,0,0,true,0,correct_route
AD,1.2,S1,1,2,an_mode,true,4.4419,true,4,4.4419,0,0,true,0,correct_route
AD,1.2,S1,1,3,distance,true,2.6507,true,9,2.6507,0,0,true,0,correct_route
AD,1.2,S1,1,3,proposed_050,true,2.6507,true,9,2.6507,0,0,true,0,correct_route
AD,1.2,S1,1,3,proposed_mode,true,2.6507,true,9,2.6507,0,0,true,0,correct_route
AD,1.2,S1,1,3,an_080,true,2.6507,true,9,2.6507,0,0,true,0,correct_route
AD,1.2,S1,1,3,an_mode,true,2.6507,true,9,2.6507,0,0,true,0,correct_route
AD,1.2,S1,1,4,distance,true,4.3464,true,4,4.3464,0,0,true,0,correct_route
AD,1.2,S1,1,4,proposed_050,true,4.3464,true,4,4.3464,0,0,true,0,correct_route
AD,1.2,S1,1,4,proposed_mode,true,4.3464,true,4,4.3464,0,0,true,0,correct_route
AD,1.2,S1,1,4,an_080,true,4.3464,true,4,4.3464,0,0,true,0,correct_route
AD,1.2,S1,1,4,an_mode,true,4.3464,true,4,4.3464,0,0,true,0,correct_route
AD,1.2,S1,1,5,distance,true,4.4419,true,4,4.4419,97.017,0.3,true,0,correct_route
AD,1.2,S1,1,5,proposed_050,true,4.4419,true,4,4.8013,0,0,true,8.091,correct_route
AD,1.2,S1,1,5,proposed_mode,true,4.4419,true,4,4.8013,0,0,true,8.091,correct_route
AD,1.2,S1,1,5,an_080,true,4.4419,true,4,4.8013,0,0,true,8.091,correct_route
AD,1.2,S1,1,5,an_mode,true,4.4419,true,4,4.8013,0,0,true,8.091,correct_route
AD,1.2,S1,1,6,distance,true,0.7045,true,4,0.7045,0,0,true,0,correct_route
AD,1.2,S1,1,6,proposed_050,true,0.7045,true,4,0.7045,0,0,true,0,correct_route
AD,1.2,S1,1,6,proposed_mode,true,0.7045,true,4,0.7045,0,0,true,0,correct_route
AD,1.2,S1,1,6,an_080,true,0.7045,true,4,0.7045,0,0,true,0,correct_route
AD,1.2,S1,1,6,an_mode,true,0.7045,true,4,0.7045,0,0,true,0,correct_route
AD,1.2,S1,1,7,distance,true,2.4584,true,8,2.4584,186.917,0.3,true,0,correct_route
AD,1.2,S1,1,7,proposed_050,true,2.4584,true,8,2.9041,0,0,true,18.128,correct_route
AD,1.2,S1,1,7,proposed_mode,true,2.4584,true,8,2.9041,0,0,true,18.128,correct_route
AD,1.2,S1,1,7,an_080,true,2.4584,true,8,2.9041,0,0,true,18.128,correct_route
AD,1.2,S1,1,7,an_mode,true,2.4584,true,8,2.9041,0,0,true,18.128,correct_route
AD,1.2,S1,1,8,distance,true,2.2256,true,4,2.2256,88.812,0.3,true,0,correct_route
AD,1.2,S1,1,8,proposed_050,true,2.2256,true,4,2.5061,23.622,0.1,true,12.604,correct_route
AD,1.2,S1,1,8,proposed_mode,true,2.2256,true,4,2.5061,23.622,0.1,true,12.604,correct_route
AD,1.2,S1,1,8,an_080,true,2.2256,true,4,2.5061,23.622,0.1,true,12.604,correct_route
AD,1.2,S1,1,8,an_mode,true,2.2256,true,4,2.5061,23.622,0.1,true,12.604,correct_route
AD,1.2,S1,1,9,distance,true,2.2269,true,8,2.2269,0,0,true,0,correct_route
AD,1.2,S1,1,9,proposed_050,true,2.2269,true,8,2.2269,0,0,true,0,correct_route
AD,1.2,S1,1,9,proposed_mode,true,2.2269,true,8,2.2269,0,0,true,0,correct_route
AD,1.2,S1,1,9,an_080,true,2.2269,true,8,2.2269,0,0,true,0,correct_route
AD,1.2,S1,1,9,an_mode,true,2.2269,true,8,2.2269,0,0,true,0,correct_route
AD,1.2,S1,1,10,distance,true,0.7573,true,9,0.7573,0,0,true,0,correct_route
AD,1.2,S1,1,10,proposed_050,true,0.7573,true,9,0.7573,0,0,true,0,correct_route
AD,1.2,S1,1,10,proposed_mode,true,0.7573,true,9,0.7573,0,0,true,0,correct_route
AD,1.2,S1,1,10,an_080,true,0.7573,true,9,0.7573,0,0,true,0,correct_route
AD,1.2,S1,1,10,an_mode,true,0.7573,true,9,0.7573,0,0,true,0,correct_route
AD,1.2,S1,1,11,distance,true,5.077,true,4,5.077,88.812,0.3,true,0,correct_route
AD,1.2,S1,1,11,proposed_050,true,5.077,true,4,5.3575,23.622,0.1,true,5.525,correct_route
AD,1.2,S1,1,11,proposed_mode,true,5.077,true,4,5.3575,23.622,0.1,true,5.525,correct_route
AD,1.2,S1,1,11,an_080,true,5.077,true,4,5.3575,23.622,0.1,true,5.525,correct_route
AD,1.2,S1,1,11,an_mode,true,5.077,true,4,5.3575,23.622,0.1,true,5.525,correct_route
AD,1.2,S1,1,12,distance,true,4.8102,true,8,4.8102,182.552,0.3,true,0,correct_route
AD,1.2,S1,1,12,proposed_050,true,4.8102,true,8,5.417,10.756,0.1,true,12.615,correct_route
AD,1.2,S1,1,12,proposed_mode,true,4.8102,true,8,5.417,10.756,0.1,true,12.615,correct_route
AD,1.2,S1,1,12,an_080,true,4.8102,true,8,5.417,10.756,0.1,true,12.615,correct_route
AD,1.2,S1,1,12,an_mode,true,4.8102,true,8,5.417,10.756,0.1,true,12.615,correct_route
AD,1.2,S1,1,13,distance,true,5.3483,true,4,5.3483,23.622,0.1,true,0,correct_route
AD,1.2,S1,1,13,proposed_050,true,5.3483,true,4,5.5532,0,0,true,3.83,correct_route
AD,1.2,S1,1,13,proposed_mode,true,5.3483,true,4,5.5532,0,0,true,3.83,correct_route
AD,1.2,S1,1,13,an_080,true,5.3483,true,4,5.3483,23.622,0.1,true,0,correct_route
AD,1.2,S1,1,13,an_mode,true,5.3483,true,4,5.3483,23.622,0.1,true,0,correct_route
AD,1.2,S1,1,14,distance,true,2.2619,true,4,2.2619,0,0,true,0,correct_route
AD,1.2,S1,1,14,proposed_050,true,2.2619,true,4,2.2619,0,0,true,0,correct_route
AD,1.2,S1,1,14,proposed_mode,true,2.2619,true,4,2.2619,0,0,true,0,correct_route
AD,1.2,S1,1,14,an_080,true,2.2619,true,4,2.2619,0,0,true,0,correct_route
AD,1.2,S1,1,14,an_mode,true,2.2619,true,4,2.2619,0,0,true,0,correct_route
AD,1.2,S1,1,15,distance,true,3.7294,true,4,3.7294,23.622,0.1,true,0,correct_route
AD,1.2,S1,1,15,proposed_050,true,3.7294,true,4,3.9342,0,0,true,5.492,correct_route
AD,1.2,S1,1,15,proposed_mode,true,3.7294,true,4,3.9342,0,0,true,5.492,correct_route
AD,1.2,S1,1,15,an_080,true,3.7294,true,4,3.7294,23.622,0.1,true,0,correct_route
AD,1.2,S1,1,15,an_mode,true,3.7294,true,4,3.7294,23.622,0.1,true,0,correct_route
AD,1.2,S1,1,16,distance,true,1.4535,true,8,1.4535,0,0,true,0,correct_route
AD,1.2,S1,1,16,proposed_050,true,1.4535,true,8,1.4535,0,0,true,0,correct_route
AD,1.2,S1,1,16,proposed_mode,true,1.4535,true,8,1.4535,0,0,true,0,correct_route
AD,1.2,S1,1,16,an_080,true,1.4535,true,8,1.4535,0,0,true,0,correct_route
AD,1.2,S1,1,16,an_mode,true,1.4535,true,8,1.4535,0,0,true,0,correct_route
AD,1.2,S1,1,17,distance,true,4.4279,true,8,4.4279,182.552,0.3,true,0,correct_route
AD,1.2,S1,1,17,proposed_050,true,4.4279,true,5,4.44,0,0,true,0.275,correct_route
AD,1.2,S1,1,17,proposed_mode,true,4.4279,true,5,4.44,0,0,true,0.275,correct_route
AD,1.2,S1,1,17,an_080,true,4.4279,true,5,4.44,0,0,true,0.275,correct_route
AD,1.2,S1,1,17,an_mode,true,4.4279,true,5,4.44,0,0,true,0.275,correct_route
AD,1.2,S1,1,18,distance,true,2.343,true,8,2.343,10.756,0.1,true,0,correct_route
AD,1.2,S1,1,18,proposed_050,true,2.343,true,8,2.343,10.756,0.1,true,0,correct_route
AD,1.2,S1,1,18,proposed_mode,true,2.343,true,8,2.343,10.756,0.1,true,0,correct_route
AD,1.2,S1,1,18,an_080,true,2.343,true,8,2.343,10.756,0.1,true,0,correct_route
AD,1.2,S1,1,18,an_mode,true,2.343,true,8,2.343,10.756,0.1,true,0,correct_route
AD,1.2,S1,1,19,distance,true,2.0721,true,8,2.0721,0,0,true,0,correct_route
AD,1.2,S1,1,19,proposed_050,true,2.0721,true,8,2.0721,0,0,true,0,correct_route
AD,1.2,S1,1,19,proposed_mode,true,2.0721,true,8,2.0721,0,0,true,0,correct_route
AD,1.2,S1,1,19,an_080,true,2.0721,true,8,2.0721,0,0,true,0,correct_route
AD,1.2,S1,1,19,an_mode,true,2.0721,true,8,2.0721,0,0,true,0,correct_route
AD,1.2,S1,1,20,distance,true,8.4103,true,7,8.4103,172.512,0.3,true,0,correct_route
AD,1.2,S1,1,20,proposed_050,true,8.4103,true,7,8.5508,0,0,true,1.671,correct_route
AD,1.2,S1,1,20,proposed_mode,true,8.4103,true,7,8.5508,0,0,true,1.671,correct_route
AD,1.2,S1,1,20,an_080,true,8.4103,true,7,8.5508,0,0,true,1.671,correct_route
AD,1.2,S1,1,20,an_mode,true,8.4103,true,7,8.5508,0,0,true,1.671,correct_route
AD,1.2,S1,1,21,distance,true,1.5022,true,7,1.5022,0,0,true,0,correct_route
AD,1.2,S1,1,21,proposed_050,true,1.5022,true,7,1.5022,0,0,true,0,correct_route
AD,1.2,S1,1,21,proposed_mode,true,1.5022,true,7,1.5022,0,0,true,0,correct_route
AD,1.2,S1,1,21,an_080,true,1.5022,true,7,1.5022,0,0,true,0,correct_route
AD,1.2,S1,1,21,an_mode,true,1.5022,true,7,1.5022,0,0,true,0,correct_route
AD,1.2,S1,1,22,distance,true,2.2373,true,7,2.2373,0,0,true,0,correct_route
AD,1.2,S1,1,22,proposed_050,true,2.2373,true,7,2.2373,0,0,true,0,correct_route
AD,1.2,S1,1,22,proposed_mode,true,2.2373,true,7,2.2373,0,0,true,0,correct_route
AD,1.2,S1,1,22,an_080,true,2.2373,true,7,2.2373,0,0,true,0,correct_route
AD,1.2,S1,1,22,an_mode,true,2.2373,true,7,2.2373,0,0,true,0,correct_route
AD,1.2,S1,1,23,distance,true,5.7136,true,7,5.7136,172.512,0.3,true,0,correct_route
AD,1.2,S1,1,23,proposed_050,true,5.7136,true,7,5.8541,0,0,true,2.459,correct_route
AD,1.2,S1,1,23,proposed_mode,true,5.7136,true,7,5.8541,0,0,true,2.459,correct_route
AD,1.2,S1,1,23,an_080,true,5.7136,true,7,5.8541,0,0,true,2.459,correct_route
AD,1.2,S1,1,23,an_mode,true,5.7136,true,7,5.8541,0,0,true,2.459,correct_route
AD,1.2,S1,1,24,distance,true,3.7965,true,7,3.7965,172.512,0.3,true,0,correct_route
AD,1.2,S1,1,24,proposed_050,true,3.7965,true,7,4.4108,0,0,true,16.179,correct_route
AD,1.2,S1,1,24,proposed_mode,true,3.7965,true,7,4.4108,0,0,true,16.179,correct_route
AD,1.2,S1,1,24,an_080,true,3.7965,true,7,4.4108,0,0,true,16.179,correct_route
AD,1.2,S1,1,24,an_mode,true,3.7965,true,7,4.4108,0,0,true,16.179,correct_route
AD,1.2,S1,1,25,distance,true,2.019,true,5,2.019,0,0,true,0,correct_route
AD,1.2,S1,1,25,proposed_050,true,2.019,true,5,2.019,0,0,true,0,correct_route
AD,1.2,S1,1,25,proposed_mode,true,2.019,true,5,2.019,0,0,true,0,correct_route
AD,1.2,S1,1,25,an_080,true,2.019,true,5,2.019,0,0,true,0,correct_route
AD,1.2,S1,1,25,an_mode,true,2.019,true,5,2.019,0,0,true,0,correct_route
AD,1.2,S1,1,26,distance,true,1.0687,true,5,1.0687,0,0,true,0,correct_route
AD,1.2,S1,1,26,proposed_050,true,1.0687,true,5,1.0687,0,0,true,0,correct_route
AD,1.2,S1,1,26,proposed_mode,true,1.0687,true,5,1.0687,0,0,true,0,correct_route
AD,1.2,S1,1,26,an_080,true,1.0687,true,5,1.0687,0,0,true,0,correct_route
AD,1.2,S1,1,26,an_mode,true,1.0687,true,5,1.0687,0,0,true,0,correct_route
AD,1.2,S1,1,27,distance,true,2.187,true,3,2.187,103.639,0.3,true,0,correct_route
AD,1.2,S1,1,27,proposed_050,true,2.187,true,5,2.8807,0,0,true,31.716,correct_route
AD,1.2,S1,1,27,proposed_mode,true,2.187,true,5,2.8807,0,0,true,31.716,correct_route
AD,1.2,S1,1,27,an_080,true,2.187,true,3,2.2093,99.218,0.3,true,1.017,correct_route
AD,1.2,S1,1,27,an_mode,true,2.187,true,3,2.2093,99.218,0.3,true,1.017,correct_route
AD,1.2,S1,1,28,distance,true,3.3577,true,7,3.3577,83.841,0.3,true,0,correct_route
AD,1.2,S1,1,28,proposed_050,true,3.3577,true,7,3.6245,0,0,true,7.944,correct_route
AD,1.2,S1,1,28,proposed_mode,true,3.3577,true,7,3.6245,0,0,true,7.944,correct_route
AD,1.2,S1,1,28,an_080,true,3.3577,true,7,3.6245,0,0,true,7.944,correct_route
AD,1.2,S1,1,28,an_mode,true,3.3577,true,7,3.6245,0,0,true,7.944,correct_route
AD,1.2,S1,1,29,distance,true,5.5354,true,7,5.5354,176.416,0.3,true,0,correct_route
AD,1.2,S1,1,29,proposed_050,true,5.5354,true,7,6.0363,0,0,true,9.05,correct_route
AD,1.2,S1,1,29,proposed_mode,true,5.5354,true,7,6.0363,0,0,true,9.05,correct_route
AD,1.2,S1,1,29,an_080,true,5.5354,true,7,6.0363,0,0,true,9.05,correct_route
AD,1.2,S1,1,29,an_mode,true,5.5354,true,7,6.0363,0,0,true,9.05,correct_route
AD,1.2,S1,1,30,distance,true,2.6793,true,3,2.6793,88.102,0.3,true,0,correct_route
AD,1.2,S1,1,30,proposed_050,true,2.6793,true,5,3.5991,0,0,true,34.328,correct_route
AD,1.2,S1,1,30,proposed_mode,true,2.6793,true,5,3.5991,0,0,true,34.328,correct_route
AD,1.2,S1,1,30,an_080,true,2.6793,true,3,2.6793,88.102,0.3,true,0,correct_route
AD,1.2,S1,1,30,an_mode,true,2.6793,true,3,2.6793,88.102,0.3,true,0,correct_route
AD,1.2,S1,1,31,distance,true,3.5175,true,7,3.5175,176.416,0.3,true,0,correct_route
AD,1.2,S1,1,31,proposed_050,true,3.5175,true,7,4.0185,0,0,true,14.242,correct_route
AD,1.2,S1,1,31,proposed_mode,true,3.5175,true,7,4.0185,0,0,true,14.242,correct_route
AD,1.2,S1,1,31,an_080,true,3.5175,true,7,4.0185,0,0,true,14.242,correct_route
AD,1.2,S1,1,31,an_mode,true,3.5175,true,7,4.0185,0,0,true,14.242,correct_route
AD,1.2,S1,1,32,distance,true,1.5916,true,3,1.5916,98.587,0.3,true,0,correct_route
AD,1.2,S1,1,32,proposed_050,true,1.5916,true,5,4.5892,0,0,true,188.348,correct_route
AD,1.2,S1,1,32,proposed_mode,true,1.5916,true,5,4.5892,0,0,true,188.348,correct_route
AD,1.2,S1,1,32,an_080,true,1.5916,true,3,1.5916,98.587,0.3,true,0,correct_route
AD,1.2,S1,1,32,an_mode,true,1.5916,true,3,1.5916,98.587,0.3,true,0,correct_route
AD,1.2,S1,1,33,distance,true,2.2529,true,7,2.2529,86.272,0.3,true,0,correct_route
AD,1.2,S1,1,33,proposed_050,true,2.2529,true,7,2.3876,0,0,true,5.977,correct_route
AD,1.2,S1,1,33,proposed_mode,true,2.2529,true,7,2.3876,0,0,true,5.977,correct_route
AD,1.2,S1,1,33,an_080,true,2.2529,true,7,2.3876,0,0,true,5.977,correct_route
AD,1.2,S1,1,33,an_mode,true,2.2529,true,7,2.3876,0,0,true,5.977,correct_route
AD,1.2,S1,1,34,distance,true,1.9227,true,7,1.9227,83.841,0.3,true,0,correct_route
AD,1.2,S1,1,34,proposed_050,true,1.9227,true,7,2.2871,0,0,true,18.957,correct_route
AD,1.2,S1,1,34,proposed_mode,true,1.9227,true,7,2.2871,0,0,true,18.957,correct_route
AD,1.2,S1,1,34,an_080,true,1.9227,true,7,2.2871,0,0,true,18.957,correct_route
AD,1.2,S1,1,34,an_mode,true,1.9227,true,7,2.2871,0,0,true,18.957,correct_route
AD,1.2,S1,1,35,distance,true,3.6916,true,7,3.6916,0,0,true,0,correct_route
AD,1.2,S1,1,35,proposed_050,true,3.6916,true,7,3.6916,0,0,true,0,correct_route
AD,1.2,S1,1,35,proposed_mode,true,3.6916,true,7,3.6916,0,0,true,0,correct_route
AD,1.2,S1,1,35,an_080,true,3.6916,true,7,3.6916,0,0,true,0,correct_route
AD,1.2,S1,1,35,an_mode,true,3.6916,true,7,3.6916,0,0,true,0,correct_route
AD,1.2,S1,1,36,distance,true,4.5516,true,7,4.5516,176.416,0.3,true,0,correct_route
AD,1.2,S1,1,36,proposed_050,true,4.5516,true,7,4.9758,0,0,true,9.32,correct_route
AD,1.2,S1,1,36,proposed_mode,true,4.5516,true,7,4.9758,0,0,true,9.32,correct_route
AD,1.2,S1,1,36,an_080,true,4.5516,true,7,4.9758,0,0,true,9.32,correct_route
AD,1.2,S1,1,36,an_mode,true,4.5516,true,7,4.9758,0,0,true,9.32,correct_route
AD,1.2,S1,1,37,distance,true,3.7026,true,7,3.7026,86.272,0.3,true,0,correct_route
AD,1.2,S1,1,37,proposed_050,true,3.7026,true,7,3.8372,0,0,true,3.637,correct_route
AD,1.2,S1,1,37,proposed_mode,true,3.7026,true,7,3.8372,0,0,true,3.637,correct_route
AD,1.2,S1,1,37,an_080,true,3.7026,true,7,3.8372,0,0,true,3.637,correct_route
AD,1.2,S1,1,37,an_mode,true,3.7026,true,7,3.8372,0,0,true,3.637,correct_route
AD,1.2,S1,1,38,distance,true,4.8669,true,7,4.8669,83.841,0.3,true,0,correct_route
AD,1.2,S1,1,38,proposed_050,true,4.8669,true,7,5.2587,0,0,true,8.05,correct_route
AD,1.2,S1,1,38,proposed_mode,true,4.8669,true,7,5.2587,0,0,true,8.05,correct_route
AD,1.2,S1,1,38,an_080,true,4.8669,true,7,4.8669,83.841,0.3,true,0,correct_route
AD,1.2,S1,1,38,an_mode,true,4.8669,true,7,4.8669,83.841,0.3,true,0,correct_route
AD,1.2,S1,1,39,distance,true,3.8945,true,3,3.8945,98.587,0.3,true,0,correct_route
AD,1.2,S1,1,39,proposed_050,true,3.8945,true,5,6.797,0,0,true,74.529,correct_route
AD,1.2,S1,1,39,proposed_mode,true,3.8945,true,5,6.797,0,0,true,74.529,correct_route
AD,1.2,S1,1,39,an_080,true,3.8945,true,3,3.8945,98.587,0.3,true,0,correct_route
AD,1.2,S1,1,39,an_mode,true,3.8945,true,3,3.8945,98.587,0.3,true,0,correct_route
AD,1.2,S1,1,40,distance,true,4.2719,true,3,4.2719,88.102,0.3,true,0,correct_route
AD,1.2,S1,1,40,proposed_050,true,4.2719,true,5,5.3931,0,0,true,26.246,correct_route
AD,1.2,S1,1,40,proposed_mode,true,4.2719,true,5,5.3931,0,0,true,26.246,correct_route
AD,1.2,S1,1,40,an_080,true,4.2719,true,3,4.2719,88.102,0.3,true,0,correct_route
AD,1.2,S1,1,40,an_mode,true,4.2719,true,3,4.2719,88.102,0.3,true,0,correct_route
SV,0.3,S1,1.5,1,distance,true,3.5648,true,9,3.5648,0,0,true,0,correct_route
SV,0.3,S1,1.5,1,proposed_050,true,3.5648,true,9,3.5648,0,0,true,0,correct_route
SV,0.3,S1,1.5,1,proposed_mode,true,3.5648,true,9,3.5648,0,0,true,0,correct_route
SV,0.3,S1,1.5,1,an_080,true,3.5648,true,9,3.5648,0,0,true,0,correct_route
SV,0.3,S1,1.5,1,an_mode,true,3.5648,true,9,3.5648,0,0,true,0,correct_route
SV,0.3,S1,1.5,2,distance,true,4.4419,true,4,4.4419,0,0,true,0,correct_route
SV,0.3,S1,1.5,2,proposed_050,true,4.4419,true,4,4.4419,0,0,true,0,correct_route
SV,0.3,S1,1.5,2,proposed_mode,true,4.4419,true,4,4.4419,0,0,true,0,correct_route
SV,0.3,S1,1.5,2,an_080,true,4.4419,true,4,4.4419,0,0,true,0,correct_route
SV,0.3,S1,1.5,2,an_mode,true,4.4419,true,4,4.4419,0,0,true,0,correct_route
SV,0.3,S1,1.5,3,distance,true,2.6507,true,9,2.6507,0,0,true,0,correct_route
SV,0.3,S1,1.5,3,proposed_050,true,2.6507,true,9,2.6507,0,0,true,0,correct_route
SV,0.3,S1,1.5,3,proposed_mode,true,2.6507,true,9,2.6507,0,0,true,0,correct_route
SV,0.3,S1,1.5,3,an_080,true,2.6507,true,9,2.6507,0,0,true,0,correct_route
SV,0.3,S1,1.5,3,an_mode,true,2.6507,true,9,2.6507,0,0,true,0,correct_route
SV,0.3,S1,1.5,4,distance,true,4.3464,true,4,4.3464,0,0,true,0,correct_route
SV,0.3,S1,1.5,4,proposed_050,true,4.3464,true,4,4.3464,0,0,true,0,correct_route
SV,0.3,S1,1.5,4,proposed_mode,true,4.3464,true,4,4.3464,0,0,true,0,correct_route
SV,0.3,S1,1.5,4,an_080,true,4.3464,true,4,4.3464,0,0,true,0,correct_route
SV,0.3,S1,1.5,4,an_mode,true,4.3464,true,4,4.3464,0,0,true,0,correct_route
SV,0.3,S1,1.5,5,distance,true,4.8013,true,4,4.4419,145.526,0.45,false,-7.485,unsafe_route
SV,0.3,S1,1.5,5,proposed_050,true,4.8013,true,4,4.8013,0,0,true,0,correct_route
SV,0.3,S1,1.5,5,proposed_mode,true,4.8013,true,4,4.8013,0,0,true,0,correct_route
SV,0.3,S1,1.5,5,an_080,true,4.8013,true,4,4.8013,0,0,true,0,correct_route
SV,0.3,S1,1.5,5,an_mode,true,4.8013,true,4,4.8013,0,0,true,0,correct_route
SV,0.3,S1,1.5,6,distance,true,0.7045,true,4,0.7045,0,0,true,0,correct_route
SV,0.3,S1,1.5,6,proposed_050,true,0.7045,true,4,0.7045,0,0,true,0,correct_route
SV,0.3,S1,1.5,6,proposed_mode,true,0.7045,true,4,0.7045,0,0,true,0,correct_route
SV,0.3,S1,1.5,6,an_080,true,0.7045,true,4,0.7045,0,0,true,0,correct_route
SV,0.3,S1,1.5,6,an_mode,true,0.7045,true,4,0.7045,0,0,true,0,correct_route
SV,0.3,S1,1.5,7,distance,true,2.9041,true,8,2.4584,280.375,0.45,false,-15.346,unsafe_route
SV,0.3,S1,1.5,7,proposed_050,true,2.9041,true,8,2.9041,0,0,true,0,correct_route
SV,0.3,S1,1.5,7,proposed_mode,true,2.9041,true,8,2.9041,0,0,true,0,correct_route
SV,0.3,S1,1.5,7,an_080,true,2.9041,true,8,2.9041,0,0,true,0,correct_route
SV,0.3,S1,1.5,7,an_mode,true,2.9041,true,8,2.9041,0,0,true,0,correct_route
SV,0.3,S1,1.5,8,distance,true,2.5061,true,4,2.2256,133.219,0.45,false,-11.193,unsafe_route
SV,0.3,S1,1.5,8,proposed_050,true,2.5061,true,4,2.5061,35.433,0.15,true,0,correct_route
SV,0.3,S1,1.5,8,proposed_mode,true,2.5061,true,4,2.5061,35.433,0.15,true,0,correct_route
SV,0.3,S1,1.5,8,an_080,true,2.5061,true,4,2.2256,133.219,0.45,false,-11.193,unsafe_route
SV,0.3,S1,1.5,8,an_mode,true,2.5061,true,4,2.5061,35.433,0.15,true,0,correct_route
SV,0.3,S1,1.5,9,distance,true,2.2269,true,8,2.2269,0,0,true,0,correct_route
SV,0.3,S1,1.5,9,proposed_050,true,2.2269,true,8,2.2269,0,0,true,0,correct_route
SV,0.3,S1,1.5,9,proposed_mode,true,2.2269,true,8,2.2269,0,0,true,0,correct_route
SV,0.3,S1,1.5,9,an_080,true,2.2269,true,8,2.2269,0,0,true,0,correct_route
SV,0.3,S1,1.5,9,an_mode,true,2.2269,true,8,2.2269,0,0,true,0,correct_route
SV,0.3,S1,1.5,10,distance,true,0.7573,true,9,0.7573,0,0,true,0,correct_route
SV,0.3,S1,1.5,10,proposed_050,true,0.7573,true,9,0.7573,0,0,true,0,correct_route
SV,0.3,S1,1.5,10,proposed_mode,true,0.7573,true,9,0.7573,0,0,true,0,correct_route
SV,0.3,S1,1.5,10,an_080,true,0.7573,true,9,0.7573,0,0,true,0,correct_route
SV,0.3,S1,1.5,10,an_mode,true,0.7573,true,9,0.7573,0,0,true,0,correct_route
SV,0.3,S1,1.5,11,distance,true,5.3575,true,4,5.077,133.219,0.45,false,-5.236,unsafe_route
SV,0.3,S1,1.5,11,proposed_050,true,5.3575,true,4,5.3575,35.433,0.15,true,0,correct_route
SV,0.3,S1,1.5,11,proposed_mode,true,5.3575,true,4,5.3575,35.433,0.15,true,0,correct_route
SV,0.3,S1,1.5,11,an_080,true,5.3575,true,4,5.077,133.219,0.45,false,-5.236,unsafe_route
SV,0.3,S1,1.5,11,an_mode,true,5.3575,true,4,5.3575,35.433,0.15,true,0,correct_route
SV,0.3,S1,1.5,12,distance,true,5.3842,true,8,4.8102,273.828,0.45,false,-10.66,unsafe_route
SV,0.3,S1,1.5,12,proposed_050,true,5.3842,true,8,5.417,16.133,0.15,true,0.61,correct_route
SV,0.3,S1,1.5,12,proposed_mode,true,5.3842,true,8,5.417,16.133,0.15,true,0.61,correct_route
SV,0.3,S1,1.5,12,an_080,true,5.3842,true,8,5.417,16.133,0.15,true,0.61,correct_route
SV,0.3,S1,1.5,12,an_mode,true,5.3842,true,8,5.417,16.133,0.15,true,0.61,correct_route
SV,0.3,S1,1.5,13,distance,true,5.3483,true,4,5.3483,35.433,0.15,true,0,correct_route
SV,0.3,S1,1.5,13,proposed_050,true,5.3483,true,4,5.5532,0,0,true,3.83,correct_route
SV,0.3,S1,1.5,13,proposed_mode,true,5.3483,true,4,5.5532,0,0,true,3.83,correct_route
SV,0.3,S1,1.5,13,an_080,true,5.3483,true,4,5.3483,35.433,0.15,true,0,correct_route
SV,0.3,S1,1.5,13,an_mode,true,5.3483,true,4,5.3483,35.433,0.15,true,0,correct_route
SV,0.3,S1,1.5,14,distance,true,2.2619,true,4,2.2619,0,0,true,0,correct_route
SV,0.3,S1,1.5,14,proposed_050,true,2.2619,true,4,2.2619,0,0,true,0,correct_route
SV,0.3,S1,1.5,14,proposed_mode,true,2.2619,true,4,2.2619,0,0,true,0,correct_route
SV,0.3,S1,1.5,14,an_080,true,2.2619,true,4,2.2619,0,0,true,0,correct_route
SV,0.3,S1,1.5,14,an_mode,true,2.2619,true,4,2.2619,0,0,true,0,correct_route
SV,0.3,S1,1.5,15,distance,true,3.7294,true,4,3.7294,35.433,0.15,true,0,correct_route
SV,0.3,S1,1.5,15,proposed_050,true,3.7294,true,4,3.9342,0,0,true,5.492,correct_route
SV,0.3,S1,1.5,15,proposed_mode,true,3.7294,true,4,3.9342,0,0,true,5.492,correct_route
SV,0.3,S1,1.5,15,an_080,true,3.7294,true,4,3.7294,35.433,0.15,true,0,correct_route
SV,0.3,S1,1.5,15,an_mode,true,3.7294,true,4,3.7294,35.433,0.15,true,0,correct_route
SV,0.3,S1,1.5,16,distance,true,1.4535,true,8,1.4535,0,0,true,0,correct_route
SV,0.3,S1,1.5,16,proposed_050,true,1.4535,true,8,1.4535,0,0,true,0,correct_route
SV,0.3,S1,1.5,16,proposed_mode,true,1.4535,true,8,1.4535,0,0,true,0,correct_route
SV,0.3,S1,1.5,16,an_080,true,1.4535,true,8,1.4535,0,0,true,0,correct_route
SV,0.3,S1,1.5,16,an_mode,true,1.4535,true,8,1.4535,0,0,true,0,correct_route
SV,0.3,S1,1.5,17,distance,true,4.44,true,8,4.4279,273.828,0.45,false,-0.274,unsafe_route
SV,0.3,S1,1.5,17,proposed_050,true,4.44,true,5,4.44,0,0,true,0,correct_route
SV,0.3,S1,1.5,17,proposed_mode,true,4.44,true,5,4.44,0,0,true,0,correct_route
SV,0.3,S1,1.5,17,an_080,true,4.44,true,5,4.44,0,0,true,0,correct_route
SV,0.3,S1,1.5,17,an_mode,true,4.44,true,5,4.44,0,0,true,0,correct_route
SV,0.3,S1,1.5,18,distance,true,2.343,true,8,2.343,16.133,0.15,true,0,correct_route
SV,0.3,S1,1.5,18,proposed_050,true,2.343,true,8,2.343,16.133,0.15,true,0,correct_route
SV,0.3,S1,1.5,18,proposed_mode,true,2.343,true,8,2.343,16.133,0.15,true,0,correct_route
SV,0.3,S1,1.5,18,an_080,true,2.343,true,8,2.343,16.133,0.15,true,0,correct_route
SV,0.3,S1,1.5,18,an_mode,true,2.343,true,8,2.343,16.133,0.15,true,0,correct_route
SV,0.3,S1,1.5,19,distance,true,2.0721,true,8,2.0721,0,0,true,0,correct_route
SV,0.3,S1,1.5,19,proposed_050,true,2.0721,true,8,2.0721,0,0,true,0,correct_route
SV,0.3,S1,1.5,19,proposed_mode,true,2.0721,true,8,2.0721,0,0,true,0,correct_route
SV,0.3,S1,1.5,19,an_080,true,2.0721,true,8,2.0721,0,0,true,0,correct_route
SV,0.3,S1,1.5,19,an_mode,true,2.0721,true,8,2.0721,0,0,true,0,correct_route
SV,0.3,S1,1.5,20,distance,true,8.5508,true,7,8.4103,258.768,0.45,false,-1.643,unsafe_route
SV,0.3,S1,1.5,20,proposed_050,true,8.5508,true,7,8.5508,0,0,true,0,correct_route
SV,0.3,S1,1.5,20,proposed_mode,true,8.5508,true,7,8.5508,0,0,true,0,correct_route
SV,0.3,S1,1.5,20,an_080,true,8.5508,true,7,8.5508,0,0,true,0,correct_route
SV,0.3,S1,1.5,20,an_mode,true,8.5508,true,7,8.5508,0,0,true,0,correct_route
SV,0.3,S1,1.5,21,distance,true,1.5022,true,7,1.5022,0,0,true,0,correct_route
SV,0.3,S1,1.5,21,proposed_050,true,1.5022,true,7,1.5022,0,0,true,0,correct_route
SV,0.3,S1,1.5,21,proposed_mode,true,1.5022,true,7,1.5022,0,0,true,0,correct_route
SV,0.3,S1,1.5,21,an_080,true,1.5022,true,7,1.5022,0,0,true,0,correct_route
SV,0.3,S1,1.5,21,an_mode,true,1.5022,true,7,1.5022,0,0,true,0,correct_route
SV,0.3,S1,1.5,22,distance,true,2.2373,true,7,2.2373,0,0,true,0,correct_route
SV,0.3,S1,1.5,22,proposed_050,true,2.2373,true,7,2.2373,0,0,true,0,correct_route
SV,0.3,S1,1.5,22,proposed_mode,true,2.2373,true,7,2.2373,0,0,true,0,correct_route
SV,0.3,S1,1.5,22,an_080,true,2.2373,true,7,2.2373,0,0,true,0,correct_route
SV,0.3,S1,1.5,22,an_mode,true,2.2373,true,7,2.2373,0,0,true,0,correct_route
SV,0.3,S1,1.5,23,distance,true,5.8541,true,7,5.7136,258.768,0.45,false,-2.4,unsafe_route
SV,0.3,S1,1.5,23,proposed_050,true,5.8541,true,7,5.8541,0,0,true,0,correct_route
SV,0.3,S1,1.5,23,proposed_mode,true,5.8541,true,7,5.8541,0,0,true,0,correct_route
SV,0.3,S1,1.5,23,an_080,true,5.8541,true,7,5.8541,0,0,true,0,correct_route
SV,0.3,S1,1.5,23,an_mode,true,5.8541,true,7,5.8541,0,0,true,0,correct_route
SV,0.3,S1,1.5,24,distance,true,4.4108,true,7,3.7965,258.768,0.45,false,-13.926,unsafe_route
SV,0.3,S1,1.5,24,proposed_050,true,4.4108,true,7,4.4108,0,0,true,0,correct_route
SV,0.3,S1,1.5,24,proposed_mode,true,4.4108,true,7,4.4108,0,0,true,0,correct_route
SV,0.3,S1,1.5,24,an_080,true,4.4108,true,7,4.4108,0,0,true,0,correct_route
SV,0.3,S1,1.5,24,an_mode,true,4.4108,true,7,4.4108,0,0,true,0,correct_route
SV,0.3,S1,1.5,25,distance,true,2.019,true,5,2.019,0,0,true,0,correct_route
SV,0.3,S1,1.5,25,proposed_050,true,2.019,true,5,2.019,0,0,true,0,correct_route
SV,0.3,S1,1.5,25,proposed_mode,true,2.019,true,5,2.019,0,0,true,0,correct_route
SV,0.3,S1,1.5,25,an_080,true,2.019,true,5,2.019,0,0,true,0,correct_route
SV,0.3,S1,1.5,25,an_mode,true,2.019,true,5,2.019,0,0,true,0,correct_route
SV,0.3,S1,1.5,26,distance,true,1.0687,true,5,1.0687,0,0,true,0,correct_route
SV,0.3,S1,1.5,26,proposed_050,true,1.0687,true,5,1.0687,0,0,true,0,correct_route
SV,0.3,S1,1.5,26,proposed_mode,true,1.0687,true,5,1.0687,0,0,true,0,correct_route
SV,0.3,S1,1.5,26,an_080,true,1.0687,true,5,1.0687,0,0,true,0,correct_route
SV,0.3,S1,1.5,26,an_mode,true,1.0687,true,5,1.0687,0,0,true,0,correct_route
SV,0.3,S1,1.5,27,distance,true,2.8807,true,3,2.187,155.458,0.45,false,-24.079,unsafe_route
SV,0.3,S1,1.5,27,proposed_050,true,2.8807,true,5,2.8807,0,0,true,0,correct_route
SV,0.3,S1,1.5,27,proposed_mode,true,2.8807,true,5,2.8807,0,0,true,0,correct_route
SV,0.3,S1,1.5,27,an_080,true,2.8807,true,3,2.2093,148.828,0.45,false,-23.307,unsafe_route
SV,0.3,S1,1.5,27,an_mode,true,2.8807,true,5,2.8807,0,0,true,0,correct_route
SV,0.3,S1,1.5,28,distance,true,3.6245,true,7,3.3577,125.762,0.45,false,-7.36,unsafe_route
SV,0.3,S1,1.5,28,proposed_050,true,3.6245,true,7,3.6245,0,0,true,0,correct_route
SV,0.3,S1,1.5,28,proposed_mode,true,3.6245,true,7,3.6245,0,0,true,0,correct_route
SV,0.3,S1,1.5,28,an_080,true,3.6245,true,7,3.6245,0,0,true,0,correct_route
SV,0.3,S1,1.5,28,an_mode,true,3.6245,true,7,3.6245,0,0,true,0,correct_route
SV,0.3,S1,1.5,29,distance,true,6.0363,true,7,5.5354,264.625,0.45,false,-8.299,unsafe_route
SV,0.3,S1,1.5,29,proposed_050,true,6.0363,true,7,6.0363,0,0,true,0,correct_route
SV,0.3,S1,1.5,29,proposed_mode,true,6.0363,true,7,6.0363,0,0,true,0,correct_route
SV,0.3,S1,1.5,29,an_080,true,6.0363,true,7,6.0363,0,0,true,0,correct_route
SV,0.3,S1,1.5,29,an_mode,true,6.0363,true,7,6.0363,0,0,true,0,correct_route
SV,0.3,S1,1.5,30,distance,true,3.5991,true,3,2.6793,132.153,0.45,false,-25.555,unsafe_route
SV,0.3,S1,1.5,30,proposed_050,true,3.5991,true,5,3.5991,0,0,true,0,correct_route
SV,0.3,S1,1.5,30,proposed_mode,true,3.5991,true,5,3.5991,0,0,true,0,correct_route
SV,0.3,S1,1.5,30,an_080,true,3.5991,true,3,2.6793,132.153,0.45,false,-25.555,unsafe_route
SV,0.3,S1,1.5,30,an_mode,true,3.5991,true,5,3.5991,0,0,true,0,correct_route
SV,0.3,S1,1.5,31,distance,true,4.0185,true,7,3.5175,264.625,0.45,false,-12.466,unsafe_route
SV,0.3,S1,1.5,31,proposed_050,true,4.0185,true,7,4.0185,0,0,true,0,correct_route
SV,0.3,S1,1.5,31,proposed_mode,true,4.0185,true,7,4.0185,0,0,true,0,correct_route
SV,0.3,S1,1.5,31,an_080,true,4.0185,true,7,4.0185,0,0,true,0,correct_route
SV,0.3,S1,1.5,31,an_mode,true,4.0185,true,7,4.0185,0,0,true,0,correct_route
SV,0.3,S1,1.5,32,distance,true,4.5892,true,3,1.5916,147.88,0.45,false,-65.32,unsafe_route
SV,0.3,S1,1.5,32,proposed_050,true,4.5892,true,5,4.5892,0,0,true,0,correct_route
SV,0.3,S1,1.5,32,proposed_mode,true,4.5892,true,5,4.5892,0,0,true,0,correct_route
SV,0.3,S1,1.5,32,an_080,true,4.5892,true,3,1.5916,147.88,0.45,false,-65.32,unsafe_route
SV,0.3,S1,1.5,32,an_mode,true,4.5892,true,5,4.5892,0,0,true,0,correct_route
SV,0.3,S1,1.5,33,distance,true,2.3876,true,7,2.2529,129.408,0.45,false,-5.64,unsafe_route
SV,0.3,S1,1.5,33,proposed_050,true,2.3876,true,7,2.3876,0,0,true,0,correct_route
SV,0.3,S1,1.5,33,proposed_mode,true,2.3876,true,7,2.3876,0,0,true,0,correct_route
SV,0.3,S1,1.5,33,an_080,true,2.3876,true,7,2.3876,0,0,true,0,correct_route
SV,0.3,S1,1.5,33,an_mode,true,2.3876,true,7,2.3876,0,0,true,0,correct_route
SV,0.3,S1,1.5,34,distance,true,2.2871,true,7,1.9227,125.762,0.45,false,-15.936,unsafe_route
SV,0.3,S1,1.5,34,proposed_050,true,2.2871,true,7,2.2871,0,0,true,0,correct_route
SV,0.3,S1,1.5,34,proposed_mode,true,2.2871,true,7,2.2871,0,0,true,0,correct_route
SV,0.3,S1,1.5,34,an_080,true,2.2871,true,7,2.2871,0,0,true,0,correct_route
SV,0.3,S1,1.5,34,an_mode,true,2.2871,true,7,2.2871,0,0,true,0,correct_route
SV,0.3,S1,1.5,35,distance,true,3.6916,true,7,3.6916,0,0,true,0,correct_route
SV,0.3,S1,1.5,35,proposed_050,true,3.6916,true,7,3.6916,0,0,true,0,correct_route
SV,0.3,S1,1.5,35,proposed_mode,true,3.6916,true,7,3.6916,0,0,true,0,correct_route
SV,0.3,S1,1.5,35,an_080,true,3.6916,true,7,3.6916,0,0,true,0,correct_route
SV,0.3,S1,1.5,35,an_mode,true,3.6916,true,7,3.6916,0,0,true,0,correct_route
SV,0.3,S1,1.5,36,distance,true,4.9758,true,7,4.5516,264.625,0.45,false,-8.525,unsafe_route
SV,0.3,S1,1.5,36,proposed_050,true,4.9758,true,7,4.9758,0,0,true,0,correct_route
SV,0.3,S1,1.5,36,proposed_mode,true,4.9758,true,7,4.9758,0,0,true,0,correct_route
SV,0.3,S1,1.5,36,an_080,true,4.9758,true,7,4.9758,0,0,true,0,correct_route
SV,0.3,S1,1.5,36,an_mode,true,4.9758,true,7,4.9758,0,0,true,0,correct_route
SV,0.3,S1,1.5,37,distance,true,3.8372,true,7,3.7026,129.408,0.45,false,-3.509,unsafe_route
SV,0.3,S1,1.5,37,proposed_050,true,3.8372,true,7,3.8372,0,0,true,0,correct_route
SV,0.3,S1,1.5,37,proposed_mode,true,3.8372,true,7,3.8372,0,0,true,0,correct_route
SV,0.3,S1,1.5,37,an_080,true,3.8372,true,7,3.8372,0,0,true,0,correct_route
SV,0.3,S1,1.5,37,an_mode,true,3.8372,true,7,3.8372,0,0,true,0,correct_route
SV,0.3,S1,1.5,38,distance,true,5.2587,true,7,4.8669,125.762,0.45,false,-7.451,unsafe_route
SV,0.3,S1,1.5,38,proposed_050,true,5.2587,true,7,5.2587,0,0,true,0,correct_route
SV,0.3,S1,1.5,38,proposed_mode,true,5.2587,true,7,5.2587,0,0,true,0,correct_route
SV,0.3,S1,1.5,38,an_080,true,5.2587,true,7,5.2587,0,0,true,0,correct_route
SV,0.3,S1,1.5,38,an_mode,true,5.2587,true,7,5.2587,0,0,true,0,correct_route
SV,0.3,S1,1.5,39,distance,true,6.797,true,3,3.8945,147.88,0.45,false,-42.703,unsafe_route
SV,0.3,S1,1.5,39,proposed_050,true,6.797,true,5,6.797,0,0,true,0,correct_route
SV,0.3,S1,1.5,39,proposed_mode,true,6.797,true,5,6.797,0,0,true,0,correct_route
SV,0.3,S1,1.5,39,an_080,true,6.797,true,3,3.8945,147.88,0.45,false,-42.703,unsafe_route
SV,0.3,S1,1.5,39,an_mode,true,6.797,true,5,6.797,0,0,true,0,correct_route
SV,0.3,S1,1.5,40,distance,true,5.3931,true,3,4.2719,132.153,0.45,false,-20.79,unsafe_route
SV,0.3,S1,1.5,40,proposed_050,true,5.3931,true,5,5.3931,0,0,true,0,correct_route
SV,0.3,S1,1.5,40,proposed_mode,true,5.3931,true,5,5.3931,0,0,true,0,correct_route
SV,0.3,S1,1.5,40,an_080,true,5.3931,true,3,4.2719,132.153,0.45,false,-20.79,unsafe_route
SV,0.3,S1,1.5,40,an_mode,true,5.3931,true,5,5.3931,0,0,true,0,correct_route
LV,0.5,S1,1.5,1,distance,true,3.5648,true,9,3.5648,0,0,true,0,correct_route
LV,0.5,S1,1.5,1,proposed_050,true,3.5648,true,9,3.5648,0,0,true,0,correct_route
LV,0.5,S1,1.5,1,proposed_mode,true,3.5648,true,9,3.5648,0,0,true,0,correct_route
LV,0.5,S1,1.5,1,an_080,true,3.5648,true,9,3.5648,0,0,true,0,correct_route
LV,0.5,S1,1.5,1,an_mode,true,3.5648,true,9,3.5648,0,0,true,0,correct_route
LV,0.5,S1,1.5,2,distance,true,4.4419,true,4,4.4419,0,0,true,0,correct_route
LV,0.5,S1,1.5,2,proposed_050,true,4.4419,true,4,4.4419,0,0,true,0,correct_route
LV,0.5,S1,1.5,2,proposed_mode,true,4.4419,true,4,4.4419,0,0,true,0,correct_route
LV,0.5,S1,1.5,2,an_080,true,4.4419,true,4,4.4419,0,0,true,0,correct_route
LV,0.5,S1,1.5,2,an_mode,true,4.4419,true,4,4.4419,0,0,true,0,correct_route
LV,0.5,S1,1.5,3,distance,true,2.6507,true,9,2.6507,0,0,true,0,correct_route
LV,0.5,S1,1.5,3,proposed_050,true,2.6507,true,9,2.6507,0,0,true,0,correct_route
LV,0.5,S1,1.5,3,proposed_mode,true,2.6507,true,9,2.6507,0,0,true,0,correct_route
LV,0.5,S1,1.5,3,an_080,true,2.6507,true,9,2.6507,0,0,true,0,correct_route
LV,0.5,S1,1.5,3,an_mode,true,2.6507,true,9,2.6507,0,0,true,0,correct_route
LV,0.5,S1,1.5,4,distance,true,4.3464,true,4,4.3464,0,0,true,0,correct_route
LV,0.5,S1,1.5,4,proposed_050,true,4.3464,true,4,4.3464,0,0,true,0,correct_route
LV,0.5,S1,1.5,4,proposed_mode,true,4.3464,true,4,4.3464,0,0,true,0,correct_route
LV,0.5,S1,1.5,4,an_080,true,4.3464,true,4,4.3464,0,0,true,0,correct_route
LV,0.5,S1,1.5,4,an_mode,true,4.3464,true,4,4.3464,0,0,true,0,correct_route
LV,0.5,S1,1.5,5,distance,true,4.4419,true,4,4.4419,145.526,0.45,true,0,correct_route
LV,0.5,S1,1.5,5,proposed_050,true,4.4419,true,4,4.8013,0,0,true,8.091,correct_route
LV,0.5,S1,1.5,5,proposed_mode,true,4.4419,true,4,4.8013,0,0,true,8.091,correct_route
LV,0.5,S1,1.5,5,an_080,true,4.4419,true,4,4.8013,0,0,true,8.091,correct_route
LV,0.5,S1,1.5,5,an_mode,true,4.4419,true,4,4.8013,0,0,true,8.091,correct_route
LV,0.5,S1,1.5,6,distance,true,0.7045,true,4,0.7045,0,0,true,0,correct_route
LV,0.5,S1,1.5,6,proposed_050,true,0.7045,true,4,0.7045,0,0,true,0,correct_route
LV,0.5,S1,1.5,6,proposed_mode,true,0.7045,true,4,0.7045,0,0,true,0,correct_route
LV,0.5,S1,1.5,6,an_080,true,0.7045,true,4,0.7045,0,0,true,0,correct_route
LV,0.5,S1,1.5,6,an_mode,true,0.7045,true,4,0.7045,0,0,true,0,correct_route
LV,0.5,S1,1.5,7,distance,true,2.4584,true,8,2.4584,280.375,0.45,true,0,correct_route
LV,0.5,S1,1.5,7,proposed_050,true,2.4584,true,8,2.9041,0,0,true,18.128,correct_route
LV,0.5,S1,1.5,7,proposed_mode,true,2.4584,true,8,2.9041,0,0,true,18.128,correct_route
LV,0.5,S1,1.5,7,an_080,true,2.4584,true,8,2.9041,0,0,true,18.128,correct_route
LV,0.5,S1,1.5,7,an_mode,true,2.4584,true,8,2.9041,0,0,true,18.128,correct_route
LV,0.5,S1,1.5,8,distance,true,2.2256,true,4,2.2256,133.219,0.45,true,0,correct_route
LV,0.5,S1,1.5,8,proposed_050,true,2.2256,true,4,2.5061,35.433,0.15,true,12.604,correct_route
LV,0.5,S1,1.5,8,proposed_mode,true,2.2256,true,4,2.5061,35.433,0.15,true,12.604,correct_route
LV,0.5,S1,1.5,8,an_080,true,2.2256,true,4,2.2256,133.219,0.45,true,0,correct_route
LV,0.5,S1,1.5,8,an_mode,true,2.2256,true,4,2.2256,133.219,0.45,true,0,correct_route
LV,0.5,S1,1.5,9,distance,true,2.2269,true,8,2.2269,0,0,true,0,correct_route
LV,0.5,S1,1.5,9,proposed_050,true,2.2269,true,8,2.2269,0,0,true,0,correct_route
LV,0.5,S1,1.5,9,proposed_mode,true,2.2269,true,8,2.2269,0,0,true,0,correct_route
LV,0.5,S1,1.5,9,an_080,true,2.2269,true,8,2.2269,0,0,true,0,correct_route
LV,0.5,S1,1.5,9,an_mode,true,2.2269,true,8,2.2269,0,0,true,0,correct_route
LV,0.5,S1,1.5,10,distance,true,0.7573,true,9,0.7573,0,0,true,0,correct_route
LV,0.5,S1,1.5,10,proposed_050,true,0.7573,true,9,0.7573,0,0,true,0,correct_route
LV,0.5,S1,1.5,10,proposed_mode,true,0.7573,true,9,0.7573,0,0,true,0,correct_route
LV,0.5,S1,1.5,10,an_080,true,0.7573,true,9,0.7573,0,0,true,0,correct_route
LV,0.5,S1,1.5,10,an_mode,true,0.7573,true,9,0.7573,0,0,true,0,correct_route
LV,0.5,S1,1.5,11,distance,true,5.077,true,4,5.077,133.219,0.45,true,0,correct_route
LV,0.5,S1,1.5,11,proposed_050,true,5.077,true,4,5.3575,35.433,0.15,true,5.525,correct_route
LV,0.5,S1,1.5,11,proposed_mode,true,5.077,true,4,5.3575,35.433,0.15,true,5.525,correct_route
LV,0.5,S1,1.5,11,an_080,true,5.077,true,4,5.077,133.219,0.45,true,0,correct_route
LV,0.5,S1,1.5,11,an_mode,true,5.077,true,4,5.077,133.219,0.45,true,0,correct_route
LV,0.5,S1,1.5,12,distance,true,4.8102,true,8,4.8102,273.828,0.45,true,0,correct_route
LV,0.5,S1,1.5,12,proposed_050,true,4.8102,true,8,5.417,16.133,0.15,true,12.615,correct_route
LV,0.5,S1,1.5,12,proposed_mode,true,4.8102,true,8,5.417,16.133,0.15,true,12.615,correct_route
LV,0.5,S1,1.5,12,an_080,true,4.8102,true,8,5.417,16.133,0.15,true,12.615,correct_route
LV,0.5,S1,1.5,12,an_mode,true,4.8102,true,8,5.417,16.133,0.15,true,12.615,correct_route
LV,0.5,S1,1.5,13,distance,true,5.3483,true,4,5.3483,35.433,0.15,true,0,correct_route
LV,0.5,S1,1.5,13,proposed_050,true,5.3483,true,4,5.5532,0,0,true,3.83,correct_route
LV,0.5,S1,1.5,13,proposed_mode,true,5.3483,true,4,5.5532,0,0,true,3.83,correct_route
LV,0.5,S1,1.5,13,an_080,true,5.3483,true,4,5.3483,35.433,0.15,true,0,correct_route
LV,0.5,S1,1.5,13,an_mode,true,5.3483,true,4,5.3483,35.433,0.15,true,0,correct_route
LV,0.5,S1,1.5,14,distance,true,2.2619,true,4,2.2619,0,0,true,0,correct_route
LV,0.5,S1,1.5,14,proposed_050,true,2.2619,true,4,2.2619,0,0,true,0,correct_route
LV,0.5,S1,1.5,14,proposed_mode,true,2.2619,true,4,2.2619,0,0,true,0,correct_route
LV,0.5,S1,1.5,14,an_080,true,2.2619,true,4,2.2619,0,0,true,0,correct_route
LV,0.5,S1,1.5,14,an_mode,true,2.2619,true,4,2.2619,0,0,true,0,correct_route
LV,0.5,S1,1.5,15,distance,true,3.7294,true,4,3.7294,35.433,0.15,true,0,correct_route
LV,0.5,S1,1.5,15,proposed_050,true,3.7294,true,4,3.9342,0,0,true,5.492,correct_route
LV,0.5,S1,1.5,15,proposed_mode,true,3.7294,true,4,3.9342,0,0,true,5.492,correct_route
LV,0.5,S1,1.5,15,an_080,true,3.7294,true,4,3.7294,35.433,0.15,true,0,correct_route
LV,0.5,S1,1.5,15,an_mode,true,3.7294,true,4,3.7294,35.433,0.15,true,0,correct_route
LV,0.5,S1,1.5,16,distance,true,1.4535,true,8,1.4535,0,0,true,0,correct_route
LV,0.5,S1,1.5,16,proposed_050,true,1.4535,true,8,1.4535,0,0,true,0,correct_route
LV,0.5,S1,1.5,16,proposed_mode,true,1.4535,true,8,1.4535,0,0,true,0,correct_route
LV,0.5,S1,1.5,16,an_080,true,1.4535,true,8,1.4535,0,0,true,0,correct_route
LV,0.5,S1,1.5,16,an_mode,true,1.4535,true,8,1.4535,0,0,true,0,correct_route
LV,0.5,S1,1.5,17,distance,true,4.4279,true,8,4.4279,273.828,0.45,true,0,correct_route
LV,0.5,S1,1.5,17,proposed_050,true,4.4279,true,5,4.44,0,0,true,0.275,correct_route
LV,0.5,S1,1.5,17,proposed_mode,true,4.4279,true,5,4.44,0,0,true,0.275,correct_route
LV,0.5,S1,1.5,17,an_080,true,4.4279,true,5,4.44,0,0,true,0.275,correct_route
LV,0.5,S1,1.5,17,an_mode,true,4.4279,true,5,4.44,0,0,true,0.275,correct_route
LV,0.5,S1,1.5,18,distance,true,2.343,true,8,2.343,16.133,0.15,true,0,correct_route
LV,0.5,S1,1.5,18,proposed_050,true,2.343,true,8,2.343,16.133,0.15,true,0,correct_route
LV,0.5,S1,1.5,18,proposed_mode,true,2.343,true,8,2.343,16.133,0.15,true,0,correct_route
LV,0.5,S1,1.5,18,an_080,true,2.343,true,8,2.343,16.133,0.15,true,0,correct_route
LV,0.5,S1,1.5,18,an_mode,true,2.343,true,8,2.343,16.133,0.15,true,0,correct_route
LV,0.5,S1,1.5,19,distance,true,2.0721,true,8,2.0721,0,0,true,0,correct_route
LV,0.5,S1,1.5,19,proposed_050,true,2.0721,true,8,2.0721,0,0,true,0,correct_route
LV,0.5,S1,1.5,19,proposed_mode,true,2.0721,true,8,2.0721,0,0,true,0,correct_route
LV,0.5,S1,1.5,19,an_080,true,2.0721,true,8,2.0721,0,0,true,0,correct_route
LV,0.5,S1,1.5,19,an_mode,true,2.0721,true,8,2.0721,0,0,true,0,correct_route
LV,0.5,S1,1.5,20,distance,true,8.4103,true,7,8.4103,258.768,0.45,true,0,correct_route
LV,0.5,S1,1.5,20,proposed_050,true,8.4103,true,7,8.5508,0,0,true,1.671,correct_route
LV,0.5,S1,1.5,20,proposed_mode,true,8.4103,true,7,8.5508,0,0,true,1.671,correct_route
LV,0.5,S1,1.5,20,an_080,true,8.4103,true,7,8.5508,0,0,true,1.671,correct_route
LV,0.5,S1,1.5,20,an_mode,true,8.4103,true,7,8.5508,0,0,true,1.671,correct_route
LV,0.5,S1,1.5,21,distance,true,1.5022,true,7,1.5022,0,0,true,0,correct_route
LV,0.5,S1,1.5,21,proposed_050,true,1.5022,true,7,1.5022,0,0,true,0,correct_route
LV,0.5,S1,1.5,21,proposed_mode,true,1.5022,true,7,1.5022,0,0,true,0,correct_route
LV,0.5,S1,1.5,21,an_080,true,1.5022,true,7,1.5022,0,0,true,0,correct_route
LV,0.5,S1,1.5,21,an_mode,true,1.5022,true,7,1.5022,0,0,true,0,correct_route
LV,0.5,S1,1.5,22,distance,true,2.2373,true,7,2.2373,0,0,true,0,correct_route
LV,0.5,S1,1.5,22,proposed_050,true,2.2373,true,7,2.2373,0,0,true,0,correct_route
LV,0.5,S1,1.5,22,proposed_mode,true,2.2373,true,7,2.2373,0,0,true,0,correct_route
LV,0.5,S1,1.5,22,an_080,true,2.2373,true,7,2.2373,0,0,true,0,correct_route
LV,0.5,S1,1.5,22,an_mode,true,2.2373,true,7,2.2373,0,0,true,0,correct_route
LV,0.5,S1,1.5,23,distance,true,5.7136,true,7,5.7136,258.768,0.45,true,0,correct_route
LV,0.5,S1,1.5,23,proposed_050,true,5.7136,true,7,5.8541,0,0,true,2.459,correct_route
LV,0.5,S1,1.5,23,proposed_mode,true,5.7136,true,7,5.8541,0,0,true,2.459,correct_route
LV,0.5,S1,1.5,23,an_080,true,5.7136,true,7,5.8541,0,0,true,2.459,correct_route
LV,0.5,S1,1.5,23,an_mode,true,5.7136,true,7,5.8541,0,0,true,2.459,correct_route
LV,0.5,S1,1.5,24,distance,true,3.7965,true,7,3.7965,258.768,0.45,true,0,correct_route
LV,0.5,S1,1.5,24,proposed_050,true,3.7965,true,7,4.4108,0,0,true,16.179,correct_route
LV,0.5,S1,1.5,24,proposed_mode,true,3.7965,true,7,4.4108,0,0,true,16.179,correct_route
LV,0.5,S1,1.5,24,an_080,true,3.7965,true,7,4.4108,0,0,true,16.179,correct_route
LV,0.5,S1,1.5,24,an_mode,true,3.7965,true,7,4.4108,0,0,true,16.179,correct_route
LV,0.5,S1,1.5,25,distance,true,2.019,true,5,2.019,0,0,true,0,correct_route
LV,0.5,S1,1.5,25,proposed_050,true,2.019,true,5,2.019,0,0,true,0,correct_route
LV,0.5,S1,1.5,25,proposed_mode,true,2.019,true,5,2.019,0,0,true,0,correct_route
LV,0.5,S1,1.5,25,an_080,true,2.019,true,5,2.019,0,0,true,0,correct_route
LV,0.5,S1,1.5,25,an_mode,true,2.019,true,5,2.019,0,0,true,0,correct_route
LV,0.5,S1,1.5,26,distance,true,1.0687,true,5,1.0687,0,0,true,0,correct_route
LV,0.5,S1,1.5,26,proposed_050,true,1.0687,true,5,1.0687,0,0,true,0,correct_route
LV,0.5,S1,1.5,26,proposed_mode,true,1.0687,true,5,1.0687,0,0,true,0,correct_route
LV,0.5,S1,1.5,26,an_080,true,1.0687,true,5,1.0687,0,0,true,0,correct_route
LV,0.5,S1,1.5,26,an_mode,true,1.0687,true,5,1.0687,0,0,true,0,correct_route
LV,0.5,S1,1.5,27,distance,true,2.187,true,3,2.187,155.458,0.45,true,0,correct_route
LV,0.5,S1,1.5,27,proposed_050,true,2.187,true,5,2.8807,0,0,true,31.716,correct_route
LV,0.5,S1,1.5,27,proposed_mode,true,2.187,true,5,2.8807,0,0,true,31.716,correct_route
LV,0.5,S1,1.5,27,an_080,true,2.187,true,3,2.2093,148.828,0.45,true,1.017,correct_route
LV,0.5,S1,1.5,27,an_mode,true,2.187,true,3,2.2093,148.828,0.45,true,1.017,correct_route
LV,0.5,S1,1.5,28,distance,true,3.3577,true,7,3.3577,125.762,0.45,true,0,correct_route
LV,0.5,S1,1.5,28,proposed_050,true,3.3577,true,7,3.6245,0,0,true,7.944,correct_route
LV,0.5,S1,1.5,28,proposed_mode,true,3.3577,true,7,3.6245,0,0,true,7.944,correct_route
LV,0.5,S1,1.5,28,an_080,true,3.3577,true,7,3.6245,0,0,true,7.944,correct_route
LV,0.5,S1,1.5,28,an_mode,true,3.3577,true,7,3.6245,0,0,true,7.944,correct_route
LV,0.5,S1,1.5,29,distance,true,5.5354,true,7,5.5354,264.625,0.45,true,0,correct_route
LV,0.5,S1,1.5,29,proposed_050,true,5.5354,true,7,6.0363,0,0,true,9.05,correct_route
LV,0.5,S1,1.5,29,proposed_mode,true,5.5354,true,7,6.0363,0,0,true,9.05,correct_route
LV,0.5,S1,1.5,29,an_080,true,5.5354,true,7,6.0363,0,0,true,9.05,correct_route
LV,0.5,S1,1.5,29,an_mode,true,5.5354,true,7,6.0363,0,0,true,9.05,correct_route
LV,0.5,S1,1.5,30,distance,true,2.6793,true,3,2.6793,132.153,0.45,true,0,correct_route
LV,0.5,S1,1.5,30,proposed_050,true,2.6793,true,5,3.5991,0,0,true,34.328,correct_route
LV,0.5,S1,1.5,30,proposed_mode,true,2.6793,true,5,3.5991,0,0,true,34.328,correct_route
LV,0.5,S1,1.5,30,an_080,true,2.6793,true,3,2.6793,132.153,0.45,true,0,correct_route
LV,0.5,S1,1.5,30,an_mode,true,2.6793,true,3,2.6793,132.153,0.45,true,0,correct_route
LV,0.5,S1,1.5,31,distance,true,3.5175,true,7,3.5175,264.625,0.45,true,0,correct_route
LV,0.5,S1,1.5,31,proposed_050,true,3.5175,true,7,4.0185,0,0,true,14.242,correct_route
LV,0.5,S1,1.5,31,proposed_mode,true,3.5175,true,7,4.0185,0,0,true,14.242,correct_route
LV,0.5,S1,1.5,31,an_080,true,3.5175,true,7,4.0185,0,0,true,14.242,correct_route
LV,0.5,S1,1.5,31,an_mode,true,3.5175,true,7,4.0185,0,0,true,14.242,correct_route
LV,0.5,S1,1.5,32,distance,true,1.5916,true,3,1.5916,147.88,0.45,true,0,correct_route
LV,0.5,S1,1.5,32,proposed_050,true,1.5916,true,5,4.5892,0,0,true,188.348,correct_route
LV,0.5,S1,1.5,32,proposed_mode,true,1.5916,true,5,4.5892,0,0,true,188.348,correct_route
LV,0.5,S1,1.5,32,an_080,true,1.5916,true,3,1.5916,147.88,0.45,true,0,correct_route
LV,0.5,S1,1.5,32,an_mode,true,1.5916,true,3,1.5916,147.88,0.45,true,0,correct_route
LV,0.5,S1,1.5,33,distance,true,2.2529,true,7,2.2529,129.408,0.45,true,0,correct_route
LV,0.5,S1,1.5,33,proposed_050,true,2.2529,true,7,2.3876,0,0,true,5.977,correct_route
LV,0.5,S1,1.5,33,proposed_mode,true,2.2529,true,7,2.3876,0,0,true,5.977,correct_route
LV,0.5,S1,1.5,33,an_080,true,2.2529,true,7,2.3876,0,0,true,5.977,correct_route
LV,0.5,S1,1.5,33,an_mode,true,2.2529,true,7,2.3876,0,0,true,5.977,correct_route
LV,0.5,S1,1.5,34,distance,true,1.9227,true,7,1.9227,125.762,0.45,true,0,correct_route
LV,0.5,S1,1.5,34,proposed_050,true,1.9227,true,7,2.2871,0,0,true,18.957,correct_route
LV,0.5,S1,1.5,34,proposed_mode,true,1.9227,true,7,2.2871,0,0,true,18.957,correct_route
LV,0.5,S1,1.5,34,an_080,true,1.9227,true,7,2.2871,0,0,true,18.957,correct_route
LV,0.5,S1,1.5,34,an_mode,true,1.9227,true,7,2.2871,0,0,true,18.957,correct_route
LV,0.5,S1,1.5,35,distance,true,3.6916,true,7,3.6916,0,0,true,0,correct_route
LV,0.5,S1,1.5,35,proposed_050,true,3.6916,true,7,3.6916,0,0,true,0,correct_route
LV,0.5,S1,1.5,35,proposed_mode,true,3.6916,true,7,3.6916,0,0,true,0,correct_route
LV,0.5,S1,1.5,35,an_080,true,3.6916,true,7,3.6916,0,0,true,0,correct_route
LV,0.5,S1,1.5,35,an_mode,true,3.6916,true,7,3.6916,0,0,true,0,correct_route
LV,0.5,S1,1.5,36,distance,true,4.5516,true,7,4.5516,264.625,0.45,true,0,correct_route
LV,0.5,S1,1.5,36,proposed_050,true,4.5516,true,7,4.9758,0,0,true,9.32,correct_route
LV,0.5,S1,1.5,36,proposed_mode,true,4.5516,true,7,4.9758,0,0,true,9.32,correct_route
LV,0.5,S1,1.5,36,an_080,true,4.5516,true,7,4.9758,0,0,true,9.32,correct_route
LV,0.5,S1,1.5,36,an_mode,true,4.5516,true,7,4.9758,0,0,true,9.32,correct_route
LV,0.5,S1,1.5,37,distance,true,3.7026,true,7,3.7026,129.408,0.45,true,0,correct_route
LV,0.5,S1,1.5,37,proposed_050,true,3.7026,true,7,3.8372,0,0,true,3.637,correct_route
LV,0.5,S1,1.5,37,proposed_mode,true,3.7026,true,7,3.8372,0,0,true,3.637,correct_route
LV,0.5,S1,1.5,37,an_080,true,3.7026,true,7,3.8372,0,0,true,3.637,correct_route
LV,0.5,S1,1.5,37,an_mode,true,3.7026,true,7,3.8372,0,0,true,3.637,correct_route
LV,0.5,S1,1.5,38,distance,true,4.8669,true,7,4.8669,125.762,0.45,true,0,correct_route
LV,0.5,S1,1.5,38,proposed_050,true,4.8669,true,7,5.2587,0,0,true,8.05,correct_route
LV,0.5,S1,1.5,38,proposed_mode,true,4.8669,true,7,5.2587,0,0,true,8.05,correct_route
LV,0.5,S1,1.5,38,an_080,true,4.8669,true,7,5.2587,0,0,true,8.05,correct_route
LV,0.5,S1,1.5,38,an_mode,true,4.8669,true,7,5.2587,0,0,true,8.05,correct_route
LV,0.5,S1,1.5,39,distance,true,3.8945,true,3,3.8945,147.88,0.45,true,0,correct_route
LV,0.5,S1,1.5,39,proposed_050,true,3.8945,true,5,6.797,0,0,true,74.529,correct_route
LV,0.5,S1,1.5,39,proposed_mode,true,3.8945,true,5,6.797,0,0,true,74.529,correct_route
LV,0.5,S1,1.5,39,an_080,true,3.8945,true,3,3.8945,147.88,0.45,true,0,correct_route
LV,0.5,S1,1.5,39,an_mode,true,3.8945,true,3,3.8945,147.88,0.45,true,0,correct_route
LV,0.5,S1,1.5,40,distance,true,4.2719,true,3,4.2719,132.153,0.45,true,0,correct_route
LV,0.5,S1,1.5,40,proposed_050,true,4.2719,true,5,5.3931,0,0,true,26.246,correct_route
LV,0.5,S1,1.5,40,proposed_mode,true,4.2719,true,5,5.3931,0,0,true,26.246,correct_route
LV,0.5,S1,1.5,40,an_080,true,4.2719,true,3,4.2719,132.153,0.45,true,0,correct_route
LV,0.5,S1,1.5,40,an_mode,true,4.2719,true,3,4.2719,132.153,0.45,true,0,correct_route
AD,1.2,S1,1.5,1,distance,true,3.5648,true,9,3.5648,0,0,true,0,correct_route
AD,1.2,S1,1.5,1,proposed_050,true,3.5648,true,9,3.5648,0,0,true,0,correct_route
AD,1.2,S1,1.5,1,proposed_mode,true,3.5648,true,9,3.5648,0,0,true,0,correct_route
AD,1.2,S1,1.5,1,an_080,true,3.5648,true,9,3.5648,0,0,true,0,correct_route
AD,1.2,S1,1.5,1,an_mode,true,3.5648,true,9,3.5648,0,0,true,0,correct_route
AD,1.2,S1,1.5,2,distance,true,4.4419,true,4,4.4419,0,0,true,0,correct_route
AD,1.2,S1,1.5,2,proposed_050,true,4.4419,true,4,4.4419,0,0,true,0,correct_route
AD,1.2,S1,1.5,2,proposed_mode,true,4.4419,true,4,4.4419,0,0,true,0,correct_route
AD,1.2,S1,1.5,2,an_080,true,4.4419,true,4,4.4419,0,0,true,0,correct_route
AD,1.2,S1,1.5,2,an_mode,true,4.4419,true,4,4.4419,0,0,true,0,correct_route
AD,1.2,S1,1.5,3,distance,true,2.6507,true,9,2.6507,0,0,true,0,correct_route
AD,1.2,S1,1.5,3,proposed_050,true,2.6507,true,9,2.6507,0,0,true,0,correct_route
AD,1.2,S1,1.5,3,proposed_mode,true,2.6507,true,9,2.6507,0,0,true,0,correct_route
AD,1.2,S1,1.5,3,an_080,true,2.6507,true,9,2.6507,0,0,true,0,correct_route
AD,1.2,S1,1.5,3,an_mode,true,2.6507,true,9,2.6507,0,0,true,0,correct_route
AD,1.2,S1,1.5,4,distance,true,4.3464,true,4,4.3464,0,0,true,0,correct_route
AD,1.2,S1,1.5,4,proposed_050,true,4.3464,true,4,4.3464,0,0,true,0,correct_route
AD,1.2,S1,1.5,4,proposed_mode,true,4.3464,true,4,4.3464,0,0,true,0,correct_route
AD,1.2,S1,1.5,4,an_080,true,4.3464,true,4,4.3464,0,0,true,0,correct_route
AD,1.2,S1,1.5,4,an_mode,true,4.3464,true,4,4.3464,0,0,true,0,correct_route
AD,1.2,S1,1.5,5,distance,true,4.4419,true,4,4.4419,145.526,0.45,true,0,correct_route
AD,1.2,S1,1.5,5,proposed_050,true,4.4419,true,4,4.8013,0,0,true,8.091,correct_route
AD,1.2,S1,1.5,5,proposed_mode,true,4.4419,true,4,4.8013,0,0,true,8.091,correct_route
AD,1.2,S1,1.5,5,an_080,true,4.4419,true,4,4.8013,0,0,true,8.091,correct_route
AD,1.2,S1,1.5,5,an_mode,true,4.4419,true,4,4.8013,0,0,true,8.091,correct_route
AD,1.2,S1,1.5,6,distance,true,0.7045,true,4,0.7045,0,0,true,0,correct_route
AD,1.2,S1,1.5,6,proposed_050,true,0.7045,true,4,0.7045,0,0,true,0,correct_route
AD,1.2,S1,1.5,6,proposed_mode,true,0.7045,true,4,0.7045,0,0,true,0,correct_route
AD,1.2,S1,1.5,6,an_080,true,0.7045,true,4,0.7045,0,0,true,0,correct_route
AD,1.2,S1,1.5,6,an_mode,true,0.7045,true,4,0.7045,0,0,true,0,correct_route
AD,1.2,S1,1.5,7,distance,true,2.4584,true,8,2.4584,280.375,0.45,true,0,correct_route
AD,1.2,S1,1.5,7,proposed_050,true,2.4584,true,8,2.9041,0,0,true,18.128,correct_route
AD,1.2,S1,1.5,7,proposed_mode,true,2.4584,true,8,2.9041,0,0,true,18.128,correct_route
AD,1.2,S1,1.5,7,an_080,true,2.4584,true,8,2.9041,0,0,true,18.128,correct_route
AD,1.2,S1,1.5,7,an_mode,true,2.4584,true,8,2.9041,0,0,true,18.128,correct_route
AD,1.2,S1,1.5,8,distance,true,2.2256,true,4,2.2256,133.219,0.45,true,0,correct_route
AD,1.2,S1,1.5,8,proposed_050,true,2.2256,true,4,2.5061,35.433,0.15,true,12.604,correct_route
AD,1.2,S1,1.5,8,proposed_mode,true,2.2256,true,4,2.5061,35.433,0.15,true,12.604,correct_route
AD,1.2,S1,1.5,8,an_080,true,2.2256,true,4,2.2256,133.219,0.45,true,0,correct_route
AD,1.2,S1,1.5,8,an_mode,true,2.2256,true,4,2.2256,133.219,0.45,true,0,correct_route
AD,1.2,S1,1.5,9,distance,true,2.2269,true,8,2.2269,0,0,true,0,correct_route
AD,1.2,S1,1.5,9,proposed_050,true,2.2269,true,8,2.2269,0,0,true,0,correct_route
AD,1.2,S1,1.5,9,proposed_mode,true,2.2269,true,8,2.2269,0,0,true,0,correct_route
AD,1.2,S1,1.5,9,an_080,true,2.2269,true,8,2.2269,0,0,true,0,correct_route
AD,1.2,S1,1.5,9,an_mode,true,2.2269,true,8,2.2269,0,0,true,0,correct_route
AD,1.2,S1,1.5,10,distance,true,0.7573,true,9,0.7573,0,0,true,0,correct_route
AD,1.2,S1,1.5,10,proposed_050,true,0.7573,true,9,0.7573,0,0,true,0,correct_route
AD,1.2,S1,1.5,10,proposed_mode,true,0.7573,true,9,0.7573,0,0,true,0,correct_route
AD,1.2,S1,1.5,10,an_080,true,0.7573,true,9,0.7573,0,0,true,0,correct_route
AD,1.2,S1,1.5,10,an_mode,true,0.7573,true,9,0.7573,0,0,true,0,correct_route
AD,1.2,S1,1.5,11,distance,true,5.077,true,4,5.077,133.219,0.45,true,0,correct_route
AD,1.2,S1,1.5,11,proposed_050,true,5.077,true,4,5.3575,35.433,0.15,true,5.525,correct_route
AD,1.2,S1,1.5,11,proposed_mode,true,5.077,true,4,5.3575,35.433,0.15,true,5.525,correct_route
AD,1.2,S1,1.5,11,an_080,true,5.077,true,4,5.077,133.219,0.45,true,0,correct_route
AD,1.2,S1,1.5,11,an_mode,true,5.077,true,4,5.077,133.219,0.45,true,0,correct_route
AD,1.2,S1,1.5,12,distance,true,4.8102,true,8,4.8102,273.828,0.45,true,0,correct_route
AD,1.2,S1,1.5,12,proposed_050,true,4.8102,true,8,5.417,16.133,0.15,true,12.615,correct_route
AD,1.2,S1,1.5,12,proposed_mode,true,4.8102,true,8,5.417,16.133,0.15,true,12.615,correct_route
AD,1.2,S1,1.5,12,an_080,true,4.8102,true,8,5.417,16.133,0.15,true,12.615,correct_route
AD,1.2,S1,1.5,12,an_mode,true,4.8102,true,8,5.417,16.133,0.15,true,12.615,correct_route
AD,1.2,S1,1.5,13,distance,true,5.3483,true,4,5.3483,35.433,0.15,true,0,correct_route
AD,1.2,S1,1.5,13,proposed_050,true,5.3483,true,4,5.5532,0,0,true,3.83,correct_route
AD,1.2,S1,1.5,13,proposed_mode,true,5.3483,true,4,5.5532,0,0,true,3.83,correct_route
AD,1.2,S1,1.5,13,an_080,true,5.3483,true,4,5.3483,35.433,0.15,true,0,correct_route
AD,1.2,S1,1.5,13,an_mode,true,5.3483,true,4,5.3483,35.433,0.15,true,0,correct_route
AD,1.2,S1,1.5,14,distance,true,2.2619,true,4,2.2619,0,0,true,0,correct_route
AD,1.2,S1,1.5,14,proposed_050,true,2.2619,true,4,2.2619,0,0,true,0,correct_route
AD,1.2,S1,1.5,14,proposed_mode,true,2.2619,true,4,2.2619,0,0,true,0,correct_route
AD,1.2,S1,1.5,14,an_080,true,2.2619,true,4,2.2619,0,0,true,0,correct_route
AD,1.2,S1,1.5,14,an_mode,true,2.2619,true,4,2.2619,0,0,true,0,correct_route
AD,1.2,S1,1.5,15,distance,true,3.7294,true,4,3.7294,35.433,0.15,true,0,correct_route
AD,1.2,S1,1.5,15,proposed_050,true,3.7294,true,4,3.9342,0,0,true,5.492,correct_route
AD,1.2,S1,1.5,15,proposed_mode,true,3.7294,true,4,3.9342,0,0,true,5.492,correct_route
AD,1.2,S1,1.5,15,an_080,true,3.7294,true,4,3.7294,35.433,0.15,true,0,correct_route
AD,1.2,S1,1.5,15,an_mode,true,3.7294,true,4,3.7294,35.433,0.15,true,0,correct_route
AD,1.2,S1,1.5,16,distance,true,1.4535,true,8,1.4535,0,0,true,0,correct_route
AD,1.2,S1,1.5,16,proposed_050,true,1.4535,true,8,1.4535,0,0,true,0,correct_route
AD,1.2,S1,1.5,16,proposed_mode,true,1.4535,true,8,1.4535,0,0,true,0,correct_route
AD,1.2,S1,1.5,16,an_080,true,1.4535,true,8,1.4535,0,0,true,0,correct_route
AD,1.2,S1,1.5,16,an_mode,true,1.4535,true,8,1.4535,0,0,true,0,correct_route
AD,1.2,S1,1.5,17,distance,true,4.4279,true,8,4.4279,273.828,0.45,true,0,correct_route
AD,1.2,S1,1.5,17,proposed_050,true,4.4279,true,5,4.44,0,0,true,0.275,correct_route
AD,1.2,S1,1.5,17,proposed_mode,true,4.4279,true,5,4.44,0,0,true,0.275,correct_route
AD,1.2,S1,1.5,17,an_080,true,4.4279,true,5,4.44,0,0,true,0.275,correct_route
AD,1.2,S1,1.5,17,an_mode,true,4.4279,true,5,4.44,0,0,true,0.275,correct_route
AD,1.2,S1,1.5,18,distance,true,2.343,true,8,2.343,16.133,0.15,true,0,correct_route
AD,1.2,S1,1.5,18,proposed_050,true,2.343,true,8,2.343,16.133,0.15,true,0,correct_route
AD,1.2,S1,1.5,18,proposed_mode,true,2.343,true,8,2.343,16.133,0.15,true,0,correct_route
AD,1.2,S1,1.5,18,an_080,true,2.343,true,8,2.343,16.133,0.15,true,0,correct_route
AD,1.2,S1,1.5,18,an_mode,true,2.343,true,8,2.343,16.133,0.15,true,0,correct_route
AD,1.2,S1,1.5,19,distance,true,2.0721,true,8,2.0721,0,0,true,0,correct_route
AD,1.2,S1,1.5,19,proposed_050,true,2.0721,true,8,2.0721,0,0,true,0,correct_route
AD,1.2,S1,1.5,19,proposed_mode,true,2.0721,true,8,2.0721,0,0,true,0,correct_route
AD,1.2,S1,1.5,19,an_080,true,2.0721,true,8,2.0721,0,0,true,0,correct_route
AD,1.2,S1,1.5,19,an_mode,true,2.0721,true,8,2.0721,0,0,true,0,correct_route
AD,1.2,S1,1.5,20,distance,true,8.4103,true,7,8.4103,258.768,0.45,true,0,correct_route
AD,1.2,S1,1.5,20,proposed_050,true,8.4103,true,7,8.5508,0,0,true,1.671,correct_route
AD,1.2,S1,1.5,20,proposed_mode,true,8.4103,true,7,8.5508,0,0,true,1.671,correct_route
AD,1.2,S1,1.5,20,an_080,true,8.4103,true,7,8.5508,0,0,true,1.671,correct_route
AD,1.2,S1,1.5,20,an_mode,true,8.4103,true,7,8.5508,0,0,true,1.671,correct_route
AD,1.2,S1,1.5,21,distance,true,1.5022,true,7,1.5022,0,0,true,0,correct_route
AD,1.2,S1,1.5,21,proposed_050,true,1.5022,true,7,1.5022,0,0,true,0,correct_route
AD,1.2,S1,1.5,21,proposed_mode,true,1.5022,true,7,1.5022,0,0,true,0,correct_route
AD,1.2,S1,1.5,21,an_080,true,1.5022,true,7,1.5022,0,0,true,0,correct_route
AD,1.2,S1,1.5,21,an_mode,true,1.5022,true,7,1.5022,0,0,true,0,correct_route
AD,1.2,S1,1.5,22,distance,true,2.2373,true,7,2.2373,0,0,true,0,correct_route
AD,1.2,S1,1.5,22,proposed_050,true,2.2373,true,7,2.2373,0,0,true,0,correct_route
AD,1.2,S1,1.5,22,proposed_mode,true,2.2373,true,7,2.2373,0,0,true,0,correct_route
AD,1.2,S1,1.5,22,an_080,true,2.2373,true,7,2.2373,0,0,true,0,correct_route
AD,1.2,S1,1.5,22,an_mode,true,2.2373,true,7,2.2373,0,0,true,0,correct_route
AD,1.2,S1,1.5,23,distance,true,5.7136,true,7,5.7136,258.768,0.45,true,0,correct_route
AD,1.2,S1,1.5,23,proposed_050,true,5.7136,true,7,5.8541,0,0,true,2.459,correct_route
AD,1.2,S1,1.5,23,proposed_mode,true,5.7136,true,7,5.8541,0,0,true,2.459,correct_route
AD,1.2,S1,1.5,23,an_080,true,5.7136,true,7,5.8541,0,0,true,2.459,correct_route
AD,1.2,S1,1.5,23,an_mode,true,5.7136,true,7,5.8541,0,0,true,2.459,correct_route
AD,1.2,S1,1.5,24,distance,true,3.7965,true,7,3.7965,258.768,0.45,true,0,correct_route
AD,1.2,S1,1.5,24,proposed_050,true,3.7965,true,7,4.4108,0,0,true,16.179,correct_route
AD,1.2,S1,1.5,24,proposed_mode,true,3.7965,true,7,4.4108,0,0,true,16.179,correct_route
AD,1.2,S1,1.5,24,an_080,true,3.7965,true,7,4.4108,0,0,true,16.179,correct_route
AD,1.2,S1,1.5,24,an_mode,true,3.7965,true,7,4.4108,0,0,true,16.179,correct_route
AD,1.2,S1,1.5,25,distance,true,2.019,true,5,2.019,0,0,true,0,correct_route
AD,1.2,S1,1.5,25,proposed_050,true,2.019,true,5,2.019,0,0,true,0,correct_route
AD,1.2,S1,1.5,25,proposed_mode,true,2.019,true,5,2.019,0,0,true,0,correct_route
AD,1.2,S1,1.5,25,an_080,true,2.019,true,5,2.019,0,0,true,0,correct_route
AD,1.2,S1,1.5,25,an_mode,true,2.019,true,5,2.019,0,0,true,0,correct_route
AD,1.2,S1,1.5,26,distance,true,1.0687,true,5,1.0687,0,0,true,0,correct_route
AD,1.2,S1,1.5,26,proposed_050,true,1.0687,true,5,1.0687,0,0,true,0,correct_route
AD,1.2,S1,1.5,26,proposed_mode,true,1.0687,true,5,1.0687,0,0,true,0,correct_route
AD,1.2,S1,1.5,26,an_080,true,1.0687,true,5,1.0687,0,0,true,0,correct_route
AD,1.2,S1,1.5,26,an_mode,true,1.0687,true,5,1.0687,0,0,true,0,correct_route
AD,1.2,S1,1.5,27,distance,true,2.187,true,3,2.187,155.458,0.45,true,0,correct_route
AD,1.2,S1,1.5,27,proposed_050,true,2.187,true,5,2.8807,0,0,true,31.716,correct_route
AD,1.2,S1,1.5,27,proposed_mode,true,2.187,true,5,2.8807,0,0,true,31.716,correct_route
AD,1.2,S1,1.5,27,an_080,true,2.187,true,3,2.2093,148.828,0.45,true,1.017,correct_route
AD,1.2,S1,1.5,27,an_mode,true,2.187,true,3,2.2093,148.828,0.45,true,1.017,correct_route
AD,1.2,S1,1.5,28,distance,true,3.3577,true,7,3.3577,125.762,0.45,true,0,correct_route
AD,1.2,S1,1.5,28,proposed_050,true,3.3577,true,7,3.6245,0,0,true,7.944,correct_route
AD,1.2,S1,1.5,28,proposed_mode,true,3.3577,true,7,3.6245,0,0,true,7.944,correct_route
AD,1.2,S1,1.5,28,an_080,true,3.3577,true,7,3.6245,0,0,true,7.944,correct_route
AD,1.2,S1,1.5,28,an_mode,true,3.3577,true,7,3.6245,0,0,true,7.944,correct_route
AD,1.2,S1,1.5,29,distance,true,5.5354,true,7,5.5354,264.625,0.45,true,0,correct_route
AD,1.2,S1,1.5,29,proposed_050,true,5.5354,true,7,6.0363,0,0,true,9.05,correct_route
AD,1.2,S1,1.5,29,proposed_mode,true,5.5354,true,7,6.0363,0,0,true,9.05,correct_route
AD,1.2,S1,1.5,29,an_080,true,5.5354,true,7,6.0363,0,0,true,9.05,correct_route
AD,1.2,S1,1.5,29,an_mode,true,5.5354,true,7,6.0363,0,0,true,9.05,correct_route
AD,1.2,S1,1.5,30,distance,true,2.6793,true,3,2.6793,132.153,0.45,true,0,correct_route
AD,1.2,S1,1.5,30,proposed_050,true,2.6793,true,5,3.5991,0,0,true,34.328,correct_route
AD,1.2,S1,1.5,30,proposed_mode,true,2.6793,true,5,3.5991,0,0,true,34.328,correct_route
AD,1.2,S1,1.5,30,an_080,true,2.6793,true,3,2.6793,132.153,0.45,true,0,correct_route
AD,1.2,S1,1.5,30,an_mode,true,2.6793,true,3,2.6793,132.153,0.45,true,0,correct_route
AD,1.2,S1,1.5,31,distance,true,3.5175,true,7,3.5175,264.625,0.45,true,0,correct_route
AD,1.2,S1,1.5,31,proposed_050,true,3.5175,true,7,4.0185,0,0,true,14.242,correct_route
AD,1.2,S1,1.5,31,proposed_mode,true,3.5175,true,7,4.0185,0,0,true,14.242,correct_route
AD,1.2,S1,1.5,31,an_080,true,3.5175,true,7,4.0185,0,0,true,14.242,correct_route
AD,1.2,S1,1.5,31,an_mode,true,3.5175,true,7,4.0185,0,0,true,14.242,correct_route
AD,1.2,S1,1.5,32,distance,true,1.5916,true,3,1.5916,147.88,0.45,true,0,correct_route
AD,1.2,S1,1.5,32,proposed_050,true,1.5916,true,5,4.5892,0,0,true,188.348,correct_route
AD,1.2,S1,1.5,32,proposed_mode,true,1.5916,true,5,4.5892,0,0,true,188.348,correct_route
AD,1.2,S1,1.5,32,an_080,true,1.5916,true,3,1.5916,147.88,0.45,true,0,correct_route
AD,1.2,S1,1.5,32,an_mode,true,1.5916,true,3,1.5916,147.88,0.45,true,0,correct_route
AD,1.2,S1,1.5,33,distance,true,2.2529,true,7,2.2529,129.408,0.45,true,0,correct_route
AD,1.2,S1,1.5,33,proposed_050,true,2.2529,true,7,2.3876,0,0,true,5.977,correct_route
AD,1.2,S1,1.5,33,proposed_mode,true,2.2529,true,7,2.3876,0,0,true,5.977,correct_route
AD,1.2,S1,1.5,33,an_080,true,2.2529,true,7,2.3876,0,0,true,5.977,correct_route
AD,1.2,S1,1.5,33,an_mode,true,2.2529,true,7,2.3876,0,0,true,5.977,correct_route
AD,1.2,S1,1.5,34,distance,true,1.9227,true,7,1.9227,125.762,0.45,true,0,correct_route
AD,1.2,S1,1.5,34,proposed_050,true,1.9227,true,7,2.2871,0,0,true,18.957,correct_route
AD,1.2,S1,1.5,34,proposed_mode,true,1.9227,true,7,2.2871,0,0,true,18.957,correct_route
AD,1.2,S1,1.5,34,an_080,true,1.9227,true,7,2.2871,0,0,true,18.957,correct_route
AD,1.2,S1,1.5,34,an_mode,true,1.9227,true,7,2.2871,0,0,true,18.957,correct_route
AD,1.2,S1,1.5,35,distance,true,3.6916,true,7,3.6916,0,0,true,0,correct_route
AD,1.2,S1,1.5,35,proposed_050,true,3.6916,true,7,3.6916,0,0,true,0,correct_route
AD,1.2,S1,1.5,35,proposed_mode,true,3.6916,true,7,3.6916,0,0,true,0,correct_route
AD,1.2,S1,1.5,35,an_080,true,3.6916,true,7,3.6916,0,0,true,0,correct_route
AD,1.2,S1,1.5,35,an_mode,true,3.6916,true,7,3.6916,0,0,true,0,correct_route
AD,1.2,S1,1.5,36,distance,true,4.5516,true,7,4.5516,264.625,0.45,true,0,correct_route
AD,1.2,S1,1.5,36,proposed_050,true,4.5516,true,7,4.9758,0,0,true,9.32,correct_route
AD,1.2,S1,1.5,36,proposed_mode,true,4.5516,true,7,4.9758,0,0,true,9.32,correct_route
AD,1.2,S1,1.5,36,an_080,true,4.5516,true,7,4.9758,0,0,true,9.32,correct_route
AD,1.2,S1,1.5,36,an_mode,true,4.5516,true,7,4.9758,0,0,true,9.32,correct_route
AD,1.2,S1,1.5,37,distance,true,3.7026,true,7,3.7026,129.408,0.45,true,0,correct_route
AD,1.2,S1,1.5,37,proposed_050,true,3.7026,true,7,3.8372,0,0,true,3.637,correct_route
AD,1.2,S1,1.5,37,proposed_mode,true,3.7026,true,7,3.8372,0,0,true,3.637,correct_route
AD,1.2,S1,1.5,37,an_080,true,3.7026,true,7,3.8372,0,0,true,3.637,correct_route
AD,1.2,S1,1.5,37,an_mode,true,3.7026,true,7,3.8372,0,0,true,3.637,correct_route
AD,1.2,S1,1.5,38,distance,true,4.8669,true,7,4.8669,125.762,0.45,true,0,correct_route
AD,1.2,S1,1.5,38,proposed_050,true,4.8669,true,7,5.2587,0,0,true,8.05,correct_route
AD,1.2,S1,1.5,38,proposed_mode,true,4.8669,true,7,5.2587,0,0,true,8.05,correct_route
AD,1.2,S1,1.5,38,an_080,true,4.8669,true,7,5.2587,0,0,true,8.05,correct_route
AD,1.2,S1,1.5,38,an_mode,true,4.8669,true,7,5.2587,0,0,true,8.05,correct_route
AD,1.2,S1,1.5,39,distance,true,3.8945,true,3,3.8945,147.88,0.45,true,0,correct_route
AD,1.2,S1,1.5,39,proposed_050,true,3.8945,true,5,6.797,0,0,true,74.529,correct_route
AD,1.2,S1,1.5,39,proposed_mode,true,3.8945,true,5,6.797,0,0,true,74.529,correct_route
AD,1.2,S1,1.5,39,an_080,true,3.8945,true,3,3.8945,147.88,0.45,true,0,correct_route
AD,1.2,S1,1.5,39,an_mode,true,3.8945,true,3,3.8945,147.88,0.45,true,0,correct_route
AD,1.2,S1,1.5,40,distance,true,4.2719,true,3,4.2719,132.153,0.45,true,0,correct_route
AD,1.2,S1,1.5,40,proposed_050,true,4.2719,true,5,5.3931,0,0,true,26.246,correct_route
AD,1.2,S1,1.5,40,proposed_mode,true,4.2719,true,5,5.3931,0,0,true,26.246,correct_route
AD,1.2,S1,1.5,40,an_080,true,4.2719,true,3,4.2719,132.153,0.45,true,0,correct_route
AD,1.2,S1,1.5,40,an_mode,true,4.2719,true,3,4.2719,132.153,0.45,true,0,correct_route
SV,0.3,S1,2,1,distance,true,3.5648,true,9,3.5648,0,0,true,0,correct_route
SV,0.3,S1,2,1,proposed_050,true,3.5648,true,9,3.5648,0,0,true,0,correct_route
SV,0.3,S1,2,1,proposed_mode,true,3.5648,true,9,3.5648,0,0,true,0,correct_route
SV,0.3,S1,2,1,an_080,true,3.5648,true,9,3.5648,0,0,true,0,correct_route
SV,0.3,S1,2,1,an_mode,true,3.5648,true,9,3.5648,0,0,true,0,correct_route
SV,0.3,S1,2,2,distance,true,4.4419,true,4,4.4419,0,0,true,0,correct_route
SV,0.3,S1,2,2,proposed_050,true,4.4419,true,4,4.4419,0,0,true,0,correct_route
SV,0.3,S1,2,2,proposed_mode,true,4.4419,true,4,4.4419,0,0,true,0,correct_route
SV,0.3,S1,2,2,an_080,true,4.4419,true,4,4.4419,0,0,true,0,correct_route
SV,0.3,S1,2,2,an_mode,true,4.4419,true,4,4.4419,0,0,true,0,correct_route
SV,0.3,S1,2,3,distance,true,2.6507,true,9,2.6507,0,0,true,0,correct_route
SV,0.3,S1,2,3,proposed_050,true,2.6507,true,9,2.6507,0,0,true,0,correct_route
SV,0.3,S1,2,3,proposed_mode,true,2.6507,true,9,2.6507,0,0,true,0,correct_route
SV,0.3,S1,2,3,an_080,true,2.6507,true,9,2.6507,0,0,true,0,correct_route
SV,0.3,S1,2,3,an_mode,true,2.6507,true,9,2.6507,0,0,true,0,correct_route
SV,0.3,S1,2,4,distance,true,4.3464,true,4,4.3464,0,0,true,0,correct_route
SV,0.3,S1,2,4,proposed_050,true,4.3464,true,4,4.3464,0,0,true,0,correct_route
SV,0.3,S1,2,4,proposed_mode,true,4.3464,true,4,4.3464,0,0,true,0,correct_route
SV,0.3,S1,2,4,an_080,true,4.3464,true,4,4.3464,0,0,true,0,correct_route
SV,0.3,S1,2,4,an_mode,true,4.3464,true,4,4.3464,0,0,true,0,correct_route
SV,0.3,S1,2,5,distance,true,4.8013,true,4,4.4419,194.035,0.6,false,-7.485,unsafe_route
SV,0.3,S1,2,5,proposed_050,true,4.8013,true,4,4.8013,0,0,true,0,correct_route
SV,0.3,S1,2,5,proposed_mode,true,4.8013,true,4,4.8013,0,0,true,0,correct_route
SV,0.3,S1,2,5,an_080,true,4.8013,true,4,4.8013,0,0,true,0,correct_route
SV,0.3,S1,2,5,an_mode,true,4.8013,true,4,4.8013,0,0,true,0,correct_route
SV,0.3,S1,2,6,distance,true,0.7045,true,4,0.7045,0,0,true,0,correct_route
SV,0.3,S1,2,6,proposed_050,true,0.7045,true,4,0.7045,0,0,true,0,correct_route
SV,0.3,S1,2,6,proposed_mode,true,0.7045,true,4,0.7045,0,0,true,0,correct_route
SV,0.3,S1,2,6,an_080,true,0.7045,true,4,0.7045,0,0,true,0,correct_route
SV,0.3,S1,2,6,an_mode,true,0.7045,true,4,0.7045,0,0,true,0,correct_route
SV,0.3,S1,2,7,distance,true,2.9041,true,8,2.4584,373.834,0.6,false,-15.346,unsafe_route
SV,0.3,S1,2,7,proposed_050,true,2.9041,true,8,2.9041,0,0,true,0,correct_route
SV,0.3,S1,2,7,proposed_mode,true,2.9041,true,8,2.9041,0,0,true,0,correct_route
SV,0.3,S1,2,7,an_080,true,2.9041,true,8,2.9041,0,0,true,0,correct_route
SV,0.3,S1,2,7,an_mode,true,2.9041,true,8,2.9041,0,0,true,0,correct_route
SV,0.3,S1,2,8,distance,true,2.5061,true,4,2.2256,177.625,0.6,false,-11.193,unsafe_route
SV,0.3,S1,2,8,proposed_050,true,2.5061,true,4,2.5061,47.244,0.2,true,0,correct_route
SV,0.3,S1,2,8,proposed_mode,true,2.5061,true,4,2.5061,47.244,0.2,true,0,correct_route
SV,0.3,S1,2,8,an_080,true,2.5061,true,4,2.2256,177.625,0.6,false,-11.193,unsafe_route
SV,0.3,S1,2,8,an_mode,true,2.5061,true,4,2.5061,47.244,0.2,true,0,correct_route
SV,0.3,S1,2,9,distance,true,2.2269,true,8,2.2269,0,0,true,0,correct_route
SV,0.3,S1,2,9,proposed_050,true,2.2269,true,8,2.2269,0,0,true,0,correct_route
SV,0.3,S1,2,9,proposed_mode,true,2.2269,true,8,2.2269,0,0,true,0,correct_route
SV,0.3,S1,2,9,an_080,true,2.2269,true,8,2.2269,0,0,true,0,correct_route
SV,0.3,S1,2,9,an_mode,true,2.2269,true,8,2.2269,0,0,true,0,correct_route
SV,0.3,S1,2,10,distance,true,0.7573,true,9,0.7573,0,0,true,0,correct_route
SV,0.3,S1,2,10,proposed_050,true,0.7573,true,9,0.7573,0,0,true,0,correct_route
SV,0.3,S1,2,10,proposed_mode,true,0.7573,true,9,0.7573,0,0,true,0,correct_route
SV,0.3,S1,2,10,an_080,true,0.7573,true,9,0.7573,0,0,true,0,correct_route
SV,0.3,S1,2,10,an_mode,true,0.7573,true,9,0.7573,0,0,true,0,correct_route
SV,0.3,S1,2,11,distance,true,5.3575,true,4,5.077,177.625,0.6,false,-5.236,unsafe_route
SV,0.3,S1,2,11,proposed_050,true,5.3575,true,4,5.3575,47.244,0.2,true,0,correct_route
SV,0.3,S1,2,11,proposed_mode,true,5.3575,true,4,5.3575,47.244,0.2,true,0,correct_route
SV,0.3,S1,2,11,an_080,true,5.3575,true,4,5.077,177.625,0.6,false,-5.236,unsafe_route
SV,0.3,S1,2,11,an_mode,true,5.3575,true,4,5.3575,47.244,0.2,true,0,correct_route
SV,0.3,S1,2,12,distance,true,5.3842,true,8,4.8102,365.105,0.6,false,-10.66,unsafe_route
SV,0.3,S1,2,12,proposed_050,true,5.3842,true,8,5.417,21.511,0.2,true,0.61,correct_route
SV,0.3,S1,2,12,proposed_mode,true,5.3842,true,8,5.417,21.511,0.2,true,0.61,correct_route
SV,0.3,S1,2,12,an_080,true,5.3842,true,8,5.417,21.511,0.2,true,0.61,correct_route
SV,0.3,S1,2,12,an_mode,true,5.3842,true,8,5.417,21.511,0.2,true,0.61,correct_route
SV,0.3,S1,2,13,distance,true,5.3483,true,4,5.3483,47.244,0.2,true,0,correct_route
SV,0.3,S1,2,13,proposed_050,true,5.3483,true,4,5.5532,0,0,true,3.83,correct_route
SV,0.3,S1,2,13,proposed_mode,true,5.3483,true,4,5.5532,0,0,true,3.83,correct_route
SV,0.3,S1,2,13,an_080,true,5.3483,true,4,5.5532,0,0,true,3.83,correct_route
SV,0.3,S1,2,13,an_mode,true,5.3483,true,4,5.5532,0,0,true,3.83,correct_route
SV,0.3,S1,2,14,distance,true,2.2619,true,4,2.2619,0,0,true,0,correct_route
SV,0.3,S1,2,14,proposed_050,true,2.2619,true,4,2.2619,0,0,true,0,correct_route
SV,0.3,S1,2,14,proposed_mode,true,2.2619,true,4,2.2619,0,0,true,0,correct_route
SV,0.3,S1,2,14,an_080,true,2.2619,true,4,2.2619,0,0,true,0,correct_route
SV,0.3,S1,2,14,an_mode,true,2.2619,true,4,2.2619,0,0,true,0,correct_route
SV,0.3,S1,2,15,distance,true,3.7294,true,4,3.7294,47.244,0.2,true,0,correct_route
SV,0.3,S1,2,15,proposed_050,true,3.7294,true,4,3.9342,0,0,true,5.492,correct_route
SV,0.3,S1,2,15,proposed_mode,true,3.7294,true,4,3.9342,0,0,true,5.492,correct_route
SV,0.3,S1,2,15,an_080,true,3.7294,true,4,3.9342,0,0,true,5.492,correct_route
SV,0.3,S1,2,15,an_mode,true,3.7294,true,4,3.9342,0,0,true,5.492,correct_route
SV,0.3,S1,2,16,distance,true,1.4535,true,8,1.4535,0,0,true,0,correct_route
SV,0.3,S1,2,16,proposed_050,true,1.4535,true,8,1.4535,0,0,true,0,correct_route
SV,0.3,S1,2,16,proposed_mode,true,1.4535,true,8,1.4535,0,0,true,0,correct_route
SV,0.3,S1,2,16,an_080,true,1.4535,true,8,1.4535,0,0,true,0,correct_route
SV,0.3,S1,2,16,an_mode,true,1.4535,true,8,1.4535,0,0,true,0,correct_route
SV,0.3,S1,2,17,distance,true,4.44,true,8,4.4279,365.105,0.6,false,-0.274,unsafe_route
SV,0.3,S1,2,17,proposed_050,true,4.44,true,5,4.44,0,0,true,0,correct_route
SV,0.3,S1,2,17,proposed_mode,true,4.44,true,5,4.44,0,0,true,0,correct_route
SV,0.3,S1,2,17,an_080,true,4.44,true,5,4.44,0,0,true,0,correct_route
SV,0.3,S1,2,17,an_mode,true,4.44,true,5,4.44,0,0,true,0,correct_route
SV,0.3,S1,2,18,distance,true,2.343,true,8,2.343,21.511,0.2,true,0,correct_route
SV,0.3,S1,2,18,proposed_050,true,2.343,true,8,2.343,21.511,0.2,true,0,correct_route
SV,0.3,S1,2,18,proposed_mode,true,2.343,true,8,2.343,21.511,0.2,true,0,correct_route
SV,0.3,S1,2,18,an_080,true,2.343,true,8,2.343,21.511,0.2,true,0,correct_route
SV,0.3,S1,2,18,an_mode,true,2.343,true,8,2.343,21.511,0.2,true,0,correct_route
SV,0.3,S1,2,19,distance,true,2.0721,true,8,2.0721,0,0,true,0,correct_route
SV,0.3,S1,2,19,proposed_050,true,2.0721,true,8,2.0721,0,0,true,0,correct_route
SV,0.3,S1,2,19,proposed_mode,true,2.0721,true,8,2.0721,0,0,true,0,correct_route
SV,0.3,S1,2,19,an_080,true,2.0721,true,8,2.0721,0,0,true,0,correct_route
SV,0.3,S1,2,19,an_mode,true,2.0721,true,8,2.0721,0,0,true,0,correct_route
SV,0.3,S1,2,20,distance,true,8.5508,true,7,8.4103,345.025,0.6,false,-1.643,unsafe_route
SV,0.3,S1,2,20,proposed_050,true,8.5508,true,7,8.5508,0,0,true,0,correct_route
SV,0.3,S1,2,20,proposed_mode,true,8.5508,true,7,8.5508,0,0,true,0,correct_route
SV,0.3,S1,2,20,an_080,true,8.5508,true,7,8.5508,0,0,true,0,correct_route
SV,0.3,S1,2,20,an_mode,true,8.5508,true,7,8.5508,0,0,true,0,correct_route
SV,0.3,S1,2,21,distance,true,1.5022,true,7,1.5022,0,0,true,0,correct_route
SV,0.3,S1,2,21,proposed_050,true,1.5022,true,7,1.5022,0,0,true,0,correct_route
SV,0.3,S1,2,21,proposed_mode,true,1.5022,true,7,1.5022,0,0,true,0,correct_route
SV,0.3,S1,2,21,an_080,true,1.5022,true,7,1.5022,0,0,true,0,correct_route
SV,0.3,S1,2,21,an_mode,true,1.5022,true,7,1.5022,0,0,true,0,correct_route
SV,0.3,S1,2,22,distance,true,2.2373,true,7,2.2373,0,0,true,0,correct_route
SV,0.3,S1,2,22,proposed_050,true,2.2373,true,7,2.2373,0,0,true,0,correct_route
SV,0.3,S1,2,22,proposed_mode,true,2.2373,true,7,2.2373,0,0,true,0,correct_route
SV,0.3,S1,2,22,an_080,true,2.2373,true,7,2.2373,0,0,true,0,correct_route
SV,0.3,S1,2,22,an_mode,true,2.2373,true,7,2.2373,0,0,true,0,correct_route
SV,0.3,S1,2,23,distance,true,5.8541,true,7,5.7136,345.025,0.6,false,-2.4,unsafe_route
SV,0.3,S1,2,23,proposed_050,true,5.8541,true,7,5.8541,0,0,true,0,correct_route
SV,0.3,S1,2,23,proposed_mode,true,5.8541,true,7,5.8541,0,0,true,0,correct_route
SV,0.3,S1,2,23,an_080,true,5.8541,true,7,5.8541,0,0,true,0,correct_route
SV,0.3,S1,2,23,an_mode,true,5.8541,true,7,5.8541,0,0,true,0,correct_route
SV,0.3,S1,2,24,distance,true,4.4108,true,7,3.7965,345.025,0.6,false,-13.926,unsafe_route
SV,0.3,S1,2,24,proposed_050,true,4.4108,true,7,4.4108,0,0,true,0,correct_route
SV,0.3,S1,2,24,proposed_mode,true,4.4108,true,7,4.4108,0,0,true,0,correct_route
SV,0.3,S1,2,24,an_080,true,4.4108,true,7,4.4108,0,0,true,0,correct_route
SV,0.3,S1,2,24,an_mode,true,4.4108,true,7,4.4108,0,0,true,0,correct_route
SV,0.3,S1,2,25,distance,true,2.019,true,5,2.019,0,0,true,0,correct_route
SV,0.3,S1,2,25,proposed_050,true,2.019,true,5,2.019,0,0,true,0,correct_route
SV,0.3,S1,2,25,proposed_mode,true,2.019,true,5,2.019,0,0,true,0,correct_route
SV,0.3,S1,2,25,an_080,true,2.019,true,5,2.019,0,0,true,0,correct_route
SV,0.3,S1,2,25,an_mode,true,2.019,true,5,2.019,0,0,true,0,correct_route
SV,0.3,S1,2,26,distance,true,1.0687,true,5,1.0687,0,0,true,0,correct_route
SV,0.3,S1,2,26,proposed_050,true,1.0687,true,5,1.0687,0,0,true,0,correct_route
SV,0.3,S1,2,26,proposed_mode,true,1.0687,true,5,1.0687,0,0,true,0,correct_route
SV,0.3,S1,2,26,an_080,true,1.0687,true,5,1.0687,0,0,true,0,correct_route
SV,0.3,S1,2,26,an_mode,true,1.0687,true,5,1.0687,0,0,true,0,correct_route
SV,0.3,S1,2,27,distance,true,2.8807,true,3,2.187,207.278,0.6,false,-24.079,unsafe_route
SV,0.3,S1,2,27,proposed_050,true,2.8807,true,5,2.8807,0,0,true,0,correct_route
SV,0.3,S1,2,27,proposed_mode,true,2.8807,true,5,2.8807,0,0,true,0,correct_route
SV,0.3,S1,2,27,an_080,true,2.8807,true,3,2.2093,198.437,0.6,false,-23.307,unsafe_route
SV,0.3,S1,2,27,an_mode,true,2.8807,true,5,2.8807,0,0,true,0,correct_route
SV,0.3,S1,2,28,distance,true,3.6245,true,7,3.3577,167.682,0.6,false,-7.36,unsafe_route
SV,0.3,S1,2,28,proposed_050,true,3.6245,true,7,3.6245,0,0,true,0,correct_route
SV,0.3,S1,2,28,proposed_mode,true,3.6245,true,7,3.6245,0,0,true,0,correct_route
SV,0.3,S1,2,28,an_080,true,3.6245,true,7,3.6245,0,0,true,0,correct_route
SV,0.3,S1,2,28,an_mode,true,3.6245,true,7,3.6245,0,0,true,0,correct_route
SV,0.3,S1,2,29,distance,true,6.0363,true,7,5.5354,352.833,0.6,false,-8.299,unsafe_route
SV,0.3,S1,2,29,proposed_050,true,6.0363,true,7,6.0363,0,0,true,0,correct_route
SV,0.3,S1,2,29,proposed_mode,true,6.0363,true,7,6.0363,0,0,true,0,correct_route
SV,0.3,S1,2,29,an_080,true,6.0363,true,7,6.0363,0,0,true,0,correct_route
SV,0.3,S1,2,29,an_mode,true,6.0363,true,7,6.0363,0,0,true,0,correct_route
SV,0.3,S1,2,30,distance,true,3.5991,true,3,2.6793,176.204,0.6,false,-25.555,unsafe_route
SV,0.3,S1,2,30,proposed_050,true,3.5991,true,5,3.5991,0,0,true,0,correct_route
SV,0.3,S1,2,30,proposed_mode,true,3.5991,true,5,3.5991,0,0,true,0,correct_route
SV,0.3,S1,2,30,an_080,true,3.5991,true,3,2.6793,176.204,0.6,false,-25.555,unsafe_route
SV,0.3,S1,2,30,an_mode,true,3.5991,true,5,3.5991,0,0,true,0,correct_route
SV,0.3,S1,2,31,distance,true,4.0185,true,7,3.5175,352.833,0.6,false,-12.466,unsafe_route
SV,0.3,S1,2,31,proposed_050,true,4.0185,true,7,4.0185,0,0,true,0,correct_route
SV,0.3,S1,2,31,proposed_mode,true,4.0185,true,7,4.0185,0,0,true,0,correct_route
SV,0.3,S1,2,31,an_080,true,4.0185,true,7,4.0185,0,0,true,0,correct_route
SV,0.3,S1,2,31,an_mode,true,4.0185,true,7,4.0185,0,0,true,0,correct_route
SV,0.3,S1,2,32,distance,true,4.5892,true,3,1.5916,197.173,0.6,false,-65.32,unsafe_route
SV,0.3,S1,2,32,proposed_050,true,4.5892,true,5,4.5892,0,0,true,0,correct_route
SV,0.3,S1,2,32,proposed_mode,true,4.5892,true,5,4.5892,0,0,true,0,correct_route
SV,0.3,S1,2,32,an_080,true,4.5892,true,3,1.5916,197.173,0.6,false,-65.32,unsafe_route
SV,0.3,S1,2,32,an_mode,true,4.5892,true,5,4.5892,0,0,true,0,correct_route
SV,0.3,S1,2,33,distance,true,2.3876,true,7,2.2529,172.544,0.6,false,-5.64,unsafe_route
SV,0.3,S1,2,33,proposed_050,true,2.3876,true,7,2.3876,0,0,true,0,correct_route
SV,0.3,S1,2,33,proposed_mode,true,2.3876,true,7,2.3876,0,0,true,0,correct_route
SV,0.3,S1,2,33,an_080,true,2.3876,true,7,2.3876,0,0,true,0,correct_route
SV,0.3,S1,2,33,an_mode,true,2.3876,true,7,2.3876,0,0,true,0,correct_route
SV,0.3,S1,2,34,distance,true,2.2871,true,7,1.9227,167.682,0.6,false,-15.936,unsafe_route
SV,0.3,S1,2,34,proposed_050,true,2.2871,true,7,2.2871,0,0,true,0,correct_route
SV,0.3,S1,2,34,proposed_mode,true,2.2871,true,7,2.2871,0,0,true,0,correct_route
SV,0.3,S1,2,34,an_080,true,2.2871,true,7,2.2871,0,0,true,0,correct_route
SV,0.3,S1,2,34,an_mode,true,2.2871,true,7,2.2871,0,0,true,0,correct_route
SV,0.3,S1,2,35,distance,true,3.6916,true,7,3.6916,0,0,true,0,correct_route
SV,0.3,S1,2,35,proposed_050,true,3.6916,true,7,3.6916,0,0,true,0,correct_route
SV,0.3,S1,2,35,proposed_mode,true,3.6916,true,7,3.6916,0,0,true,0,correct_route
SV,0.3,S1,2,35,an_080,true,3.6916,true,7,3.6916,0,0,true,0,correct_route
SV,0.3,S1,2,35,an_mode,true,3.6916,true,7,3.6916,0,0,true,0,correct_route
SV,0.3,S1,2,36,distance,true,4.9758,true,7,4.5516,352.833,0.6,false,-8.525,unsafe_route
SV,0.3,S1,2,36,proposed_050,true,4.9758,true,7,4.9758,0,0,true,0,correct_route
SV,0.3,S1,2,36,proposed_mode,true,4.9758,true,7,4.9758,0,0,true,0,correct_route
SV,0.3,S1,2,36,an_080,true,4.9758,true,7,4.9758,0,0,true,0,correct_route
SV,0.3,S1,2,36,an_mode,true,4.9758,true,7,4.9758,0,0,true,0,correct_route
SV,0.3,S1,2,37,distance,true,3.8372,true,7,3.7026,172.544,0.6,false,-3.509,unsafe_route
SV,0.3,S1,2,37,proposed_050,true,3.8372,true,7,3.8372,0,0,true,0,correct_route
SV,0.3,S1,2,37,proposed_mode,true,3.8372,true,7,3.8372,0,0,true,0,correct_route
SV,0.3,S1,2,37,an_080,true,3.8372,true,7,3.8372,0,0,true,0,correct_route
SV,0.3,S1,2,37,an_mode,true,3.8372,true,7,3.8372,0,0,true,0,correct_route
SV,0.3,S1,2,38,distance,true,5.2587,true,7,4.8669,167.682,0.6,false,-7.451,unsafe_route
SV,0.3,S1,2,38,proposed_050,true,5.2587,true,7,5.2587,0,0,true,0,correct_route
SV,0.3,S1,2,38,proposed_mode,true,5.2587,true,7,5.2587,0,0,true,0,correct_route
SV,0.3,S1,2,38,an_080,true,5.2587,true,7,5.2587,0,0,true,0,correct_route
SV,0.3,S1,2,38,an_mode,true,5.2587,true,7,5.2587,0,0,true,0,correct_route
SV,0.3,S1,2,39,distance,true,6.797,true,3,3.8945,197.173,0.6,false,-42.703,unsafe_route
SV,0.3,S1,2,39,proposed_050,true,6.797,true,5,6.797,0,0,true,0,correct_route
SV,0.3,S1,2,39,proposed_mode,true,6.797,true,5,6.797,0,0,true,0,correct_route
SV,0.3,S1,2,39,an_080,true,6.797,true,3,3.8945,197.173,0.6,false,-42.703,unsafe_route
SV,0.3,S1,2,39,an_mode,true,6.797,true,5,6.797,0,0,true,0,correct_route
SV,0.3,S1,2,40,distance,true,5.3931,true,3,4.2719,176.204,0.6,false,-20.79,unsafe_route
SV,0.3,S1,2,40,proposed_050,true,5.3931,true,5,5.3931,0,0,true,0,correct_route
SV,0.3,S1,2,40,proposed_mode,true,5.3931,true,5,5.3931,0,0,true,0,correct_route
SV,0.3,S1,2,40,an_080,true,5.3931,true,3,4.2719,176.204,0.6,false,-20.79,unsafe_route
SV,0.3,S1,2,40,an_mode,true,5.3931,true,5,5.3931,0,0,true,0,correct_route
LV,0.5,S1,2,1,distance,true,3.5648,true,9,3.5648,0,0,true,0,correct_route
LV,0.5,S1,2,1,proposed_050,true,3.5648,true,9,3.5648,0,0,true,0,correct_route
LV,0.5,S1,2,1,proposed_mode,true,3.5648,true,9,3.5648,0,0,true,0,correct_route
LV,0.5,S1,2,1,an_080,true,3.5648,true,9,3.5648,0,0,true,0,correct_route
LV,0.5,S1,2,1,an_mode,true,3.5648,true,9,3.5648,0,0,true,0,correct_route
LV,0.5,S1,2,2,distance,true,4.4419,true,4,4.4419,0,0,true,0,correct_route
LV,0.5,S1,2,2,proposed_050,true,4.4419,true,4,4.4419,0,0,true,0,correct_route
LV,0.5,S1,2,2,proposed_mode,true,4.4419,true,4,4.4419,0,0,true,0,correct_route
LV,0.5,S1,2,2,an_080,true,4.4419,true,4,4.4419,0,0,true,0,correct_route
LV,0.5,S1,2,2,an_mode,true,4.4419,true,4,4.4419,0,0,true,0,correct_route
LV,0.5,S1,2,3,distance,true,2.6507,true,9,2.6507,0,0,true,0,correct_route
LV,0.5,S1,2,3,proposed_050,true,2.6507,true,9,2.6507,0,0,true,0,correct_route
LV,0.5,S1,2,3,proposed_mode,true,2.6507,true,9,2.6507,0,0,true,0,correct_route
LV,0.5,S1,2,3,an_080,true,2.6507,true,9,2.6507,0,0,true,0,correct_route
LV,0.5,S1,2,3,an_mode,true,2.6507,true,9,2.6507,0,0,true,0,correct_route
LV,0.5,S1,2,4,distance,true,4.3464,true,4,4.3464,0,0,true,0,correct_route
LV,0.5,S1,2,4,proposed_050,true,4.3464,true,4,4.3464,0,0,true,0,correct_route
LV,0.5,S1,2,4,proposed_mode,true,4.3464,true,4,4.3464,0,0,true,0,correct_route
LV,0.5,S1,2,4,an_080,true,4.3464,true,4,4.3464,0,0,true,0,correct_route
LV,0.5,S1,2,4,an_mode,true,4.3464,true,4,4.3464,0,0,true,0,correct_route
LV,0.5,S1,2,5,distance,true,4.8013,true,4,4.4419,194.035,0.6,false,-7.485,unsafe_route
LV,0.5,S1,2,5,proposed_050,true,4.8013,true,4,4.8013,0,0,true,0,correct_route
LV,0.5,S1,2,5,proposed_mode,true,4.8013,true,4,4.8013,0,0,true,0,correct_route
LV,0.5,S1,2,5,an_080,true,4.8013,true,4,4.8013,0,0,true,0,correct_route
LV,0.5,S1,2,5,an_mode,true,4.8013,true,4,4.8013,0,0,true,0,correct_route
LV,0.5,S1,2,6,distance,true,0.7045,true,4,0.7045,0,0,true,0,correct_route
LV,0.5,S1,2,6,proposed_050,true,0.7045,true,4,0.7045,0,0,true,0,correct_route
LV,0.5,S1,2,6,proposed_mode,true,0.7045,true,4,0.7045,0,0,true,0,correct_route
LV,0.5,S1,2,6,an_080,true,0.7045,true,4,0.7045,0,0,true,0,correct_route
LV,0.5,S1,2,6,an_mode,true,0.7045,true,4,0.7045,0,0,true,0,correct_route
LV,0.5,S1,2,7,distance,true,2.9041,true,8,2.4584,373.834,0.6,false,-15.346,unsafe_route
LV,0.5,S1,2,7,proposed_050,true,2.9041,true,8,2.9041,0,0,true,0,correct_route
LV,0.5,S1,2,7,proposed_mode,true,2.9041,true,8,2.9041,0,0,true,0,correct_route
LV,0.5,S1,2,7,an_080,true,2.9041,true,8,2.9041,0,0,true,0,correct_route
LV,0.5,S1,2,7,an_mode,true,2.9041,true,8,2.9041,0,0,true,0,correct_route
LV,0.5,S1,2,8,distance,true,2.5061,true,4,2.2256,177.625,0.6,false,-11.193,unsafe_route
LV,0.5,S1,2,8,proposed_050,true,2.5061,true,4,2.5061,47.244,0.2,true,0,correct_route
LV,0.5,S1,2,8,proposed_mode,true,2.5061,true,4,2.5061,47.244,0.2,true,0,correct_route
LV,0.5,S1,2,8,an_080,true,2.5061,true,4,2.2256,177.625,0.6,false,-11.193,unsafe_route
LV,0.5,S1,2,8,an_mode,true,2.5061,true,4,2.5061,47.244,0.2,true,0,correct_route
LV,0.5,S1,2,9,distance,true,2.2269,true,8,2.2269,0,0,true,0,correct_route
LV,0.5,S1,2,9,proposed_050,true,2.2269,true,8,2.2269,0,0,true,0,correct_route
LV,0.5,S1,2,9,proposed_mode,true,2.2269,true,8,2.2269,0,0,true,0,correct_route
LV,0.5,S1,2,9,an_080,true,2.2269,true,8,2.2269,0,0,true,0,correct_route
LV,0.5,S1,2,9,an_mode,true,2.2269,true,8,2.2269,0,0,true,0,correct_route
LV,0.5,S1,2,10,distance,true,0.7573,true,9,0.7573,0,0,true,0,correct_route
LV,0.5,S1,2,10,proposed_050,true,0.7573,true,9,0.7573,0,0,true,0,correct_route
LV,0.5,S1,2,10,proposed_mode,true,0.7573,true,9,0.7573,0,0,true,0,correct_route
LV,0.5,S1,2,10,an_080,true,0.7573,true,9,0.7573,0,0,true,0,correct_route
LV,0.5,S1,2,10,an_mode,true,0.7573,true,9,0.7573,0,0,true,0,correct_route
LV,0.5,S1,2,11,distance,true,5.3575,true,4,5.077,177.625,0.6,false,-5.236,unsafe_route
LV,0.5,S1,2,11,proposed_050,true,5.3575,true,4,5.3575,47.244,0.2,true,0,correct_route
LV,0.5,S1,2,11,proposed_mode,true,5.3575,true,4,5.3575,47.244,0.2,true,0,correct_route
LV,0.5,S1,2,11,an_080,true,5.3575,true,4,5.077,177.625,0.6,false,-5.236,unsafe_route
LV,0.5,S1,2,11,an_mode,true,5.3575,true,4,5.3575,47.244,0.2,true,0,correct_route
LV,0.5,S1,2,12,distance,true,5.3842,true,8,4.8102,365.105,0.6,false,-10.66,unsafe_route
LV,0.5,S1,2,12,proposed_050,true,5.3842,true,8,5.417,21.511,0.2,true,0.61,correct_route
LV,0.5,S1,2,12,proposed_mode,true,5.3842,true,8,5.417,21.511,0.2,true,0.61,correct_route
LV,0.5,S1,2,12,an_080,true,5.3842,true,8,5.417,21.511,0.2,true,0.61,correct_route
LV,0.5,S1,2,12,an_mode,true,5.3842,true,8,5.417,21.511,0.2,true,0.61,correct_route
LV,0.5,S1,2,13,distance,true,5.3483,true,4,5.3483,47.244,0.2,true,0,correct_route
LV,0.5,S1,2,13,proposed_050,true,5.3483,true,4,5.5532,0,0,true,3.83,correct_route
LV,0.5,S1,2,13,proposed_mode,true,5.3483,true,4,5.5532,0,0,true,3.83,correct_route
LV,0.5,S1,2,13,an_080,true,5.3483,true,4,5.5532,0,0,true,3.83,correct_route
LV,0.5,S1,2,13,an_mode,true,5.3483,true,4,5.5532,0,0,true,3.83,correct_route
LV,0.5,S1,2,14,distance,true,2.2619,true,4,2.2619,0,0,true,0,correct_route
LV,0.5,S1,2,14,proposed_050,true,2.2619,true,4,2.2619,0,0,true,0,correct_route
LV,0.5,S1,2,14,proposed_mode,true,2.2619,true,4,2.2619,0,0,true,0,correct_route
LV,0.5,S1,2,14,an_080,true,2.2619,true,4,2.2619,0,0,true,0,correct_route
LV,0.5,S1,2,14,an_mode,true,2.2619,true,4,2.2619,0,0,true,0,correct_route
LV,0.5,S1,2,15,distance,true,3.7294,true,4,3.7294,47.244,0.2,true,0,correct_route
LV,0.5,S1,2,15,proposed_050,true,3.7294,true,4,3.9342,0,0,true,5.492,correct_route
LV,0.5,S1,2,15,proposed_mode,true,3.7294,true,4,3.9342,0,0,true,5.492,correct_route
LV,0.5,S1,2,15,an_080,true,3.7294,true,4,3.9342,0,0,true,5.492,correct_route
LV,0.5,S1,2,15,an_mode,true,3.7294,true,4,3.9342,0,0,true,5.492,correct_route
LV,0.5,S1,2,16,distance,true,1.4535,true,8,1.4535,0,0,true,0,correct_route
LV,0.5,S1,2,16,proposed_050,true,1.4535,true,8,1.4535,0,0,true,0,correct_route
LV,0.5,S1,2,16,proposed_mode,true,1.4535,true,8,1.4535,0,0,true,0,correct_route
LV,0.5,S1,2,16,an_080,true,1.4535,true,8,1.4535,0,0,true,0,correct_route
LV,0.5,S1,2,16,an_mode,true,1.4535,true,8,1.4535,0,0,true,0,correct_route
LV,0.5,S1,2,17,distance,true,4.44,true,8,4.4279,365.105,0.6,false,-0.274,unsafe_route
LV,0.5,S1,2,17,proposed_050,true,4.44,true,5,4.44,0,0,true,0,correct_route
LV,0.5,S1,2,17,proposed_mode,true,4.44,true,5,4.44,0,0,true,0,correct_route
LV,0.5,S1,2,17,an_080,true,4.44,true,5,4.44,0,0,true,0,correct_route
LV,0.5,S1,2,17,an_mode,true,4.44,true,5,4.44,0,0,true,0,correct_route
LV,0.5,S1,2,18,distance,true,2.343,true,8,2.343,21.511,0.2,true,0,correct_route
LV,0.5,S1,2,18,proposed_050,true,2.343,true,8,2.343,21.511,0.2,true,0,correct_route
LV,0.5,S1,2,18,proposed_mode,true,2.343,true,8,2.343,21.511,0.2,true,0,correct_route
LV,0.5,S1,2,18,an_080,true,2.343,true,8,2.343,21.511,0.2,true,0,correct_route
LV,0.5,S1,2,18,an_mode,true,2.343,true,8,2.343,21.511,0.2,true,0,correct_route
LV,0.5,S1,2,19,distance,true,2.0721,true,8,2.0721,0,0,true,0,correct_route
LV,0.5,S1,2,19,proposed_050,true,2.0721,true,8,2.0721,0,0,true,0,correct_route
LV,0.5,S1,2,19,proposed_mode,true,2.0721,true,8,2.0721,0,0,true,0,correct_route
LV,0.5,S1,2,19,an_080,true,2.0721,true,8,2.0721,0,0,true,0,correct_route
LV,0.5,S1,2,19,an_mode,true,2.0721,true,8,2.0721,0,0,true,0,correct_route
LV,0.5,S1,2,20,distance,true,8.5508,true,7,8.4103,345.025,0.6,false,-1.643,unsafe_route
LV,0.5,S1,2,20,proposed_050,true,8.5508,true,7,8.5508,0,0,true,0,correct_route
LV,0.5,S1,2,20,proposed_mode,true,8.5508,true,7,8.5508,0,0,true,0,correct_route
LV,0.5,S1,2,20,an_080,true,8.5508,true,7,8.5508,0,0,true,0,correct_route
LV,0.5,S1,2,20,an_mode,true,8.5508,true,7,8.5508,0,0,true,0,correct_route
LV,0.5,S1,2,21,distance,true,1.5022,true,7,1.5022,0,0,true,0,correct_route
LV,0.5,S1,2,21,proposed_050,true,1.5022,true,7,1.5022,0,0,true,0,correct_route
LV,0.5,S1,2,21,proposed_mode,true,1.5022,true,7,1.5022,0,0,true,0,correct_route
LV,0.5,S1,2,21,an_080,true,1.5022,true,7,1.5022,0,0,true,0,correct_route
LV,0.5,S1,2,21,an_mode,true,1.5022,true,7,1.5022,0,0,true,0,correct_route
LV,0.5,S1,2,22,distance,true,2.2373,true,7,2.2373,0,0,true,0,correct_route
LV,0.5,S1,2,22,proposed_050,true,2.2373,true,7,2.2373,0,0,true,0,correct_route
LV,0.5,S1,2,22,proposed_mode,true,2.2373,true,7,2.2373,0,0,true,0,correct_route
LV,0.5,S1,2,22,an_080,true,2.2373,true,7,2.2373,0,0,true,0,correct_route
LV,0.5,S1,2,22,an_mode,true,2.2373,true,7,2.2373,0,0,true,0,correct_route
LV,0.5,S1,2,23,distance,true,5.8541,true,7,5.7136,345.025,0.6,false,-2.4,unsafe_route
LV,0.5,S1,2,23,proposed_050,true,5.8541,true,7,5.8541,0,0,true,0,correct_route
LV,0.5,S1,2,23,proposed_mode,true,5.8541,true,7,5.8541,0,0,true,0,correct_route
LV,0.5,S1,2,23,an_080,true,5.8541,true,7,5.8541,0,0,true,0,correct_route
LV,0.5,S1,2,23,an_mode,true,5.8541,true,7,5.8541,0,0,true,0,correct_route
LV,0.5,S1,2,24,distance,true,4.4108,true,7,3.7965,345.025,0.6,false,-13.926,unsafe_route
LV,0.5,S1,2,24,proposed_050,true,4.4108,true,7,4.4108,0,0,true,0,correct_route
LV,0.5,S1,2,24,proposed_mode,true,4.4108,true,7,4.4108,0,0,true,0,correct_route
LV,0.5,S1,2,24,an_080,true,4.4108,true,7,4.4108,0,0,true,0,correct_route
LV,0.5,S1,2,24,an_mode,true,4.4108,true,7,4.4108,0,0,true,0,correct_route
LV,0.5,S1,2,25,distance,true,2.019,true,5,2.019,0,0,true,0,correct_route
LV,0.5,S1,2,25,proposed_050,true,2.019,true,5,2.019,0,0,true,0,correct_route
LV,0.5,S1,2,25,proposed_mode,true,2.019,true,5,2.019,0,0,true,0,correct_route
LV,0.5,S1,2,25,an_080,true,2.019,true,5,2.019,0,0,true,0,correct_route
LV,0.5,S1,2,25,an_mode,true,2.019,true,5,2.019,0,0,true,0,correct_route
LV,0.5,S1,2,26,distance,true,1.0687,true,5,1.0687,0,0,true,0,correct_route
LV,0.5,S1,2,26,proposed_050,true,1.0687,true,5,1.0687,0,0,true,0,correct_route
LV,0.5,S1,2,26,proposed_mode,true,1.0687,true,5,1.0687,0,0,true,0,correct_route
LV,0.5,S1,2,26,an_080,true,1.0687,true,5,1.0687,0,0,true,0,correct_route
LV,0.5,S1,2,26,an_mode,true,1.0687,true,5,1.0687,0,0,true,0,correct_route
LV,0.5,S1,2,27,distance,true,2.8807,true,3,2.187,207.278,0.6,false,-24.079,unsafe_route
LV,0.5,S1,2,27,proposed_050,true,2.8807,true,5,2.8807,0,0,true,0,correct_route
LV,0.5,S1,2,27,proposed_mode,true,2.8807,true,5,2.8807,0,0,true,0,correct_route
LV,0.5,S1,2,27,an_080,true,2.8807,true,3,2.2093,198.437,0.6,false,-23.307,unsafe_route
LV,0.5,S1,2,27,an_mode,true,2.8807,true,5,2.8807,0,0,true,0,correct_route
LV,0.5,S1,2,28,distance,true,3.6245,true,7,3.3577,167.682,0.6,false,-7.36,unsafe_route
LV,0.5,S1,2,28,proposed_050,true,3.6245,true,7,3.6245,0,0,true,0,correct_route
LV,0.5,S1,2,28,proposed_mode,true,3.6245,true,7,3.6245,0,0,true,0,correct_route
LV,0.5,S1,2,28,an_080,true,3.6245,true,7,3.6245,0,0,true,0,correct_route
LV,0.5,S1,2,28,an_mode,true,3.6245,true,7,3.6245,0,0,true,0,correct_route
LV,0.5,S1,2,29,distance,true,6.0363,true,7,5.5354,352.833,0.6,false,-8.299,unsafe_route
LV,0.5,S1,2,29,proposed_050,true,6.0363,true,7,6.0363,0,0,true,0,correct_route
LV,0.5,S1,2,29,proposed_mode,true,6.0363,true,7,6.0363,0,0,true,0,correct_route
LV,0.5,S1,2,29,an_080,true,6.0363,true,7,6.0363,0,0,true,0,correct_route
LV,0.5,S1,2,29,an_mode,true,6.0363,true,7,6.0363,0,0,true,0,correct_route
LV,0.5,S1,2,30,distance,true,3.5991,true,3,2.6793,176.204,0.6,false,-25.555,unsafe_route
LV,0.5,S1,2,30,proposed_050,true,3.5991,true,5,3.5991,0,0,true,0,correct_route
LV,0.5,S1,2,30,proposed_mode,true,3.5991,true,5,3.5991,0,0,true,0,correct_route
LV,0.5,S1,2,30,an_080,true,3.5991,true,3,2.6793,176.204,0.6,false,-25.555,unsafe_route
LV,0.5,S1,2,30,an_mode,true,3.5991,true,5,3.5991,0,0,true,0,correct_route
LV,0.5,S1,2,31,distance,true,4.0185,true,7,3.5175,352.833,0.6,false,-12.466,unsafe_route
LV,0.5,S1,2,31,proposed_050,true,4.0185,true,7,4.0185,0,0,true,0,correct_route
LV,0.5,S1,2,31,proposed_mode,true,4.0185,true,7,4.0185,0,0,true,0,correct_route
LV,0.5,S1,2,31,an_080,true,4.0185,true,7,4.0185,0,0,true,0,correct_route
LV,0.5,S1,2,31,an_mode,true,4.0185,true,7,4.0185,0,0,true,0,correct_route
LV,0.5,S1,2,32,distance,true,4.5892,true,3,1.5916,197.173,0.6,false,-65.32,unsafe_route
LV,0.5,S1,2,32,proposed_050,true,4.5892,true,5,4.5892,0,0,true,0,correct_route
LV,0.5,S1,2,32,proposed_mode,true,4.5892,true,5,4.5892,0,0,true,0,correct_route
LV,0.5,S1,2,32,an_080,true,4.5892,true,3,1.5916,197.173,0.6,false,-65.32,unsafe_route
LV,0.5,S1,2,32,an_mode,true,4.5892,true,5,4.5892,0,0,true,0,correct_route
LV,0.5,S1,2,33,distance,true,2.3876,true,7,2.2529,172.544,0.6,false,-5.64,unsafe_route
LV,0.5,S1,2,33,proposed_050,true,2.3876,true,7,2.3876,0,0,true,0,correct_route
LV,0.5,S1,2,33,proposed_mode,true,2.3876,true,7,2.3876,0,0,true,0,correct_route
LV,0.5,S1,2,33,an_080,true,2.3876,true,7,2.3876,0,0,true,0,correct_route
LV,0.5,S1,2,33,an_mode,true,2.3876,true,7,2.3876,0,0,true,0,correct_route
LV,0.5,S1,2,34,distance,true,2.2871,true,7,1.9227,167.682,0.6,false,-15.936,unsafe_route
LV,0.5,S1,2,34,proposed_050,true,2.2871,true,7,2.2871,0,0,true,0,correct_route
LV,0.5,S1,2,34,proposed_mode,true,2.2871,true,7,2.2871,0,0,true,0,correct_route
LV,0.5,S1,2,34,an_080,true,2.2871,true,7,2.2871,0,0,true,0,correct_route
LV,0.5,S1,2,34,an_mode,true,2.2871,true,7,2.2871,0,0,true,0,correct_route
LV,0.5,S1,2,35,distance,true,3.6916,true,7,3.6916,0,0,true,0,correct_route
LV,0.5,S1,2,35,proposed_050,true,3.6916,true,7,3.6916,0,0,true,0,correct_route
LV,0.5,S1,2,35,proposed_mode,true,3.6916,true,7,3.6916,0,0,true,0,correct_route
LV,0.5,S1,2,35,an_080,true,3.6916,true,7,3.6916,0,0,true,0,correct_route
LV,0.5,S1,2,35,an_mode,true,3.6916,true,7,3.6916,0,0,true,0,correct_route
LV,0.5,S1,2,36,distance,true,4.9758,true,7,4.5516,352.833,0.6,false,-8.525,unsafe_route
LV,0.5,S1,2,36,proposed_050,true,4.9758,true,7,4.9758,0,0,true,0,correct_route
LV,0.5,S1,2,36,proposed_mode,true,4.9758,true,7,4.9758,0,0,true,0,correct_route
LV,0.5,S1,2,36,an_080,true,4.9758,true,7,4.9758,0,0,true,0,correct_route
LV,0.5,S1,2,36,an_mode,true,4.9758,true,7,4.9758,0,0,true,0,correct_route
LV,0.5,S1,2,37,distance,true,3.8372,true,7,3.7026,172.544,0.6,false,-3.509,unsafe_route
LV,0.5,S1,2,37,proposed_050,true,3.8372,true,7,3.8372,0,0,true,0,correct_route
LV,0.5,S1,2,37,proposed_mode,true,3.8372,true,7,3.8372,0,0,true,0,correct_route
LV,0.5,S1,2,37,an_080,true,3.8372,true,7,3.8372,0,0,true,0,correct_route
LV,0.5,S1,2,37,an_mode,true,3.8372,true,7,3.8372,0,0,true,0,correct_route
LV,0.5,S1,2,38,distance,true,5.2587,true,7,4.8669,167.682,0.6,false,-7.451,unsafe_route
LV,0.5,S1,2,38,proposed_050,true,5.2587,true,7,5.2587,0,0,true,0,correct_route
LV,0.5,S1,2,38,proposed_mode,true,5.2587,true,7,5.2587,0,0,true,0,correct_route
LV,0.5,S1,2,38,an_080,true,5.2587,true,7,5.2587,0,0,true,0,correct_route
LV,0.5,S1,2,38,an_mode,true,5.2587,true,7,5.2587,0,0,true,0,correct_route
LV,0.5,S1,2,39,distance,true,6.797,true,3,3.8945,197.173,0.6,false,-42.703,unsafe_route
LV,0.5,S1,2,39,proposed_050,true,6.797,true,5,6.797,0,0,true,0,correct_route
LV,0.5,S1,2,39,proposed_mode,true,6.797,true,5,6.797,0,0,true,0,correct_route
LV,0.5,S1,2,39,an_080,true,6.797,true,3,3.8945,197.173,0.6,false,-42.703,unsafe_route
LV,0.5,S1,2,39,an_mode,true,6.797,true,5,6.797,0,0,true,0,correct_route
LV,0.5,S1,2,40,distance,true,5.3931,true,3,4.2719,176.204,0.6,false,-20.79,unsafe_route
LV,0.5,S1,2,40,proposed_050,true,5.3931,true,5,5.3931,0,0,true,0,correct_route
LV,0.5,S1,2,40,proposed_mode,true,5.3931,true,5,5.3931,0,0,true,0,correct_route
LV,0.5,S1,2,40,an_080,true,5.3931,true,3,4.2719,176.204,0.6,false,-20.79,unsafe_route
LV,0.5,S1,2,40,an_mode,true,5.3931,true,5,5.3931,0,0,true,0,correct_route
AD,1.2,S1,2,1,distance,true,3.5648,true,9,3.5648,0,0,true,0,correct_route
AD,1.2,S1,2,1,proposed_050,true,3.5648,true,9,3.5648,0,0,true,0,correct_route
AD,1.2,S1,2,1,proposed_mode,true,3.5648,true,9,3.5648,0,0,true,0,correct_route
AD,1.2,S1,2,1,an_080,true,3.5648,true,9,3.5648,0,0,true,0,correct_route
AD,1.2,S1,2,1,an_mode,true,3.5648,true,9,3.5648,0,0,true,0,correct_route
AD,1.2,S1,2,2,distance,true,4.4419,true,4,4.4419,0,0,true,0,correct_route
AD,1.2,S1,2,2,proposed_050,true,4.4419,true,4,4.4419,0,0,true,0,correct_route
AD,1.2,S1,2,2,proposed_mode,true,4.4419,true,4,4.4419,0,0,true,0,correct_route
AD,1.2,S1,2,2,an_080,true,4.4419,true,4,4.4419,0,0,true,0,correct_route
AD,1.2,S1,2,2,an_mode,true,4.4419,true,4,4.4419,0,0,true,0,correct_route
AD,1.2,S1,2,3,distance,true,2.6507,true,9,2.6507,0,0,true,0,correct_route
AD,1.2,S1,2,3,proposed_050,true,2.6507,true,9,2.6507,0,0,true,0,correct_route
AD,1.2,S1,2,3,proposed_mode,true,2.6507,true,9,2.6507,0,0,true,0,correct_route
AD,1.2,S1,2,3,an_080,true,2.6507,true,9,2.6507,0,0,true,0,correct_route
AD,1.2,S1,2,3,an_mode,true,2.6507,true,9,2.6507,0,0,true,0,correct_route
AD,1.2,S1,2,4,distance,true,4.3464,true,4,4.3464,0,0,true,0,correct_route
AD,1.2,S1,2,4,proposed_050,true,4.3464,true,4,4.3464,0,0,true,0,correct_route
AD,1.2,S1,2,4,proposed_mode,true,4.3464,true,4,4.3464,0,0,true,0,correct_route
AD,1.2,S1,2,4,an_080,true,4.3464,true,4,4.3464,0,0,true,0,correct_route
AD,1.2,S1,2,4,an_mode,true,4.3464,true,4,4.3464,0,0,true,0,correct_route
AD,1.2,S1,2,5,distance,true,4.4419,true,4,4.4419,194.035,0.6,true,0,correct_route
AD,1.2,S1,2,5,proposed_050,true,4.4419,true,4,4.8013,0,0,true,8.091,correct_route
AD,1.2,S1,2,5,proposed_mode,true,4.4419,true,4,4.8013,0,0,true,8.091,correct_route
AD,1.2,S1,2,5,an_080,true,4.4419,true,4,4.8013,0,0,true,8.091,correct_route
AD,1.2,S1,2,5,an_mode,true,4.4419,true,4,4.8013,0,0,true,8.091,correct_route
AD,1.2,S1,2,6,distance,true,0.7045,true,4,0.7045,0,0,true,0,correct_route
AD,1.2,S1,2,6,proposed_050,true,0.7045,true,4,0.7045,0,0,true,0,correct_route
AD,1.2,S1,2,6,proposed_mode,true,0.7045,true,4,0.7045,0,0,true,0,correct_route
AD,1.2,S1,2,6,an_080,true,0.7045,true,4,0.7045,0,0,true,0,correct_route
AD,1.2,S1,2,6,an_mode,true,0.7045,true,4,0.7045,0,0,true,0,correct_route
AD,1.2,S1,2,7,distance,true,2.4584,true,8,2.4584,373.834,0.6,true,0,correct_route
AD,1.2,S1,2,7,proposed_050,true,2.4584,true,8,2.9041,0,0,true,18.128,correct_route
AD,1.2,S1,2,7,proposed_mode,true,2.4584,true,8,2.9041,0,0,true,18.128,correct_route
AD,1.2,S1,2,7,an_080,true,2.4584,true,8,2.9041,0,0,true,18.128,correct_route
AD,1.2,S1,2,7,an_mode,true,2.4584,true,8,2.9041,0,0,true,18.128,correct_route
AD,1.2,S1,2,8,distance,true,2.2256,true,4,2.2256,177.625,0.6,true,0,correct_route
AD,1.2,S1,2,8,proposed_050,true,2.2256,true,4,2.5061,47.244,0.2,true,12.604,correct_route
AD,1.2,S1,2,8,proposed_mode,true,2.2256,true,4,2.5061,47.244,0.2,true,12.604,correct_route
AD,1.2,S1,2,8,an_080,true,2.2256,true,4,2.2256,177.625,0.6,true,0,correct_route
AD,1.2,S1,2,8,an_mode,true,2.2256,true,4,2.2256,177.625,0.6,true,0,correct_route
AD,1.2,S1,2,9,distance,true,2.2269,true,8,2.2269,0,0,true,0,correct_route
AD,1.2,S1,2,9,proposed_050,true,2.2269,true,8,2.2269,0,0,true,0,correct_route
AD,1.2,S1,2,9,proposed_mode,true,2.2269,true,8,2.2269,0,0,true,0,correct_route
AD,1.2,S1,2,9,an_080,true,2.2269,true,8,2.2269,0,0,true,0,correct_route
AD,1.2,S1,2,9,an_mode,true,2.2269,true,8,2.2269,0,0,true,0,correct_route
AD,1.2,S1,2,10,distance,true,0.7573,true,9,0.7573,0,0,true,0,correct_route
AD,1.2,S1,2,10,proposed_050,true,0.7573,true,9,0.7573,0,0,true,0,correct_route
AD,1.2,S1,2,10,proposed_mode,true,0.7573,true,9,0.7573,0,0,true,0,correct_route
AD,1.2,S1,2,10,an_080,true,0.7573,true,9,0.7573,0,0,true,0,correct_route
AD,1.2,S1,2,10,an_mode,true,0.7573,true,9,0.7573,0,0,true,0,correct_route
AD,1.2,S1,2,11,distance,true,5.077,true,4,5.077,177.625,0.6,true,0,correct_route
AD,1.2,S1,2,11,proposed_050,true,5.077,true,4,5.3575,47.244,0.2,true,5.525,correct_route
AD,1.2,S1,2,11,proposed_mode,true,5.077,true,4,5.3575,47.244,0.2,true,5.525,correct_route
AD,1.2,S1,2,11,an_080,true,5.077,true,4,5.077,177.625,0.6,true,0,correct_route
AD,1.2,S1,2,11,an_mode,true,5.077,true,4,5.077,177.625,0.6,true,0,correct_route
AD,1.2,S1,2,12,distance,true,4.8102,true,8,4.8102,365.105,0.6,true,0,correct_route
AD,1.2,S1,2,12,proposed_050,true,4.8102,true,8,5.417,21.511,0.2,true,12.615,correct_route
AD,1.2,S1,2,12,proposed_mode,true,4.8102,true,8,5.417,21.511,0.2,true,12.615,correct_route
AD,1.2,S1,2,12,an_080,true,4.8102,true,8,5.417,21.511,0.2,true,12.615,correct_route
AD,1.2,S1,2,12,an_mode,true,4.8102,true,8,5.417,21.511,0.2,true,12.615,correct_route
AD,1.2,S1,2,13,distance,true,5.3483,true,4,5.3483,47.244,0.2,true,0,correct_route
AD,1.2,S1,2,13,proposed_050,true,5.3483,true,4,5.5532,0,0,true,3.83,correct_route
AD,1.2,S1,2,13,proposed_mode,true,5.3483,true,4,5.5532,0,0,true,3.83,correct_route
AD,1.2,S1,2,13,an_080,true,5.3483,true,4,5.5532,0,0,true,3.83,correct_route
AD,1.2,S1,2,13,an_mode,true,5.3483,true,4,5.5532,0,0,true,3.83,correct_route
AD,1.2,S1,2,14,distance,true,2.2619,true,4,2.2619,0,0,true,0,correct_route
AD,1.2,S1,2,14,proposed_050,true,2.2619,true,4,2.2619,0,0,true,0,correct_route
AD,1.2,S1,2,14,proposed_mode,true,2.2619,true,4,2.2619,0,0,true,0,correct_route
AD,1.2,S1,2,14,an_080,true,2.2619,true,4,2.2619,0,0,true,0,correct_route
AD,1.2,S1,2,14,an_mode,true,2.2619,true,4,2.2619,0,0,true,0,correct_route
AD,1.2,S1,2,15,distance,true,3.7294,true,4,3.7294,47.244,0.2,true,0,correct_route
AD,1.2,S1,2,15,proposed_050,true,3.7294,true,4,3.9342,0,0,true,5.492,correct_route
AD,1.2,S1,2,15,proposed_mode,true,3.7294,true,4,3.9342,0,0,true,5.492,correct_route
AD,1.2,S1,2,15,an_080,true,3.7294,true,4,3.9342,0,0,true,5.492,correct_route
AD,1.2,S1,2,15,an_mode,true,3.7294,true,4,3.9342,0,0,true,5.492,correct_route
AD,1.2,S1,2,16,distance,true,1.4535,true,8,1.4535,0,0,true,0,correct_route
AD,1.2,S1,2,16,proposed_050,true,1.4535,true,8,1.4535,0,0,true,0,correct_route
AD,1.2,S1,2,16,proposed_mode,true,1.4535,true,8,1.4535,0,0,true,0,correct_route
AD,1.2,S1,2,16,an_080,true,1.4535,true,8,1.4535,0,0,true,0,correct_route
AD,1.2,S1,2,16,an_mode,true,1.4535,true,8,1.4535,0,0,true,0,correct_route
AD,1.2,S1,2,17,distance,true,4.4279,true,8,4.4279,365.105,0.6,true,0,correct_route
AD,1.2,S1,2,17,proposed_050,true,4.4279,true,5,4.44,0,0,true,0.275,correct_route
AD,1.2,S1,2,17,proposed_mode,true,4.4279,true,5,4.44,0,0,true,0.275,correct_route
AD,1.2,S1,2,17,an_080,true,4.4279,true,5,4.44,0,0,true,0.275,correct_route
AD,1.2,S1,2,17,an_mode,true,4.4279,true,5,4.44,0,0,true,0.275,correct_route
AD,1.2,S1,2,18,distance,true,2.343,true,8,2.343,21.511,0.2,true,0,correct_route
AD,1.2,S1,2,18,proposed_050,true,2.343,true,8,2.343,21.511,0.2,true,0,correct_route
AD,1.2,S1,2,18,proposed_mode,true,2.343,true,8,2.343,21.511,0.2,true,0,correct_route
AD,1.2,S1,2,18,an_080,true,2.343,true,8,2.343,21.511,0.2,true,0,correct_route
AD,1.2,S1,2,18,an_mode,true,2.343,true,8,2.343,21.511,0.2,true,0,correct_route
AD,1.2,S1,2,19,distance,true,2.0721,true,8,2.0721,0,0,true,0,correct_route
AD,1.2,S1,2,19,proposed_050,true,2.0721,true,8,2.0721,0,0,true,0,correct_route
AD,1.2,S1,2,19,proposed_mode,true,2.0721,true,8,2.0721,0,0,true,0,correct_route
AD,1.2,S1,2,19,an_080,true,2.0721,true,8,2.0721,0,0,true,0,correct_route
AD,1.2,S1,2,19,an_mode,true,2.0721,true,8,2.0721,0,0,true,0,correct_route
AD,1.2,S1,2,20,distance,true,8.4103,true,7,8.4103,345.025,0.6,true,0,correct_route
AD,1.2,S1,2,20,proposed_050,true,8.4103,true,7,8.5508,0,0,true,1.671,correct_route
AD,1.2,S1,2,20,proposed_mode,true,8.4103,true,7,8.5508,0,0,true,1.671,correct_route
AD,1.2,S1,2,20,an_080,true,8.4103,true,7,8.5508,0,0,true,1.671,correct_route
AD,1.2,S1,2,20,an_mode,true,8.4103,true,7,8.5508,0,0,true,1.671,correct_route
AD,1.2,S1,2,21,distance,true,1.5022,true,7,1.5022,0,0,true,0,correct_route
AD,1.2,S1,2,21,proposed_050,true,1.5022,true,7,1.5022,0,0,true,0,correct_route
AD,1.2,S1,2,21,proposed_mode,true,1.5022,true,7,1.5022,0,0,true,0,correct_route
AD,1.2,S1,2,21,an_080,true,1.5022,true,7,1.5022,0,0,true,0,correct_route
AD,1.2,S1,2,21,an_mode,true,1.5022,true,7,1.5022,0,0,true,0,correct_route
AD,1.2,S1,2,22,distance,true,2.2373,true,7,2.2373,0,0,true,0,correct_route
AD,1.2,S1,2,22,proposed_050,true,2.2373,true,7,2.2373,0,0,true,0,correct_route
AD,1.2,S1,2,22,proposed_mode,true,2.2373,true,7,2.2373,0,0,true,0,correct_route
AD,1.2,S1,2,22,an_080,true,2.2373,true,7,2.2373,0,0,true,0,correct_route
AD,1.2,S1,2,22,an_mode,true,2.2373,true,7,2.2373,0,0,true,0,correct_route
AD,1.2,S1,2,23,distance,true,5.7136,true,7,5.7136,345.025,0.6,true,0,correct_route
AD,1.2,S1,2,23,proposed_050,true,5.7136,true,7,5.8541,0,0,true,2.459,correct_route
AD,1.2,S1,2,23,proposed_mode,true,5.7136,true,7,5.8541,0,0,true,2.459,correct_route
AD,1.2,S1,2,23,an_080,true,5.7136,true,7,5.8541,0,0,true,2.459,correct_route
AD,1.2,S1,2,23,an_mode,true,5.7136,true,7,5.8541,0,0,true,2.459,correct_route
AD,1.2,S1,2,24,distance,true,3.7965,true,7,3.7965,345.025,0.6,true,0,correct_route
AD,1.2,S1,2,24,proposed_050,true,3.7965,true,7,4.4108,0,0,true,16.179,correct_route
AD,1.2,S1,2,24,proposed_mode,true,3.7965,true,7,4.4108,0,0,true,16.179,correct_route
AD,1.2,S1,2,24,an_080,true,3.7965,true,7,4.4108,0,0,true,16.179,correct_route
AD,1.2,S1,2,24,an_mode,true,3.7965,true,7,4.4108,0,0,true,16.179,correct_route
AD,1.2,S1,2,25,distance,true,2.019,true,5,2.019,0,0,true,0,correct_route
AD,1.2,S1,2,25,proposed_050,true,2.019,true,5,2.019,0,0,true,0,correct_route
AD,1.2,S1,2,25,proposed_mode,true,2.019,true,5,2.019,0,0,true,0,correct_route
AD,1.2,S1,2,25,an_080,true,2.019,true,5,2.019,0,0,true,0,correct_route
AD,1.2,S1,2,25,an_mode,true,2.019,true,5,2.019,0,0,true,0,correct_route
AD,1.2,S1,2,26,distance,true,1.0687,true,5,1.0687,0,0,true,0,correct_route
AD,1.2,S1,2,26,proposed_050,true,1.0687,true,5,1.0687,0,0,true,0,correct_route
AD,1.2,S1,2,26,proposed_mode,true,1.0687,true,5,1.0687,0,0,true,0,correct_route
AD,1.2,S1,2,26,an_080,true,1.0687,true,5,1.0687,0,0,true,0,correct_route
AD,1.2,S1,2,26,an_mode,true,1.0687,true,5,1.0687,0,0,true,0,correct_route
AD,1.2,S1,2,27,distance,true,2.187,true,3,2.187,207.278,0.6,true,0,correct_route
AD,1.2,S1,2,27,proposed_050,true,2.187,true,5,2.8807,0,0,true,31.716,correct_route
AD,1.2,S1,2,27,proposed_mode,true,2.187,true,5,2.8807,0,0,true,31.716,correct_route
AD,1.2,S1,2,27,an_080,true,2.187,true,3,2.2093,198.437,0.6,true,1.017,correct_route
AD,1.2,S1,2,27,an_mode,true,2.187,true,3,2.2093,198.437,0.6,true,1.017,correct_route
AD,1.2,S1,2,28,distance,true,3.3577,true,7,3.3577,167.682,0.6,true,0,correct_route
AD,1.2,S1,2,28,proposed_050,true,3.3577,true,7,3.6245,0,0,true,7.944,correct_route
AD,1.2,S1,2,28,proposed_mode,true,3.3577,true,7,3.6245,0,0,true,7.944,correct_route
AD,1.2,S1,2,28,an_080,true,3.3577,true,7,3.6245,0,0,true,7.944,correct_route
AD,1.2,S1,2,28,an_mode,true,3.3577,true,7,3.6245,0,0,true,7.944,correct_route
AD,1.2,S1,2,29,distance,true,5.5354,true,7,5.5354,352.833,0.6,true,0,correct_route
AD,1.2,S1,2,29,proposed_050,true,5.5354,true,7,6.0363,0,0,true,9.05,correct_route
AD,1.2,S1,2,29,proposed_mode,true,5.5354,true,7,6.0363,0,0,true,9.05,correct_route
AD,1.2,S1,2,29,an_080,true,5.5354,true,7,6.0363,0,0,true,9.05,correct_route
AD,1.2,S1,2,29,an_mode,true,5.5354,true,7,6.0363,0,0,true,9.05,correct_route
AD,1.2,S1,2,30,distance,true,2.6793,true,3,2.6793,176.204,0.6,true,0,correct_route
AD,1.2,S1,2,30,proposed_050,true,2.6793,true,5,3.5991,0,0,true,34.328,correct_route
AD,1.2,S1,2,30,proposed_mode,true,2.6793,true,5,3.5991,0,0,true,34.328,correct_route
AD,1.2,S1,2,30,an_080,true,2.6793,true,3,2.6793,176.204,0.6,true,0,correct_route
AD,1.2,S1,2,30,an_mode,true,2.6793,true,3,2.6793,176.204,0.6,true,0,correct_route
AD,1.2,S1,2,31,distance,true,3.5175,true,7,3.5175,352.833,0.6,true,0,correct_route
AD,1.2,S1,2,31,proposed_050,true,3.5175,true,7,4.0185,0,0,true,14.242,correct_route
AD,1.2,S1,2,31,proposed_mode,true,3.5175,true,7,4.0185,0,0,true,14.242,correct_route
AD,1.2,S1,2,31,an_080,true,3.5175,true,7,4.0185,0,0,true,14.242,correct_route
AD,1.2,S1,2,31,an_mode,true,3.5175,true,7,4.0185,0,0,true,14.242,correct_route
AD,1.2,S1,2,32,distance,true,1.5916,true,3,1.5916,197.173,0.6,true,0,correct_route
AD,1.2,S1,2,32,proposed_050,true,1.5916,true,5,4.5892,0,0,true,188.348,correct_route
AD,1.2,S1,2,32,proposed_mode,true,1.5916,true,5,4.5892,0,0,true,188.348,correct_route
AD,1.2,S1,2,32,an_080,true,1.5916,true,3,1.5916,197.173,0.6,true,0,correct_route
AD,1.2,S1,2,32,an_mode,true,1.5916,true,3,1.5916,197.173,0.6,true,0,correct_route
AD,1.2,S1,2,33,distance,true,2.2529,true,7,2.2529,172.544,0.6,true,0,correct_route
AD,1.2,S1,2,33,proposed_050,true,2.2529,true,7,2.3876,0,0,true,5.977,correct_route
AD,1.2,S1,2,33,proposed_mode,true,2.2529,true,7,2.3876,0,0,true,5.977,correct_route
AD,1.2,S1,2,33,an_080,true,2.2529,true,7,2.3876,0,0,true,5.977,correct_route
AD,1.2,S1,2,33,an_mode,true,2.2529,true,7,2.3876,0,0,true,5.977,correct_route
AD,1.2,S1,2,34,distance,true,1.9227,true,7,1.9227,167.682,0.6,true,0,correct_route
AD,1.2,S1,2,34,proposed_050,true,1.9227,true,7,2.2871,0,0,true,18.957,correct_route
AD,1.2,S1,2,34,proposed_mode,true,1.9227,true,7,2.2871,0,0,true,18.957,correct_route
AD,1.2,S1,2,34,an_080,true,1.9227,true,7,2.2871,0,0,true,18.957,correct_route
AD,1.2,S1,2,34,an_mode,true,1.9227,true,7,2.2871,0,0,true,18.957,correct_route
AD,1.2,S1,2,35,distance,true,3.6916,true,7,3.6916,0,0,true,0,correct_route
AD,1.2,S1,2,35,proposed_050,true,3.6916,true,7,3.6916,0,0,true,0,correct_route
AD,1.2,S1,2,35,proposed_mode,true,3.6916,true,7,3.6916,0,0,true,0,correct_route
AD,1.2,S1,2,35,an_080,true,3.6916,true,7,3.6916,0,0,true,0,correct_route
AD,1.2,S1,2,35,an_mode,true,3.6916,true,7,3.6916,0,0,true,0,correct_route
AD,1.2,S1,2,36,distance,true,4.5516,true,7,4.5516,352.833,0.6,true,0,correct_route
AD,1.2,S1,2,36,proposed_050,true,4.5516,true,7,4.9758,0,0,true,9.32,correct_route
AD,1.2,S1,2,36,proposed_mode,true,4.5516,true,7,4.9758,0,0,true,9.32,correct_route
AD,1.2,S1,2,36,an_080,true,4.5516,true,7,4.9758,0,0,true,9.32,correct_route
AD,1.2,S1,2,36,an_mode,true,4.5516,true,7,4.9758,0,0,true,9.32,correct_route
AD,1.2,S1,2,37,distance,true,3.7026,true,7,3.7026,172.544,0.6,true,0,correct_route
AD,1.2,S1,2,37,proposed_050,true,3.7026,true,7,3.8372,0,0,true,3.637,correct_route
AD,1.2,S1,2,37,proposed_mode,true,3.7026,true,7,3.8372,0,0,true,3.637,correct_route
AD,1.2,S1,2,37,an_080,true,3.7026,true,7,3.8372,0,0,true,3.637,correct_route
AD,1.2,S1,2,37,an_mode,true,3.7026,true,7,3.8372,0,0,true,3.637,correct_route
AD,1.2,S1,2,38,distance,true,4.8669,true,7,4.8669,167.682,0.6,true,0,correct_route
AD,1.2,S1,2,38,proposed_050,true,4.8669,true,7,5.2587,0,0,true,8.05,correct_route
AD,1.2,S1,2,38,proposed_mode,true,4.8669,true,7,5.2587,0,0,true,8.05,correct_route
AD,1.2,S1,2,38,an_080,true,4.8669,true,7,5.2587,0,0,true,8.05,correct_route
AD,1.2,S1,2,38,an_mode,true,4.8669,true,7,5.2587,0,0,true,8.05,correct_route
AD,1.2,S1,2,39,distance,true,3.8945,true,3,3.8945,197.173,0.6,true,0,correct_route
AD,1.2,S1,2,39,proposed_050,true,3.8945,true,5,6.797,0,0,true,74.529,correct_route
AD,1.2,S1,2,39,proposed_mode,true,3.8945,true,5,6.797,0,0,true,74.529,correct_route
AD,1.2,S1,2,39,an_080,true,3.8945,true,3,3.8945,197.173,0.6,true,0,correct_route
AD,1.2,S1,2,39,an_mode,true,3.8945,true,3,3.8945,197.173,0.6,true,0,correct_route
AD,1.2,S1,2,40,distance,true,4.2719,true,3,4.2719,176.204,0.6,true,0,correct_route
AD,1.2,S1,2,40,proposed_050,true,4.2719,true,5,5.3931,0,0,true,26.246,correct_route
AD,1.2,S1,2,40,proposed_mode,true,4.2719,true,5,5.3931,0,0,true,26.246,correct_route
AD,1.2,S1,2,40,an_080,true,4.2719,true,3,4.2719,176.204,0.6,true,0,correct_route
AD,1.2,S1,2,40,an_mode,true,4.2719,true,3,4.2719,176.204,0.6,true,0,correct_route
SV,0.3,S2,0.5,1,distance,true,3.5648,true,9,3.5648,0,0,true,0,correct_route
SV,0.3,S2,0.5,1,proposed_050,true,3.5648,true,9,3.5648,0,0,true,0,correct_route
SV,0.3,S2,0.5,1,proposed_mode,true,3.5648,true,9,3.5648,0,0,true,0,correct_route
SV,0.3,S2,0.5,1,an_080,true,3.5648,true,9,3.5648,0,0,true,0,correct_route
SV,0.3,S2,0.5,1,an_mode,true,3.5648,true,9,3.5648,0,0,true,0,correct_route
SV,0.3,S2,0.5,2,distance,true,4.4419,true,4,4.4419,0,0,true,0,correct_route
SV,0.3,S2,0.5,2,proposed_050,true,4.4419,true,4,4.4419,0,0,true,0,correct_route
SV,0.3,S2,0.5,2,proposed_mode,true,4.4419,true,4,4.4419,0,0,true,0,correct_route
SV,0.3,S2,0.5,2,an_080,true,4.4419,true,4,4.4419,0,0,true,0,correct_route
SV,0.3,S2,0.5,2,an_mode,true,4.4419,true,4,4.4419,0,0,true,0,correct_route
SV,0.3,S2,0.5,3,distance,true,2.6507,true,9,2.6507,0,0,true,0,correct_route
SV,0.3,S2,0.5,3,proposed_050,true,2.6507,true,9,2.6507,0,0,true,0,correct_route
SV,0.3,S2,0.5,3,proposed_mode,true,2.6507,true,9,2.6507,0,0,true,0,correct_route
SV,0.3,S2,0.5,3,an_080,true,2.6507,true,9,2.6507,0,0,true,0,correct_route
SV,0.3,S2,0.5,3,an_mode,true,2.6507,true,9,2.6507,0,0,true,0,correct_route
SV,0.3,S2,0.5,4,distance,true,4.3464,true,4,4.3464,0,0,true,0,correct_route
SV,0.3,S2,0.5,4,proposed_050,true,4.3464,true,4,4.3464,0,0,true,0,correct_route
SV,0.3,S2,0.5,4,proposed_mode,true,4.3464,true,4,4.3464,0,0,true,0,correct_route
SV,0.3,S2,0.5,4,an_080,true,4.3464,true,4,4.3464,0,0,true,0,correct_route
SV,0.3,S2,0.5,4,an_mode,true,4.3464,true,4,4.3464,0,0,true,0,correct_route
SV,0.3,S2,0.5,5,distance,true,4.4419,true,4,4.4419,109.413,0.3,true,0,correct_route
SV,0.3,S2,0.5,5,proposed_050,true,4.4419,true,4,4.8013,0,0,true,8.091,correct_route
SV,0.3,S2,0.5,5,proposed_mode,true,4.4419,true,4,4.8013,0,0,true,8.091,correct_route
SV,0.3,S2,0.5,5,an_080,true,4.4419,true,4,4.8013,0,0,true,8.091,correct_route
SV,0.3,S2,0.5,5,an_mode,true,4.4419,true,4,4.8013,0,0,true,8.091,correct_route
SV,0.3,S2,0.5,6,distance,true,0.7045,true,4,0.7045,0,0,true,0,correct_route
SV,0.3,S2,0.5,6,proposed_050,true,0.7045,true,4,0.7045,0,0,true,0,correct_route
SV,0.3,S2,0.5,6,proposed_mode,true,0.7045,true,4,0.7045,0,0,true,0,correct_route
SV,0.3,S2,0.5,6,an_080,true,0.7045,true,4,0.7045,0,0,true,0,correct_route
SV,0.3,S2,0.5,6,an_mode,true,0.7045,true,4,0.7045,0,0,true,0,correct_route
SV,0.3,S2,0.5,7,distance,true,2.4584,true,8,2.4584,203.049,0.3,true,0,correct_route
SV,0.3,S2,0.5,7,proposed_050,true,2.4584,true,8,2.9041,0,0,true,18.128,correct_route
SV,0.3,S2,0.5,7,proposed_mode,true,2.4584,true,8,2.9041,0,0,true,18.128,correct_route
SV,0.3,S2,0.5,7,an_080,true,2.4584,true,8,2.9041,0,0,true,18.128,correct_route
SV,0.3,S2,0.5,7,an_mode,true,2.4584,true,8,2.9041,0,0,true,18.128,correct_route
SV,0.3,S2,0.5,8,distance,true,2.2256,true,4,2.2256,97.106,0.3,true,0,correct_route
SV,0.3,S2,0.5,8,proposed_050,true,2.2256,true,4,2.5061,35.433,0.15,true,12.604,correct_route
SV,0.3,S2,0.5,8,proposed_mode,true,2.2256,true,4,2.5061,35.433,0.15,true,12.604,correct_route
SV,0.3,S2,0.5,8,an_080,true,2.2256,true,4,2.2256,97.106,0.3,true,0,correct_route
SV,0.3,S2,0.5,8,an_mode,true,2.2256,true,4,2.2256,97.106,0.3,true,0,correct_route
SV,0.3,S2,0.5,9,distance,true,2.2269,true,8,2.2269,0,0,true,0,correct_route
SV,0.3,S2,0.5,9,proposed_050,true,2.2269,true,8,2.2269,0,0,true,0,correct_route
SV,0.3,S2,0.5,9,proposed_mode,true,2.2269,true,8,2.2269,0,0,true,0,correct_route
SV,0.3,S2,0.5,9,an_080,true,2.2269,true,8,2.2269,0,0,true,0,correct_route
SV,0.3,S2,0.5,9,an_mode,true,2.2269,true,8,2.2269,0,0,true,0,correct_route
SV,0.3,S2,0.5,10,distance,true,0.7573,true,9,0.7573,0,0,true,0,correct_route
SV,0.3,S2,0.5,10,proposed_050,true,0.7573,true,9,0.7573,0,0,true,0,correct_route
SV,0.3,S2,0.5,10,proposed_mode,true,0.7573,true,9,0.7573,0,0,true,0,correct_route
SV,0.3,S2,0.5,10,an_080,true,0.7573,true,9,0.7573,0,0,true,0,correct_route
SV,0.3,S2,0.5,10,an_mode,true,0.7573,true,9,0.7573,0,0,true,0,correct_route
SV,0.3,S2,0.5,11,distance,true,5.077,true,4,5.077,97.106,0.3,true,0,correct_route
SV,0.3,S2,0.5,11,proposed_050,true,5.077,true,4,5.3575,35.433,0.15,true,5.525,correct_route
SV,0.3,S2,0.5,11,proposed_mode,true,5.077,true,4,5.3575,35.433,0.15,true,5.525,correct_route
SV,0.3,S2,0.5,11,an_080,true,5.077,true,4,5.077,97.106,0.3,true,0,correct_route
SV,0.3,S2,0.5,11,an_mode,true,5.077,true,4,5.077,97.106,0.3,true,0,correct_route
SV,0.3,S2,0.5,12,distance,true,4.8102,true,8,4.8102,198.394,0.3,true,0,correct_route
SV,0.3,S2,0.5,12,proposed_050,true,4.8102,true,8,5.417,16.133,0.15,true,12.615,correct_route
SV,0.3,S2,0.5,12,proposed_mode,true,4.8102,true,8,5.417,16.133,0.15,true,12.615,correct_route
SV,0.3,S2,0.5,12,an_080,true,4.8102,true,8,5.417,16.133,0.15,true,12.615,correct_route
SV,0.3,S2,0.5,12,an_mode,true,4.8102,true,8,5.417,16.133,0.15,true,12.615,correct_route
SV,0.3,S2,0.5,13,distance,true,5.3483,true,4,5.3483,35.433,0.15,true,0,correct_route
SV,0.3,S2,0.5,13,proposed_050,true,5.3483,true,4,5.5532,0,0,true,3.83,correct_route
SV,0.3,S2,0.5,13,proposed_mode,true,5.3483,true,4,5.5532,0,0,true,3.83,correct_route
SV,0.3,S2,0.5,13,an_080,true,5.3483,true,4,5.3483,35.433,0.15,true,0,correct_route
SV,0.3,S2,0.5,13,an_mode,true,5.3483,true,4,5.3483,35.433,0.15,true,0,correct_route
SV,0.3,S2,0.5,14,distance,true,2.2619,true,4,2.2619,0,0,true,0,correct_route
SV,0.3,S2,0.5,14,proposed_050,true,2.2619,true,4,2.2619,0,0,true,0,correct_route
SV,0.3,S2,0.5,14,proposed_mode,true,2.2619,true,4,2.2619,0,0,true,0,correct_route
SV,0.3,S2,0.5,14,an_080,true,2.2619,true,4,2.2619,0,0,true,0,correct_route
SV,0.3,S2,0.5,14,an_mode,true,2.2619,true,4,2.2619,0,0,true,0,correct_route
SV,0.3,S2,0.5,15,distance,true,3.7294,true,4,3.7294,35.433,0.15,true,0,correct_route
SV,0.3,S2,0.5,15,proposed_050,true,3.7294,true,4,3.9342,0,0,true,5.492,correct_route
SV,0.3,S2,0.5,15,proposed_mode,true,3.7294,true,4,3.9342,0,0,true,5.492,correct_route
SV,0.3,S2,0.5,15,an_080,true,3.7294,true,4,3.7294,35.433,0.15,true,0,correct_route
SV,0.3,S2,0.5,15,an_mode,true,3.7294,true,4,3.7294,35.433,0.15,true,0,correct_route
SV,0.3,S2,0.5,16,distance,true,1.4535,true,8,1.4535,0,0,true,0,correct_route
SV,0.3,S2,0.5,16,proposed_050,true,1.4535,true,8,1.4535,0,0,true,0,correct_route
SV,0.3,S2,0.5,16,proposed_mode,true,1.4535,true,8,1.4535,0,0,true,0,correct_route
SV,0.3,S2,0.5,16,an_080,true,1.4535,true,8,1.4535,0,0,true,0,correct_route
SV,0.3,S2,0.5,16,an_mode,true,1.4535,true,8,1.4535,0,0,true,0,correct_route
SV,0.3,S2,0.5,17,distance,true,4.4279,true,8,4.4279,198.394,0.3,true,0,correct_route
SV,0.3,S2,0.5,17,proposed_050,true,4.4279,true,5,4.44,0,0,true,0.275,correct_route
SV,0.3,S2,0.5,17,proposed_mode,true,4.4279,true,5,4.44,0,0,true,0.275,correct_route
SV,0.3,S2,0.5,17,an_080,true,4.4279,true,5,4.44,0,0,true,0.275,correct_route
SV,0.3,S2,0.5,17,an_mode,true,4.4279,true,5,4.44,0,0,true,0.275,correct_route
SV,0.3,S2,0.5,18,distance,true,2.343,true,8,2.343,16.133,0.15,true,0,correct_route
SV,0.3,S2,0.5,18,proposed_050,true,2.343,true,8,2.343,16.133,0.15,true,0,correct_route
SV,0.3,S2,0.5,18,proposed_mode,true,2.343,true,8,2.343,16.133,0.15,true,0,correct_route
SV,0.3,S2,0.5,18,an_080,true,2.343,true,8,2.343,16.133,0.15,true,0,correct_route
SV,0.3,S2,0.5,18,an_mode,true,2.343,true,8,2.343,16.133,0.15,true,0,correct_route
SV,0.3,S2,0.5,19,distance,true,2.0721,true,8,2.0721,0,0,true,0,correct_route
SV,0.3,S2,0.5,19,proposed_050,true,2.0721,true,8,2.0721,0,0,true,0,correct_route
SV,0.3,S2,0.5,19,proposed_mode,true,2.0721,true,8,2.0721,0,0,true,0,correct_route
SV,0.3,S2,0.5,19,an_080,true,2.0721,true,8,2.0721,0,0,true,0,correct_route
SV,0.3,S2,0.5,19,an_mode,true,2.0721,true,8,2.0721,0,0,true,0,correct_route
SV,0.3,S2,0.5,20,distance,true,8.4103,true,7,8.4103,188.224,0.3,true,0,correct_route
SV,0.3,S2,0.5,20,proposed_050,true,8.4103,true,7,8.5508,0,0,true,1.671,correct_route
SV,0.3,S2,0.5,20,proposed_mode,true,8.4103,true,7,8.5508,0,0,true,1.671,correct_route
SV,0.3,S2,0.5,20,an_080,true,8.4103,true,7,8.5508,0,0,true,1.671,correct_route
SV,0.3,S2,0.5,20,an_mode,true,8.4103,true,7,8.5508,0,0,true,1.671,correct_route
SV,0.3,S2,0.5,21,distance,true,1.5022,true,7,1.5022,0,0,true,0,correct_route
SV,0.3,S2,0.5,21,proposed_050,true,1.5022,true,7,1.5022,0,0,true,0,correct_route
SV,0.3,S2,0.5,21,proposed_mode,true,1.5022,true,7,1.5022,0,0,true,0,correct_route
SV,0.3,S2,0.5,21,an_080,true,1.5022,true,7,1.5022,0,0,true,0,correct_route
SV,0.3,S2,0.5,21,an_mode,true,1.5022,true,7,1.5022,0,0,true,0,correct_route
SV,0.3,S2,0.5,22,distance,true,2.2373,true,7,2.2373,0,0,true,0,correct_route
SV,0.3,S2,0.5,22,proposed_050,true,2.2373,true,7,2.2373,0,0,true,0,correct_route
SV,0.3,S2,0.5,22,proposed_mode,true,2.2373,true,7,2.2373,0,0,true,0,correct_route
SV,0.3,S2,0.5,22,an_080,true,2.2373,true,7,2.2373,0,0,true,0,correct_route
SV,0.3,S2,0.5,22,an_mode,true,2.2373,true,7,2.2373,0,0,true,0,correct_route
SV,0.3,S2,0.5,23,distance,true,5.7136,true,7,5.7136,188.224,0.3,true,0,correct_route
SV,0.3,S2,0.5,23,proposed_050,true,5.7136,true,7,5.8541,0,0,true,2.459,correct_route
SV,0.3,S2,0.5,23,proposed_mode,true,5.7136,true,7,5.8541,0,0,true,2.459,correct_route
SV,0.3,S2,0.5,23,an_080,true,5.7136,true,7,5.8541,0,0,true,2.459,correct_route
SV,0.3,S2,0.5,23,an_mode,true,5.7136,true,7,5.8541,0,0,true,2.459,correct_route
SV,0.3,S2,0.5,24,distance,true,3.7965,true,7,3.7965,188.224,0.3,true,0,correct_route
SV,0.3,S2,0.5,24,proposed_050,true,3.7965,true,7,4.4108,0,0,true,16.179,correct_route
SV,0.3,S2,0.5,24,proposed_mode,true,3.7965,true,7,4.4108,0,0,true,16.179,correct_route
SV,0.3,S2,0.5,24,an_080,true,3.7965,true,7,4.4108,0,0,true,16.179,correct_route
SV,0.3,S2,0.5,24,an_mode,true,3.7965,true,7,4.4108,0,0,true,16.179,correct_route
SV,0.3,S2,0.5,25,distance,true,2.019,true,5,2.019,0,0,true,0,correct_route
SV,0.3,S2,0.5,25,proposed_050,true,2.019,true,5,2.019,0,0,true,0,correct_route
SV,0.3,S2,0.5,25,proposed_mode,true,2.019,true,5,2.019,0,0,true,0,correct_route
SV,0.3,S2,0.5,25,an_080,true,2.019,true,5,2.019,0,0,true,0,correct_route
SV,0.3,S2,0.5,25,an_mode,true,2.019,true,5,2.019,0,0,true,0,correct_route
SV,0.3,S2,0.5,26,distance,true,1.0687,true,5,1.0687,0,0,true,0,correct_route
SV,0.3,S2,0.5,26,proposed_050,true,1.0687,true,5,1.0687,0,0,true,0,correct_route
SV,0.3,S2,0.5,26,proposed_mode,true,1.0687,true,5,1.0687,0,0,true,0,correct_route
SV,0.3,S2,0.5,26,an_080,true,1.0687,true,5,1.0687,0,0,true,0,correct_route
SV,0.3,S2,0.5,26,an_mode,true,1.0687,true,5,1.0687,0,0,true,0,correct_route
SV,0.3,S2,0.5,27,distance,true,2.187,true,3,2.187,114.878,0.3,true,0,correct_route
SV,0.3,S2,0.5,27,proposed_050,true,2.187,true,5,2.8807,0,0,true,31.716,correct_route
SV,0.3,S2,0.5,27,proposed_mode,true,2.187,true,5,2.8807,0,0,true,31.716,correct_route
SV,0.3,S2,0.5,27,an_080,true,2.187,true,3,2.2093,108.248,0.3,true,1.017,correct_route
SV,0.3,S2,0.5,27,an_mode,true,2.187,true,3,2.2093,108.248,0.3,true,1.017,correct_route
SV,0.3,S2,0.5,28,distance,true,3.3577,true,7,3.3577,92.402,0.3,true,0,correct_route
SV,0.3,S2,0.5,28,proposed_050,true,3.3577,true,7,3.6245,0,0,true,7.944,correct_route
SV,0.3,S2,0.5,28,proposed_mode,true,3.3577,true,7,3.6245,0,0,true,7.944,correct_route
SV,0.3,S2,0.5,28,an_080,true,3.3577,true,7,3.6245,0,0,true,7.944,correct_route
SV,0.3,S2,0.5,28,an_mode,true,3.3577,true,7,3.6245,0,0,true,7.944,correct_route
SV,0.3,S2,0.5,29,distance,true,5.5354,true,7,5.5354,192.145,0.3,true,0,correct_route
SV,0.3,S2,0.5,29,proposed_050,true,5.5354,true,7,6.0363,0,0,true,9.05,correct_route
SV,0.3,S2,0.5,29,proposed_mode,true,5.5354,true,7,6.0363,0,0,true,9.05,correct_route
SV,0.3,S2,0.5,29,an_080,true,5.5354,true,7,6.0363,0,0,true,9.05,correct_route
SV,0.3,S2,0.5,29,an_mode,true,5.5354,true,7,6.0363,0,0,true,9.05,correct_route
SV,0.3,S2,0.5,30,distance,true,2.6793,true,3,2.6793,94.932,0.3,true,0,correct_route
SV,0.3,S2,0.5,30,proposed_050,true,2.6793,true,5,3.5991,0,0,true,34.328,correct_route
SV,0.3,S2,0.5,30,proposed_mode,true,2.6793,true,5,3.5991,0,0,true,34.328,correct_route
SV,0.3,S2,0.5,30,an_080,true,2.6793,true,3,2.6793,94.932,0.3,true,0,correct_route
SV,0.3,S2,0.5,30,an_mode,true,2.6793,true,3,2.6793,94.932,0.3,true,0,correct_route
SV,0.3,S2,0.5,31,distance,true,3.5175,true,7,3.5175,192.145,0.3,true,0,correct_route
SV,0.3,S2,0.5,31,proposed_050,true,3.5175,true,7,4.0185,0,0,true,14.242,correct_route
SV,0.3,S2,0.5,31,proposed_mode,true,3.5175,true,7,4.0185,0,0,true,14.242,correct_route
SV,0.3,S2,0.5,31,an_080,true,3.5175,true,7,4.0185,0,0,true,14.242,correct_route
SV,0.3,S2,0.5,31,an_mode,true,3.5175,true,7,4.0185,0,0,true,14.242,correct_route
SV,0.3,S2,0.5,32,distance,true,1.5916,true,3,1.5916,106.201,0.3,true,0,correct_route
SV,0.3,S2,0.5,32,proposed_050,true,1.5916,true,5,4.5892,0,0,true,188.348,correct_route
SV,0.3,S2,0.5,32,proposed_mode,true,1.5916,true,5,4.5892,0,0,true,188.348,correct_route
SV,0.3,S2,0.5,32,an_080,true,1.5916,true,3,1.5916,106.201,0.3,true,0,correct_route
SV,0.3,S2,0.5,32,an_mode,true,1.5916,true,3,1.5916,106.201,0.3,true,0,correct_route
SV,0.3,S2,0.5,33,distance,true,2.2529,true,7,2.2529,94.182,0.3,true,0,correct_route
SV,0.3,S2,0.5,33,proposed_050,true,2.2529,true,7,2.3876,0,0,true,5.977,correct_route
SV,0.3,S2,0.5,33,proposed_mode,true,2.2529,true,7,2.3876,0,0,true,5.977,correct_route
SV,0.3,S2,0.5,33,an_080,true,2.2529,true,7,2.3876,0,0,true,5.977,correct_route
SV,0.3,S2,0.5,33,an_mode,true,2.2529,true,7,2.3876,0,0,true,5.977,correct_route
SV,0.3,S2,0.5,34,distance,true,1.9227,true,7,1.9227,92.402,0.3,true,0,correct_route
SV,0.3,S2,0.5,34,proposed_050,true,1.9227,true,7,2.2871,0,0,true,18.957,correct_route
SV,0.3,S2,0.5,34,proposed_mode,true,1.9227,true,7,2.2871,0,0,true,18.957,correct_route
SV,0.3,S2,0.5,34,an_080,true,1.9227,true,7,2.2871,0,0,true,18.957,correct_route
SV,0.3,S2,0.5,34,an_mode,true,1.9227,true,7,2.2871,0,0,true,18.957,correct_route
SV,0.3,S2,0.5,35,distance,true,3.6916,true,7,3.6916,0,0,true,0,correct_route
SV,0.3,S2,0.5,35,proposed_050,true,3.6916,true,7,3.6916,0,0,true,0,correct_route
SV,0.3,S2,0.5,35,proposed_mode,true,3.6916,true,7,3.6916,0,0,true,0,correct_route
SV,0.3,S2,0.5,35,an_080,true,3.6916,true,7,3.6916,0,0,true,0,correct_route
SV,0.3,S2,0.5,35,an_mode,true,3.6916,true,7,3.6916,0,0,true,0,correct_route
SV,0.3,S2,0.5,36,distance,true,4.5516,true,7,4.5516,192.145,0.3,true,0,correct_route
SV,0.3,S2,0.5,36,proposed_050,true,4.5516,true,7,4.9758,0,0,true,9.32,correct_route
SV,0.3,S2,0.5,36,proposed_mode,true,4.5516,true,7,4.9758,0,0,true,9.32,correct_route
SV,0.3,S2,0.5,36,an_080,true,4.5516,true,7,4.9758,0,0,true,9.32,correct_route
SV,0.3,S2,0.5,36,an_mode,true,4.5516,true,7,4.9758,0,0,true,9.32,correct_route
SV,0.3,S2,0.5,37,distance,true,3.7026,true,7,3.7026,94.182,0.3,true,0,correct_route
SV,0.3,S2,0.5,37,proposed_050,true,3.7026,true,7,3.8372,0,0,true,3.637,correct_route
SV,0.3,S2,0.5,37,proposed_mode,true,3.7026,true,7,3.8372,0,0,true,3.637,correct_route
SV,0.3,S2,0.5,37,an_080,true,3.7026,true,7,3.8372,0,0,true,3.637,correct_route
SV,0.3,S2,0.5,37,an_mode,true,3.7026,true,7,3.8372,0,0,true,3.637,correct_route
SV,0.3,S2,0.5,38,distance,true,4.8669,true,7,4.8669,92.402,0.3,true,0,correct_route
SV,0.3,S2,0.5,38,proposed_050,true,4.8669,true,7,5.2587,0,0,true,8.05,correct_route
SV,0.3,S2,0.5,38,proposed_mode,true,4.8669,true,7,5.2587,0,0,true,8.05,correct_route
SV,0.3,S2,0.5,38,an_080,true,4.8669,true,7,5.2587,0,0,true,8.05,correct_route
SV,0.3,S2,0.5,38,an_mode,true,4.8669,true,7,5.2587,0,0,true,8.05,correct_route
SV,0.3,S2,0.5,39,distance,true,3.8945,true,3,3.8945,106.201,0.3,true,0,correct_route
SV,0.3,S2,0.5,39,proposed_050,true,3.8945,true,5,6.797,0,0,true,74.529,correct_route
SV,0.3,S2,0.5,39,proposed_mode,true,3.8945,true,5,6.797,0,0,true,74.529,correct_route
SV,0.3,S2,0.5,39,an_080,true,3.8945,true,3,3.8945,106.201,0.3,true,0,correct_route
SV,0.3,S2,0.5,39,an_mode,true,3.8945,true,3,3.8945,106.201,0.3,true,0,correct_route
SV,0.3,S2,0.5,40,distance,true,4.2719,true,3,4.2719,94.932,0.3,true,0,correct_route
SV,0.3,S2,0.5,40,proposed_050,true,4.2719,true,5,5.3931,0,0,true,26.246,correct_route
SV,0.3,S2,0.5,40,proposed_mode,true,4.2719,true,5,5.3931,0,0,true,26.246,correct_route
SV,0.3,S2,0.5,40,an_080,true,4.2719,true,3,4.2719,94.932,0.3,true,0,correct_route
SV,0.3,S2,0.5,40,an_mode,true,4.2719,true,3,4.2719,94.932,0.3,true,0,correct_route
LV,0.5,S2,0.5,1,distance,true,3.5648,true,9,3.5648,0,0,true,0,correct_route
LV,0.5,S2,0.5,1,proposed_050,true,3.5648,true,9,3.5648,0,0,true,0,correct_route
LV,0.5,S2,0.5,1,proposed_mode,true,3.5648,true,9,3.5648,0,0,true,0,correct_route
LV,0.5,S2,0.5,1,an_080,true,3.5648,true,9,3.5648,0,0,true,0,correct_route
LV,0.5,S2,0.5,1,an_mode,true,3.5648,true,9,3.5648,0,0,true,0,correct_route
LV,0.5,S2,0.5,2,distance,true,4.4419,true,4,4.4419,0,0,true,0,correct_route
LV,0.5,S2,0.5,2,proposed_050,true,4.4419,true,4,4.4419,0,0,true,0,correct_route
LV,0.5,S2,0.5,2,proposed_mode,true,4.4419,true,4,4.4419,0,0,true,0,correct_route
LV,0.5,S2,0.5,2,an_080,true,4.4419,true,4,4.4419,0,0,true,0,correct_route
LV,0.5,S2,0.5,2,an_mode,true,4.4419,true,4,4.4419,0,0,true,0,correct_route
LV,0.5,S2,0.5,3,distance,true,2.6507,true,9,2.6507,0,0,true,0,correct_route
LV,0.5,S2,0.5,3,proposed_050,true,2.6507,true,9,2.6507,0,0,true,0,correct_route
LV,0.5,S2,0.5,3,proposed_mode,true,2.6507,true,9,2.6507,0,0,true,0,correct_route
LV,0.5,S2,0.5,3,an_080,true,2.6507,true,9,2.6507,0,0,true,0,correct_route
LV,0.5,S2,0.5,3,an_mode,true,2.6507,true,9,2.6507,0,0,true,0,correct_route
LV,0.5,S2,0.5,4,distance,true,4.3464,true,4,4.3464,0,0,true,0,correct_route
LV,0.5,S2,0.5,4,proposed_050,true,4.3464,true,4,4.3464,0,0,true,0,correct_route
LV,0.5,S2,0.5,4,proposed_mode,true,4.3464,true,4,4.3464,0,0,true,0,correct_route
LV,0.5,S2,0.5,4,an_080,true,4.3464,true,4,4.3464,0,0,true,0,correct_route
LV,0.5,S2,0.5,4,an_mode,true,4.3464,true,4,4.3464,0,0,true,0,correct_route
LV,0.5,S2,0.5,5,distance,true,4.4419,true,4,4.4419,109.413,0.3,true,0,correct_route
LV,0.5,S2,0.5,5,proposed_050,true,4.4419,true,4,4.8013,0,0,true,8.091,correct_route
LV,0.5,S2,0.5,5,proposed_mode,true,4.4419,true,4,4.8013,0,0,true,8.091,correct_route
LV,0.5,S2,0.5,5,an_080,true,4.4419,true,4,4.8013,0,0,true,8.091,correct_route
LV,0.5,S2,0.5,5,an_mode,true,4.4419,true,4,4.8013,0,0,true,8.091,correct_route
LV,0.5,S2,0.5,6,distance,true,0.7045,true,4,0.7045,0,0,true,0,correct_route
LV,0.5,S2,0.5,6,proposed_050,true,0.7045,true,4,0.7045,0,0,true,0,correct_route
LV,0.5,S2,0.5,6,proposed_mode,true,0.7045,true,4,0.7045,0,0,true,0,correct_route
LV,0.5,S2,0.5,6,an_080,true,0.7045,true,4,0.7045,0,0,true,0,correct_route
LV,0.5,S2,0.5,6,an_mode,true,0.7045,true,4,0.7045,0,0,true,0,correct_route
LV,0.5,S2,0.5,7,distance,true,2.4584,true,8,2.4584,203.049,0.3,true,0,correct_route
LV,0.5,S2,0.5,7,proposed_050,true,2.4584,true,8,2.9041,0,0,true,18.128,correct_route
LV,0.5,S2,0.5,7,proposed_mode,true,2.4584,true,8,2.9041,0,0,true,18.128,correct_route
LV,0.5,S2,0.5,7,an_080,true,2.4584,true,8,2.9041,0,0,true,18.128,correct_route
LV,0.5,S2,0.5,7,an_mode,true,2.4584,true,8,2.9041,0,0,true,18.128,correct_route
LV,0.5,S2,0.5,8,distance,true,2.2256,true,4,2.2256,97.106,0.3,true,0,correct_route
LV,0.5,S2,0.5,8,proposed_050,true,2.2256,true,4,2.5061,35.433,0.15,true,12.604,correct_route
LV,0.5,S2,0.5,8,proposed_mode,true,2.2256,true,4,2.5061,35.433,0.15,true,12.604,correct_route
LV,0.5,S2,0.5,8,an_080,true,2.2256,true,4,2.2256,97.106,0.3,true,0,correct_route
LV,0.5,S2,0.5,8,an_mode,true,2.2256,true,4,2.2256,97.106,0.3,true,0,correct_route
LV,0.5,S2,0.5,9,distance,true,2.2269,true,8,2.2269,0,0,true,0,correct_route
LV,0.5,S2,0.5,9,proposed_050,true,2.2269,true,8,2.2269,0,0,true,0,correct_route
LV,0.5,S2,0.5,9,proposed_mode,true,2.2269,true,8,2.2269,0,0,true,0,correct_route
LV,0.5,S2,0.5,9,an_080,true,2.2269,true,8,2.2269,0,0,true,0,correct_route
LV,0.5,S2,0.5,9,an_mode,true,2.2269,true,8,2.2269,0,0,true,0,correct_route
LV,0.5,S2,0.5,10,distance,true,0.7573,true,9,0.7573,0,0,true,0,correct_route
LV,0.5,S2,0.5,10,proposed_050,true,0.7573,true,9,0.7573,0,0,true,0,correct_route
LV,0.5,S2,0.5,10,proposed_mode,true,0.7573,true,9,0.7573,0,0,true,0,correct_route
LV,0.5,S2,0.5,10,an_080,true,0.7573,true,9,0.7573,0,0,true,0,correct_route
LV,0.5,S2,0.5,10,an_mode,true,0.7573,true,9,0.7573,0,0,true,0,correct_route
LV,0.5,S2,0.5,11,distance,true,5.077,true,4,5.077,97.106,0.3,true,0,correct_route
LV,0.5,S2,0.5,11,proposed_050,true,5.077,true,4,5.3575,35.433,0.15,true,5.525,correct_route
LV,0.5,S2,0.5,11,proposed_mode,true,5.077,true,4,5.3575,35.433,0.15,true,5.525,correct_route
LV,0.5,S2,0.5,11,an_080,true,5.077,true,4,5.077,97.106,0.3,true,0,correct_route
LV,0.5,S2,0.5,11,an_mode,true,5.077,true,4,5.077,97.106,0.3,true,0,correct_route
LV,0.5,S2,0.5,12,distance,true,4.8102,true,8,4.8102,198.394,0.3,true,0,correct_route
LV,0.5,S2,0.5,12,proposed_050,true,4.8102,true,8,5.417,16.133,0.15,true,12.615,correct_route
LV,0.5,S2,0.5,12,proposed_mode,true,4.8102,true,8,5.417,16.133,0.15,true,12.615,correct_route
LV,0.5,S2,0.5,12,an_080,true,4.8102,true,8,5.417,16.133,0.15,true,12.615,correct_route
LV,0.5,S2,0.5,12,an_mode,true,4.8102,true,8,5.417,16.133,0.15,true,12.615,correct_route
LV,0.5,S2,0.5,13,distance,true,5.3483,true,4,5.3483,35.433,0.15,true,0,correct_route
LV,0.5,S2,0.5,13,proposed_050,true,5.3483,true,4,5.5532,0,0,true,3.83,correct_route
LV,0.5,S2,0.5,13,proposed_mode,true,5.3483,true,4,5.5532,0,0,true,3.83,correct_route
LV,0.5,S2,0.5,13,an_080,true,5.3483,true,4,5.3483,35.433,0.15,true,0,correct_route
LV,0.5,S2,0.5,13,an_mode,true,5.3483,true,4,5.3483,35.433,0.15,true,0,correct_route
LV,0.5,S2,0.5,14,distance,true,2.2619,true,4,2.2619,0,0,true,0,correct_route
LV,0.5,S2,0.5,14,proposed_050,true,2.2619,true,4,2.2619,0,0,true,0,correct_route
LV,0.5,S2,0.5,14,proposed_mode,true,2.2619,true,4,2.2619,0,0,true,0,correct_route
LV,0.5,S2,0.5,14,an_080,true,2.2619,true,4,2.2619,0,0,true,0,correct_route
LV,0.5,S2,0.5,14,an_mode,true,2.2619,true,4,2.2619,0,0,true,0,correct_route
LV,0.5,S2,0.5,15,distance,true,3.7294,true,4,3.7294,35.433,0.15,true,0,correct_route
LV,0.5,S2,0.5,15,proposed_050,true,3.7294,true,4,3.9342,0,0,true,5.492,correct_route
LV,0.5,S2,0.5,15,proposed_mode,true,3.7294,true,4,3.9342,0,0,true,5.492,correct_route
LV,0.5,S2,0.5,15,an_080,true,3.7294,true,4,3.7294,35.433,0.15,true,0,correct_route
LV,0.5,S2,0.5,15,an_mode,true,3.7294,true,4,3.7294,35.433,0.15,true,0,correct_route
LV,0.5,S2,0.5,16,distance,true,1.4535,true,8,1.4535,0,0,true,0,correct_route
LV,0.5,S2,0.5,16,proposed_050,true,1.4535,true,8,1.4535,0,0,true,0,correct_route
LV,0.5,S2,0.5,16,proposed_mode,true,1.4535,true,8,1.4535,0,0,true,0,correct_route
LV,0.5,S2,0.5,16,an_080,true,1.4535,true,8,1.4535,0,0,true,0,correct_route
LV,0.5,S2,0.5,16,an_mode,true,1.4535,true,8,1.4535,0,0,true,0,correct_route
LV,0.5,S2,0.5,17,distance,true,4.4279,true,8,4.4279,198.394,0.3,true,0,correct_route
LV,0.5,S2,0.5,17,proposed_050,true,4.4279,true,5,4.44,0,0,true,0.275,correct_route
LV,0.5,S2,0.5,17,proposed_mode,true,4.4279,true,5,4.44,0,0,true,0.275,correct_route
LV,0.5,S2,0.5,17,an_080,true,4.4279,true,5,4.44,0,0,true,0.275,correct_route
LV,0.5,S2,0.5,17,an_mode,true,4.4279,true,5,4.44,0,0,true,0.275,correct_route
LV,0.5,S2,0.5,18,distance,true,2.343,true,8,2.343,16.133,0.15,true,0,correct_route
LV,0.5,S2,0.5,18,proposed_050,true,2.343,true,8,2.343,16.133,0.15,true,0,correct_route
LV,0.5,S2,0.5,18,proposed_mode,true,2.343,true,8,2.343,16.133,0.15,true,0,correct_route
LV,0.5,S2,0.5,18,an_080,true,2.343,true,8,2.343,16.133,0.15,true,0,correct_route
LV,0.5,S2,0.5,18,an_mode,true,2.343,true,8,2.343,16.133,0.15,true,0,correct_route
LV,0.5,S2,0.5,19,distance,true,2.0721,true,8,2.0721,0,0,true,0,correct_route
LV,0.5,S2,0.5,19,proposed_050,true,2.0721,true,8,2.0721,0,0,true,0,correct_route
LV,0.5,S2,0.5,19,proposed_mode,true,2.0721,true,8,2.0721,0,0,true,0,correct_route
LV,0.5,S2,0.5,19,an_080,true,2.0721,true,8,2.0721,0,0,true,0,correct_route
LV,0.5,S2,0.5,19,an_mode,true,2.0721,true,8,2.0721,0,0,true,0,correct_route
LV,0.5,S2,0.5,20,distance,true,8.4103,true,7,8.4103,188.224,0.3,true,0,correct_route
LV,0.5,S2,0.5,20,proposed_050,true,8.4103,true,7,8.5508,0,0,true,1.671,correct_route
LV,0.5,S2,0.5,20,proposed_mode,true,8.4103,true,7,8.5508,0,0,true,1.671,correct_route
LV,0.5,S2,0.5,20,an_080,true,8.4103,true,7,8.5508,0,0,true,1.671,correct_route
LV,0.5,S2,0.5,20,an_mode,true,8.4103,true,7,8.5508,0,0,true,1.671,correct_route
LV,0.5,S2,0.5,21,distance,true,1.5022,true,7,1.5022,0,0,true,0,correct_route
LV,0.5,S2,0.5,21,proposed_050,true,1.5022,true,7,1.5022,0,0,true,0,correct_route
LV,0.5,S2,0.5,21,proposed_mode,true,1.5022,true,7,1.5022,0,0,true,0,correct_route
LV,0.5,S2,0.5,21,an_080,true,1.5022,true,7,1.5022,0,0,true,0,correct_route
LV,0.5,S2,0.5,21,an_mode,true,1.5022,true,7,1.5022,0,0,true,0,correct_route
LV,0.5,S2,0.5,22,distance,true,2.2373,true,7,2.2373,0,0,true,0,correct_route
LV,0.5,S2,0.5,22,proposed_050,true,2.2373,true,7,2.2373,0,0,true,0,correct_route
LV,0.5,S2,0.5,22,proposed_mode,true,2.2373,true,7,2.2373,0,0,true,0,correct_route
LV,0.5,S2,0.5,22,an_080,true,2.2373,true,7,2.2373,0,0,true,0,correct_route
LV,0.5,S2,0.5,22,an_mode,true,2.2373,true,7,2.2373,0,0,true,0,correct_route
LV,0.5,S2,0.5,23,distance,true,5.7136,true,7,5.7136,188.224,0.3,true,0,correct_route
LV,0.5,S2,0.5,23,proposed_050,true,5.7136,true,7,5.8541,0,0,true,2.459,correct_route
LV,0.5,S2,0.5,23,proposed_mode,true,5.7136,true,7,5.8541,0,0,true,2.459,correct_route
LV,0.5,S2,0.5,23,an_080,true,5.7136,true,7,5.8541,0,0,true,2.459,correct_route
LV,0.5,S2,0.5,23,an_mode,true,5.7136,true,7,5.8541,0,0,true,2.459,correct_route
LV,0.5,S2,0.5,24,distance,true,3.7965,true,7,3.7965,188.224,0.3,true,0,correct_route
LV,0.5,S2,0.5,24,proposed_050,true,3.7965,true,7,4.4108,0,0,true,16.179,correct_route
LV,0.5,S2,0.5,24,proposed_mode,true,3.7965,true,7,4.4108,0,0,true,16.179,correct_route
LV,0.5,S2,0.5,24,an_080,true,3.7965,true,7,4.4108,0,0,true,16.179,correct_route
LV,0.5,S2,0.5,24,an_mode,true,3.7965,true,7,4.4108,0,0,true,16.179,correct_route
LV,0.5,S2,0.5,25,distance,true,2.019,true,5,2.019,0,0,true,0,correct_route
LV,0.5,S2,0.5,25,proposed_050,true,2.019,true,5,2.019,0,0,true,0,correct_route
LV,0.5,S2,0.5,25,proposed_mode,true,2.019,true,5,2.019,0,0,true,0,correct_route
LV,0.5,S2,0.5,25,an_080,true,2.019,true,5,2.019,0,0,true,0,correct_route
LV,0.5,S2,0.5,25,an_mode,true,2.019,true,5,2.019,0,0,true,0,correct_route
LV,0.5,S2,0.5,26,distance,true,1.0687,true,5,1.0687,0,0,true,0,correct_route
LV,0.5,S2,0.5,26,proposed_050,true,1.0687,true,5,1.0687,0,0,true,0,correct_route
LV,0.5,S2,0.5,26,proposed_mode,true,1.0687,true,5,1.0687,0,0,true,0,correct_route
LV,0.5,S2,0.5,26,an_080,true,1.0687,true,5,1.0687,0,0,true,0,correct_route
LV,0.5,S2,0.5,26,an_mode,true,1.0687,true,5,1.0687,0,0,true,0,correct_route
LV,0.5,S2,0.5,27,distance,true,2.187,true,3,2.187,114.878,0.3,true,0,correct_route
LV,0.5,S2,0.5,27,proposed_050,true,2.187,true,5,2.8807,0,0,true,31.716,correct_route
LV,0.5,S2,0.5,27,proposed_mode,true,2.187,true,5,2.8807,0,0,true,31.716,correct_route
LV,0.5,S2,0.5,27,an_080,true,2.187,true,3,2.2093,108.248,0.3,true,1.017,correct_route
LV,0.5,S2,0.5,27,an_mode,true,2.187,true,3,2.2093,108.248,0.3,true,1.017,correct_route
LV,0.5,S2,0.5,28,distance,true,3.3577,true,7,3.3577,92.402,0.3,true,0,correct_route
LV,0.5,S2,0.5,28,proposed_050,true,3.3577,true,7,3.6245,0,0,true,7.944,correct_route
LV,0.5,S2,0.5,28,proposed_mode,true,3.3577,true,7,3.6245,0,0,true,7.944,correct_route
LV,0.5,S2,0.5,28,an_080,true,3.3577,true,7,3.6245,0,0,true,7.944,correct_route
LV,0.5,S2,0.5,28,an_mode,true,3.3577,true,7,3.6245,0,0,true,7.944,correct_route
LV,0.5,S2,0.5,29,distance,true,5.5354,true,7,5.5354,192.145,0.3,true,0,correct_route
LV,0.5,S2,0.5,29,proposed_050,true,5.5354,true,7,6.0363,0,0,true,9.05,correct_route
LV,0.5,S2,0.5,29,proposed_mode,true,5.5354,true,7,6.0363,0,0,true,9.05,correct_route
LV,0.5,S2,0.5,29,an_080,true,5.5354,true,7,6.0363,0,0,true,9.05,correct_route
LV,0.5,S2,0.5,29,an_mode,true,5.5354,true,7,6.0363,0,0,true,9.05,correct_route
LV,0.5,S2,0.5,30,distance,true,2.6793,true,3,2.6793,94.932,0.3,true,0,correct_route
LV,0.5,S2,0.5,30,proposed_050,true,2.6793,true,5,3.5991,0,0,true,34.328,correct_route
LV,0.5,S2,0.5,30,proposed_mode,true,2.6793,true,5,3.5991,0,0,true,34.328,correct_route
LV,0.5,S2,0.5,30,an_080,true,2.6793,true,3,2.6793,94.932,0.3,true,0,correct_route
LV,0.5,S2,0.5,30,an_mode,true,2.6793,true,3,2.6793,94.932,0.3,true,0,correct_route
LV,0.5,S2,0.5,31,distance,true,3.5175,true,7,3.5175,192.145,0.3,true,0,correct_route
LV,0.5,S2,0.5,31,proposed_050,true,3.5175,true,7,4.0185,0,0,true,14.242,correct_route
LV,0.5,S2,0.5,31,proposed_mode,true,3.5175,true,7,4.0185,0,0,true,14.242,correct_route
LV,0.5,S2,0.5,31,an_080,true,3.5175,true,7,4.0185,0,0,true,14.242,correct_route
LV,0.5,S2,0.5,31,an_mode,true,3.5175,true,7,4.0185,0,0,true,14.242,correct_route
LV,0.5,S2,0.5,32,distance,true,1.5916,true,3,1.5916,106.201,0.3,true,0,correct_route
LV,0.5,S2,0.5,32,proposed_050,true,1.5916,true,5,4.5892,0,0,true,188.348,correct_route
LV,0.5,S2,0.5,32,proposed_mode,true,1.5916,true,5,4.5892,0,0,true,188.348,correct_route
LV,0.5,S2,0.5,32,an_080,true,1.5916,true,3,1.5916,106.201,0.3,true,0,correct_route
LV,0.5,S2,0.5,32,an_mode,true,1.5916,true,3,1.5916,106.201,0.3,true,0,correct_route
LV,0.5,S2,0.5,33,distance,true,2.2529,true,7,2.2529,94.182,0.3,true,0,correct_route
LV,0.5,S2,0.5,33,proposed_050,true,2.2529,true,7,2.3876,0,0,true,5.977,correct_route
LV,0.5,S2,0.5,33,proposed_mode,true,2.2529,true,7,2.3876,0,0,true,5.977,correct_route
LV,0.5,S2,0.5,33,an_080,true,2.2529,true,7,2.3876,0,0,true,5.977,correct_route
LV,0.5,S2,0.5,33,an_mode,true,2.2529,true,7,2.3876,0,0,true,5.977,correct_route
LV,0.5,S2,0.5,34,distance,true,1.9227,true,7,1.9227,92.402,0.3,true,0,correct_route
LV,0.5,S2,0.5,34,proposed_050,true,1.9227,true,7,2.2871,0,0,true,18.957,correct_route
LV,0.5,S2,0.5,34,proposed_mode,true,1.9227,true,7,2.2871,0,0,true,18.957,correct_route
LV,0.5,S2,0.5,34,an_080,true,1.9227,true,7,2.2871,0,0,true,18.957,correct_route
LV,0.5,S2,0.5,34,an_mode,true,1.9227,true,7,2.2871,0,0,true,18.957,correct_route
LV,0.5,S2,0.5,35,distance,true,3.6916,true,7,3.6916,0,0,true,0,correct_route
LV,0.5,S2,0.5,35,proposed_050,true,3.6916,true,7,3.6916,0,0,true,0,correct_route
LV,0.5,S2,0.5,35,proposed_mode,true,3.6916,true,7,3.6916,0,0,true,0,correct_route
LV,0.5,S2,0.5,35,an_080,true,3.6916,true,7,3.6916,0,0,true,0,correct_route
LV,0.5,S2,0.5,35,an_mode,true,3.6916,true,7,3.6916,0,0,true,0,correct_route
LV,0.5,S2,0.5,36,distance,true,4.5516,true,7,4.5516,192.145,0.3,true,0,correct_route
LV,0.5,S2,0.5,36,proposed_050,true,4.5516,true,7,4.9758,0,0,true,9.32,correct_route
LV,0.5,S2,0.5,36,proposed_mode,true,4.5516,true,7,4.9758,0,0,true,9.32,correct_route
LV,0.5,S2,0.5,36,an_080,true,4.5516,true,7,4.9758,0,0,true,9.32,correct_route
LV,0.5,S2,0.5,36,an_mode,true,4.5516,true,7,4.9758,0,0,true,9.32,correct_route
LV,0.5,S2,0.5,37,distance,true,3.7026,true,7,3.7026,94.182,0.3,true,0,correct_route
LV,0.5,S2,0.5,37,proposed_050,true,3.7026,true,7,3.8372,0,0,true,3.637,correct_route
LV,0.5,S2,0.5,37,proposed_mode,true,3.7026,true,7,3.8372,0,0,true,3.637,correct_route
LV,0.5,S2,0.5,37,an_080,true,3.7026,true,7,3.8372,0,0,true,3.637,correct_route
LV,0.5,S2,0.5,37,an_mode,true,3.7026,true,7,3.8372,0,0,true,3.637,correct_route
LV,0.5,S2,0.5,38,distance,true,4.8669,true,7,4.8669,92.402,0.3,true,0,correct_route
LV,0.5,S2,0.5,38,proposed_050,true,4.8669,true,7,5.2587,0,0,true,8.05,correct_route
LV,0.5,S2,0.5,38,proposed_mode,true,4.8669,true,7,5.2587,0,0,true,8.05,correct_route
LV,0.5,S2,0.5,38,an_080,true,4.8669,true,7,5.2587,0,0,true,8.05,correct_route
LV,0.5,S2,0.5,38,an_mode,true,4.8669,true,7,5.2587,0,0,true,8.05,correct_route
LV,0.5,S2,0.5,39,distance,true,3.8945,true,3,3.8945,106.201,0.3,true,0,correct_route
LV,0.5,S2,0.5,39,proposed_050,true,3.8945,true,5,6.797,0,0,true,74.529,correct_route
LV,0.5,S2,0.5,39,proposed_mode,true,3.8945,true,5,6.797,0,0,true,74.529,correct_route
LV,0.5,S2,0.5,39,an_080,true,3.8945,true,3,3.8945,106.201,0.3,true,0,correct_route
LV,0.5,S2,0.5,39,an_mode,true,3.8945,true,3,3.8945,106.201,0.3,true,0,correct_route
LV,0.5,S2,0.5,40,distance,true,4.2719,true,3,4.2719,94.932,0.3,true,0,correct_route
LV,0.5,S2,0.5,40,proposed_050,true,4.2719,true,5,5.3931,0,0,true,26.246,correct_route
LV,0.5,S2,0.5,40,proposed_mode,true,4.2719,true,5,5.3931,0,0,true,26.246,correct_route
LV,0.5,S2,0.5,40,an_080,true,4.2719,true,3,4.2719,94.932,0.3,true,0,correct_route
LV,0.5,S2,0.5,40,an_mode,true,4.2719,true,3,4.2719,94.932,0.3,true,0,correct_route
AD,1.2,S2,0.5,1,distance,true,3.5648,true,9,3.5648,0,0,true,0,correct_route
AD,1.2,S2,0.5,1,proposed_050,true,3.5648,true,9,3.5648,0,0,true,0,correct_route
AD,1.2,S2,0.5,1,proposed_mode,true,3.5648,true,9,3.5648,0,0,true,0,correct_route
AD,1.2,S2,0.5,1,an_080,true,3.5648,true,9,3.5648,0,0,true,0,correct_route
AD,1.2,S2,0.5,1,an_mode,true,3.5648,true,9,3.5648,0,0,true,0,correct_route
AD,1.2,S2,0.5,2,distance,true,4.4419,true,4,4.4419,0,0,true,0,correct_route
AD,1.2,S2,0.5,2,proposed_050,true,4.4419,true,4,4.4419,0,0,true,0,correct_route
AD,1.2,S2,0.5,2,proposed_mode,true,4.4419,true,4,4.4419,0,0,true,0,correct_route
AD,1.2,S2,0.5,2,an_080,true,4.4419,true,4,4.4419,0,0,true,0,correct_route
AD,1.2,S2,0.5,2,an_mode,true,4.4419,true,4,4.4419,0,0,true,0,correct_route
AD,1.2,S2,0.5,3,distance,true,2.6507,true,9,2.6507,0,0,true,0,correct_route
AD,1.2,S2,0.5,3,proposed_050,true,2.6507,true,9,2.6507,0,0,true,0,correct_route
AD,1.2,S2,0.5,3,proposed_mode,true,2.6507,true,9,2.6507,0,0,true,0,correct_route
AD,1.2,S2,0.5,3,an_080,true,2.6507,true,9,2.6507,0,0,true,0,correct_route
AD,1.2,S2,0.5,3,an_mode,true,2.6507,true,9,2.6507,0,0,true,0,correct_route
AD,1.2,S2,0.5,4,distance,true,4.3464,true,4,4.3464,0,0,true,0,correct_route
AD,1.2,S2,0.5,4,proposed_050,true,4.3464,true,4,4.3464,0,0,true,0,correct_route
AD,1.2,S2,0.5,4,proposed_mode,true,4.3464,true,4,4.3464,0,0,true,0,correct_route
AD,1.2,S2,0.5,4,an_080,true,4.3464,true,4,4.3464,0,0,true,0,correct_route
AD,1.2,S2,0.5,4,an_mode,true,4.3464,true,4,4.3464,0,0,true,0,correct_route
AD,1.2,S2,0.5,5,distance,true,4.4419,true,4,4.4419,109.413,0.3,true,0,correct_route
AD,1.2,S2,0.5,5,proposed_050,true,4.4419,true,4,4.8013,0,0,true,8.091,correct_route
AD,1.2,S2,0.5,5,proposed_mode,true,4.4419,true,4,4.8013,0,0,true,8.091,correct_route
AD,1.2,S2,0.5,5,an_080,true,4.4419,true,4,4.8013,0,0,true,8.091,correct_route
AD,1.2,S2,0.5,5,an_mode,true,4.4419,true,4,4.8013,0,0,true,8.091,correct_route
AD,1.2,S2,0.5,6,distance,true,0.7045,true,4,0.7045,0,0,true,0,correct_route
AD,1.2,S2,0.5,6,proposed_050,true,0.7045,true,4,0.7045,0,0,true,0,correct_route
AD,1.2,S2,0.5,6,proposed_mode,true,0.7045,true,4,0.7045,0,0,true,0,correct_route
AD,1.2,S2,0.5,6,an_080,true,0.7045,true,4,0.7045,0,0,true,0,correct_route
AD,1.2,S2,0.5,6,an_mode,true,0.7045,true,4,0.7045,0,0,true,0,correct_route
AD,1.2,S2,0.5,7,distance,true,2.4584,true,8,2.4584,203.049,0.3,true,0,correct_route
AD,1.2,S2,0.5,7,proposed_050,true,2.4584,true,8,2.9041,0,0,true,18.128,correct_route
AD,1.2,S2,0.5,7,proposed_mode,true,2.4584,true,8,2.9041,0,0,true,18.128,correct_route
AD,1.2,S2,0.5,7,an_080,true,2.4584,true,8,2.9041,0,0,true,18.128,correct_route
AD,1.2,S2,0.5,7,an_mode,true,2.4584,true,8,2.9041,0,0,true,18.128,correct_route
AD,1.2,S2,0.5,8,distance,true,2.2256,true,4,2.2256,97.106,0.3,true,0,correct_route
AD,1.2,S2,0.5,8,proposed_050,true,2.2256,true,4,2.5061,35.433,0.15,true,12.604,correct_route
AD,1.2,S2,0.5,8,proposed_mode,true,2.2256,true,4,2.5061,35.433,0.15,true,12.604,correct_route
AD,1.2,S2,0.5,8,an_080,true,2.2256,true,4,2.2256,97.106,0.3,true,0,correct_route
AD,1.2,S2,0.5,8,an_mode,true,2.2256,true,4,2.2256,97.106,0.3,true,0,correct_route
AD,1.2,S2,0.5,9,distance,true,2.2269,true,8,2.2269,0,0,true,0,correct_route
AD,1.2,S2,0.5,9,proposed_050,true,2.2269,true,8,2.2269,0,0,true,0,correct_route
AD,1.2,S2,0.5,9,proposed_mode,true,2.2269,true,8,2.2269,0,0,true,0,correct_route
AD,1.2,S2,0.5,9,an_080,true,2.2269,true,8,2.2269,0,0,true,0,correct_route
AD,1.2,S2,0.5,9,an_mode,true,2.2269,true,8,2.2269,0,0,true,0,correct_route
AD,1.2,S2,0.5,10,distance,true,0.7573,true,9,0.7573,0,0,true,0,correct_route
AD,1.2,S2,0.5,10,proposed_050,true,0.7573,true,9,0.7573,0,0,true,0,correct_route
AD,1.2,S2,0.5,10,proposed_mode,true,0.7573,true,9,0.7573,0,0,true,0,correct_route
AD,1.2,S2,0.5,10,an_080,true,0.7573,true,9,0.7573,0,0,true,0,correct_route
AD,1.2,S2,0.5,10,an_mode,true,0.7573,true,9,0.7573,0,0,true,0,correct_route
AD,1.2,S2,0.5,11,distance,true,5.077,true,4,5.077,97.106,0.3,true,0,correct_route
AD,1.2,S2,0.5,11,proposed_050,true,5.077,true,4,5.3575,35.433,0.15,true,5.525,correct_route
AD,1.2,S2,0.5,11,proposed_mode,true,5.077,true,4,5.3575,35.433,0.15,true,5.525,correct_route
AD,1.2,S2,0.5,11,an_080,true,5.077,true,4,5.077,97.106,0.3,true,0,correct_route
AD,1.2,S2,0.5,11,an_mode,true,5.077,true,4,5.077,97.106,0.3,true,0,correct_route
AD,1.2,S2,0.5,12,distance,true,4.8102,true,8,4.8102,198.394,0.3,true,0,correct_route
AD,1.2,S2,0.5,12,proposed_050,true,4.8102,true,8,5.417,16.133,0.15,true,12.615,correct_route
AD,1.2,S2,0.5,12,proposed_mode,true,4.8102,true,8,5.417,16.133,0.15,true,12.615,correct_route
AD,1.2,S2,0.5,12,an_080,true,4.8102,true,8,5.417,16.133,0.15,true,12.615,correct_route
AD,1.2,S2,0.5,12,an_mode,true,4.8102,true,8,5.417,16.133,0.15,true,12.615,correct_route
AD,1.2,S2,0.5,13,distance,true,5.3483,true,4,5.3483,35.433,0.15,true,0,correct_route
AD,1.2,S2,0.5,13,proposed_050,true,5.3483,true,4,5.5532,0,0,true,3.83,correct_route
AD,1.2,S2,0.5,13,proposed_mode,true,5.3483,true,4,5.5532,0,0,true,3.83,correct_route
AD,1.2,S2,0.5,13,an_080,true,5.3483,true,4,5.3483,35.433,0.15,true,0,correct_route
AD,1.2,S2,0.5,13,an_mode,true,5.3483,true,4,5.3483,35.433,0.15,true,0,correct_route
AD,1.2,S2,0.5,14,distance,true,2.2619,true,4,2.2619,0,0,true,0,correct_route
AD,1.2,S2,0.5,14,proposed_050,true,2.2619,true,4,2.2619,0,0,true,0,correct_route
AD,1.2,S2,0.5,14,proposed_mode,true,2.2619,true,4,2.2619,0,0,true,0,correct_route
AD,1.2,S2,0.5,14,an_080,true,2.2619,true,4,2.2619,0,0,true,0,correct_route
AD,1.2,S2,0.5,14,an_mode,true,2.2619,true,4,2.2619,0,0,true,0,correct_route
AD,1.2,S2,0.5,15,distance,true,3.7294,true,4,3.7294,35.433,0.15,true,0,correct_route
AD,1.2,S2,0.5,15,proposed_050,true,3.7294,true,4,3.9342,0,0,true,5.492,correct_route
AD,1.2,S2,0.5,15,proposed_mode,true,3.7294,true,4,3.9342,0,0,true,5.492,correct_route
AD,1.2,S2,0.5,15,an_080,true,3.7294,true,4,3.7294,35.433,0.15,true,0,correct_route
AD,1.2,S2,0.5,15,an_mode,true,3.7294,true,4,3.7294,35.433,0.15,true,0,correct_route
AD,1.2,S2,0.5,16,distance,true,1.4535,true,8,1.4535,0,0,true,0,correct_route
AD,1.2,S2,0.5,16,proposed_050,true,1.4535,true,8,1.4535,0,0,true,0,correct_route
AD,1.2,S2,0.5,16,proposed_mode,true,1.4535,true,8,1.4535,0,0,true,0,correct_route
AD,1.2,S2,0.5,16,an_080,true,1.4535,true,8,1.4535,0,0,true,0,correct_route
AD,1.2,S2,0.5,16,an_mode,true,1.4535,true,8,1.4535,0,0,true,0,correct_route
AD,1.2,S2,0.5,17,distance,true,4.4279,true,8,4.4279,198.394,0.3,true,0,correct_route
AD,1.2,S2,0.5,17,proposed_050,true,4.4279,true,5,4.44,0,0,true,0.275,correct_route
AD,1.2,S2,0.5,17,proposed_mode,true,4.4279,true,5,4.44,0,0,true,0.275,correct_route
AD,1.2,S2,0.5,17,an_080,true,4.4279,true,5,4.44,0,0,true,0.275,correct_route
AD,1.2,S2,0.5,17,an_mode,true,4.4279,true,5,4.44,0,0,true,0.275,correct_route
AD,1.2,S2,0.5,18,distance,true,2.343,true,8,2.343,16.133,0.15,true,0,correct_route
AD,1.2,S2,0.5,18,proposed_050,true,2.343,true,8,2.343,16.133,0.15,true,0,correct_route
AD,1.2,S2,0.5,18,proposed_mode,true,2.343,true,8,2.343,16.133,0.15,true,0,correct_route
AD,1.2,S2,0.5,18,an_080,true,2.343,true,8,2.343,16.133,0.15,true,0,correct_route
AD,1.2,S2,0.5,18,an_mode,true,2.343,true,8,2.343,16.133,0.15,true,0,correct_route
AD,1.2,S2,0.5,19,distance,true,2.0721,true,8,2.0721,0,0,true,0,correct_route
AD,1.2,S2,0.5,19,proposed_050,true,2.0721,true,8,2.0721,0,0,true,0,correct_route
AD,1.2,S2,0.5,19,proposed_mode,true,2.0721,true,8,2.0721,0,0,true,0,correct_route
AD,1.2,S2,0.5,19,an_080,true,2.0721,true,8,2.0721,0,0,true,0,correct_route
AD,1.2,S2,0.5,19,an_mode,true,2.0721,true,8,2.0721,0,0,true,0,correct_route
AD,1.2,S2,0.5,20,distance,true,8.4103,true,7,8.4103,188.224,0.3,true,0,correct_route
AD,1.2,S2,0.5,20,proposed_050,true,8.4103,true,7,8.5508,0,0,true,1.671,correct_route
AD,1.2,S2,0.5,20,proposed_mode,true,8.4103,true,7,8.5508,0,0,true,1.671,correct_route
AD,1.2,S2,0.5,20,an_080,true,8.4103,true,7,8.5508,0,0,true,1.671,correct_route
AD,1.2,S2,0.5,20,an_mode,true,8.4103,true,7,8.5508,0,0,true,1.671,correct_route
AD,1.2,S2,0.5,21,distance,true,1.5022,true,7,1.5022,0,0,true,0,correct_route
AD,1.2,S2,0.5,21,proposed_050,true,1.5022,true,7,1.5022,0,0,true,0,correct_route
AD,1.2,S2,0.5,21,proposed_mode,true,1.5022,true,7,1.5022,0,0,true,0,correct_route
AD,1.2,S2,0.5,21,an_080,true,1.5022,true,7,1.5022,0,0,true,0,correct_route
AD,1.2,S2,0.5,21,an_mode,true,1.5022,true,7,1.5022,0,0,true,0,correct_route
AD,1.2,S2,0.5,22,distance,true,2.2373,true,7,2.2373,0,0,true,0,correct_route
AD,1.2,S2,0.5,22,proposed_050,true,2.2373,true,7,2.2373,0,0,true,0,correct_route
AD,1.2,S2,0.5,22,proposed_mode,true,2.2373,true,7,2.2373,0,0,true,0,correct_route
AD,1.2,S2,0.5,22,an_080,true,2.2373,true,7,2.2373,0,0,true,0,correct_route
AD,1.2,S2,0.5,22,an_mode,true,2.2373,true,7,2.2373,0,0,true,0,correct_route
AD,1.2,S2,0.5,23,distance,true,5.7136,true,7,5.7136,188.224,0.3,true,0,correct_route
AD,1.2,S2,0.5,23,proposed_050,true,5.7136,true,7,5.8541,0,0,true,2.459,correct_route
AD,1.2,S2,0.5,23,proposed_mode,true,5.7136,true,7,5.8541,0,0,true,2.459,correct_route
AD,1.2,S2,0.5,23,an_080,true,5.7136,true,7,5.8541,0,0,true,2.459,correct_route
AD,1.2,S2,0.5,23,an_mode,true,5.7136,true,7,5.8541,0,0,true,2.459,correct_route
AD,1.2,S2,0.5,24,distance,true,3.7965,true,7,3.7965,188.224,0.3,true,0,correct_route
AD,1.2,S2,0.5,24,proposed_050,true,3.7965,true,7,4.4108,0,0,true,16.179,correct_route
AD,1.2,S2,0.5,24,proposed_mode,true,3.7965,true,7,4.4108,0,0,true,16.179,correct_route
AD,1.2,S2,0.5,24,an_080,true,3.7965,true,7,4.4108,0,0,true,16.179,correct_route
AD,1.2,S2,0.5,24,an_mode,true,3.7965,true,7,4.4108,0,0,true,16.179,correct_route
AD,1.2,S2,0.5,25,distance,true,2.019,true,5,2.019,0,0,true,0,correct_route
AD,1.2,S2,0.5,25,proposed_050,true,2.019,true,5,2.019,0,0,true,0,correct_route
AD,1.2,S2,0.5,25,proposed_mode,true,2.019,true,5,2.019,0,0,true,0,correct_route
AD,1.2,S2,0.5,25,an_080,true,2.019,true,5,2.019,0,0,true,0,correct_route
AD,1.2,S2,0.5,25,an_mode,true,2.019,true,5,2.019,0,0,true,0,correct_route
AD,1.2,S2,0.5,26,distance,true,1.0687,true,5,1.0687,0,0,true,0,correct_route
AD,1.2,S2,0.5,26,proposed_050,true,1.0687,true,5,1.0687,0,0,true,0,correct_route
AD,1.2,S2,0.5,26,proposed_mode,true,1.0687,true,5,1.0687,0,0,true,0,correct_route
AD,1.2,S2,0.5,26,an_080,true,1.0687,true,5,1.0687,0,0,true,0,correct_route
AD,1.2,S2,0.5,26,an_mode,true,1.0687,true,5,1.0687,0,0,true,0,correct_route
AD,1.2,S2,0.5,27,distance,true,2.187,true,3,2.187,114.878,0.3,true,0,correct_route
AD,1.2,S2,0.5,27,proposed_050,true,2.187,true,5,2.8807,0,0,true,31.716,correct_route
AD,1.2,S2,0.5,27,proposed_mode,true,2.187,true,5,2.8807,0,0,true,31.716,correct_route
AD,1.2,S2,0.5,27,an_080,true,2.187,true,3,2.2093,108.248,0.3,true,1.017,correct_route
AD,1.2,S2,0.5,27,an_mode,true,2.187,true,3,2.2093,108.248,0.3,true,1.017,correct_route
AD,1.2,S2,0.5,28,distance,true,3.3577,true,7,3.3577,92.402,0.3,true,0,correct_route
AD,1.2,S2,0.5,28,proposed_050,true,3.3577,true,7,3.6245,0,0,true,7.944,correct_route
AD,1.2,S2,0.5,28,proposed_mode,true,3.3577,true,7,3.6245,0,0,true,7.944,correct_route
AD,1.2,S2,0.5,28,an_080,true,3.3577,true,7,3.6245,0,0,true,7.944,correct_route
AD,1.2,S2,0.5,28,an_mode,true,3.3577,true,7,3.6245,0,0,true,7.944,correct_route
AD,1.2,S2,0.5,29,distance,true,5.5354,true,7,5.5354,192.145,0.3,true,0,correct_route
AD,1.2,S2,0.5,29,proposed_050,true,5.5354,true,7,6.0363,0,0,true,9.05,correct_route
AD,1.2,S2,0.5,29,proposed_mode,true,5.5354,true,7,6.0363,0,0,true,9.05,correct_route
AD,1.2,S2,0.5,29,an_080,true,5.5354,true,7,6.0363,0,0,true,9.05,correct_route
AD,1.2,S2,0.5,29,an_mode,true,5.5354,true,7,6.0363,0,0,true,9.05,correct_route
AD,1.2,S2,0.5,30,distance,true,2.6793,true,3,2.6793,94.932,0.3,true,0,correct_route
AD,1.2,S2,0.5,30,proposed_050,true,2.6793,true,5,3.5991,0,0,true,34.328,correct_route
AD,1.2,S2,0.5,30,proposed_mode,true,2.6793,true,5,3.5991,0,0,true,34.328,correct_route
AD,1.2,S2,0.5,30,an_080,true,2.6793,true,3,2.6793,94.932,0.3,true,0,correct_route
AD,1.2,S2,0.5,30,an_mode,true,2.6793,true,3,2.6793,94.932,0.3,true,0,correct_route
AD,1.2,S2,0.5,31,distance,true,3.5175,true,7,3.5175,192.145,0.3,true,0,correct_route
AD,1.2,S2,0.5,31,proposed_050,true,3.5175,true,7,4.0185,0,0,true,14.242,correct_route
AD,1.2,S2,0.5,31,proposed_mode,true,3.5175,true,7,4.0185,0,0,true,14.242,correct_route
AD,1.2,S2,0.5,31,an_080,true,3.5175,true,7,4.0185,0,0,true,14.242,correct_route
AD,1.2,S2,0.5,31,an_mode,true,3.5175,true,7,4.0185,0,0,true,14.242,correct_route
AD,1.2,S2,0.5,32,distance,true,1.5916,true,3,1.5916,106.201,0.3,true,0,correct_route
AD,1.2,S2,0.5,32,proposed_050,true,1.5916,true,5,4.5892,0,0,true,188.348,correct_route
AD,1.2,S2,0.5,32,proposed_mode,true,1.5916,true,5,4.5892,0,0,true,188.348,correct_route
AD,1.2,S2,0.5,32,an_080,true,1.5916,true,3,1.5916,106.201,0.3,true,0,correct_route
AD,1.2,S2,0.5,32,an_mode,true,1.5916,true,3,1.5916,106.201,0.3,true,0,correct_route
AD,1.2,S2,0.5,33,distance,true,2.2529,true,7,2.2529,94.182,0.3,true,0,correct_route
AD,1.2,S2,0.5,33,proposed_050,true,2.2529,true,7,2.3876,0,0,true,5.977,correct_route
AD,1.2,S2,0.5,33,proposed_mode,true,2.2529,true,7,2.3876,0,0,true,5.977,correct_route
AD,1.2,S2,0.5,33,an_080,true,2.2529,true,7,2.3876,0,0,true,5.977,correct_route
AD,1.2,S2,0.5,33,an_mode,true,2.2529,true,7,2.3876,0,0,true,5.977,correct_route
AD,1.2,S2,0.5,34,distance,true,1.9227,true,7,1.9227,92.402,0.3,true,0,correct_route
AD,1.2,S2,0.5,34,proposed_050,true,1.9227,true,7,2.2871,0,0,true,18.957,correct_route
AD,1.2,S2,0.5,34,proposed_mode,true,1.9227,true,7,2.2871,0,0,true,18.957,correct_route
AD,1.2,S2,0.5,34,an_080,true,1.9227,true,7,2.2871,0,0,true,18.957,correct_route
AD,1.2,S2,0.5,34,an_mode,true,1.9227,true,7,2.2871,0,0,true,18.957,correct_route
AD,1.2,S2,0.5,35,distance,true,3.6916,true,7,3.6916,0,0,true,0,correct_route
AD,1.2,S2,0.5,35,proposed_050,true,3.6916,true,7,3.6916,0,0,true,0,correct_route
AD,1.2,S2,0.5,35,proposed_mode,true,3.6916,true,7,3.6916,0,0,true,0,correct_route
AD,1.2,S2,0.5,35,an_080,true,3.6916,true,7,3.6916,0,0,true,0,correct_route
AD,1.2,S2,0.5,35,an_mode,true,3.6916,true,7,3.6916,0,0,true,0,correct_route
AD,1.2,S2,0.5,36,distance,true,4.5516,true,7,4.5516,192.145,0.3,true,0,correct_route
AD,1.2,S2,0.5,36,proposed_050,true,4.5516,true,7,4.9758,0,0,true,9.32,correct_route
AD,1.2,S2,0.5,36,proposed_mode,true,4.5516,true,7,4.9758,0,0,true,9.32,correct_route
AD,1.2,S2,0.5,36,an_080,true,4.5516,true,7,4.9758,0,0,true,9.32,correct_route
AD,1.2,S2,0.5,36,an_mode,true,4.5516,true,7,4.9758,0,0,true,9.32,correct_route
AD,1.2,S2,0.5,37,distance,true,3.7026,true,7,3.7026,94.182,0.3,true,0,correct_route
AD,1.2,S2,0.5,37,proposed_050,true,3.7026,true,7,3.8372,0,0,true,3.637,correct_route
AD,1.2,S2,0.5,37,proposed_mode,true,3.7026,true,7,3.8372,0,0,true,3.637,correct_route
AD,1.2,S2,0.5,37,an_080,true,3.7026,true,7,3.8372,0,0,true,3.637,correct_route
AD,1.2,S2,0.5,37,an_mode,true,3.7026,true,7,3.8372,0,0,true,3.637,correct_route
AD,1.2,S2,0.5,38,distance,true,4.8669,true,7,4.8669,92.402,0.3,true,0,correct_route
AD,1.2,S2,0.5,38,proposed_050,true,4.8669,true,7,5.2587,0,0,true,8.05,correct_route
AD,1.2,S2,0.5,38,proposed_mode,true,4.8669,true,7,5.2587,0,0,true,8.05,correct_route
AD,1.2,S2,0.5,38,an_080,true,4.8669,true,7,5.2587,0,0,true,8.05,correct_route
AD,1.2,S2,0.5,38,an_mode,true,4.8669,true,7,5.2587,0,0,true,8.05,correct_route
AD,1.2,S2,0.5,39,distance,true,3.8945,true,3,3.8945,106.201,0.3,true,0,correct_route
AD,1.2,S2,0.5,39,proposed_050,true,3.8945,true,5,6.797,0,0,true,74.529,correct_route
AD,1.2,S2,0.5,39,proposed_mode,true,3.8945,true,5,6.797,0,0,true,74.529,correct_route
AD,1.2,S2,0.5,39,an_080,true,3.8945,true,3,3.8945,106.201,0.3,true,0,correct_route
AD,1.2,S2,0.5,39,an_mode,true,3.8945,true,3,3.8945,106.201,0.3,true,0,correct_route
AD,1.2,S2,0.5,40,distance,true,4.2719,true,3,4.2719,94.932,0.3,true,0,correct_route
AD,1.2,S2,0.5,40,proposed_050,true,4.2719,true,5,5.3931,0,0,true,26.246,correct_route
AD,1.2,S2,0.5,40,proposed_mode,true,4.2719,true,5,5.3931,0,0,true,26.246,correct_route
AD,1.2,S2,0.5,40,an_080,true,4.2719,true,3,4.2719,94.932,0.3,true,0,correct_route
AD,1.2,S2,0.5,40,an_mode,true,4.2719,true,3,4.2719,94.932,0.3,true,0,correct_route
SV,0.3,S2,0.75,1,distance,true,3.5648,true,9,3.5648,0,0,true,0,correct_route
SV,0.3,S2,0.75,1,proposed_050,true,3.5648,true,9,3.5648,0,0,true,0,correct_route
SV,0.3,S2,0.75,1,proposed_mode,true,3.5648,true,9,3.5648,0,0,true,0,correct_route
SV,0.3,S2,0.75,1,an_080,true,3.5648,true,9,3.5648,0,0,true,0,correct_route
SV,0.3,S2,0.75,1,an_mode,true,3.5648,true,9,3.5648,0,0,true,0,correct_route
SV,0.3,S2,0.75,2,distance,true,4.4419,true,4,4.4419,0,0,true,0,correct_route
SV,0.3,S2,0.75,2,proposed_050,true,4.4419,true,4,4.4419,0,0,true,0,correct_route
SV,0.3,S2,0.75,2,proposed_mode,true,4.4419,true,4,4.4419,0,0,true,0,correct_route
SV,0.3,S2,0.75,2,an_080,true,4.4419,true,4,4.4419,0,0,true,0,correct_route
SV,0.3,S2,0.75,2,an_mode,true,4.4419,true,4,4.4419,0,0,true,0,correct_route
SV,0.3,S2,0.75,3,distance,true,2.6507,true,9,2.6507,0,0,true,0,correct_route
SV,0.3,S2,0.75,3,proposed_050,true,2.6507,true,9,2.6507,0,0,true,0,correct_route
SV,0.3,S2,0.75,3,proposed_mode,true,2.6507,true,9,2.6507,0,0,true,0,correct_route
SV,0.3,S2,0.75,3,an_080,true,2.6507,true,9,2.6507,0,0,true,0,correct_route
SV,0.3,S2,0.75,3,an_mode,true,2.6507,true,9,2.6507,0,0,true,0,correct_route
SV,0.3,S2,0.75,4,distance,true,4.3464,true,4,4.3464,0,0,true,0,correct_route
SV,0.3,S2,0.75,4,proposed_050,true,4.3464,true,4,4.3464,0,0,true,0,correct_route
SV,0.3,S2,0.75,4,proposed_mode,true,4.3464,true,4,4.3464,0,0,true,0,correct_route
SV,0.3,S2,0.75,4,an_080,true,4.3464,true,4,4.3464,0,0,true,0,correct_route
SV,0.3,S2,0.75,4,an_mode,true,4.3464,true,4,4.3464,0,0,true,0,correct_route
SV,0.3,S2,0.75,5,distance,true,4.8013,true,4,4.4419,164.12,0.45,false,-7.485,unsafe_route
SV,0.3,S2,0.75,5,proposed_050,true,4.8013,true,4,4.8013,0,0,true,0,correct_route
SV,0.3,S2,0.75,5,proposed_mode,true,4.8013,true,4,4.8013,0,0,true,0,correct_route
SV,0.3,S2,0.75,5,an_080,true,4.8013,true,4,4.8013,0,0,true,0,correct_route
SV,0.3,S2,0.75,5,an_mode,true,4.8013,true,4,4.8013,0,0,true,0,correct_route
SV,0.3,S2,0.75,6,distance,true,0.7045,true,4,0.7045,0,0,true,0,correct_route
SV,0.3,S2,0.75,6,proposed_050,true,0.7045,true,4,0.7045,0,0,true,0,correct_route
SV,0.3,S2,0.75,6,proposed_mode,true,0.7045,true,4,0.7045,0,0,true,0,correct_route
SV,0.3,S2,0.75,6,an_080,true,0.7045,true,4,0.7045,0,0,true,0,correct_route
SV,0.3,S2,0.75,6,an_mode,true,0.7045,true,4,0.7045,0,0,true,0,correct_route
SV,0.3,S2,0.75,7,distance,true,2.9041,true,8,2.4584,304.574,0.45,false,-15.346,unsafe_route
SV,0.3,S2,0.75,7,proposed_050,true,2.9041,true,8,2.9041,0,0,true,0,correct_route
SV,0.3,S2,0.75,7,proposed_mode,true,2.9041,true,8,2.9041,0,0,true,0,correct_route
SV,0.3,S2,0.75,7,an_080,true,2.9041,true,8,2.9041,0,0,true,0,correct_route
SV,0.3,S2,0.75,7,an_mode,true,2.9041,true,8,2.9041,0,0,true,0,correct_route
SV,0.3,S2,0.75,8,distance,true,2.5061,true,4,2.2256,145.659,0.45,false,-11.193,unsafe_route
SV,0.3,S2,0.75,8,proposed_050,true,2.5061,true,4,3.2259,0,0,true,28.718,correct_route
SV,0.3,S2,0.75,8,proposed_mode,true,2.5061,true,4,3.2259,0,0,true,28.718,correct_route
SV,0.3,S2,0.75,8,an_080,true,2.5061,true,4,2.2256,145.659,0.45,false,-11.193,unsafe_route
SV,0.3,S2,0.75,8,an_mode,true,2.5061,true,4,2.5061,53.15,0.225,true,0,correct_route
SV,0.3,S2,0.75,9,distance,true,2.2269,true,8,2.2269,0,0,true,0,correct_route
SV,0.3,S2,0.75,9,proposed_050,true,2.2269,true,8,2.2269,0,0,true,0,correct_route
SV,0.3,S2,0.75,9,proposed_mode,true,2.2269,true,8,2.2269,0,0,true,0,correct_route
SV,0.3,S2,0.75,9,an_080,true,2.2269,true,8,2.2269,0,0,true,0,correct_route
SV,0.3,S2,0.75,9,an_mode,true,2.2269,true,8,2.2269,0,0,true,0,correct_route
SV,0.3,S2,0.75,10,distance,true,0.7573,true,9,0.7573,0,0,true,0,correct_route
SV,0.3,S2,0.75,10,proposed_050,true,0.7573,true,9,0.7573,0,0,true,0,correct_route
SV,0.3,S2,0.75,10,proposed_mode,true,0.7573,true,9,0.7573,0,0,true,0,correct_route
SV,0.3,S2,0.75,10,an_080,true,0.7573,true,9,0.7573,0,0,true,0,correct_route
SV,0.3,S2,0.75,10,an_mode,true,0.7573,true,9,0.7573,0,0,true,0,correct_route
SV,0.3,S2,0.75,11,distance,true,5.3575,true,4,5.077,145.659,0.45,false,-5.236,unsafe_route
SV,0.3,S2,0.75,11,proposed_050,true,5.3575,true,4,6.0772,0,0,true,13.434,correct_route
SV,0.3,S2,0.75,11,proposed_mode,true,5.3575,true,4,6.0772,0,0,true,13.434,correct_route
SV,0.3,S2,0.75,11,an_080,true,5.3575,true,4,5.077,145.659,0.45,false,-5.236,unsafe_route
SV,0.3,S2,0.75,11,an_mode,true,5.3575,true,4,5.3575,53.15,0.225,true,0,correct_route
SV,0.3,S2,0.75,12,distance,true,5.3842,true,8,4.8102,297.591,0.45,false,-10.66,unsafe_route
SV,0.3,S2,0.75,12,proposed_050,true,5.3842,true,8,5.6942,0,0,true,5.757,correct_route
SV,0.3,S2,0.75,12,proposed_mode,true,5.3842,true,8,5.6942,0,0,true,5.757,correct_route
SV,0.3,S2,0.75,12,an_080,true,5.3842,true,8,5.417,24.2,0.225,true,0.61,correct_route
SV,0.3,S2,0.75,12,an_mode,true,5.3842,true,8,5.417,24.2,0.225,true,0.61,correct_route
SV,0.3,S2,0.75,13,distance,true,5.3483,true,4,5.3483,53.15,0.225,true,0,correct_route
SV,0.3,S2,0.75,13,proposed_050,true,5.3483,true,4,5.5532,0,0,true,3.83,correct_route
SV,0.3,S2,0.75,13,proposed_mode,true,5.3483,true,4,5.5532,0,0,true,3.83,correct_route
SV,0.3,S2,0.75,13,an_080,true,5.3483,true,4,5.5532,0,0,true,3.83,correct_route
SV,0.3,S2,0.75,13,an_mode,true,5.3483,true,4,5.5532,0,0,true,3.83,correct_route
SV,0.3,S2,0.75,14,distance,true,2.2619,true,4,2.2619,0,0,true,0,correct_route
SV,0.3,S2,0.75,14,proposed_050,true,2.2619,true,4,2.2619,0,0,true,0,correct_route
SV,0.3,S2,0.75,14,proposed_mode,true,2.2619,true,4,2.2619,0,0,true,0,correct_route
SV,0.3,S2,0.75,14,an_080,true,2.2619,true,4,2.2619,0,0,true,0,correct_route
SV,0.3,S2,0.75,14,an_mode,true,2.2619,true,4,2.2619,0,0,true,0,correct_route
SV,0.3,S2,0.75,15,distance,true,3.7294,true,4,3.7294,53.15,0.225,true,0,correct_route
SV,0.3,S2,0.75,15,proposed_050,true,3.7294,true,4,3.9342,0,0,true,5.492,correct_route
SV,0.3,S2,0.75,15,proposed_mode,true,3.7294,true,4,3.9342,0,0,true,5.492,correct_route
SV,0.3,S2,0.75,15,an_080,true,3.7294,true,4,3.9342,0,0,true,5.492,correct_route
SV,0.3,S2,0.75,15,an_mode,true,3.7294,true,4,3.9342,0,0,true,5.492,correct_route
SV,0.3,S2,0.75,16,distance,true,1.4535,true,8,1.4535,0,0,true,0,correct_route
SV,0.3,S2,0.75,16,proposed_050,true,1.4535,true,8,1.4535,0,0,true,0,correct_route
SV,0.3,S2,0.75,16,proposed_mode,true,1.4535,true,8,1.4535,0,0,true,0,correct_route
SV,0.3,S2,0.75,16,an_080,true,1.4535,true,8,1.4535,0,0,true,0,correct_route
SV,0.3,S2,0.75,16,an_mode,true,1.4535,true,8,1.4535,0,0,true,0,correct_route
SV,0.3,S2,0.75,17,distance,true,4.44,true,8,4.4279,297.591,0.45,false,-0.274,unsafe_route
SV,0.3,S2,0.75,17,proposed_050,true,4.44,true,5,4.44,0,0,true,0,correct_route
SV,0.3,S2,0.75,17,proposed_mode,true,4.44,true,5,4.44,0,0,true,0,correct_route
SV,0.3,S2,0.75,17,an_080,true,4.44,true,5,4.44,0,0,true,0,correct_route
SV,0.3,S2,0.75,17,an_mode,true,4.44,true,5,4.44,0,0,true,0,correct_route
SV,0.3,S2,0.75,18,distance,true,2.343,true,8,2.343,24.2,0.225,true,0,correct_route
SV,0.3,S2,0.75,18,proposed_050,true,2.343,true,8,2.5997,0,0,true,10.958,correct_route
SV,0.3,S2,0.75,18,proposed_mode,true,2.343,true,8,2.5997,0,0,true,10.958,correct_route
SV,0.3,S2,0.75,18,an_080,true,2.343,true,8,2.343,24.2,0.225,true,0,correct_route
SV,0.3,S2,0.75,18,an_mode,true,2.343,true,8,2.343,24.2,0.225,true,0,correct_route
SV,0.3,S2,0.75,19,distance,true,2.0721,true,8,2.0721,0,0,true,0,correct_route
SV,0.3,S2,0.75,19,proposed_050,true,2.0721,true,8,2.0721,0,0,true,0,correct_route
SV,0.3,S2,0.75,19,proposed_mode,true,2.0721,true,8,2.0721,0,0,true,0,correct_route
SV,0.3,S2,0.75,19,an_080,true,2.0721,true,8,2.0721,0,0,true,0,correct_route
SV,0.3,S2,0.75,19,an_mode,true,2.0721,true,8,2.0721,0,0,true,0,correct_route
SV,0.3,S2,0.75,20,distance,true,8.5508,true,7,8.4103,282.335,0.45,false,-1.643,unsafe_route
SV,0.3,S2,0.75,20,proposed_050,true,8.5508,true,7,8.5508,0,0,true,0,correct_route
SV,0.3,S2,0.75,20,proposed_mode,true,8.5508,true,7,8.5508,0,0,true,0,correct_route
SV,0.3,S2,0.75,20,an_080,true,8.5508,true,7,8.5508,0,0,true,0,correct_route
SV,0.3,S2,0.75,20,an_mode,true,8.5508,true,7,8.5508,0,0,true,0,correct_route
SV,0.3,S2,0.75,21,distance,true,1.5022,true,7,1.5022,0,0,true,0,correct_route
SV,0.3,S2,0.75,21,proposed_050,true,1.5022,true,7,1.5022,0,0,true,0,correct_route
SV,0.3,S2,0.75,21,proposed_mode,true,1.5022,true,7,1.5022,0,0,true,0,correct_route
SV,0.3,S2,0.75,21,an_080,true,1.5022,true,7,1.5022,0,0,true,0,correct_route
SV,0.3,S2,0.75,21,an_mode,true,1.5022,true,7,1.5022,0,0,true,0,correct_route
SV,0.3,S2,0.75,22,distance,true,2.2373,true,7,2.2373,0,0,true,0,correct_route
SV,0.3,S2,0.75,22,proposed_050,true,2.2373,true,7,2.2373,0,0,true,0,correct_route
SV,0.3,S2,0.75,22,proposed_mode,true,2.2373,true,7,2.2373,0,0,true,0,correct_route
SV,0.3,S2,0.75,22,an_080,true,2.2373,true,7,2.2373,0,0,true,0,correct_route
SV,0.3,S2,0.75,22,an_mode,true,2.2373,true,7,2.2373,0,0,true,0,correct_route
SV,0.3,S2,0.75,23,distance,true,5.8541,true,7,5.7136,282.335,0.45,false,-2.4,unsafe_route
SV,0.3,S2,0.75,23,proposed_050,true,5.8541,true,7,5.8541,0,0,true,0,correct_route
SV,0.3,S2,0.75,23,proposed_mode,true,5.8541,true,7,5.8541,0,0,true,0,correct_route
SV,0.3,S2,0.75,23,an_080,true,5.8541,true,7,5.8541,0,0,true,0,correct_route
SV,0.3,S2,0.75,23,an_mode,true,5.8541,true,7,5.8541,0,0,true,0,correct_route
SV,0.3,S2,0.75,24,distance,true,4.4108,true,7,3.7965,282.335,0.45,false,-13.926,unsafe_route
SV,0.3,S2,0.75,24,proposed_050,true,4.4108,true,7,4.4108,0,0,true,0,correct_route
SV,0.3,S2,0.75,24,proposed_mode,true,4.4108,true,7,4.4108,0,0,true,0,correct_route
SV,0.3,S2,0.75,24,an_080,true,4.4108,true,7,4.4108,0,0,true,0,correct_route
SV,0.3,S2,0.75,24,an_mode,true,4.4108,true,7,4.4108,0,0,true,0,correct_route
SV,0.3,S2,0.75,25,distance,true,2.019,true,5,2.019,0,0,true,0,correct_route
SV,0.3,S2,0.75,25,proposed_050,true,2.019,true,5,2.019,0,0,true,0,correct_route
SV,0.3,S2,0.75,25,proposed_mode,true,2.019,true,5,2.019,0,0,true,0,correct_route
SV,0.3,S2,0.75,25,an_080,true,2.019,true,5,2.019,0,0,true,0,correct_route
SV,0.3,S2,0.75,25,an_mode,true,2.019,true,5,2.019,0,0,true,0,correct_route
SV,0.3,S2,0.75,26,distance,true,1.0687,true,5,1.0687,0,0,true,0,correct_route
SV,0.3,S2,0.75,26,proposed_050,true,1.0687,true,5,1.0687,0,0,true,0,correct_route
SV,0.3,S2,0.75,26,proposed_mode,true,1.0687,true,5,1.0687,0,0,true,0,correct_route
SV,0.3,S2,0.75,26,an_080,true,1.0687,true,5,1.0687,0,0,true,0,correct_route
SV,0.3,S2,0.75,26,an_mode,true,1.0687,true,5,1.0687,0,0,true,0,correct_route
SV,0.3,S2,0.75,27,distance,true,2.8807,true,3,2.187,172.317,0.45,false,-24.079,unsafe_route
SV,0.3,S2,0.75,27,proposed_050,true,2.8807,true,5,2.8807,0,0,true,0,correct_route
SV,0.3,S2,0.75,27,proposed_mode,true,2.8807,true,5,2.8807,0,0,true,0,correct_route
SV,0.3,S2,0.75,27,an_080,true,2.8807,true,3,2.2093,162.371,0.45,false,-23.307,unsafe_route
SV,0.3,S2,0.75,27,an_mode,true,2.8807,true,5,2.8807,0,0,true,0,correct_route
SV,0.3,S2,0.75,28,distance,true,3.6245,true,7,3.3577,138.603,0.45,false,-7.36,unsafe_route
SV,0.3,S2,0.75,28,proposed_050,true,3.6245,true,7,3.6245,0,0,true,0,correct_route
SV,0.3,S2,0.75,28,proposed_mode,true,3.6245,true,7,3.6245,0,0,true,0,correct_route
SV,0.3,S2,0.75,28,an_080,true,3.6245,true,7,3.6245,0,0,true,0,correct_route
SV,0.3,S2,0.75,28,an_mode,true,3.6245,true,7,3.6245,0,0,true,0,correct_route
SV,0.3,S2,0.75,29,distance,true,6.0363,true,7,5.5354,288.217,0.45,false,-8.299,unsafe_route
SV,0.3,S2,0.75,29,proposed_050,true,6.0363,true,7,6.0363,0,0,true,0,correct_route
SV,0.3,S2,0.75,29,proposed_mode,true,6.0363,true,7,6.0363,0,0,true,0,correct_route
SV,0.3,S2,0.75,29,an_080,true,6.0363,true,7,6.0363,0,0,true,0,correct_route
SV,0.3,S2,0.75,29,an_mode,true,6.0363,true,7,6.0363,0,0,true,0,correct_route
SV,0.3,S2,0.75,30,distance,true,3.5991,true,3,2.6793,142.398,0.45,false,-25.555,unsafe_route
SV,0.3,S2,0.75,30,proposed_050,true,3.5991,true,5,3.5991,0,0,true,0,correct_route
SV,0.3,S2,0.75,30,proposed_mode,true,3.5991,true,5,3.5991,0,0,true,0,correct_route
SV,0.3,S2,0.75,30,an_080,true,3.5991,true,3,2.6793,142.398,0.45,false,-25.555,unsafe_route
SV,0.3,S2,0.75,30,an_mode,true,3.5991,true,5,3.5991,0,0,true,0,correct_route
SV,0.3,S2,0.75,31,distance,true,4.0185,true,7,3.5175,288.217,0.45,false,-12.466,unsafe_route
SV,0.3,S2,0.75,31,proposed_050,true,4.0185,true,7,4.0185,0,0,true,0,correct_route
SV,0.3,S2,0.75,31,proposed_mode,true,4.0185,true,7,4.0185,0,0,true,0,correct_route
SV,0.3,S2,0.75,31,an_080,true,4.0185,true,7,4.0185,0,0,true,0,correct_route
SV,0.3,S2,0.75,31,an_mode,true,4.0185,true,7,4.0185,0,0,true,0,correct_route
SV,0.3,S2,0.75,32,distance,true,4.5892,true,3,1.5916,159.302,0.45,false,-65.32,unsafe_route
SV,0.3,S2,0.75,32,proposed_050,true,4.5892,true,5,4.5892,0,0,true,0,correct_route
SV,0.3,S2,0.75,32,proposed_mode,true,4.5892,true,5,4.5892,0,0,true,0,correct_route
SV,0.3,S2,0.75,32,an_080,true,4.5892,true,3,1.5916,159.302,0.45,false,-65.32,unsafe_route
SV,0.3,S2,0.75,32,an_mode,true,4.5892,true,5,4.5892,0,0,true,0,correct_route
SV,0.3,S2,0.75,33,distance,true,2.3876,true,7,2.2529,141.273,0.45,false,-5.64,unsafe_route
SV,0.3,S2,0.75,33,proposed_050,true,2.3876,true,7,2.3876,0,0,true,0,correct_route
SV,0.3,S2,0.75,33,proposed_mode,true,2.3876,true,7,2.3876,0,0,true,0,correct_route
SV,0.3,S2,0.75,33,an_080,true,2.3876,true,7,2.3876,0,0,true,0,correct_route
SV,0.3,S2,0.75,33,an_mode,true,2.3876,true,7,2.3876,0,0,true,0,correct_route
SV,0.3,S2,0.75,34,distance,true,2.2871,true,7,1.9227,138.603,0.45,false,-15.936,unsafe_route
SV,0.3,S2,0.75,34,proposed_050,true,2.2871,true,7,2.2871,0,0,true,0,correct_route
SV,0.3,S2,0.75,34,proposed_mode,true,2.2871,true,7,2.2871,0,0,true,0,correct_route
SV,0.3,S2,0.75,34,an_080,true,2.2871,true,7,2.2871,0,0,true,0,correct_route
SV,0.3,S2,0.75,34,an_mode,true,2.2871,true,7,2.2871,0,0,true,0,correct_route
SV,0.3,S2,0.75,35,distance,true,3.6916,true,7,3.6916,0,0,true,0,correct_route
SV,0.3,S2,0.75,35,proposed_050,true,3.6916,true,7,3.6916,0,0,true,0,correct_route
SV,0.3,S2,0.75,35,proposed_mode,true,3.6916,true,7,3.6916,0,0,true,0,correct_route
SV,0.3,S2,0.75,35,an_080,true,3.6916,true,7,3.6916,0,0,true,0,correct_route
SV,0.3,S2,0.75,35,an_mode,true,3.6916,true,7,3.6916,0,0,true,0,correct_route
SV,0.3,S2,0.75,36,distance,true,4.9758,true,7,4.5516,288.217,0.45,false,-8.525,unsafe_route
SV,0.3,S2,0.75,36,proposed_050,true,4.9758,true,7,4.9758,0,0,true,0,correct_route
SV,0.3,S2,0.75,36,proposed_mode,true,4.9758,true,7,4.9758,0,0,true,0,correct_route
SV,0.3,S2,0.75,36,an_080,true,4.9758,true,7,4.9758,0,0,true,0,correct_route
SV,0.3,S2,0.75,36,an_mode,true,4.9758,true,7,4.9758,0,0,true,0,correct_route
SV,0.3,S2,0.75,37,distance,true,3.8372,true,7,3.7026,141.273,0.45,false,-3.509,unsafe_route
SV,0.3,S2,0.75,37,proposed_050,true,3.8372,true,7,3.8372,0,0,true,0,correct_route
SV,0.3,S2,0.75,37,proposed_mode,true,3.8372,true,7,3.8372,0,0,true,0,correct_route
SV,0.3,S2,0.75,37,an_080,true,3.8372,true,7,3.8372,0,0,true,0,correct_route
SV,0.3,S2,0.75,37,an_mode,true,3.8372,true,7,3.8372,0,0,true,0,correct_route
SV,0.3,S2,0.75,38,distance,true,5.2587,true,7,4.8669,138.603,0.45,false,-7.451,unsafe_route
SV,0.3,S2,0.75,38,proposed_050,true,5.2587,true,7,5.2587,0,0,true,0,correct_route
SV,0.3,S2,0.75,38,proposed_mode,true,5.2587,true,7,5.2587,0,0,true,0,correct_route
SV,0.3,S2,0.75,38,an_080,true,5.2587,true,7,5.2587,0,0,true,0,correct_route
SV,0.3,S2,0.75,38,an_mode,true,5.2587,true,7,5.2587,0,0,true,0,correct_route
SV,0.3,S2,0.75,39,distance,true,6.797,true,3,3.8945,159.302,0.45,false,-42.703,unsafe_route
SV,0.3,S2,0.75,39,proposed_050,true,6.797,true,5,6.797,0,0,true,0,correct_route
SV,0.3,S2,0.75,39,proposed_mode,true,6.797,true,5,6.797,0,0,true,0,correct_route
SV,0.3,S2,0.75,39,an_080,true,6.797,true,3,3.8945,159.302,0.45,false,-42.703,unsafe_route
SV,0.3,S2,0.75,39,an_mode,true,6.797,true,5,6.797,0,0,true,0,correct_route
SV,0.3,S2,0.75,40,distance,true,5.3931,true,3,4.2719,142.398,0.45,false,-20.79,unsafe_route
SV,0.3,S2,0.75,40,proposed_050,true,5.3931,true,5,5.3931,0,0,true,0,correct_route
SV,0.3,S2,0.75,40,proposed_mode,true,5.3931,true,5,5.3931,0,0,true,0,correct_route
SV,0.3,S2,0.75,40,an_080,true,5.3931,true,3,4.2719,142.398,0.45,false,-20.79,unsafe_route
SV,0.3,S2,0.75,40,an_mode,true,5.3931,true,5,5.3931,0,0,true,0,correct_route
LV,0.5,S2,0.75,1,distance,true,3.5648,true,9,3.5648,0,0,true,0,correct_route
LV,0.5,S2,0.75,1,proposed_050,true,3.5648,true,9,3.5648,0,0,true,0,correct_route
LV,0.5,S2,0.75,1,proposed_mode,true,3.5648,true,9,3.5648,0,0,true,0,correct_route
LV,0.5,S2,0.75,1,an_080,true,3.5648,true,9,3.5648,0,0,true,0,correct_route
LV,0.5,S2,0.75,1,an_mode,true,3.5648,true,9,3.5648,0,0,true,0,correct_route
LV,0.5,S2,0.75,2,distance,true,4.4419,true,4,4.4419,0,0,true,0,correct_route
LV,0.5,S2,0.75,2,proposed_050,true,4.4419,true,4,4.4419,0,0,true,0,correct_route
LV,0.5,S2,0.75,2,proposed_mode,true,4.4419,true,4,4.4419,0,0,true,0,correct_route
LV,0.5,S2,0.75,2,an_080,true,4.4419,true,4,4.4419,0,0,true,0,correct_route
LV,0.5,S2,0.75,2,an_mode,true,4.4419,true,4,4.4419,0,0,true,0,correct_route
LV,0.5,S2,0.75,3,distance,true,2.6507,true,9,2.6507,0,0,true,0,correct_route
LV,0.5,S2,0.75,3,proposed_050,true,2.6507,true,9,2.6507,0,0,true,0,correct_route
LV,0.5,S2,0.75,3,proposed_mode,true,2.6507,true,9,2.6507,0,0,true,0,correct_route
LV,0.5,S2,0.75,3,an_080,true,2.6507,true,9,2.6507,0,0,true,0,correct_route
LV,0.5,S2,0.75,3,an_mode,true,2.6507,true,9,2.6507,0,0,true,0,correct_route
LV,0.5,S2,0.75,4,distance,true,4.3464,true,4,4.3464,0,0,true,0,correct_route
LV,0.5,S2,0.75,4,proposed_050,true,4.3464,true,4,4.3464,0,0,true,0,correct_route
LV,0.5,S2,0.75,4,proposed_mode,true,4.3464,true,4,4.3464,0,0,true,0,correct_route
LV,0.5,S2,0.75,4,an_080,true,4.3464,true,4,4.3464,0,0,true,0,correct_route
LV,0.5,S2,0.75,4,an_mode,true,4.3464,true,4,4.3464,0,0,true,0,correct_route
LV,0.5,S2,0.75,5,distance,true,4.4419,true,4,4.4419,164.12,0.45,true,0,correct_route
LV,0.5,S2,0.75,5,proposed_050,true,4.4419,true,4,4.8013,0,0,true,8.091,correct_route
LV,0.5,S2,0.75,5,proposed_mode,true,4.4419,true,4,4.8013,0,0,true,8.091,correct_route
LV,0.5,S2,0.75,5,an_080,true,4.4419,true,4,4.8013,0,0,true,8.091,correct_route
LV,0.5,S2,0.75,5,an_mode,true,4.4419,true,4,4.8013,0,0,true,8.091,correct_route
LV,0.5,S2,0.75,6,distance,true,0.7045,true,4,0.7045,0,0,true,0,correct_route
LV,0.5,S2,0.75,6,proposed_050,true,0.7045,true,4,0.7045,0,0,true,0,correct_route
LV,0.5,S2,0.75,6,proposed_mode,true,0.7045,true,4,0.7045,0,0,true,0,correct_route
LV,0.5,S2,0.75,6,an_080,true,0.7045,true,4,0.7045,0,0,true,0,correct_route
LV,0.5,S2,0.75,6,an_mode,true,0.7045,true,4,0.7045,0,0,true,0,correct_route
LV,0.5,S2,0.75,7,distance,true,2.4584,true,8,2.4584,304.574,0.45,true,0,correct_route
LV,0.5,S2,0.75,7,proposed_050,true,2.4584,true,8,2.9041,0,0,true,18.128,correct_route
LV,0.5,S2,0.75,7,proposed_mode,true,2.4584,true,8,2.9041,0,0,true,18.128,correct_route
LV,0.5,S2,0.75,7,an_080,true,2.4584,true,8,2.9041,0,0,true,18.128,correct_route
LV,0.5,S2,0.75,7,an_mode,true,2.4584,true,8,2.9041,0,0,true,18.128,correct_route
LV,0.5,S2,0.75,8,distance,true,2.2256,true,4,2.2256,145.659,0.45,true,0,correct_route
LV,0.5,S2,0.75,8,proposed_050,true,2.2256,true,4,3.2259,0,0,true,44.942,correct_route
LV,0.5,S2,0.75,8,proposed_mode,true,2.2256,true,4,3.2259,0,0,true,44.942,correct_route
LV,0.5,S2,0.75,8,an_080,true,2.2256,true,4,2.2256,145.659,0.45,true,0,correct_route
LV,0.5,S2,0.75,8,an_mode,true,2.2256,true,4,2.2256,145.659,0.45,true,0,correct_route
LV,0.5,S2,0.75,9,distance,true,2.2269,true,8,2.2269,0,0,true,0,correct_route
LV,0.5,S2,0.75,9,proposed_050,true,2.2269,true,8,2.2269,0,0,true,0,correct_route
LV,0.5,S2,0.75,9,proposed_mode,true,2.2269,true,8,2.2269,0,0,true,0,correct_route
LV,0.5,S2,0.75,9,an_080,true,2.2269,true,8,2.2269,0,0,true,0,correct_route
LV,0.5,S2,0.75,9,an_mode,true,2.2269,true,8,2.2269,0,0,true,0,correct_route
LV,0.5,S2,0.75,10,distance,true,0.7573,true,9,0.7573,0,0,true,0,correct_route
LV,0.5,S2,0.75,10,proposed_050,true,0.7573,true,9,0.7573,0,0,true,0,correct_route
LV,0.5,S2,0.75,10,proposed_mode,true,0.7573,true,9,0.7573,0,0,true,0,correct_route
LV,0.5,S2,0.75,10,an_080,true,0.7573,true,9,0.7573,0,0,true,0,correct_route
LV,0.5,S2,0.75,10,an_mode,true,0.7573,true,9,0.7573,0,0,true,0,correct_route
LV,0.5,S2,0.75,11,distance,true,5.077,true,4,5.077,145.659,0.45,true,0,correct_route
LV,0.5,S2,0.75,11,proposed_050,true,5.077,true,4,6.0772,0,0,true,19.701,correct_route
LV,0.5,S2,0.75,11,proposed_mode,true,5.077,true,4,6.0772,0,0,true,19.701,correct_route
LV,0.5,S2,0.75,11,an_080,true,5.077,true,4,5.077,145.659,0.45,true,0,correct_route
LV,0.5,S2,0.75,11,an_mode,true,5.077,true,4,5.077,145.659,0.45,true,0,correct_route
LV,0.5,S2,0.75,12,distance,true,4.8102,true,8,4.8102,297.591,0.45,true,0,correct_route
LV,0.5,S2,0.75,12,proposed_050,true,4.8102,true,8,5.6942,0,0,true,18.376,correct_route
LV,0.5,S2,0.75,12,proposed_mode,true,4.8102,true,8,5.6942,0,0,true,18.376,correct_route
LV,0.5,S2,0.75,12,an_080,true,4.8102,true,8,5.417,24.2,0.225,true,12.615,correct_route
LV,0.5,S2,0.75,12,an_mode,true,4.8102,true,8,5.417,24.2,0.225,true,12.615,correct_route
LV,0.5,S2,0.75,13,distance,true,5.3483,true,4,5.3483,53.15,0.225,true,0,correct_route
LV,0.5,S2,0.75,13,proposed_050,true,5.3483,true,4,5.5532,0,0,true,3.83,correct_route
LV,0.5,S2,0.75,13,proposed_mode,true,5.3483,true,4,5.5532,0,0,true,3.83,correct_route
LV,0.5,S2,0.75,13,an_080,true,5.3483,true,4,5.5532,0,0,true,3.83,correct_route
LV,0.5,S2,0.75,13,an_mode,true,5.3483,true,4,5.5532,0,0,true,3.83,correct_route
LV,0.5,S2,0.75,14,distance,true,2.2619,true,4,2.2619,0,0,true,0,correct_route
LV,0.5,S2,0.75,14,proposed_050,true,2.2619,true,4,2.2619,0,0,true,0,correct_route
LV,0.5,S2,0.75,14,proposed_mode,true,2.2619,true,4,2.2619,0,0,true,0,correct_route
LV,0.5,S2,0.75,14,an_080,true,2.2619,true,4,2.2619,0,0,true,0,correct_route
LV,0.5,S2,0.75,14,an_mode,true,2.2619,true,4,2.2619,0,0,true,0,correct_route
LV,0.5,S2,0.75,15,distance,true,3.7294,true,4,3.7294,53.15,0.225,true,0,correct_route
LV,0.5,S2,0.75,15,proposed_050,true,3.7294,true,4,3.9342,0,0,true,5.492,correct_route
LV,0.5,S2,0.75,15,proposed_mode,true,3.7294,true,4,3.9342,0,0,true,5.492,correct_route
LV,0.5,S2,0.75,15,an_080,true,3.7294,true,4,3.9342,0,0,true,5.492,correct_route
LV,0.5,S2,0.75,15,an_mode,true,3.7294,true,4,3.9342,0,0,true,5.492,correct_route
LV,0.5,S2,0.75,16,distance,true,1.4535,true,8,1.4535,0,0,true,0,correct_route
LV,0.5,S2,0.75,16,proposed_050,true,1.4535,true,8,1.4535,0,0,true,0,correct_route
LV,0.5,S2,0.75,16,proposed_mode,true,1.4535,true,8,1.4535,0,0,true,0,correct_route
LV,0.5,S2,0.75,16,an_080,true,1.4535,true,8,1.4535,0,0,true,0,correct_route
LV,0.5,S2,0.75,16,an_mode,true,1.4535,true,8,1.4535,0,0,true,0,correct_route
LV,0.5,S2,0.75,17,distance,true,4.4279,true,8,4.4279,297.591,0.45,true,0,correct_route
LV,0.5,S2,0.75,17,proposed_050,true,4.4279,true,5,4.44,0,0,true,0.275,correct_route
LV,0.5,S2,0.75,17,proposed_mode,true,4.4279,true,5,4.44,0,0,true,0.275,correct_route
LV,0.5,S2,0.75,17,an_080,true,4.4279,true,5,4.44,0,0,true,0.275,correct_route
LV,0.5,S2,0.75,17,an_mode,true,4.4279,true,5,4.44,0,0,true,0.275,correct_route
LV,0.5,S2,0.75,18,distance,true,2.343,true,8,2.343,24.2,0.225,true,0,correct_route
LV,0.5,S2,0.75,18,proposed_050,true,2.343,true,8,2.5997,0,0,true,10.958,correct_route
LV,0.5,S2,0.75,18,proposed_mode,true,2.343,true,8,2.5997,0,0,true,10.958,correct_route
LV,0.5,S2,0.75,18,an_080,true,2.343,true,8,2.343,24.2,0.225,true,0,correct_route
LV,0.5,S2,0.75,18,an_mode,true,2.343,true,8,2.343,24.2,0.225,true,0,correct_route
LV,0.5,S2,0.75,19,distance,true,2.0721,true,8,2.0721,0,0,true,0,correct_route
LV,0.5,S2,0.75,19,proposed_050,true,2.0721,true,8,2.0721,0,0,true,0,correct_route
LV,0.5,S2,0.75,19,proposed_mode,true,2.0721,true,8,2.0721,0,0,true,0,correct_route
LV,0.5,S2,0.75,19,an_080,true,2.0721,true,8,2.0721,0,0,true,0,correct_route
LV,0.5,S2,0.75,19,an_mode,true,2.0721,true,8,2.0721,0,0,true,0,correct_route
LV,0.5,S2,0.75,20,distance,true,8.4103,true,7,8.4103,282.335,0.45,true,0,correct_route
LV,0.5,S2,0.75,20,proposed_050,true,8.4103,true,7,8.5508,0,0,true,1.671,correct_route
LV,0.5,S2,0.75,20,proposed_mode,true,8.4103,true,7,8.5508,0,0,true,1.671,correct_route
LV,0.5,S2,0.75,20,an_080,true,8.4103,true,7,8.5508,0,0,true,1.671,correct_route
LV,0.5,S2,0.75,20,an_mode,true,8.4103,true,7,8.5508,0,0,true,1.671,correct_route
LV,0.5,S2,0.75,21,distance,true,1.5022,true,7,1.5022,0,0,true,0,correct_route
LV,0.5,S2,0.75,21,proposed_050,true,1.5022,true,7,1.5022,0,0,true,0,correct_route
LV,0.5,S2,0.75,21,proposed_mode,true,1.5022,true,7,1.5022,0,0,true,0,correct_route
LV,0.5,S2,0.75,21,an_080,true,1.5022,true,7,1.5022,0,0,true,0,correct_route
LV,0.5,S2,0.75,21,an_mode,true,1.5022,true,7,1.5022,0,0,true,0,correct_route
LV,0.5,S2,0.75,22,distance,true,2.2373,true,7,2.2373,0,0,true,0,correct_route
LV,0.5,S2,0.75,22,proposed_050,true,2.2373,true,7,2.2373,0,0,true,0,correct_route
LV,0.5,S2,0.75,22,proposed_mode,true,2.2373,true,7,2.2373,0,0,true,0,correct_route
LV,0.5,S2,0.75,22,an_080,true,2.2373,true,7,2.2373,0,0,true,0,correct_route
LV,0.5,S2,0.75,22,an_mode,true,2.2373,true,7,2.2373,0,0,true,0,correct_route
LV,0.5,S2,0.75,23,distance,true,5.7136,true,7,5.7136,282.335,0.45,true,0,correct_route
LV,0.5,S2,0.75,23,proposed_050,true,5.7136,true,7,5.8541,0,0,true,2.459,correct_route
LV,0.5,S2,0.75,23,proposed_mode,true,5.7136,true,7,5.8541,0,0,true,2.459,correct_route
LV,0.5,S2,0.75,23,an_080,true,5.7136,true,7,5.8541,0,0,true,2.459,correct_route
LV,0.5,S2,0.75,23,an_mode,true,5.7136,true,7,5.8541,0,0,true,2.459,correct_route
LV,0.5,S2,0.75,24,distance,true,3.7965,true,7,3.7965,282.335,0.45,true,0,correct_route
LV,0.5,S2,0.75,24,proposed_050,true,3.7965,true,7,4.4108,0,0,true,16.179,correct_route
LV,0.5,S2,0.75,24,proposed_mode,true,3.7965,true,7,4.4108,0,0,true,16.179,correct_route
LV,0.5,S2,0.75,24,an_080,true,3.7965,true,7,4.4108,0,0,true,16.179,correct_route
LV,0.5,S2,0.75,24,an_mode,true,3.7965,true,7,4.4108,0,0,true,16.179,correct_route
LV,0.5,S2,0.75,25,distance,true,2.019,true,5,2.019,0,0,true,0,correct_route
LV,0.5,S2,0.75,25,proposed_050,true,2.019,true,5,2.019,0,0,true,0,correct_route
LV,0.5,S2,0.75,25,proposed_mode,true,2.019,true,5,2.019,0,0,true,0,correct_route
LV,0.5,S2,0.75,25,an_080,true,2.019,true,5,2.019,0,0,true,0,correct_route
LV,0.5,S2,0.75,25,an_mode,true,2.019,true,5,2.019,0,0,true,0,correct_route
LV,0.5,S2,0.75,26,distance,true,1.0687,true,5,1.0687,0,0,true,0,correct_route
LV,0.5,S2,0.75,26,proposed_050,true,1.0687,true,5,1.0687,0,0,true,0,correct_route
LV,0.5,S2,0.75,26,proposed_mode,true,1.0687,true,5,1.0687,0,0,true,0,correct_route
LV,0.5,S2,0.75,26,an_080,true,1.0687,true,5,1.0687,0,0,true,0,correct_route
LV,0.5,S2,0.75,26,an_mode,true,1.0687,true,5,1.0687,0,0,true,0,correct_route
LV,0.5,S2,0.75,27,distance,true,2.187,true,3,2.187,172.317,0.45,true,0,correct_route
LV,0.5,S2,0.75,27,proposed_050,true,2.187,true,5,2.8807,0,0,true,31.716,correct_route
LV,0.5,S2,0.75,27,proposed_mode,true,2.187,true,5,2.8807,0,0,true,31.716,correct_route
LV,0.5,S2,0.75,27,an_080,true,2.187,true,3,2.2093,162.371,0.45,true,1.017,correct_route
LV,0.5,S2,0.75,27,an_mode,true,2.187,true,3,2.2093,162.371,0.45,true,1.017,correct_route
LV,0.5,S2,0.75,28,distance,true,3.3577,true,7,3.3577,138.603,0.45,true,0,correct_route
LV,0.5,S2,0.75,28,proposed_050,true,3.3577,true,7,3.6245,0,0,true,7.944,correct_route
LV,0.5,S2,0.75,28,proposed_mode,true,3.3577,true,7,3.6245,0,0,true,7.944,correct_route
LV,0.5,S2,0.75,28,an_080,true,3.3577,true,7,3.6245,0,0,true,7.944,correct_route
LV,0.5,S2,0.75,28,an_mode,true,3.3577,true,7,3.6245,0,0,true,7.944,correct_route
LV,0.5,S2,0.75,29,distance,true,5.5354,true,7,5.5354,288.217,0.45,true,0,correct_route
LV,0.5,S2,0.75,29,proposed_050,true,5.5354,true,7,6.0363,0,0,true,9.05,correct_route
LV,0.5,S2,0.75,29,proposed_mode,true,5.5354,true,7,6.0363,0,0,true,9.05,correct_route
LV,0.5,S2,0.75,29,an_080,true,5.5354,true,7,6.0363,0,0,true,9.05,correct_route
LV,0.5,S2,0.75,29,an_mode,true,5.5354,true,7,6.0363,0,0,true,9.05,correct_route
LV,0.5,S2,0.75,30,distance,true,2.6793,true,3,2.6793,142.398,0.45,true,0,correct_route
LV,0.5,S2,0.75,30,proposed_050,true,2.6793,true,5,3.5991,0,0,true,34.328,correct_route
LV,0.5,S2,0.75,30,proposed_mode,true,2.6793,true,5,3.5991,0,0,true,34.328,correct_route
LV,0.5,S2,0.75,30,an_080,true,2.6793,true,3,2.6793,142.398,0.45,true,0,correct_route
LV,0.5,S2,0.75,30,an_mode,true,2.6793,true,3,2.6793,142.398,0.45,true,0,correct_route
LV,0.5,S2,0.75,31,distance,true,3.5175,true,7,3.5175,288.217,0.45,true,0,correct_route
LV,0.5,S2,0.75,31,proposed_050,true,3.5175,true,7,4.0185,0,0,true,14.242,correct_route
LV,0.5,S2,0.75,31,proposed_mode,true,3.5175,true,7,4.0185,0,0,true,14.242,correct_route
LV,0.5,S2,0.75,31,an_080,true,3.5175,true,7,4.0185,0,0,true,14.242,correct_route
LV,0.5,S2,0.75,31,an_mode,true,3.5175,true,7,4.0185,0,0,true,14.242,correct_route
LV,0.5,S2,0.75,32,distance,true,1.5916,true,3,1.5916,159.302,0.45,true,0,correct_route
LV,0.5,S2,0.75,32,proposed_050,true,1.5916,true,5,4.5892,0,0,true,188.348,correct_route
LV,0.5,S2,0.75,32,proposed_mode,true,1.5916,true,5,4.5892,0,0,true,188.348,correct_route
LV,0.5,S2,0.75,32,an_080,true,1.5916,true,3,1.5916,159.302,0.45,true,0,correct_route
LV,0.5,S2,0.75,32,an_mode,true,1.5916,true,3,1.5916,159.302,0.45,true,0,correct_route
LV,0.5,S2,0.75,33,distance,true,2.2529,true,7,2.2529,141.273,0.45,true,0,correct_route
LV,0.5,S2,0.75,33,proposed_050,true,2.2529,true,7,2.3876,0,0,true,5.977,correct_route
LV,0.5,S2,0.75,33,proposed_mode,true,2.2529,true,7,2.3876,0,0,true,5.977,correct_route
LV,0.5,S2,0.75,33,an_080,true,2.2529,true,7,2.3876,0,0,true,5.977,correct_route
LV,0.5,S2,0.75,33,an_mode,true,2.2529,true,7,2.3876,0,0,true,5.977,correct_route
LV,0.5,S2,0.75,34,distance,true,1.9227,true,7,1.9227,138.603,0.45,true,0,correct_route
LV,0.5,S2,0.75,34,proposed_050,true,1.9227,true,7,2.2871,0,0,true,18.957,correct_route
LV,0.5,S2,0.75,34,proposed_mode,true,1.9227,true,7,2.2871,0,0,true,18.957,correct_route
LV,0.5,S2,0.75,34,an_080,true,1.9227,true,7,2.2871,0,0,true,18.957,correct_route
LV,0.5,S2,0.75,34,an_mode,true,1.9227,true,7,2.2871,0,0,true,18.957,correct_route
LV,0.5,S2,0.75,35,distance,true,3.6916,true,7,3.6916,0,0,true,0,correct_route
LV,0.5,S2,0.75,35,proposed_050,true,3.6916,true,7,3.6916,0,0,true,0,correct_route
LV,0.5,S2,0.75,35,proposed_mode,true,3.6916,true,7,3.6916,0,0,true,0,correct_route
LV,0.5,S2,0.75,35,an_080,true,3.6916,true,7,3.6916,0,0,true,0,correct_route
LV,0.5,S2,0.75,35,an_mode,true,3.6916,true,7,3.6916,0,0,true,0,correct_route
LV,0.5,S2,0.75,36,distance,true,4.5516,true,7,4.5516,288.217,0.45,true,0,correct_route
LV,0.5,S2,0.75,36,proposed_050,true,4.5516,true,7,4.9758,0,0,true,9.32,correct_route
LV,0.5,S2,0.75,36,proposed_mode,true,4.5516,true,7,4.9758,0,0,true,9.32,correct_route
LV,0.5,S2,0.75,36,an_080,true,4.5516,true,7,4.9758,0,0,true,9.32,correct_route
LV,0.5,S2,0.75,36,an_mode,true,4.5516,true,7,4.9758,0,0,true,9.32,correct_route
LV,0.5,S2,0.75,37,distance,true,3.7026,true,7,3.7026,141.273,0.45,true,0,correct_route
LV,0.5,S2,0.75,37,proposed_050,true,3.7026,true,7,3.8372,0,0,true,3.637,correct_route
LV,0.5,S2,0.75,37,proposed_mode,true,3.7026,true,7,3.8372,0,0,true,3.637,correct_route
LV,0.5,S2,0.75,37,an_080,true,3.7026,true,7,3.8372,0,0,true,3.637,correct_route
LV,0.5,S2,0.75,37,an_mode,true,3.7026,true,7,3.8372,0,0,true,3.637,correct_route
LV,0.5,S2,0.75,38,distance,true,4.8669,true,7,4.8669,138.603,0.45,true,0,correct_route
LV,0.5,S2,0.75,38,proposed_050,true,4.8669,true,7,5.2587,0,0,true,8.05,correct_route
LV,0.5,S2,0.75,38,proposed_mode,true,4.8669,true,7,5.2587,0,0,true,8.05,correct_route
LV,0.5,S2,0.75,38,an_080,true,4.8669,true,7,5.2587,0,0,true,8.05,correct_route
LV,0.5,S2,0.75,38,an_mode,true,4.8669,true,7,5.2587,0,0,true,8.05,correct_route
LV,0.5,S2,0.75,39,distance,true,3.8945,true,3,3.8945,159.302,0.45,true,0,correct_route
LV,0.5,S2,0.75,39,proposed_050,true,3.8945,true,5,6.797,0,0,true,74.529,correct_route
LV,0.5,S2,0.75,39,proposed_mode,true,3.8945,true,5,6.797,0,0,true,74.529,correct_route
LV,0.5,S2,0.75,39,an_080,true,3.8945,true,3,3.8945,159.302,0.45,true,0,correct_route
LV,0.5,S2,0.75,39,an_mode,true,3.8945,true,3,3.8945,159.302,0.45,true,0,correct_route
LV,0.5,S2,0.75,40,distance,true,4.2719,true,3,4.2719,142.398,0.45,true,0,correct_route
LV,0.5,S2,0.75,40,proposed_050,true,4.2719,true,5,5.3931,0,0,true,26.246,correct_route
LV,0.5,S2,0.75,40,proposed_mode,true,4.2719,true,5,5.3931,0,0,true,26.246,correct_route
LV,0.5,S2,0.75,40,an_080,true,4.2719,true,3,4.2719,142.398,0.45,true,0,correct_route
LV,0.5,S2,0.75,40,an_mode,true,4.2719,true,3,4.2719,142.398,0.45,true,0,correct_route
AD,1.2,S2,0.75,1,distance,true,3.5648,true,9,3.5648,0,0,true,0,correct_route
AD,1.2,S2,0.75,1,proposed_050,true,3.5648,true,9,3.5648,0,0,true,0,correct_route
AD,1.2,S2,0.75,1,proposed_mode,true,3.5648,true,9,3.5648,0,0,true,0,correct_route
AD,1.2,S2,0.75,1,an_080,true,3.5648,true,9,3.5648,0,0,true,0,correct_route
AD,1.2,S2,0.75,1,an_mode,true,3.5648,true,9,3.5648,0,0,true,0,correct_route
AD,1.2,S2,0.75,2,distance,true,4.4419,true,4,4.4419,0,0,true,0,correct_route
AD,1.2,S2,0.75,2,proposed_050,true,4.4419,true,4,4.4419,0,0,true,0,correct_route
AD,1.2,S2,0.75,2,proposed_mode,true,4.4419,true,4,4.4419,0,0,true,0,correct_route
AD,1.2,S2,0.75,2,an_080,true,4.4419,true,4,4.4419,0,0,true,0,correct_route
AD,1.2,S2,0.75,2,an_mode,true,4.4419,true,4,4.4419,0,0,true,0,correct_route
AD,1.2,S2,0.75,3,distance,true,2.6507,true,9,2.6507,0,0,true,0,correct_route
AD,1.2,S2,0.75,3,proposed_050,true,2.6507,true,9,2.6507,0,0,true,0,correct_route
AD,1.2,S2,0.75,3,proposed_mode,true,2.6507,true,9,2.6507,0,0,true,0,correct_route
AD,1.2,S2,0.75,3,an_080,true,2.6507,true,9,2.6507,0,0,true,0,correct_route
AD,1.2,S2,0.75,3,an_mode,true,2.6507,true,9,2.6507,0,0,true,0,correct_route
AD,1.2,S2,0.75,4,distance,true,4.3464,true,4,4.3464,0,0,true,0,correct_route
AD,1.2,S2,0.75,4,proposed_050,true,4.3464,true,4,4.3464,0,0,true,0,correct_route
AD,1.2,S2,0.75,4,proposed_mode,true,4.3464,true,4,4.3464,0,0,true,0,correct_route
AD,1.2,S2,0.75,4,an_080,true,4.3464,true,4,4.3464,0,0,true,0,correct_route
AD,1.2,S2,0.75,4,an_mode,true,4.3464,true,4,4.3464,0,0,true,0,correct_route
AD,1.2,S2,0.75,5,distance,true,4.4419,true,4,4.4419,164.12,0.45,true,0,correct_route
AD,1.2,S2,0.75,5,proposed_050,true,4.4419,true,4,4.8013,0,0,true,8.091,correct_route
AD,1.2,S2,0.75,5,proposed_mode,true,4.4419,true,4,4.8013,0,0,true,8.091,correct_route
AD,1.2,S2,0.75,5,an_080,true,4.4419,true,4,4.8013,0,0,true,8.091,correct_route
AD,1.2,S2,0.75,5,an_mode,true,4.4419,true,4,4.8013,0,0,true,8.091,correct_route
AD,1.2,S2,0.75,6,distance,true,0.7045,true,4,0.7045,0,0,true,0,correct_route
AD,1.2,S2,0.75,6,proposed_050,true,0.7045,true,4,0.7045,0,0,true,0,correct_route
AD,1.2,S2,0.75,6,proposed_mode,true,0.7045,true,4,0.7045,0,0,true,0,correct_route
AD,1.2,S2,0.75,6,an_080,true,0.7045,true,4,0.7045,0,0,true,0,correct_route
AD,1.2,S2,0.75,6,an_mode,true,0.7045,true,4,0.7045,0,0,true,0,correct_route
AD,1.2,S2,0.75,7,distance,true,2.4584,true,8,2.4584,304.574,0.45,true,0,correct_route
AD,1.2,S2,0.75,7,proposed_050,true,2.4584,true,8,2.9041,0,0,true,18.128,correct_route
AD,1.2,S2,0.75,7,proposed_mode,true,2.4584,true,8,2.9041,0,0,true,18.128,correct_route
AD,1.2,S2,0.75,7,an_080,true,2.4584,true,8,2.9041,0,0,true,18.128,correct_route
AD,1.2,S2,0.75,7,an_mode,true,2.4584,true,8,2.9041,0,0,true,18.128,correct_route
AD,1.2,S2,0.75,8,distance,true,2.2256,true,4,2.2256,145.659,0.45,true,0,correct_route
AD,1.2,S2,0.75,8,proposed_050,true,2.2256,true,4,3.2259,0,0,true,44.942,correct_route
AD,1.2,S2,0.75,8,proposed_mode,true,2.2256,true,4,3.2259,0,0,true,44.942,correct_route
AD,1.2,S2,0.75,8,an_080,true,2.2256,true,4,2.2256,145.659,0.45,true,0,correct_route
AD,1.2,S2,0.75,8,an_mode,true,2.2256,true,4,2.2256,145.659,0.45,true,0,correct_route
AD,1.2,S2,0.75,9,distance,true,2.2269,true,8,2.2269,0,0,true,0,correct_route
AD,1.2,S2,0.75,9,proposed_050,true,2.2269,true,8,2.2269,0,0,true,0,correct_route
AD,1.2,S2,0.75,9,proposed_mode,true,2.2269,true,8,2.2269,0,0,true,0,correct_route
AD,1.2,S2,0.75,9,an_080,true,2.2269,true,8,2.2269,0,0,true,0,correct_route
AD,1.2,S2,0.75,9,an_mode,true,2.2269,true,8,2.2269,0,0,true,0,correct_route
AD,1.2,S2,0.75,10,distance,true,0.7573,true,9,0.7573,0,0,true,0,correct_route
AD,1.2,S2,0.75,10,proposed_050,true,0.7573,true,9,0.7573,0,0,true,0,correct_route
AD,1.2,S2,0.75,10,proposed_mode,true,0.7573,true,9,0.7573,0,0,true,0,correct_route
AD,1.2,S2,0.75,10,an_080,true,0.7573,true,9,0.7573,0,0,true,0,correct_route
AD,1.2,S2,0.75,10,an_mode,true,0.7573,true,9,0.7573,0,0,true,0,correct_route
AD,1.2,S2,0.75,11,distance,true,5.077,true,4,5.077,145.659,0.45,true,0,correct_route
AD,1.2,S2,0.75,11,proposed_050,true,5.077,true,4,6.0772,0,0,true,19.701,correct_route
AD,1.2,S2,0.75,11,proposed_mode,true,5.077,true,4,6.0772,0,0,true,19.701,correct_route
AD,1.2,S2,0.75,11,an_080,true,5.077,true,4,5.077,145.659,0.45,true,0,correct_route
AD,1.2,S2,0.75,11,an_mode,true,5.077,true,4,5.077,145.659,0.45,true,0,correct_route
AD,1.2,S2,0.75,12,distance,true,4.8102,true,8,4.8102,297.591,0.45,true,0,correct_route
AD,1.2,S2,0.75,12,proposed_050,true,4.8102,true,8,5.6942,0,0,true,18.376,correct_route
AD,1.2,S2,0.75,12,proposed_mode,true,4.8102,true,8,5.6942,0,0,true,18.376,correct_route
AD,1.2,S2,0.75,12,an_080,true,4.8102,true,8,5.417,24.2,0.225,true,12.615,correct_route
AD,1.2,S2,0.75,12,an_mode,true,4.8102,true,8,5.417,24.2,0.225,true,12.615,correct_route
AD,1.2,S2,0.75,13,distance,true,5.3483,true,4,5.3483,53.15,0.225,true,0,correct_route
AD,1.2,S2,0.75,13,proposed_050,true,5.3483,true,4,5.5532,0,0,true,3.83,correct_route
AD,1.2,S2,0.75,13,proposed_mode,true,5.3483,true,4,5.5532,0,0,true,3.83,correct_route
AD,1.2,S2,0.75,13,an_080,true,5.3483,true,4,5.5532,0,0,true,3.83,correct_route
AD,1.2,S2,0.75,13,an_mode,true,5.3483,true,4,5.5532,0,0,true,3.83,correct_route
AD,1.2,S2,0.75,14,distance,true,2.2619,true,4,2.2619,0,0,true,0,correct_route
AD,1.2,S2,0.75,14,proposed_050,true,2.2619,true,4,2.2619,0,0,true,0,correct_route
AD,1.2,S2,0.75,14,proposed_mode,true,2.2619,true,4,2.2619,0,0,true,0,correct_route
AD,1.2,S2,0.75,14,an_080,true,2.2619,true,4,2.2619,0,0,true,0,correct_route
AD,1.2,S2,0.75,14,an_mode,true,2.2619,true,4,2.2619,0,0,true,0,correct_route
AD,1.2,S2,0.75,15,distance,true,3.7294,true,4,3.7294,53.15,0.225,true,0,correct_route
AD,1.2,S2,0.75,15,proposed_050,true,3.7294,true,4,3.9342,0,0,true,5.492,correct_route
AD,1.2,S2,0.75,15,proposed_mode,true,3.7294,true,4,3.9342,0,0,true,5.492,correct_route
AD,1.2,S2,0.75,15,an_080,true,3.7294,true,4,3.9342,0,0,true,5.492,correct_route
AD,1.2,S2,0.75,15,an_mode,true,3.7294,true,4,3.9342,0,0,true,5.492,correct_route
AD,1.2,S2,0.75,16,distance,true,1.4535,true,8,1.4535,0,0,true,0,correct_route
AD,1.2,S2,0.75,16,proposed_050,true,1.4535,true,8,1.4535,0,0,true,0,correct_route
AD,1.2,S2,0.75,16,proposed_mode,true,1.4535,true,8,1.4535,0,0,true,0,correct_route
AD,1.2,S2,0.75,16,an_080,true,1.4535,true,8,1.4535,0,0,true,0,correct_route
AD,1.2,S2,0.75,16,an_mode,true,1.4535,true,8,1.4535,0,0,true,0,correct_route
AD,1.2,S2,0.75,17,distance,true,4.4279,true,8,4.4279,297.591,0.45,true,0,correct_route
AD,1.2,S2,0.75,17,proposed_050,true,4.4279,true,5,4.44,0,0,true,0.275,correct_route
AD,1.2,S2,0.75,17,proposed_mode,true,4.4279,true,5,4.44,0,0,true,0.275,correct_route
AD,1.2,S2,0.75,17,an_080,true,4.4279,true,5,4.44,0,0,true,0.275,correct_route
AD,1.2,S2,0.75,17,an_mode,true,4.4279,true,5,4.44,0,0,true,0.275,correct_route
AD,1.2,S2,0.75,18,distance,true,2.343,true,8,2.343,24.2,0.225,true,0,correct_route
AD,1.2,S2,0.75,18,proposed_050,true,2.343,true,8,2.5997,0,0,true,10.958,correct_route
AD,1.2,S2,0.75,18,proposed_mode,true,2.343,true,8,2.5997,0,0,true,10.958,correct_route
AD,1.2,S2,0.75,18,an_080,true,2.343,true,8,2.343,24.2,0.225,true,0,correct_route
AD,1.2,S2,0.75,18,an_mode,true,2.343,true,8,2.343,24.2,0.225,true,0,correct_route
AD,1.2,S2,0.75,19,distance,true,2.0721,true,8,2.0721,0,0,true,0,correct_route
AD,1.2,S2,0.75,19,proposed_050,true,2.0721,true,8,2.0721,0,0,true,0,correct_route
AD,1.2,S2,0.75,19,proposed_mode,true,2.0721,true,8,2.0721,0,0,true,0,correct_route
AD,1.2,S2,0.75,19,an_080,true,2.0721,true,8,2.0721,0,0,true,0,correct_route
AD,1.2,S2,0.75,19,an_mode,true,2.0721,true,8,2.0721,0,0,true,0,correct_route
AD,1.2,S2,0.75,20,distance,true,8.4103,true,7,8.4103,282.335,0.45,true,0,correct_route
AD,1.2,S2,0.75,20,proposed_050,true,8.4103,true,7,8.5508,0,0,true,1.671,correct_route
AD,1.2,S2,0.75,20,proposed_mode,true,8.4103,true,7,8.5508,0,0,true,1.671,correct_route
AD,1.2,S2,0.75,20,an_080,true,8.4103,true,7,8.5508,0,0,true,1.671,correct_route
AD,1.2,S2,0.75,20,an_mode,true,8.4103,true,7,8.5508,0,0,true,1.671,correct_route
AD,1.2,S2,0.75,21,distance,true,1.5022,true,7,1.5022,0,0,true,0,correct_route
AD,1.2,S2,0.75,21,proposed_050,true,1.5022,true,7,1.5022,0,0,true,0,correct_route
AD,1.2,S2,0.75,21,proposed_mode,true,1.5022,true,7,1.5022,0,0,true,0,correct_route
AD,1.2,S2,0.75,21,an_080,true,1.5022,true,7,1.5022,0,0,true,0,correct_route
AD,1.2,S2,0.75,21,an_mode,true,1.5022,true,7,1.5022,0,0,true,0,correct_route
AD,1.2,S2,0.75,22,distance,true,2.2373,true,7,2.2373,0,0,true,0,correct_route
AD,1.2,S2,0.75,22,proposed_050,true,2.2373,true,7,2.2373,0,0,true,0,correct_route
AD,1.2,S2,0.75,22,proposed_mode,true,2.2373,true,7,2.2373,0,0,true,0,correct_route
AD,1.2,S2,0.75,22,an_080,true,2.2373,true,7,2.2373,0,0,true,0,correct_route
AD,1.2,S2,0.75,22,an_mode,true,2.2373,true,7,2.2373,0,0,true,0,correct_route
AD,1.2,S2,0.75,23,distance,true,5.7136,true,7,5.7136,282.335,0.45,true,0,correct_route
AD,1.2,S2,0.75,23,proposed_050,true,5.7136,true,7,5.8541,0,0,true,2.459,correct_route
AD,1.2,S2,0.75,23,proposed_mode,true,5.7136,true,7,5.8541,0,0,true,2.459,correct_route
AD,1.2,S2,0.75,23,an_080,true,5.7136,true,7,5.8541,0,0,true,2.459,correct_route
AD,1.2,S2,0.75,23,an_mode,true,5.7136,true,7,5.8541,0,0,true,2.459,correct_route
AD,1.2,S2,0.75,24,distance,true,3.7965,true,7,3.7965,282.335,0.45,true,0,correct_route
AD,1.2,S2,0.75,24,proposed_050,true,3.7965,true,7,4.4108,0,0,true,16.179,correct_route
AD,1.2,S2,0.75,24,proposed_mode,true,3.7965,true,7,4.4108,0,0,true,16.179,correct_route
AD,1.2,S2,0.75,24,an_080,true,3.7965,true,7,4.4108,0,0,true,16.179,correct_route
AD,1.2,S2,0.75,24,an_mode,true,3.7965,true,7,4.4108,0,0,true,16.179,correct_route
AD,1.2,S2,0.75,25,distance,true,2.019,true,5,2.019,0,0,true,0,correct_route
AD,1.2,S2,0.75,25,proposed_050,true,2.019,true,5,2.019,0,0,true,0,correct_route
AD,1.2,S2,0.75,25,proposed_mode,true,2.019,true,5,2.019,0,0,true,0,correct_route
AD,1.2,S2,0.75,25,an_080,true,2.019,true,5,2.019,0,0,true,0,correct_route
AD,1.2,S2,0.75,25,an_mode,true,2.019,true,5,2.019,0,0,true,0,correct_route
AD,1.2,S2,0.75,26,distance,true,1.0687,true,5,1.0687,0,0,true,0,correct_route
AD,1.2,S2,0.75,26,proposed_050,true,1.0687,true,5,1.0687,0,0,true,0,correct_route
AD,1.2,S2,0.75,26,proposed_mode,true,1.0687,true,5,1.0687,0,0,true,0,correct_route
AD,1.2,S2,0.75,26,an_080,true,1.0687,true,5,1.0687,0,0,true,0,correct_route
AD,1.2,S2,0.75,26,an_mode,true,1.0687,true,5,1.0687,0,0,true,0,correct_route
AD,1.2,S2,0.75,27,distance,true,2.187,true,3,2.187,172.317,0.45,true,0,correct_route
AD,1.2,S2,0.75,27,proposed_050,true,2.187,true,5,2.8807,0,0,true,31.716,correct_route
AD,1.2,S2,0.75,27,proposed_mode,true,2.187,true,5,2.8807,0,0,true,31.716,correct_route
AD,1.2,S2,0.75,27,an_080,true,2.187,true,3,2.2093,162.371,0.45,true,1.017,correct_route
AD,1.2,S2,0.75,27,an_mode,true,2.187,true,3,2.2093,162.371,0.45,true,1.017,correct_route
AD,1.2,S2,0.75,28,distance,true,3.3577,true,7,3.3577,138.603,0.45,true,0,correct_route
AD,1.2,S2,0.75,28,proposed_050,true,3.3577,true,7,3.6245,0,0,true,7.944,correct_route
AD,1.2,S2,0.75,28,proposed_mode,true,3.3577,true,7,3.6245,0,0,true,7.944,correct_route
AD,1.2,S2,0.75,28,an_080,true,3.3577,true,7,3.6245,0,0,true,7.944,correct_route
AD,1.2,S2,0.75,28,an_mode,true,3.3577,true,7,3.6245,0,0,true,7.944,correct_route
AD,1.2,S2,0.75,29,distance,true,5.5354,true,7,5.5354,288.217,0.45,true,0,correct_route
AD,1.2,S2,0.75,29,proposed_050,true,5.5354,true,7,6.0363,0,0,true,9.05,correct_route
AD,1.2,S2,0.75,29,proposed_mode,true,5.5354,true,7,6.0363,0,0,true,9.05,correct_route
AD,1.2,S2,0.75,29,an_080,true,5.5354,true,7,6.0363,0,0,true,9.05,correct_route
AD,1.2,S2,0.75,29,an_mode,true,5.5354,true,7,6.0363,0,0,true,9.05,correct_route
AD,1.2,S2,0.75,30,distance,true,2.6793,true,3,2.6793,142.398,0.45,true,0,correct_route
AD,1.2,S2,0.75,30,proposed_050,true,2.6793,true,5,3.5991,0,0,true,34.328,correct_route
AD,1.2,S2,0.75,30,proposed_mode,true,2.6793,true,5,3.5991,0,0,true,34.328,correct_route
AD,1.2,S2,0.75,30,an_080,true,2.6793,true,3,2.6793,142.398,0.45,true,0,correct_route
AD,1.2,S2,0.75,30,an_mode,true,2.6793,true,3,2.6793,142.398,0.45,true,0,correct_route
AD,1.2,S2,0.75,31,distance,true,3.5175,true,7,3.5175,288.217,0.45,true,0,correct_route
AD,1.2,S2,0.75,31,proposed_050,true,3.5175,true,7,4.0185,0,0,true,14.242,correct_route
AD,1.2,S2,0.75,31,proposed_mode,true,3.5175,true,7,4.0185,0,0,true,14.242,correct_route
AD,1.2,S2,0.75,31,an_080,true,3.5175,true,7,4.0185,0,0,true,14.242,correct_route
AD,1.2,S2,0.75,31,an_mode,true,3.5175,true,7,4.0185,0,0,true,14.242,correct_route
AD,1.2,S2,0.75,32,distance,true,1.5916,true,3,1.5916,159.302,0.45,true,0,correct_route
AD,1.2,S2,0.75,32,proposed_050,true,1.5916,true,5,4.5892,0,0,true,188.348,correct_route
AD,1.2,S2,0.75,32,proposed_mode,true,1.5916,true,5,4.5892,0,0,true,188.348,correct_route
AD,1.2,S2,0.75,32,an_080,true,1.5916,true,3,1.5916,159.302,0.45,true,0,correct_route
AD,1.2,S2,0.75,32,an_mode,true,1.5916,true,3,1.5916,159.302,0.45,true,0,correct_route
AD,1.2,S2,0.75,33,distance,true,2.2529,true,7,2.2529,141.273,0.45,true,0,correct_route
AD,1.2,S2,0.75,33,proposed_050,true,2.2529,true,7,2.3876,0,0,true,5.977,correct_route
AD,1.2,S2,0.75,33,proposed_mode,true,2.2529,true,7,2.3876,0,0,true,5.977,correct_route
AD,1.2,S2,0.75,33,an_080,true,2.2529,true,7,2.3876,0,0,true,5.977,correct_route
AD,1.2,S2,0.75,33,an_mode,true,2.2529,true,7,2.3876,0,0,true,5.977,correct_route
AD,1.2,S2,0.75,34,distance,true,1.9227,true,7,1.9227,138.603,0.45,true,0,correct_route
AD,1.2,S2,0.75,34,proposed_050,true,1.9227,true,7,2.2871,0,0,true,18.957,correct_route
AD,1.2,S2,0.75,34,proposed_mode,true,1.9227,true,7,2.2871,0,0,true,18.957,correct_route
AD,1.2,S2,0.75,34,an_080,true,1.9227,true,7,2.2871,0,0,true,18.957,correct_route
AD,1.2,S2,0.75,34,an_mode,true,1.9227,true,7,2.2871,0,0,true,18.957,correct_route
AD,1.2,S2,0.75,35,distance,true,3.6916,true,7,3.6916,0,0,true,0,correct_route
AD,1.2,S2,0.75,35,proposed_050,true,3.6916,true,7,3.6916,0,0,true,0,correct_route
AD,1.2,S2,0.75,35,proposed_mode,true,3.6916,true,7,3.6916,0,0,true,0,correct_route
AD,1.2,S2,0.75,35,an_080,true,3.6916,true,7,3.6916,0,0,true,0,correct_route
AD,1.2,S2,0.75,35,an_mode,true,3.6916,true,7,3.6916,0,0,true,0,correct_route
AD,1.2,S2,0.75,36,distance,true,4.5516,true,7,4.5516,288.217,0.45,true,0,correct_route
AD,1.2,S2,0.75,36,proposed_050,true,4.5516,true,7,4.9758,0,0,true,9.32,correct_route
AD,1.2,S2,0.75,36,proposed_mode,true,4.5516,true,7,4.9758,0,0,true,9.32,correct_route
AD,1.2,S2,0.75,36,an_080,true,4.5516,true,7,4.9758,0,0,true,9.32,correct_route
AD,1.2,S2,0.75,36,an_mode,true,4.5516,true,7,4.9758,0,0,true,9.32,correct_route
AD,1.2,S2,0.75,37,distance,true,3.7026,true,7,3.7026,141.273,0.45,true,0,correct_route
AD,1.2,S2,0.75,37,proposed_050,true,3.7026,true,7,3.8372,0,0,true,3.637,correct_route
AD,1.2,S2,0.75,37,proposed_mode,true,3.7026,true,7,3.8372,0,0,true,3.637,correct_route
AD,1.2,S2,0.75,37,an_080,true,3.7026,true,7,3.8372,0,0,true,3.637,correct_route
AD,1.2,S2,0.75,37,an_mode,true,3.7026,true,7,3.8372,0,0,true,3.637,correct_route
AD,1.2,S2,0.75,38,distance,true,4.8669,true,7,4.8669,138.603,0.45,true,0,correct_route
AD,1.2,S2,0.75,38,proposed_050,true,4.8669,true,7,5.2587,0,0,true,8.05,correct_route
AD,1.2,S2,0.75,38,proposed_mode,true,4.8669,true,7,5.2587,0,0,true,8.05,correct_route
AD,1.2,S2,0.75,38,an_080,true,4.8669,true,7,5.2587,0,0,true,8.05,correct_route
AD,1.2,S2,0.75,38,an_mode,true,4.8669,true,7,5.2587,0,0,true,8.05,correct_route
AD,1.2,S2,0.75,39,distance,true,3.8945,true,3,3.8945,159.302,0.45,true,0,correct_route
AD,1.2,S2,0.75,39,proposed_050,true,3.8945,true,5,6.797,0,0,true,74.529,correct_route
AD,1.2,S2,0.75,39,proposed_mode,true,3.8945,true,5,6.797,0,0,true,74.529,correct_route
AD,1.2,S2,0.75,39,an_080,true,3.8945,true,3,3.8945,159.302,0.45,true,0,correct_route
AD,1.2,S2,0.75,39,an_mode,true,3.8945,true,3,3.8945,159.302,0.45,true,0,correct_route
AD,1.2,S2,0.75,40,distance,true,4.2719,true,3,4.2719,142.398,0.45,true,0,correct_route
AD,1.2,S2,0.75,40,proposed_050,true,4.2719,true,5,5.3931,0,0,true,26.246,correct_route
AD,1.2,S2,0.75,40,proposed_mode,true,4.2719,true,5,5.3931,0,0,true,26.246,correct_route
AD,1.2,S2,0.75,40,an_080,true,4.2719,true,3,4.2719,142.398,0.45,true,0,correct_route
AD,1.2,S2,0.75,40,an_mode,true,4.2719,true,3,4.2719,142.398,0.45,true,0,correct_route
SV,0.3,S2,1,1,distance,true,3.5648,true,9,3.5648,0,0,true,0,correct_route
SV,0.3,S2,1,1,proposed_050,true,3.5648,true,9,3.5648,0,0,true,0,correct_route
SV,0.3,S2,1,1,proposed_mode,true,3.5648,true,9,3.5648,0,0,true,0,correct_route
SV,0.3,S2,1,1,an_080,true,3.5648,true,9,3.5648,0,0,true,0,correct_route
SV,0.3,S2,1,1,an_mode,true,3.5648,true,9,3.5648,0,0,true,0,correct_route
SV,0.3,S2,1,2,distance,true,4.4419,true,4,4.4419,0,0,true,0,correct_route
SV,0.3,S2,1,2,proposed_050,true,4.4419,true,4,4.4419,0,0,true,0,correct_route
SV,0.3,S2,1,2,proposed_mode,true,4.4419,true,4,4.4419,0,0,true,0,correct_route
SV,0.3,S2,1,2,an_080,true,4.4419,true,4,4.4419,0,0,true,0,correct_route
SV,0.3,S2,1,2,an_mode,true,4.4419,true,4,4.4419,0,0,true,0,correct_route
SV,0.3,S2,1,3,distance,true,2.6507,true,9,2.6507,0,0,true,0,correct_route
SV,0.3,S2,1,3,proposed_050,true,2.6507,true,9,2.6507,0,0,true,0,correct_route
SV,0.3,S2,1,3,proposed_mode,true,2.6507,true,9,2.6507,0,0,true,0,correct_route
SV,0.3,S2,1,3,an_080,true,2.6507,true,9,2.6507,0,0,true,0,correct_route
SV,0.3,S2,1,3,an_mode,true,2.6507,true,9,2.6507,0,0,true,0,correct_route
SV,0.3,S2,1,4,distance,true,4.3464,true,4,4.3464,0,0,true,0,correct_route
SV,0.3,S2,1,4,proposed_050,true,4.3464,true,4,4.3464,0,0,true,0,correct_route
SV,0.3,S2,1,4,proposed_mode,true,4.3464,true,4,4.3464,0,0,true,0,correct_route
SV,0.3,S2,1,4,an_080,true,4.3464,true,4,4.3464,0,0,true,0,correct_route
SV,0.3,S2,1,4,an_mode,true,4.3464,true,4,4.3464,0,0,true,0,correct_route
SV,0.3,S2,1,5,distance,true,4.8013,true,4,4.4419,218.827,0.6,false,-7.485,unsafe_route
SV,0.3,S2,1,5,proposed_050,true,4.8013,true,4,4.8013,0,0,true,0,correct_route
SV,0.3,S2,1,5,proposed_mode,true,4.8013,true,4,4.8013,0,0,true,0,correct_route
SV,0.3,S2,1,5,an_080,true,4.8013,true,4,4.8013,0,0,true,0,correct_route
SV,0.3,S2,1,5,an_mode,true,4.8013,true,4,4.8013,0,0,true,0,correct_route
SV,0.3,S2,1,6,distance,true,0.7045,true,4,0.7045,0,0,true,0,correct_route
SV,0.3,S2,1,6,proposed_050,true,0.7045,true,4,0.7045,0,0,true,0,correct_route
SV,0.3,S2,1,6,proposed_mode,true,0.7045,true,4,0.7045,0,0,true,0,correct_route
SV,0.3,S2,1,6,an_080,true,0.7045,true,4,0.7045,0,0,true,0,correct_route
SV,0.3,S2,1,6,an_mode,true,0.7045,true,4,0.7045,0,0,true,0,correct_route
SV,0.3,S2,1,7,distance,true,2.9041,true,8,2.4584,406.099,0.6,false,-15.346,unsafe_route
SV,0.3,S2,1,7,proposed_050,true,2.9041,true,8,2.9041,0,0,true,0,correct_route
SV,0.3,S2,1,7,proposed_mode,true,2.9041,true,8,2.9041,0,0,true,0,correct_route
SV,0.3,S2,1,7,an_080,true,2.9041,true,8,2.9041,0,0,true,0,correct_route
SV,0.3,S2,1,7,an_mode,true,2.9041,true,8,2.9041,0,0,true,0,correct_route
SV,0.3,S2,1,8,distance,true,2.5061,true,4,2.2256,194.212,0.6,false,-11.193,unsafe_route
SV,0.3,S2,1,8,proposed_050,true,2.5061,true,4,3.2259,0,0,true,28.718,correct_route
SV,0.3,S2,1,8,proposed_mode,true,2.5061,true,4,3.2259,0,0,true,28.718,correct_route
SV,0.3,S2,1,8,an_080,true,2.5061,true,4,2.2256,194.212,0.6,false,-11.193,unsafe_route
SV,0.3,S2,1,8,an_mode,true,2.5061,true,4,2.5061,70.866,0.3,true,0,correct_route
SV,0.3,S2,1,9,distance,true,2.2269,true,8,2.2269,0,0,true,0,correct_route
SV,0.3,S2,1,9,proposed_050,true,2.2269,true,8,2.2269,0,0,true,0,correct_route
SV,0.3,S2,1,9,proposed_mode,true,2.2269,true,8,2.2269,0,0,true,0,correct_route
SV,0.3,S2,1,9,an_080,true,2.2269,true,8,2.2269,0,0,true,0,correct_route
SV,0.3,S2,1,9,an_mode,true,2.2269,true,8,2.2269,0,0,true,0,correct_route
SV,0.3,S2,1,10,distance,true,0.7573,true,9,0.7573,0,0,true,0,correct_route
SV,0.3,S2,1,10,proposed_050,true,0.7573,true,9,0.7573,0,0,true,0,correct_route
SV,0.3,S2,1,10,proposed_mode,true,0.7573,true,9,0.7573,0,0,true,0,correct_route
SV,0.3,S2,1,10,an_080,true,0.7573,true,9,0.7573,0,0,true,0,correct_route
SV,0.3,S2,1,10,an_mode,true,0.7573,true,9,0.7573,0,0,true,0,correct_route
SV,0.3,S2,1,11,distance,true,5.3575,true,4,5.077,194.212,0.6,false,-5.236,unsafe_route
SV,0.3,S2,1,11,proposed_050,true,5.3575,true,4,6.0772,0,0,true,13.434,correct_route
SV,0.3,S2,1,11,proposed_mode,true,5.3575,true,4,6.0772,0,0,true,13.434,correct_route
SV,0.3,S2,1,11,an_080,true,5.3575,true,4,5.077,194.212,0.6,false,-5.236,unsafe_route
SV,0.3,S2,1,11,an_mode,true,5.3575,true,4,5.3575,70.866,0.3,true,0,correct_route
SV,0.3,S2,1,12,distance,true,5.3842,true,8,4.8102,396.788,0.6,false,-10.66,unsafe_route
SV,0.3,S2,1,12,proposed_050,true,5.3842,true,8,5.6942,0,0,true,5.757,correct_route
SV,0.3,S2,1,12,proposed_mode,true,5.3842,true,8,5.6942,0,0,true,5.757,correct_route
SV,0.3,S2,1,12,an_080,true,5.3842,true,8,5.417,32.267,0.3,true,0.61,correct_route
SV,0.3,S2,1,12,an_mode,true,5.3842,true,8,5.417,32.267,0.3,true,0.61,correct_route
SV,0.3,S2,1,13,distance,true,5.3483,true,4,5.3483,70.866,0.3,true,0,correct_route
SV,0.3,S2,1,13,proposed_050,true,5.3483,true,4,5.5532,0,0,true,3.83,correct_route
SV,0.3,S2,1,13,proposed_mode,true,5.3483,true,4,5.5532,0,0,true,3.83,correct_route
SV,0.3,S2,1,13,an_080,true,5.3483,true,4,5.5532,0,0,true,3.83,correct_route
SV,0.3,S2,1,13,an_mode,true,5.3483,true,4,5.5532,0,0,true,3.83,correct_route
SV,0.3,S2,1,14,distance,true,2.2619,true,4,2.2619,0,0,true,0,correct_route
SV,0.3,S2,1,14,proposed_050,true,2.2619,true,4,2.2619,0,0,true,0,correct_route
SV,0.3,S2,1,14,proposed_mode,true,2.2619,true,4,2.2619,0,0,true,0,correct_route
SV,0.3,S2,1,14,an_080,true,2.2619,true,4,2.2619,0,0,true,0,correct_route
SV,0.3,S2,1,14,an_mode,true,2.2619,true,4,2.2619,0,0,true,0,correct_route
SV,0.3,S2,1,15,distance,true,3.7294,true,4,3.7294,70.866,0.3,true,0,correct_route
SV,0.3,S2,1,15,proposed_050,true,3.7294,true,4,3.9342,0,0,true,5.492,correct_route
SV,0.3,S2,1,15,proposed_mode,true,3.7294,true,4,3.9342,0,0,true,5.492,correct_route
SV,0.3,S2,1,15,an_080,true,3.7294,true,4,3.9342,0,0,true,5.492,correct_route
SV,0.3,S2,1,15,an_mode,true,3.7294,true,4,3.9342,0,0,true,5.492,correct_route
SV,0.3,S2,1,16,distance,true,1.4535,true,8,1.4535,0,0,true,0,correct_route
SV,0.3,S2,1,16,proposed_050,true,1.4535,true,8,1.4535,0,0,true,0,correct_route
SV,0.3,S2,1,16,proposed_mode,true,1.4535,true,8,1.4535,0,0,true,0,correct_route
SV,0.3,S2,1,16,an_080,true,1.4535,true,8,1.4535,0,0,true,0,correct_route
SV,0.3,S2,1,16,an_mode,true,1.4535,true,8,1.4535,0,0,true,0,correct_route
SV,0.3,S2,1,17,distance,true,4.44,true,8,4.4279,396.788,0.6,false,-0.274,unsafe_route
SV,0.3,S2,1,17,proposed_050,true,4.44,true,5,4.44,0,0,true,0,correct_route
SV,0.3,S2,1,17,proposed_mode,true,4.44,true,5,4.44,0,0,true,0,correct_route
SV,0.3,S2,1,17,an_080,true,4.44,true,5,4.44,0,0,true,0,correct_route
SV,0.3,S2,1,17,an_mode,true,4.44,true,5,4.44,0,0,true,0,correct_route
SV,0.3,S2,1,18,distance,true,2.343,true,8,2.343,32.267,0.3,true,0,correct_route
SV,0.3,S2,1,18,proposed_050,true,2.343,true,8,2.5997,0,0,true,10.958,correct_route
SV,0.3,S2,1,18,proposed_mode,true,2.343,true,8,2.5997,0,0,true,10.958,correct_route
SV,0.3,S2,1,18,an_080,true,2.343,true,8,2.343,32.267,0.3,true,0,correct_route
SV,0.3,S2,1,18,an_mode,true,2.343,true,8,2.343,32.267,0.3,true,0,correct_route
SV,0.3,S2,1,19,distance,true,2.0721,true,8,2.0721,0,0,true,0,correct_route
SV,0.3,S2,1,19,proposed_050,true,2.0721,true,8,2.0721,0,0,true,0,correct_route
SV,0.3,S2,1,19,proposed_mode,true,2.0721,true,8,2.0721,0,0,true,0,correct_route
SV,0.3,S2,1,19,an_080,true,2.0721,true,8,2.0721,0,0,true,0,correct_route
SV,0.3,S2,1,19,an_mode,true,2.0721,true,8,2.0721,0,0,true,0,correct_route
SV,0.3,S2,1,20,distance,true,8.5508,true,7,8.4103,376.447,0.6,false,-1.643,unsafe_route
SV,0.3,S2,1,20,proposed_050,true,8.5508,true,7,8.5508,0,0,true,0,correct_route
SV,0.3,S2,1,20,proposed_mode,true,8.5508,true,7,8.5508,0,0,true,0,correct_route
SV,0.3,S2,1,20,an_080,true,8.5508,true,7,8.5508,0,0,true,0,correct_route
SV,0.3,S2,1,20,an_mode,true,8.5508,true,7,8.5508,0,0,true,0,correct_route
SV,0.3,S2,1,21,distance,true,1.5022,true,7,1.5022,0,0,true,0,correct_route
SV,0.3,S2,1,21,proposed_050,true,1.5022,true,7,1.5022,0,0,true,0,correct_route
SV,0.3,S2,1,21,proposed_mode,true,1.5022,true,7,1.5022,0,0,true,0,correct_route
SV,0.3,S2,1,21,an_080,true,1.5022,true,7,1.5022,0,0,true,0,correct_route
SV,0.3,S2,1,21,an_mode,true,1.5022,true,7,1.5022,0,0,true,0,correct_route
SV,0.3,S2,1,22,distance,true,2.2373,true,7,2.2373,0,0,true,0,correct_route
SV,0.3,S2,1,22,proposed_050,true,2.2373,true,7,2.2373,0,0,true,0,correct_route
SV,0.3,S2,1,22,proposed_mode,true,2.2373,true,7,2.2373,0,0,true,0,correct_route
SV,0.3,S2,1,22,an_080,true,2.2373,true,7,2.2373,0,0,true,0,correct_route
SV,0.3,S2,1,22,an_mode,true,2.2373,true,7,2.2373,0,0,true,0,correct_route
SV,0.3,S2,1,23,distance,true,5.8541,true,7,5.7136,376.447,0.6,false,-2.4,unsafe_route
SV,0.3,S2,1,23,proposed_050,true,5.8541,true,7,5.8541,0,0,true,0,correct_route
SV,0.3,S2,1,23,proposed_mode,true,5.8541,true,7,5.8541,0,0,true,0,correct_route
SV,0.3,S2,1,23,an_080,true,5.8541,true,7,5.8541,0,0,true,0,correct_route
SV,0.3,S2,1,23,an_mode,true,5.8541,true,7,5.8541,0,0,true,0,correct_route
SV,0.3,S2,1,24,distance,true,4.4108,true,7,3.7965,376.447,0.6,false,-13.926,unsafe_route
SV,0.3,S2,1,24,proposed_050,true,4.4108,true,7,4.4108,0,0,true,0,correct_route
SV,0.3,S2,1,24,proposed_mode,true,4.4108,true,7,4.4108,0,0,true,0,correct_route
SV,0.3,S2,1,24,an_080,true,4.4108,true,7,4.4108,0,0,true,0,correct_route
SV,0.3,S2,1,24,an_mode,true,4.4108,true,7,4.4108,0,0,true,0,correct_route
SV,0.3,S2,1,25,distance,true,2.019,true,5,2.019,0,0,true,0,correct_route
SV,0.3,S2,1,25,proposed_050,true,2.019,true,5,2.019,0,0,true,0,correct_route
SV,0.3,S2,1,25,proposed_mode,true,2.019,true,5,2.019,0,0,true,0,correct_route
SV,0.3,S2,1,25,an_080,true,2.019,true,5,2.019,0,0,true,0,correct_route
SV,0.3,S2,1,25,an_mode,true,2.019,true,5,2.019,0,0,true,0,correct_route
SV,0.3,S2,1,26,distance,true,1.0687,true,5,1.0687,0,0,true,0,correct_route
SV,0.3,S2,1,26,proposed_050,true,1.0687,true,5,1.0687,0,0,true,0,correct_route
SV,0.3,S2,1,26,proposed_mode,true,1.0687,true,5,1.0687,0,0,true,0,correct_route
SV,0.3,S2,1,26,an_080,true,1.0687,true,5,1.0687,0,0,true,0,correct_route
SV,0.3,S2,1,26,an_mode,true,1.0687,true,5,1.0687,0,0,true,0,correct_route
SV,0.3,S2,1,27,distance,true,2.8807,true,3,2.187,229.756,0.6,false,-24.079,unsafe_route
SV,0.3,S2,1,27,proposed_050,true,2.8807,true,5,2.8807,0,0,true,0,correct_route
SV,0.3,S2,1,27,proposed_mode,true,2.8807,true,5,2.8807,0,0,true,0,correct_route
SV,0.3,S2,1,27,an_080,true,2.8807,true,3,2.2093,216.495,0.6,false,-23.307,unsafe_route
SV,0.3,S2,1,27,an_mode,true,2.8807,true,5,2.8807,0,0,true,0,correct_route
SV,0.3,S2,1,28,distance,true,3.6245,true,7,3.3577,184.804,0.6,false,-7.36,unsafe_route
SV,0.3,S2,1,28,proposed_050,true,3.6245,true,7,3.6245,0,0,true,0,correct_route
SV,0.3,S2,1,28,proposed_mode,true,3.6245,true,7,3.6245,0,0,true,0,correct_route
SV,0.3,S2,1,28,an_080,true,3.6245,true,7,3.6245,0,0,true,0,correct_route
SV,0.3,S2,1,28,an_mode,true,3.6245,true,7,3.6245,0,0,true,0,correct_route
SV,0.3,S2,1,29,distance,true,6.0363,true,7,5.5354,384.29,0.6,false,-8.299,unsafe_route
SV,0.3,S2,1,29,proposed_050,true,6.0363,true,7,6.0363,0,0,true,0,correct_route
SV,0.3,S2,1,29,proposed_mode,true,6.0363,true,7,6.0363,0,0,true,0,correct_route
SV,0.3,S2,1,29,an_080,true,6.0363,true,7,6.0363,0,0,true,0,correct_route
SV,0.3,S2,1,29,an_mode,true,6.0363,true,7,6.0363,0,0,true,0,correct_route
SV,0.3,S2,1,30,distance,true,3.5991,true,3,2.6793,189.864,0.6,false,-25.555,unsafe_route
SV,0.3,S2,1,30,proposed_050,true,3.5991,true,5,3.5991,0,0,true,0,correct_route
SV,0.3,S2,1,30,proposed_mode,true,3.5991,true,5,3.5991,0,0,true,0,correct_route
SV,0.3,S2,1,30,an_080,true,3.5991,true,3,2.6793,189.864,0.6,false,-25.555,unsafe_route
SV,0.3,S2,1,30,an_mode,true,3.5991,true,5,3.5991,0,0,true,0,correct_route
SV,0.3,S2,1,31,distance,true,4.0185,true,7,3.5175,384.29,0.6,false,-12.466,unsafe_route
SV,0.3,S2,1,31,proposed_050,true,4.0185,true,7,4.0185,0,0,true,0,correct_route
SV,0.3,S2,1,31,proposed_mode,true,4.0185,true,7,4.0185,0,0,true,0,correct_route
SV,0.3,S2,1,31,an_080,true,4.0185,true,7,4.0185,0,0,true,0,correct_route
SV,0.3,S2,1,31,an_mode,true,4.0185,true,7,4.0185,0,0,true,0,correct_route
SV,0.3,S2,1,32,distance,true,4.5892,true,3,1.5916,212.402,0.6,false,-65.32,unsafe_route
SV,0.3,S2,1,32,proposed_050,true,4.5892,true,5,4.5892,0,0,true,0,correct_route
SV,0.3,S2,1,32,proposed_mode,true,4.5892,true,5,4.5892,0,0,true,0,correct_route
SV,0.3,S2,1,32,an_080,true,4.5892,true,3,1.5916,212.402,0.6,false,-65.32,unsafe_route
SV,0.3,S2,1,32,an_mode,true,4.5892,true,5,4.5892,0,0,true,0,correct_route
SV,0.3,S2,1,33,distance,true,2.3876,true,7,2.2529,188.364,0.6,false,-5.64,unsafe_route
SV,0.3,S2,1,33,proposed_050,true,2.3876,true,7,2.3876,0,0,true,0,correct_route
SV,0.3,S2,1,33,proposed_mode,true,2.3876,true,7,2.3876,0,0,true,0,correct_route
SV,0.3,S2,1,33,an_080,true,2.3876,true,7,2.3876,0,0,true,0,correct_route
SV,0.3,S2,1,33,an_mode,true,2.3876,true,7,2.3876,0,0,true,0,correct_route
SV,0.3,S2,1,34,distance,true,2.2871,true,7,1.9227,184.804,0.6,false,-15.936,unsafe_route
SV,0.3,S2,1,34,proposed_050,true,2.2871,true,7,2.2871,0,0,true,0,correct_route
SV,0.3,S2,1,34,proposed_mode,true,2.2871,true,7,2.2871,0,0,true,0,correct_route
SV,0.3,S2,1,34,an_080,true,2.2871,true,7,2.2871,0,0,true,0,correct_route
SV,0.3,S2,1,34,an_mode,true,2.2871,true,7,2.2871,0,0,true,0,correct_route
SV,0.3,S2,1,35,distance,true,3.6916,true,7,3.6916,0,0,true,0,correct_route
SV,0.3,S2,1,35,proposed_050,true,3.6916,true,7,3.6916,0,0,true,0,correct_route
SV,0.3,S2,1,35,proposed_mode,true,3.6916,true,7,3.6916,0,0,true,0,correct_route
SV,0.3,S2,1,35,an_080,true,3.6916,true,7,3.6916,0,0,true,0,correct_route
SV,0.3,S2,1,35,an_mode,true,3.6916,true,7,3.6916,0,0,true,0,correct_route
SV,0.3,S2,1,36,distance,true,4.9758,true,7,4.5516,384.29,0.6,false,-8.525,unsafe_route
SV,0.3,S2,1,36,proposed_050,true,4.9758,true,7,4.9758,0,0,true,0,correct_route
SV,0.3,S2,1,36,proposed_mode,true,4.9758,true,7,4.9758,0,0,true,0,correct_route
SV,0.3,S2,1,36,an_080,true,4.9758,true,7,4.9758,0,0,true,0,correct_route
SV,0.3,S2,1,36,an_mode,true,4.9758,true,7,4.9758,0,0,true,0,correct_route
SV,0.3,S2,1,37,distance,true,3.8372,true,7,3.7026,188.364,0.6,false,-3.509,unsafe_route
SV,0.3,S2,1,37,proposed_050,true,3.8372,true,7,3.8372,0,0,true,0,correct_route
SV,0.3,S2,1,37,proposed_mode,true,3.8372,true,7,3.8372,0,0,true,0,correct_route
SV,0.3,S2,1,37,an_080,true,3.8372,true,7,3.8372,0,0,true,0,correct_route
SV,0.3,S2,1,37,an_mode,true,3.8372,true,7,3.8372,0,0,true,0,correct_route
SV,0.3,S2,1,38,distance,true,5.2587,true,7,4.8669,184.804,0.6,false,-7.451,unsafe_route
SV,0.3,S2,1,38,proposed_050,true,5.2587,true,7,5.2587,0,0,true,0,correct_route
SV,0.3,S2,1,38,proposed_mode,true,5.2587,true,7,5.2587,0,0,true,0,correct_route
SV,0.3,S2,1,38,an_080,true,5.2587,true,7,5.2587,0,0,true,0,correct_route
SV,0.3,S2,1,38,an_mode,true,5.2587,true,7,5.2587,0,0,true,0,correct_route
SV,0.3,S2,1,39,distance,true,6.797,true,3,3.8945,212.402,0.6,false,-42.703,unsafe_route
SV,0.3,S2,1,39,proposed_050,true,6.797,true,5,6.797,0,0,true,0,correct_route
SV,0.3,S2,1,39,proposed_mode,true,6.797,true,5,6.797,0,0,true,0,correct_route
SV,0.3,S2,1,39,an_080,true,6.797,true,3,3.8945,212.402,0.6,false,-42.703,unsafe_route
SV,0.3,S2,1,39,an_mode,true,6.797,true,5,6.797,0,0,true,0,correct_route
SV,0.3,S2,1,40,distance,true,5.3931,true,3,4.2719,189.864,0.6,false,-20.79,unsafe_route
SV,0.3,S2,1,40,proposed_050,true,5.3931,true,5,5.3931,0,0,true,0,correct_route
SV,0.3,S2,1,40,proposed_mode,true,5.3931,true,5,5.3931,0,0,true,0,correct_route
SV,0.3,S2,1,40,an_080,true,5.3931,true,3,4.2719,189.864,0.6,false,-20.79,unsafe_route
SV,0.3,S2,1,40,an_mode,true,5.3931,true,5,5.3931,0,0,true,0,correct_route
LV,0.5,S2,1,1,distance,true,3.5648,true,9,3.5648,0,0,true,0,correct_route
LV,0.5,S2,1,1,proposed_050,true,3.5648,true,9,3.5648,0,0,true,0,correct_route
LV,0.5,S2,1,1,proposed_mode,true,3.5648,true,9,3.5648,0,0,true,0,correct_route
LV,0.5,S2,1,1,an_080,true,3.5648,true,9,3.5648,0,0,true,0,correct_route
LV,0.5,S2,1,1,an_mode,true,3.5648,true,9,3.5648,0,0,true,0,correct_route
LV,0.5,S2,1,2,distance,true,4.4419,true,4,4.4419,0,0,true,0,correct_route
LV,0.5,S2,1,2,proposed_050,true,4.4419,true,4,4.4419,0,0,true,0,correct_route
LV,0.5,S2,1,2,proposed_mode,true,4.4419,true,4,4.4419,0,0,true,0,correct_route
LV,0.5,S2,1,2,an_080,true,4.4419,true,4,4.4419,0,0,true,0,correct_route
LV,0.5,S2,1,2,an_mode,true,4.4419,true,4,4.4419,0,0,true,0,correct_route
LV,0.5,S2,1,3,distance,true,2.6507,true,9,2.6507,0,0,true,0,correct_route
LV,0.5,S2,1,3,proposed_050,true,2.6507,true,9,2.6507,0,0,true,0,correct_route
LV,0.5,S2,1,3,proposed_mode,true,2.6507,true,9,2.6507,0,0,true,0,correct_route
LV,0.5,S2,1,3,an_080,true,2.6507,true,9,2.6507,0,0,true,0,correct_route
LV,0.5,S2,1,3,an_mode,true,2.6507,true,9,2.6507,0,0,true,0,correct_route
LV,0.5,S2,1,4,distance,true,4.3464,true,4,4.3464,0,0,true,0,correct_route
LV,0.5,S2,1,4,proposed_050,true,4.3464,true,4,4.3464,0,0,true,0,correct_route
LV,0.5,S2,1,4,proposed_mode,true,4.3464,true,4,4.3464,0,0,true,0,correct_route
LV,0.5,S2,1,4,an_080,true,4.3464,true,4,4.3464,0,0,true,0,correct_route
LV,0.5,S2,1,4,an_mode,true,4.3464,true,4,4.3464,0,0,true,0,correct_route
LV,0.5,S2,1,5,distance,true,4.8013,true,4,4.4419,218.827,0.6,false,-7.485,unsafe_route
LV,0.5,S2,1,5,proposed_050,true,4.8013,true,4,4.8013,0,0,true,0,correct_route
LV,0.5,S2,1,5,proposed_mode,true,4.8013,true,4,4.8013,0,0,true,0,correct_route
LV,0.5,S2,1,5,an_080,true,4.8013,true,4,4.8013,0,0,true,0,correct_route
LV,0.5,S2,1,5,an_mode,true,4.8013,true,4,4.8013,0,0,true,0,correct_route
LV,0.5,S2,1,6,distance,true,0.7045,true,4,0.7045,0,0,true,0,correct_route
LV,0.5,S2,1,6,proposed_050,true,0.7045,true,4,0.7045,0,0,true,0,correct_route
LV,0.5,S2,1,6,proposed_mode,true,0.7045,true,4,0.7045,0,0,true,0,correct_route
LV,0.5,S2,1,6,an_080,true,0.7045,true,4,0.7045,0,0,true,0,correct_route
LV,0.5,S2,1,6,an_mode,true,0.7045,true,4,0.7045,0,0,true,0,correct_route
LV,0.5,S2,1,7,distance,true,2.9041,true,8,2.4584,406.099,0.6,false,-15.346,unsafe_route
LV,0.5,S2,1,7,proposed_050,true,2.9041,true,8,2.9041,0,0,true,0,correct_route
LV,0.5,S2,1,7,proposed_mode,true,2.9041,true,8,2.9041,0,0,true,0,correct_route
LV,0.5,S2,1,7,an_080,true,2.9041,true,8,2.9041,0,0,true,0,correct_route
LV,0.5,S2,1,7,an_mode,true,2.9041,true,8,2.9041,0,0,true,0,correct_route
LV,0.5,S2,1,8,distance,true,2.5061,true,4,2.2256,194.212,0.6,false,-11.193,unsafe_route
LV,0.5,S2,1,8,proposed_050,true,2.5061,true,4,3.2259,0,0,true,28.718,correct_route
LV,0.5,S2,1,8,proposed_mode,true,2.5061,true,4,3.2259,0,0,true,28.718,correct_route
LV,0.5,S2,1,8,an_080,true,2.5061,true,4,2.2256,194.212,0.6,false,-11.193,unsafe_route
LV,0.5,S2,1,8,an_mode,true,2.5061,true,4,2.5061,70.866,0.3,true,0,correct_route
LV,0.5,S2,1,9,distance,true,2.2269,true,8,2.2269,0,0,true,0,correct_route
LV,0.5,S2,1,9,proposed_050,true,2.2269,true,8,2.2269,0,0,true,0,correct_route
LV,0.5,S2,1,9,proposed_mode,true,2.2269,true,8,2.2269,0,0,true,0,correct_route
LV,0.5,S2,1,9,an_080,true,2.2269,true,8,2.2269,0,0,true,0,correct_route
LV,0.5,S2,1,9,an_mode,true,2.2269,true,8,2.2269,0,0,true,0,correct_route
LV,0.5,S2,1,10,distance,true,0.7573,true,9,0.7573,0,0,true,0,correct_route
LV,0.5,S2,1,10,proposed_050,true,0.7573,true,9,0.7573,0,0,true,0,correct_route
LV,0.5,S2,1,10,proposed_mode,true,0.7573,true,9,0.7573,0,0,true,0,correct_route
LV,0.5,S2,1,10,an_080,true,0.7573,true,9,0.7573,0,0,true,0,correct_route
LV,0.5,S2,1,10,an_mode,true,0.7573,true,9,0.7573,0,0,true,0,correct_route
LV,0.5,S2,1,11,distance,true,5.3575,true,4,5.077,194.212,0.6,false,-5.236,unsafe_route
LV,0.5,S2,1,11,proposed_050,true,5.3575,true,4,6.0772,0,0,true,13.434,correct_route
LV,0.5,S2,1,11,proposed_mode,true,5.3575,true,4,6.0772,0,0,true,13.434,correct_route
LV,0.5,S2,1,11,an_080,true,5.3575,true,4,5.077,194.212,0.6,false,-5.236,unsafe_route
LV,0.5,S2,1,11,an_mode,true,5.3575,true,4,5.3575,70.866,0.3,true,0,correct_route
LV,0.5,S2,1,12,distance,true,5.3842,true,8,4.8102,396.788,0.6,false,-10.66,unsafe_route
LV,0.5,S2,1,12,proposed_050,true,5.3842,true,8,5.6942,0,0,true,5.757,correct_route
LV,0.5,S2,1,12,proposed_mode,true,5.3842,true,8,5.6942,0,0,true,5.757,correct_route
LV,0.5,S2,1,12,an_080,true,5.3842,true,8,5.417,32.267,0.3,true,0.61,correct_route
LV,0.5,S2,1,12,an_mode,true,5.3842,true,8,5.417,32.267,0.3,true,0.61,correct_route
LV,0.5,S2,1,13,distance,true,5.3483,true,4,5.3483,70.866,0.3,true,0,correct_route
LV,0.5,S2,1,13,proposed_050,true,5.3483,true,4,5.5532,0,0,true,3.83,correct_route
LV,0.5,S2,1,13,proposed_mode,true,5.3483,true,4,5.5532,0,0,true,3.83,correct_route
LV,0.5,S2,1,13,an_080,true,5.3483,true,4,5.5532,0,0,true,3.83,correct_route
LV,0.5,S2,1,13,an_mode,true,5.3483,true,4,5.5532,0,0,true,3.83,correct_route
LV,0.5,S2,1,14,distance,true,2.2619,true,4,2.2619,0,0,true,0,correct_route
LV,0.5,S2,1,14,proposed_050,true,2.2619,true,4,2.2619,0,0,true,0,correct_route
LV,0.5,S2,1,14,proposed_mode,true,2.2619,true,4,2.2619,0,0,true,0,correct_route
LV,0.5,S2,1,14,an_080,true,2.2619,true,4,2.2619,0,0,true,0,correct_route
LV,0.5,S2,1,14,an_mode,true,2.2619,true,4,2.2619,0,0,true,0,correct_route
LV,0.5,S2,1,15,distance,true,3.7294,true,4,3.7294,70.866,0.3,true,0,correct_route
LV,0.5,S2,1,15,proposed_050,true,3.7294,true,4,3.9342,0,0,true,5.492,correct_route
LV,0.5,S2,1,15,proposed_mode,true,3.7294,true,4,3.9342,0,0,true,5.492,correct_route
LV,0.5,S2,1,15,an_080,true,3.7294,true,4,3.9342,0,0,true,5.492,correct_route
LV,0.5,S2,1,15,an_mode,true,3.7294,true,4,3.9342,0,0,true,5.492,correct_route
LV,0.5,S2,1,16,distance,true,1.4535,true,8,1.4535,0,0,true,0,correct_route
LV,0.5,S2,1,16,proposed_050,true,1.4535,true,8,1.4535,0,0,true,0,correct_route
LV,0.5,S2,1,16,proposed_mode,true,1.4535,true,8,1.4535,0,0,true,0,correct_route
LV,0.5,S2,1,16,an_080,true,1.4535,true,8,1.4535,0,0,true,0,correct_route
LV,0.5,S2,1,16,an_mode,true,1.4535,true,8,1.4535,0,0,true,0,correct_route
LV,0.5,S2,1,17,distance,true,4.44,true,8,4.4279,396.788,0.6,false,-0.274,unsafe_route
LV,0.5,S2,1,17,proposed_050,true,4.44,true,5,4.44,0,0,true,0,correct_route
LV,0.5,S2,1,17,proposed_mode,true,4.44,true,5,4.44,0,0,true,0,correct_route
LV,0.5,S2,1,17,an_080,true,4.44,true,5,4.44,0,0,true,0,correct_route
LV,0.5,S2,1,17,an_mode,true,4.44,true,5,4.44,0,0,true,0,correct_route
LV,0.5,S2,1,18,distance,true,2.343,true,8,2.343,32.267,0.3,true,0,correct_route
LV,0.5,S2,1,18,proposed_050,true,2.343,true,8,2.5997,0,0,true,10.958,correct_route
LV,0.5,S2,1,18,proposed_mode,true,2.343,true,8,2.5997,0,0,true,10.958,correct_route
LV,0.5,S2,1,18,an_080,true,2.343,true,8,2.343,32.267,0.3,true,0,correct_route
LV,0.5,S2,1,18,an_mode,true,2.343,true,8,2.343,32.267,0.3,true,0,correct_route
LV,0.5,S2,1,19,distance,true,2.0721,true,8,2.0721,0,0,true,0,correct_route
LV,0.5,S2,1,19,proposed_050,true,2.0721,true,8,2.0721,0,0,true,0,correct_route
LV,0.5,S2,1,19,proposed_mode,true,2.0721,true,8,2.0721,0,0,true,0,correct_route
LV,0.5,S2,1,19,an_080,true,2.0721,true,8,2.0721,0,0,true,0,correct_route
LV,0.5,S2,1,19,an_mode,true,2.0721,true,8,2.0721,0,0,true,0,correct_route
LV,0.5,S2,1,20,distance,true,8.5508,true,7,8.4103,376.447,0.6,false,-1.643,unsafe_route
LV,0.5,S2,1,20,proposed_050,true,8.5508,true,7,8.5508,0,0,true,0,correct_route
LV,0.5,S2,1,20,proposed_mode,true,8.5508,true,7,8.5508,0,0,true,0,correct_route
LV,0.5,S2,1,20,an_080,true,8.5508,true,7,8.5508,0,0,true,0,correct_route
LV,0.5,S2,1,20,an_mode,true,8.5508,true,7,8.5508,0,0,true,0,correct_route
LV,0.5,S2,1,21,distance,true,1.5022,true,7,1.5022,0,0,true,0,correct_route
LV,0.5,S2,1,21,proposed_050,true,1.5022,true,7,1.5022,0,0,true,0,correct_route
LV,0.5,S2,1,21,proposed_mode,true,1.5022,true,7,1.5022,0,0,true,0,correct_route
LV,0.5,S2,1,21,an_080,true,1.5022,true,7,1.5022,0,0,true,0,correct_route
LV,0.5,S2,1,21,an_mode,true,1.5022,true,7,1.5022,0,0,true,0,correct_route
LV,0.5,S2,1,22,distance,true,2.2373,true,7,2.2373,0,0,true,0,correct_route
LV,0.5,S2,1,22,proposed_050,true,2.2373,true,7,2.2373,0,0,true,0,correct_route
LV,0.5,S2,1,22,proposed_mode,true,2.2373,true,7,2.2373,0,0,true,0,correct_route
LV,0.5,S2,1,22,an_080,true,2.2373,true,7,2.2373,0,0,true,0,correct_route
LV,0.5,S2,1,22,an_mode,true,2.2373,true,7,2.2373,0,0,true,0,correct_route
LV,0.5,S2,1,23,distance,true,5.8541,true,7,5.7136,376.447,0.6,false,-2.4,unsafe_route
LV,0.5,S2,1,23,proposed_050,true,5.8541,true,7,5.8541,0,0,true,0,correct_route
LV,0.5,S2,1,23,proposed_mode,true,5.8541,true,7,5.8541,0,0,true,0,correct_route
LV,0.5,S2,1,23,an_080,true,5.8541,true,7,5.8541,0,0,true,0,correct_route
LV,0.5,S2,1,23,an_mode,true,5.8541,true,7,5.8541,0,0,true,0,correct_route
LV,0.5,S2,1,24,distance,true,4.4108,true,7,3.7965,376.447,0.6,false,-13.926,unsafe_route
LV,0.5,S2,1,24,proposed_050,true,4.4108,true,7,4.4108,0,0,true,0,correct_route
LV,0.5,S2,1,24,proposed_mode,true,4.4108,true,7,4.4108,0,0,true,0,correct_route
LV,0.5,S2,1,24,an_080,true,4.4108,true,7,4.4108,0,0,true,0,correct_route
LV,0.5,S2,1,24,an_mode,true,4.4108,true,7,4.4108,0,0,true,0,correct_route
LV,0.5,S2,1,25,distance,true,2.019,true,5,2.019,0,0,true,0,correct_route
LV,0.5,S2,1,25,proposed_050,true,2.019,true,5,2.019,0,0,true,0,correct_route
LV,0.5,S2,1,25,proposed_mode,true,2.019,true,5,2.019,0,0,true,0,correct_route
LV,0.5,S2,1,25,an_080,true,2.019,true,5,2.019,0,0,true,0,correct_route
LV,0.5,S2,1,25,an_mode,true,2.019,true,5,2.019,0,0,true,0,correct_route
LV,0.5,S2,1,26,distance,true,1.0687,true,5,1.0687,0,0,true,0,correct_route
LV,0.5,S2,1,26,proposed_050,true,1.0687,true,5,1.0687,0,0,true,0,correct_route
LV,0.5,S2,1,26,proposed_mode,true,1.0687,true,5,1.0687,0,0,true,0,correct_route
LV,0.5,S2,1,26,an_080,true,1.0687,true,5,1.0687,0,0,true,0,correct_route
LV,0.5,S2,1,26,an_mode,true,1.0687,true,5,1.0687,0,0,true,0,correct_route
LV,0.5,S2,1,27,distance,true,2.8807,true,3,2.187,229.756,0.6,false,-24.079,unsafe_route
LV,0.5,S2,1,27,proposed_050,true,2.8807,true,5,2.8807,0,0,true,0,correct_route
LV,0.5,S2,1,27,proposed_mode,true,2.8807,true,5,2.8807,0,0,true,0,correct_route
LV,0.5,S2,1,27,an_080,true,2.8807,true,3,2.2093,216.495,0.6,false,-23.307,unsafe_route
LV,0.5,S2,1,27,an_mode,true,2.8807,true,5,2.8807,0,0,true,0,correct_route
LV,0.5,S2,1,28,distance,true,3.6245,true,7,3.3577,184.804,0.6,false,-7.36,unsafe_route
LV,0.5,S2,1,28,proposed_050,true,3.6245,true,7,3.6245,0,0,true,0,correct_route
LV,0.5,S2,1,28,proposed_mode,true,3.6245,true,7,3.6245,0,0,true,0,correct_route
LV,0.5,S2,1,28,an_080,true,3.6245,true,7,3.6245,0,0,true,0,correct_route
LV,0.5,S2,1,28,an_mode,true,3.6245,true,7,3.6245,0,0,true,0,correct_route
LV,0.5,S2,1,29,distance,true,6.0363,true,7,5.5354,384.29,0.6,false,-8.299,unsafe_route
LV,0.5,S2,1,29,proposed_050,true,6.0363,true,7,6.0363,0,0,true,0,correct_route
LV,0.5,S2,1,29,proposed_mode,true,6.0363,true,7,6.0363,0,0,true,0,correct_route
LV,0.5,S2,1,29,an_080,true,6.0363,true,7,6.0363,0,0,true,0,correct_route
LV,0.5,S2,1,29,an_mode,true,6.0363,true,7,6.0363,0,0,true,0,correct_route
LV,0.5,S2,1,30,distance,true,3.5991,true,3,2.6793,189.864,0.6,false,-25.555,unsafe_route
LV,0.5,S2,1,30,proposed_050,true,3.5991,true,5,3.5991,0,0,true,0,correct_route
LV,0.5,S2,1,30,proposed_mode,true,3.5991,true,5,3.5991,0,0,true,0,correct_route
LV,0.5,S2,1,30,an_080,true,3.5991,true,3,2.6793,189.864,0.6,false,-25.555,unsafe_route
LV,0.5,S2,1,30,an_mode,true,3.5991,true,5,3.5991,0,0,true,0,correct_route
LV,0.5,S2,1,31,distance,true,4.0185,true,7,3.5175,384.29,0.6,false,-12.466,unsafe_route
LV,0.5,S2,1,31,proposed_050,true,4.0185,true,7,4.0185,0,0,true,0,correct_route
LV,0.5,S2,1,31,proposed_mode,true,4.0185,true,7,4.0185,0,0,true,0,correct_route
LV,0.5,S2,1,31,an_080,true,4.0185,true,7,4.0185,0,0,true,0,correct_route
LV,0.5,S2,1,31,an_mode,true,4.0185,true,7,4.0185,0,0,true,0,correct_route
LV,0.5,S2,1,32,distance,true,4.5892,true,3,1.5916,212.402,0.6,false,-65.32,unsafe_route
LV,0.5,S2,1,32,proposed_050,true,4.5892,true,5,4.5892,0,0,true,0,correct_route
LV,0.5,S2,1,32,proposed_mode,true,4.5892,true,5,4.5892,0,0,true,0,correct_route
LV,0.5,S2,1,32,an_080,true,4.5892,true,3,1.5916,212.402,0.6,false,-65.32,unsafe_route
LV,0.5,S2,1,32,an_mode,true,4.5892,true,5,4.5892,0,0,true,0,correct_route
LV,0.5,S2,1,33,distance,true,2.3876,true,7,2.2529,188.364,0.6,false,-5.64,unsafe_route
LV,0.5,S2,1,33,proposed_050,true,2.3876,true,7,2.3876,0,0,true,0,correct_route
LV,0.5,S2,1,33,proposed_mode,true,2.3876,true,7,2.3876,0,0,true,0,correct_route
LV,0.5,S2,1,33,an_080,true,2.3876,true,7,2.3876,0,0,true,0,correct_route
LV,0.5,S2,1,33,an_mode,true,2.3876,true,7,2.3876,0,0,true,0,correct_route
LV,0.5,S2,1,34,distance,true,2.2871,true,7,1.9227,184.804,0.6,false,-15.936,unsafe_route
LV,0.5,S2,1,34,proposed_050,true,2.2871,true,7,2.2871,0,0,true,0,correct_route
LV,0.5,S2,1,34,proposed_mode,true,2.2871,true,7,2.2871,0,0,true,0,correct_route
LV,0.5,S2,1,34,an_080,true,2.2871,true,7,2.2871,0,0,true,0,correct_route
LV,0.5,S2,1,34,an_mode,true,2.2871,true,7,2.2871,0,0,true,0,correct_route
LV,0.5,S2,1,35,distance,true,3.6916,true,7,3.6916,0,0,true,0,correct_route
LV,0.5,S2,1,35,proposed_050,true,3.6916,true,7,3.6916,0,0,true,0,correct_route
LV,0.5,S2,1,35,proposed_mode,true,3.6916,true,7,3.6916,0,0,true,0,correct_route
LV,0.5,S2,1,35,an_080,true,3.6916,true,7,3.6916,0,0,true,0,correct_route
LV,0.5,S2,1,35,an_mode,true,3.6916,true,7,3.6916,0,0,true,0,correct_route
LV,0.5,S2,1,36,distance,true,4.9758,true,7,4.5516,384.29,0.6,false,-8.525,unsafe_route
LV,0.5,S2,1,36,proposed_050,true,4.9758,true,7,4.9758,0,0,true,0,correct_route
LV,0.5,S2,1,36,proposed_mode,true,4.9758,true,7,4.9758,0,0,true,0,correct_route
LV,0.5,S2,1,36,an_080,true,4.9758,true,7,4.9758,0,0,true,0,correct_route
LV,0.5,S2,1,36,an_mode,true,4.9758,true,7,4.9758,0,0,true,0,correct_route
LV,0.5,S2,1,37,distance,true,3.8372,true,7,3.7026,188.364,0.6,false,-3.509,unsafe_route
LV,0.5,S2,1,37,proposed_050,true,3.8372,true,7,3.8372,0,0,true,0,correct_route
LV,0.5,S2,1,37,proposed_mode,true,3.8372,true,7,3.8372,0,0,true,0,correct_route
LV,0.5,S2,1,37,an_080,true,3.8372,true,7,3.8372,0,0,true,0,correct_route
LV,0.5,S2,1,37,an_mode,true,3.8372,true,7,3.8372,0,0,true,0,correct_route
LV,0.5,S2,1,38,distance,true,5.2587,true,7,4.8669,184.804,0.6,false,-7.451,unsafe_route
LV,0.5,S2,1,38,proposed_050,true,5.2587,true,7,5.2587,0,0,true,0,correct_route
LV,0.5,S2,1,38,proposed_mode,true,5.2587,true,7,5.2587,0,0,true,0,correct_route
LV,0.5,S2,1,38,an_080,true,5.2587,true,7,5.2587,0,0,true,0,correct_route
LV,0.5,S2,1,38,an_mode,true,5.2587,true,7,5.2587,0,0,true,0,correct_route
LV,0.5,S2,1,39,distance,true,6.797,true,3,3.8945,212.402,0.6,false,-42.703,unsafe_route
LV,0.5,S2,1,39,proposed_050,true,6.797,true,5,6.797,0,0,true,0,correct_route
LV,0.5,S2,1,39,proposed_mode,true,6.797,true,5,6.797,0,0,true,0,correct_route
LV,0.5,S2,1,39,an_080,true,6.797,true,3,3.8945,212.402,0.6,false,-42.703,unsafe_route
LV,0.5,S2,1,39,an_mode,true,6.797,true,5,6.797,0,0,true,0,correct_route
LV,0.5,S2,1,40,distance,true,5.3931,true,3,4.2719,189.864,0.6,false,-20.79,unsafe_route
LV,0.5,S2,1,40,proposed_050,true,5.3931,true,5,5.3931,0,0,true,0,correct_route
LV,0.5,S2,1,40,proposed_mode,true,5.3931,true,5,5.3931,0,0,true,0,correct_route
LV,0.5,S2,1,40,an_080,true,5.3931,true,3,4.2719,189.864,0.6,false,-20.79,unsafe_route
LV,0.5,S2,1,40,an_mode,true,5.3931,true,5,5.3931,0,0,true,0,correct_route
AD,1.2,S2,1,1,distance,true,3.5648,true,9,3.5648,0,0,true,0,correct_route
AD,1.2,S2,1,1,proposed_050,true,3.5648,true,9,3.5648,0,0,true,0,correct_route
AD,1.2,S2,1,1,proposed_mode,true,3.5648,true,9,3.5648,0,0,true,0,correct_route
AD,1.2,S2,1,1,an_080,true,3.5648,true,9,3.5648,0,0,true,0,correct_route
AD,1.2,S2,1,1,an_mode,true,3.5648,true,9,3.5648,0,0,true,0,correct_route
AD,1.2,S2,1,2,distance,true,4.4419,true,4,4.4419,0,0,true,0,correct_route
AD,1.2,S2,1,2,proposed_050,true,4.4419,true,4,4.4419,0,0,true,0,correct_route
AD,1.2,S2,1,2,proposed_mode,true,4.4419,true,4,4.4419,0,0,true,0,correct_route
AD,1.2,S2,1,2,an_080,true,4.4419,true,4,4.4419,0,0,true,0,correct_route
AD,1.2,S2,1,2,an_mode,true,4.4419,true,4,4.4419,0,0,true,0,correct_route
AD,1.2,S2,1,3,distance,true,2.6507,true,9,2.6507,0,0,true,0,correct_route
AD,1.2,S2,1,3,proposed_050,true,2.6507,true,9,2.6507,0,0,true,0,correct_route
AD,1.2,S2,1,3,proposed_mode,true,2.6507,true,9,2.6507,0,0,true,0,correct_route
AD,1.2,S2,1,3,an_080,true,2.6507,true,9,2.6507,0,0,true,0,correct_route
AD,1.2,S2,1,3,an_mode,true,2.6507,true,9,2.6507,0,0,true,0,correct_route
AD,1.2,S2,1,4,distance,true,4.3464,true,4,4.3464,0,0,true,0,correct_route
AD,1.2,S2,1,4,proposed_050,true,4.3464,true,4,4.3464,0,0,true,0,correct_route
AD,1.2,S2,1,4,proposed_mode,true,4.3464,true,4,4.3464,0,0,true,0,correct_route
AD,1.2,S2,1,4,an_080,true,4.3464,true,4,4.3464,0,0,true,0,correct_route
AD,1.2,S2,1,4,an_mode,true,4.3464,true,4,4.3464,0,0,true,0,correct_route
AD,1.2,S2,1,5,distance,true,4.4419,true,4,4.4419,218.827,0.6,true,0,correct_route
AD,1.2,S2,1,5,proposed_050,true,4.4419,true,4,4.8013,0,0,true,8.091,correct_route
AD,1.2,S2,1,5,proposed_mode,true,4.4419,true,4,4.8013,0,0,true,8.091,correct_route
AD,1.2,S2,1,5,an_080,true,4.4419,true,4,4.8013,0,0,true,8.091,correct_route
AD,1.2,S2,1,5,an_mode,true,4.4419,true,4,4.8013,0,0,true,8.091,correct_route
AD,1.2,S2,1,6,distance,true,0.7045,true,4,0.7045,0,0,true,0,correct_route
AD,1.2,S2,1,6,proposed_050,true,0.7045,true,4,0.7045,0,0,true,0,correct_route
AD,1.2,S2,1,6,proposed_mode,true,0.7045,true,4,0.7045,0,0,true,0,correct_route
AD,1.2,S2,1,6,an_080,true,0.7045,true,4,0.7045,0,0,true,0,correct_route
AD,1.2,S2,1,6,an_mode,true,0.7045,true,4,0.7045,0,0,true,0,correct_route
AD,1.2,S2,1,7,distance,true,2.4584,true,8,2.4584,406.099,0.6,true,0,correct_route
AD,1.2,S2,1,7,proposed_050,true,2.4584,true,8,2.9041,0,0,true,18.128,correct_route
AD,1.2,S2,1,7,proposed_mode,true,2.4584,true,8,2.9041,0,0,true,18.128,correct_route
AD,1.2,S2,1,7,an_080,true,2.4584,true,8,2.9041,0,0,true,18.128,correct_route
AD,1.2,S2,1,7,an_mode,true,2.4584,true,8,2.9041,0,0,true,18.128,correct_route
AD,1.2,S2,1,8,distance,true,2.2256,true,4,2.2256,194.212,0.6,true,0,correct_route
AD,1.2,S2,1,8,proposed_050,true,2.2256,true,4,3.2259,0,0,true,44.942,correct_route
AD,1.2,S2,1,8,proposed_mode,true,2.2256,true,4,3.2259,0,0,true,44.942,correct_route
AD,1.2,S2,1,8,an_080,true,2.2256,true,4,2.2256,194.212,0.6,true,0,correct_route
AD,1.2,S2,1,8,an_mode,true,2.2256,true,4,2.2256,194.212,0.6,true,0,correct_route
AD,1.2,S2,1,9,distance,true,2.2269,true,8,2.2269,0,0,true,0,correct_route
AD,1.2,S2,1,9,proposed_050,true,2.2269,true,8,2.2269,0,0,true,0,correct_route
AD,1.2,S2,1,9,proposed_mode,true,2.2269,true,8,2.2269,0,0,true,0,correct_route
AD,1.2,S2,1,9,an_080,true,2.2269,true,8,2.2269,0,0,true,0,correct_route
AD,1.2,S2,1,9,an_mode,true,2.2269,true,8,2.2269,0,0,true,0,correct_route
AD,1.2,S2,1,10,distance,true,0.7573,true,9,0.7573,0,0,true,0,correct_route
AD,1.2,S2,1,10,proposed_050,true,0.7573,true,9,0.7573,0,0,true,0,correct_route
AD,1.2,S2,1,10,proposed_mode,true,0.7573,true,9,0.7573,0,0,true,0,correct_route
AD,1.2,S2,1,10,an_080,true,0.7573,true,9,0.7573,0,0,true,0,correct_route
AD,1.2,S2,1,10,an_mode,true,0.7573,true,9,0.7573,0,0,true,0,correct_route
AD,1.2,S2,1,11,distance,true,5.077,true,4,5.077,194.212,0.6,true,0,correct_route
AD,1.2,S2,1,11,proposed_050,true,5.077,true,4,6.0772,0,0,true,19.701,correct_route
AD,1.2,S2,1,11,proposed_mode,true,5.077,true,4,6.0772,0,0,true,19.701,correct_route
AD,1.2,S2,1,11,an_080,true,5.077,true,4,5.077,194.212,0.6,true,0,correct_route
AD,1.2,S2,1,11,an_mode,true,5.077,true,4,5.077,194.212,0.6,true,0,correct_route
AD,1.2,S2,1,12,distance,true,4.8102,true,8,4.8102,396.788,0.6,true,0,correct_route
AD,1.2,S2,1,12,proposed_050,true,4.8102,true,8,5.6942,0,0,true,18.376,correct_route
AD,1.2,S2,1,12,proposed_mode,true,4.8102,true,8,5.6942,0,0,true,18.376,correct_route
AD,1.2,S2,1,12,an_080,true,4.8102,true,8,5.417,32.267,0.3,true,12.615,correct_route
AD,1.2,S2,1,12,an_mode,true,4.8102,true,8,5.417,32.267,0.3,true,12.615,correct_route
AD,1.2,S2,1,13,distance,true,5.3483,true,4,5.3483,70.866,0.3,true,0,correct_route
AD,1.2,S2,1,13,proposed_050,true,5.3483,true,4,5.5532,0,0,true,3.83,correct_route
AD,1.2,S2,1,13,proposed_mode,true,5.3483,true,4,5.5532,0,0,true,3.83,correct_route
AD,1.2,S2,1,13,an_080,true,5.3483,true,4,5.5532,0,0,true,3.83,correct_route
AD,1.2,S2,1,13,an_mode,true,5.3483,true,4,5.5532,0,0,true,3.83,correct_route
AD,1.2,S2,1,14,distance,true,2.2619,true,4,2.2619,0,0,true,0,correct_route
AD,1.2,S2,1,14,proposed_050,true,2.2619,true,4,2.2619,0,0,true,0,correct_route
AD,1.2,S2,1,14,proposed_mode,true,2.2619,true,4,2.2619,0,0,true,0,correct_route
AD,1.2,S2,1,14,an_080,true,2.2619,true,4,2.2619,0,0,true,0,correct_route
AD,1.2,S2,1,14,an_mode,true,2.2619,true,4,2.2619,0,0,true,0,correct_route
AD,1.2,S2,1,15,distance,true,3.7294,true,4,3.7294,70.866,0.3,true,0,correct_route
AD,1.2,S2,1,15,proposed_050,true,3.7294,true,4,3.9342,0,0,true,5.492,correct_route
AD,1.2,S2,1,15,proposed_mode,true,3.7294,true,4,3.9342,0,0,true,5.492,correct_route
AD,1.2,S2,1,15,an_080,true,3.7294,true,4,3.9342,0,0,true,5.492,correct_route
AD,1.2,S2,1,15,an_mode,true,3.7294,true,4,3.9342,0,0,true,5.492,correct_route
AD,1.2,S2,1,16,distance,true,1.4535,true,8,1.4535,0,0,true,0,correct_route
AD,1.2,S2,1,16,proposed_050,true,1.4535,true,8,1.4535,0,0,true,0,correct_route
AD,1.2,S2,1,16,proposed_mode,true,1.4535,true,8,1.4535,0,0,true,0,correct_route
AD,1.2,S2,1,16,an_080,true,1.4535,true,8,1.4535,0,0,true,0,correct_route
AD,1.2,S2,1,16,an_mode,true,1.4535,true,8,1.4535,0,0,true,0,correct_route
AD,1.2,S2,1,17,distance,true,4.4279,true,8,4.4279,396.788,0.6,true,0,correct_route
AD,1.2,S2,1,17,proposed_050,true,4.4279,true,5,4.44,0,0,true,0.275,correct_route
AD,1.2,S2,1,17,proposed_mode,true,4.4279,true,5,4.44,0,0,true,0.275,correct_route
AD,1.2,S2,1,17,an_080,true,4.4279,true,5,4.44,0,0,true,0.275,correct_route
AD,1.2,S2,1,17,an_mode,true,4.4279,true,5,4.44,0,0,true,0.275,correct_route
AD,1.2,S2,1,18,distance,true,2.343,true,8,2.343,32.267,0.3,true,0,correct_route
AD,1.2,S2,1,18,proposed_050,true,2.343,true,8,2.5997,0,0,true,10.958,correct_route
AD,1.2,S2,1,18,proposed_mode,true,2.343,true,8,2.5997,0,0,true,10.958,correct_route
AD,1.2,S2,1,18,an_080,true,2.343,true,8,2.343,32.267,0.3,true,0,correct_route
AD,1.2,S2,1,18,an_mode,true,2.343,true,8,2.343,32.267,0.3,true,0,correct_route
AD,1.2,S2,1,19,distance,true,2.0721,true,8,2.0721,0,0,true,0,correct_route
AD,1.2,S2,1,19,proposed_050,true,2.0721,true,8,2.0721,0,0,true,0,correct_route
AD,1.2,S2,1,19,proposed_mode,true,2.0721,true,8,2.0721,0,0,true,0,correct_route
AD,1.2,S2,1,19,an_080,true,2.0721,true,8,2.0721,0,0,true,0,correct_route
AD,1.2,S2,1,19,an_mode,true,2.0721,true,8,2.0721,0,0,true,0,correct_route
AD,1.2,S2,1,20,distance,true,8.4103,true,7,8.4103,376.447,0.6,true,0,correct_route
AD,1.2,S2,1,20,proposed_050,true,8.4103,true,7,8.5508,0,0,true,1.671,correct_route
AD,1.2,S2,1,20,proposed_mode,true,8.4103,true,7,8.5508,0,0,true,1.671,correct_route
AD,1.2,S2,1,20,an_080,true,8.4103,true,7,8.5508,0,0,true,1.671,correct_route
AD,1.2,S2,1,20,an_mode,true,8.4103,true,7,8.5508,0,0,true,1.671,correct_route
AD,1.2,S2,1,21,distance,true,1.5022,true,7,1.5022,0,0,true,0,correct_route
AD,1.2,S2,1,21,proposed_050,true,1.5022,true,7,1.5022,0,0,true,0,correct_route
AD,1.2,S2,1,21,proposed_mode,true,1.5022,true,7,1.5022,0,0,true,0,correct_route
AD,1.2,S2,1,21,an_080,true,1.5022,true,7,1.5022,0,0,true,0,correct_route
AD,1.2,S2,1,21,an_mode,true,1.5022,true,7,1.5022,0,0,true,0,correct_route
AD,1.2,S2,1,22,distance,true,2.2373,true,7,2.2373,0,0,true,0,correct_route
AD,1.2,S2,1,22,proposed_050,true,2.2373,true,7,2.2373,0,0,true,0,correct_route
AD,1.2,S2,1,22,proposed_mode,true,2.2373,true,7,2.2373,0,0,true,0,correct_route
AD,1.2,S2,1,22,an_080,true,2.2373,true,7,2.2373,0,0,true,0,correct_route
AD,1.2,S2,1,22,an_mode,true,2.2373,true,7,2.2373,0,0,true,0,correct_route
AD,1.2,S2,1,23,distance,true,5.7136,true,7,5.7136,376.447,0.6,true,0,correct_route
AD,1.2,S2,1,23,proposed_050,true,5.7136,true,7,5.8541,0,0,true,2.459,correct_route
AD,1.2,S2,1,23,proposed_mode,true,5.7136,true,7,5.8541,0,0,true,2.459,correct_route
AD,1.2,S2,1,23,an_080,true,5.7136,true,7,5.8541,0,0,true,2.459,correct_route
AD,1.2,S2,1,23,an_mode,true,5.7136,true,7,5.8541,0,0,true,2.459,correct_route
AD,1.2,S2,1,24,distance,true,3.7965,true,7,3.7965,376.447,0.6,true,0,correct_route
AD,1.2,S2,1,24,proposed_050,true,3.7965,true,7,4.4108,0,0,true,16.179,correct_route
AD,1.2,S2,1,24,proposed_mode,true,3.7965,true,7,4.4108,0,0,true,16.179,correct_route
AD,1.2,S2,1,24,an_080,true,3.7965,true,7,4.4108,0,0,true,16.179,correct_route
AD,1.2,S2,1,24,an_mode,true,3.7965,true,7,4.4108,0,0,true,16.179,correct_route
AD,1.2,S2,1,25,distance,true,2.019,true,5,2.019,0,0,true,0,correct_route
AD,1.2,S2,1,25,proposed_050,true,2.019,true,5,2.019,0,0,true,0,correct_route
AD,1.2,S2,1,25,proposed_mode,true,2.019,true,5,2.019,0,0,true,0,correct_route
AD,1.2,S2,1,25,an_080,true,2.019,true,5,2.019,0,0,true,0,correct_route
AD,1.2,S2,1,25,an_mode,true,2.019,true,5,2.019,0,0,true,0,correct_route
AD,1.2,S2,1,26,distance,true,1.0687,true,5,1.0687,0,0,true,0,correct_route
AD,1.2,S2,1,26,proposed_050,true,1.0687,true,5,1.0687,0,0,true,0,correct_route
AD,1.2,S2,1,26,proposed_mode,true,1.0687,true,5,1.0687,0,0,true,0,correct_route
AD,1.2,S2,1,26,an_080,true,1.0687,true,5,1.0687,0,0,true,0,correct_route
AD,1.2,S2,1,26,an_mode,true,1.0687,true,5,1.0687,0,0,true,0,correct_route
AD,1.2,S2,1,27,distance,true,2.187,true,3,2.187,229.756,0.6,true,0,correct_route
AD,1.2,S2,1,27,proposed_050,true,2.187,true,5,2.8807,0,0,true,31.716,correct_route
AD,1.2,S2,1,27,proposed_mode,true,2.187,true,5,2.8807,0,0,true,31.716,correct_route
AD,1.2,S2,1,27,an_080,true,2.187,true,3,2.2093,216.495,0.6,true,1.017,correct_route
AD,1.2,S2,1,27,an_mode,true,2.187,true,3,2.2093,216.495,0.6,true,1.017,correct_route
AD,1.2,S2,1,28,distance,true,3.3577,true,7,3.3577,184.804,0.6,true,0,correct_route
AD,1.2,S2,1,28,proposed_050,true,3.3577,true,7,3.6245,0,0,true,7.944,correct_route
AD,1.2,S2,1,28,proposed_mode,true,3.3577,true,7,3.6245,0,0,true,7.944,correct_route
AD,1.2,S2,1,28,an_080,true,3.3577,true,7,3.6245,0,0,true,7.944,correct_route
AD,1.2,S2,1,28,an_mode,true,3.3577,true,7,3.6245,0,0,true,7.944,correct_route
AD,1.2,S2,1,29,distance,true,5.5354,true,7,5.5354,384.29,0.6,true,0,correct_route
AD,1.2,S2,1,29,proposed_050,true,5.5354,true,7,6.0363,0,0,true,9.05,correct_route
AD,1.2,S2,1,29,proposed_mode,true,5.5354,true,7,6.0363,0,0,true,9.05,correct_route
AD,1.2,S2,1,29,an_080,true,5.5354,true,7,6.0363,0,0,true,9.05,correct_route
AD,1.2,S2,1,29,an_mode,true,5.5354,true,7,6.0363,0,0,true,9.05,correct_route
AD,1.2,S2,1,30,distance,true,2.6793,true,3,2.6793,189.864,0.6,true,0,correct_route
AD,1.2,S2,1,30,proposed_050,true,2.6793,true,5,3.5991,0,0,true,34.328,correct_route
AD,1.2,S2,1,30,proposed_mode,true,2.6793,true,5,3.5991,0,0,true,34.328,correct_route
AD,1.2,S2,1,30,an_080,true,2.6793,true,3,2.6793,189.864,0.6,true,0,correct_route
AD,1.2,S2,1,30,an_mode,true,2.6793,true,3,2.6793,189.864,0.6,true,0,correct_route
AD,1.2,S2,1,31,distance,true,3.5175,true,7,3.5175,384.29,0.6,true,0,correct_route
AD,1.2,S2,1,31,proposed_050,true,3.5175,true,7,4.0185,0,0,true,14.242,correct_route
AD,1.2,S2,1,31,proposed_mode,true,3.5175,true,7,4.0185,0,0,true,14.242,correct_route
AD,1.2,S2,1,31,an_080,true,3.5175,true,7,4.0185,0,0,true,14.242,correct_route
AD,1.2,S2,1,31,an_mode,true,3.5175,true,7,4.0185,0,0,true,14.242,correct_route
AD,1.2,S2,1,32,distance,true,1.5916,true,3,1.5916,212.402,0.6,true,0,correct_route
AD,1.2,S2,1,32,proposed_050,true,1.5916,true,5,4.5892,0,0,true,188.348,correct_route
AD,1.2,S2,1,32,proposed_mode,true,1.5916,true,5,4.5892,0,0,true,188.348,correct_route
AD,1.2,S2,1,32,an_080,true,1.5916,true,3,1.5916,212.402,0.6,true,0,correct_route
AD,1.2,S2,1,32,an_mode,true,1.5916,true,3,1.5916,212.402,0.6,true,0,correct_route
AD,1.2,S2,1,33,distance,true,2.2529,true,7,2.2529,188.364,0.6,true,0,correct_route
AD,1.2,S2,1,33,proposed_050,true,2.2529,true,7,2.3876,0,0,true,5.977,correct_route
AD,1.2,S2,1,33,proposed_mode,true,2.2529,true,7,2.3876,0,0,true,5.977,correct_route
AD,1.2,S2,1,33,an_080,true,2.2529,true,7,2.3876,0,0,true,5.977,correct_route
AD,1.2,S2,1,33,an_mode,true,2.2529,true,7,2.3876,0,0,true,5.977,correct_route
AD,1.2,S2,1,34,distance,true,1.9227,true,7,1.9227,184.804,0.6,true,0,correct_route
AD,1.2,S2,1,34,proposed_050,true,1.9227,true,7,2.2871,0,0,true,18.957,correct_route
AD,1.2,S2,1,34,proposed_mode,true,1.9227,true,7,2.2871,0,0,true,18.957,correct_route
AD,1.2,S2,1,34,an_080,true,1.9227,true,7,2.2871,0,0,true,18.957,correct_route
AD,1.2,S2,1,34,an_mode,true,1.9227,true,7,2.2871,0,0,true,18.957,correct_route
AD,1.2,S2,1,35,distance,true,3.6916,true,7,3.6916,0,0,true,0,correct_route
AD,1.2,S2,1,35,proposed_050,true,3.6916,true,7,3.6916,0,0,true,0,correct_route
AD,1.2,S2,1,35,proposed_mode,true,3.6916,true,7,3.6916,0,0,true,0,correct_route
AD,1.2,S2,1,35,an_080,true,3.6916,true,7,3.6916,0,0,true,0,correct_route
AD,1.2,S2,1,35,an_mode,true,3.6916,true,7,3.6916,0,0,true,0,correct_route
AD,1.2,S2,1,36,distance,true,4.5516,true,7,4.5516,384.29,0.6,true,0,correct_route
AD,1.2,S2,1,36,proposed_050,true,4.5516,true,7,4.9758,0,0,true,9.32,correct_route
AD,1.2,S2,1,36,proposed_mode,true,4.5516,true,7,4.9758,0,0,true,9.32,correct_route
AD,1.2,S2,1,36,an_080,true,4.5516,true,7,4.9758,0,0,true,9.32,correct_route
AD,1.2,S2,1,36,an_mode,true,4.5516,true,7,4.9758,0,0,true,9.32,correct_route
AD,1.2,S2,1,37,distance,true,3.7026,true,7,3.7026,188.364,0.6,true,0,correct_route
AD,1.2,S2,1,37,proposed_050,true,3.7026,true,7,3.8372,0,0,true,3.637,correct_route
AD,1.2,S2,1,37,proposed_mode,true,3.7026,true,7,3.8372,0,0,true,3.637,correct_route
AD,1.2,S2,1,37,an_080,true,3.7026,true,7,3.8372,0,0,true,3.637,correct_route
AD,1.2,S2,1,37,an_mode,true,3.7026,true,7,3.8372,0,0,true,3.637,correct_route
AD,1.2,S2,1,38,distance,true,4.8669,true,7,4.8669,184.804,0.6,true,0,correct_route
AD,1.2,S2,1,38,proposed_050,true,4.8669,true,7,5.2587,0,0,true,8.05,correct_route
AD,1.2,S2,1,38,proposed_mode,true,4.8669,true,7,5.2587,0,0,true,8.05,correct_route
AD,1.2,S2,1,38,an_080,true,4.8669,true,7,5.2587,0,0,true,8.05,correct_route
AD,1.2,S2,1,38,an_mode,true,4.8669,true,7,5.2587,0,0,true,8.05,correct_route
AD,1.2,S2,1,39,distance,true,3.8945,true,3,3.8945,212.402,0.6,true,0,correct_route
AD,1.2,S2,1,39,proposed_050,true,3.8945,true,5,6.797,0,0,true,74.529,correct_route
AD,1.2,S2,1,39,proposed_mode,true,3.8945,true,5,6.797,0,0,true,74.529,correct_route
AD,1.2,S2,1,39,an_080,true,3.8945,true,3,3.8945,212.402,0.6,true,0,correct_route
AD,1.2,S2,1,39,an_mode,true,3.8945,true,3,3.8945,212.402,0.6,true,0,correct_route
AD,1.2,S2,1,40,distance,true,4.2719,true,3,4.2719,189.864,0.6,true,0,correct_route
AD,1.2,S2,1,40,proposed_050,true,4.2719,true,5,5.3931,0,0,true,26.246,correct_route
AD,1.2,S2,1,40,proposed_mode,true,4.2719,true,5,5.3931,0,0,true,26.246,correct_route
AD,1.2,S2,1,40,an_080,true,4.2719,true,3,4.2719,189.864,0.6,true,0,correct_route
AD,1.2,S2,1,40,an_mode,true,4.2719,true,3,4.2719,189.864,0.6,true,0,correct_route
SV,0.3,S2,1.5,1,distance,true,3.5648,true,9,3.5648,0,0,true,0,correct_route
SV,0.3,S2,1.5,1,proposed_050,true,3.5648,true,9,3.5648,0,0,true,0,correct_route
SV,0.3,S2,1.5,1,proposed_mode,true,3.5648,true,9,3.5648,0,0,true,0,correct_route
SV,0.3,S2,1.5,1,an_080,true,3.5648,true,9,3.5648,0,0,true,0,correct_route
SV,0.3,S2,1.5,1,an_mode,true,3.5648,true,9,3.5648,0,0,true,0,correct_route
SV,0.3,S2,1.5,2,distance,true,4.4419,true,4,4.4419,0,0,true,0,correct_route
SV,0.3,S2,1.5,2,proposed_050,true,4.4419,true,4,4.4419,0,0,true,0,correct_route
SV,0.3,S2,1.5,2,proposed_mode,true,4.4419,true,4,4.4419,0,0,true,0,correct_route
SV,0.3,S2,1.5,2,an_080,true,4.4419,true,4,4.4419,0,0,true,0,correct_route
SV,0.3,S2,1.5,2,an_mode,true,4.4419,true,4,4.4419,0,0,true,0,correct_route
SV,0.3,S2,1.5,3,distance,true,2.6507,true,9,2.6507,0,0,true,0,correct_route
SV,0.3,S2,1.5,3,proposed_050,true,2.6507,true,9,2.6507,0,0,true,0,correct_route
SV,0.3,S2,1.5,3,proposed_mode,true,2.6507,true,9,2.6507,0,0,true,0,correct_route
SV,0.3,S2,1.5,3,an_080,true,2.6507,true,9,2.6507,0,0,true,0,correct_route
SV,0.3,S2,1.5,3,an_mode,true,2.6507,true,9,2.6507,0,0,true,0,correct_route
SV,0.3,S2,1.5,4,distance,true,4.3464,true,4,4.3464,0,0,true,0,correct_route
SV,0.3,S2,1.5,4,proposed_050,true,4.3464,true,4,4.3464,0,0,true,0,correct_route
SV,0.3,S2,1.5,4,proposed_mode,true,4.3464,true,4,4.3464,0,0,true,0,correct_route
SV,0.3,S2,1.5,4,an_080,true,4.3464,true,4,4.3464,0,0,true,0,correct_route
SV,0.3,S2,1.5,4,an_mode,true,4.3464,true,4,4.3464,0,0,true,0,correct_route
SV,0.3,S2,1.5,5,distance,true,4.8013,true,4,4.4419,328.24,0.9,false,-7.485,unsafe_route
SV,0.3,S2,1.5,5,proposed_050,true,4.8013,true,4,4.8013,0,0,true,0,correct_route
SV,0.3,S2,1.5,5,proposed_mode,true,4.8013,true,4,4.8013,0,0,true,0,correct_route
SV,0.3,S2,1.5,5,an_080,true,4.8013,true,4,4.8013,0,0,true,0,correct_route
SV,0.3,S2,1.5,5,an_mode,true,4.8013,true,4,4.8013,0,0,true,0,correct_route
SV,0.3,S2,1.5,6,distance,true,0.7045,true,4,0.7045,0,0,true,0,correct_route
SV,0.3,S2,1.5,6,proposed_050,true,0.7045,true,4,0.7045,0,0,true,0,correct_route
SV,0.3,S2,1.5,6,proposed_mode,true,0.7045,true,4,0.7045,0,0,true,0,correct_route
SV,0.3,S2,1.5,6,an_080,true,0.7045,true,4,0.7045,0,0,true,0,correct_route
SV,0.3,S2,1.5,6,an_mode,true,0.7045,true,4,0.7045,0,0,true,0,correct_route
SV,0.3,S2,1.5,7,distance,true,2.9041,true,8,2.4584,609.148,0.9,false,-15.346,unsafe_route
SV,0.3,S2,1.5,7,proposed_050,true,2.9041,true,8,2.9041,0,0,true,0,correct_route
SV,0.3,S2,1.5,7,proposed_mode,true,2.9041,true,8,2.9041,0,0,true,0,correct_route
SV,0.3,S2,1.5,7,an_080,true,2.9041,true,8,2.9041,0,0,true,0,correct_route
SV,0.3,S2,1.5,7,an_mode,true,2.9041,true,8,2.9041,0,0,true,0,correct_route
SV,0.3,S2,1.5,8,distance,true,3.2259,true,4,2.2256,291.318,0.9,false,-31.007,unsafe_route
SV,0.3,S2,1.5,8,proposed_050,true,3.2259,true,4,3.2259,0,0,true,0,correct_route
SV,0.3,S2,1.5,8,proposed_mode,true,3.2259,true,4,3.2259,0,0,true,0,correct_route
SV,0.3,S2,1.5,8,an_080,true,3.2259,true,4,2.5061,106.3,0.45,false,-22.311,unsafe_route
SV,0.3,S2,1.5,8,an_mode,true,3.2259,true,4,3.2259,0,0,true,0,correct_route
SV,0.3,S2,1.5,9,distance,true,2.2269,true,8,2.2269,0,0,true,0,correct_route
SV,0.3,S2,1.5,9,proposed_050,true,2.2269,true,8,2.2269,0,0,true,0,correct_route
SV,0.3,S2,1.5,9,proposed_mode,true,2.2269,true,8,2.2269,0,0,true,0,correct_route
SV,0.3,S2,1.5,9,an_080,true,2.2269,true,8,2.2269,0,0,true,0,correct_route
SV,0.3,S2,1.5,9,an_mode,true,2.2269,true,8,2.2269,0,0,true,0,correct_route
SV,0.3,S2,1.5,10,distance,true,0.7573,true,9,0.7573,0,0,true,0,correct_route
SV,0.3,S2,1.5,10,proposed_050,true,0.7573,true,9,0.7573,0,0,true,0,correct_route
SV,0.3,S2,1.5,10,proposed_mode,true,0.7573,true,9,0.7573,0,0,true,0,correct_route
SV,0.3,S2,1.5,10,an_080,true,0.7573,true,9,0.7573,0,0,true,0,correct_route
SV,0.3,S2,1.5,10,an_mode,true,0.7573,true,9,0.7573,0,0,true,0,correct_route
SV,0.3,S2,1.5,11,distance,true,6.0772,true,4,5.077,291.318,0.9,false,-16.459,unsafe_route
SV,0.3,S2,1.5,11,proposed_050,true,6.0772,true,4,6.0772,0,0,true,0,correct_route
SV,0.3,S2,1.5,11,proposed_mode,true,6.0772,true,4,6.0772,0,0,true,0,correct_route
SV,0.3,S2,1.5,11,an_080,true,6.0772,true,4,5.3575,106.3,0.45,false,-11.843,unsafe_route
SV,0.3,S2,1.5,11,an_mode,true,6.0772,true,4,6.0772,0,0,true,0,correct_route
SV,0.3,S2,1.5,12,distance,true,5.6942,true,8,4.8102,595.183,0.9,false,-15.524,unsafe_route
SV,0.3,S2,1.5,12,proposed_050,true,5.6942,true,8,5.6942,0,0,true,0,correct_route
SV,0.3,S2,1.5,12,proposed_mode,true,5.6942,true,8,5.6942,0,0,true,0,correct_route
SV,0.3,S2,1.5,12,an_080,true,5.6942,true,8,5.417,48.4,0.45,false,-4.867,unsafe_route
SV,0.3,S2,1.5,12,an_mode,true,5.6942,true,8,5.6942,0,0,true,0,correct_route
SV,0.3,S2,1.5,13,distance,true,5.5532,true,4,5.3483,106.3,0.45,false,-3.689,unsafe_route
SV,0.3,S2,1.5,13,proposed_050,true,5.5532,true,4,5.5532,0,0,true,0,correct_route
SV,0.3,S2,1.5,13,proposed_mode,true,5.5532,true,4,5.5532,0,0,true,0,correct_route
SV,0.3,S2,1.5,13,an_080,true,5.5532,true,4,5.5532,0,0,true,0,correct_route
SV,0.3,S2,1.5,13,an_mode,true,5.5532,true,4,5.5532,0,0,true,0,correct_route
SV,0.3,S2,1.5,14,distance,true,2.2619,true,4,2.2619,0,0,true,0,correct_route
SV,0.3,S2,1.5,14,proposed_050,true,2.2619,true,4,2.2619,0,0,true,0,correct_route
SV,0.3,S2,1.5,14,proposed_mode,true,2.2619,true,4,2.2619,0,0,true,0,correct_route
SV,0.3,S2,1.5,14,an_080,true,2.2619,true,4,2.2619,0,0,true,0,correct_route
SV,0.3,S2,1.5,14,an_mode,true,2.2619,true,4,2.2619,0,0,true,0,correct_route
SV,0.3,S2,1.5,15,distance,true,3.9342,true,4,3.7294,106.3,0.45,false,-5.206,unsafe_route
SV,0.3,S2,1.5,15,proposed_050,true,3.9342,true,4,3.9342,0,0,true,0,correct_route
SV,0.3,S2,1.5,15,proposed_mode,true,3.9342,true,4,3.9342,0,0,true,0,correct_route
SV,0.3,S2,1.5,15,an_080,true,3.9342,true,4,3.9342,0,0,true,0,correct_route
SV,0.3,S2,1.5,15,an_mode,true,3.9342,true,4,3.9342,0,0,true,0,correct_route
SV,0.3,S2,1.5,16,distance,true,1.4535,true,8,1.4535,0,0,true,0,correct_route
SV,0.3,S2,1.5,16,proposed_050,true,1.4535,true,8,1.4535,0,0,true,0,correct_route
SV,0.3,S2,1.5,16,proposed_mode,true,1.4535,true,8,1.4535,0,0,true,0,correct_route
SV,0.3,S2,1.5,16,an_080,true,1.4535,true,8,1.4535,0,0,true,0,correct_route
SV,0.3,S2,1.5,16,an_mode,true,1.4535,true,8,1.4535,0,0,true,0,correct_route
SV,0.3,S2,1.5,17,distance,true,4.44,true,8,4.4279,595.183,0.9,false,-0.274,unsafe_route
SV,0.3,S2,1.5,17,proposed_050,true,4.44,true,5,4.44,0,0,true,0,correct_route
SV,0.3,S2,1.5,17,proposed_mode,true,4.44,true,5,4.44,0,0,true,0,correct_route
SV,0.3,S2,1.5,17,an_080,true,4.44,true,5,4.44,0,0,true,0,correct_route
SV,0.3,S2,1.5,17,an_mode,true,4.44,true,5,4.44,0,0,true,0,correct_route
SV,0.3,S2,1.5,18,distance,true,2.5997,true,8,2.343,48.4,0.45,false,-9.876,unsafe_route
SV,0.3,S2,1.5,18,proposed_050,true,2.5997,true,8,2.5997,0,0,true,0,correct_route
SV,0.3,S2,1.5,18,proposed_mode,true,2.5997,true,8,2.5997,0,0,true,0,correct_route
SV,0.3,S2,1.5,18,an_080,true,2.5997,true,8,2.343,48.4,0.45,false,-9.876,unsafe_route
SV,0.3,S2,1.5,18,an_mode,true,2.5997,true,8,2.5997,0,0,true,0,correct_route
SV,0.3,S2,1.5,19,distance,true,2.0721,true,8,2.0721,0,0,true,0,correct_route
SV,0.3,S2,1.5,19,proposed_050,true,2.0721,true,8,2.0721,0,0,true,0,correct_route
SV,0.3,S2,1.5,19,proposed_mode,true,2.0721,true,8,2.0721,0,0,true,0,correct_route
SV,0.3,S2,1.5,19,an_080,true,2.0721,true,8,2.0721,0,0,true,0,correct_route
SV,0.3,S2,1.5,19,an_mode,true,2.0721,true,8,2.0721,0,0,true,0,correct_route
SV,0.3,S2,1.5,20,distance,true,8.5508,true,7,8.4103,564.671,0.9,false,-1.643,unsafe_route
SV,0.3,S2,1.5,20,proposed_050,true,8.5508,true,7,8.5508,0,0,true,0,correct_route
SV,0.3,S2,1.5,20,proposed_mode,true,8.5508,true,7,8.5508,0,0,true,0,correct_route
SV,0.3,S2,1.5,20,an_080,true,8.5508,true,7,8.5508,0,0,true,0,correct_route
SV,0.3,S2,1.5,20,an_mode,true,8.5508,true,7,8.5508,0,0,true,0,correct_route
SV,0.3,S2,1.5,21,distance,true,1.5022,true,7,1.5022,0,0,true,0,correct_route
SV,0.3,S2,1.5,21,proposed_050,true,1.5022,true,7,1.5022,0,0,true,0,correct_route
SV,0.3,S2,1.5,21,proposed_mode,true,1.5022,true,7,1.5022,0,0,true,0,correct_route
SV,0.3,S2,1.5,21,an_080,true,1.5022,true,7,1.5022,0,0,true,0,correct_route
SV,0.3,S2,1.5,21,an_mode,true,1.5022,true,7,1.5022,0,0,true,0,correct_route
SV,0.3,S2,1.5,22,distance,true,2.2373,true,7,2.2373,0,0,true,0,correct_route
SV,0.3,S2,1.5,22,proposed_050,true,2.2373,true,7,2.2373,0,0,true,0,correct_route
SV,0.3,S2,1.5,22,proposed_mode,true,2.2373,true,7,2.2373,0,0,true,0,correct_route
SV,0.3,S2,1.5,22,an_080,true,2.2373,true,7,2.2373,0,0,true,0,correct_route
SV,0.3,S2,1.5,22,an_mode,true,2.2373,true,7,2.2373,0,0,true,0,correct_route
SV,0.3,S2,1.5,23,distance,true,5.8541,true,7,5.7136,564.671,0.9,false,-2.4,unsafe_route
SV,0.3,S2,1.5,23,proposed_050,true,5.8541,true,7,5.8541,0,0,true,0,correct_route
SV,0.3,S2,1.5,23,proposed_mode,true,5.8541,true,7,5.8541,0,0,true,0,correct_route
SV,0.3,S2,1.5,23,an_080,true,5.8541,true,7,5.8541,0,0,true,0,correct_route
SV,0.3,S2,1.5,23,an_mode,true,5.8541,true,7,5.8541,0,0,true,0,correct_route
SV,0.3,S2,1.5,24,distance,true,4.4108,true,7,3.7965,564.671,0.9,false,-13.926,unsafe_route
SV,0.3,S2,1.5,24,proposed_050,true,4.4108,true,7,4.4108,0,0,true,0,correct_route
SV,0.3,S2,1.5,24,proposed_mode,true,4.4108,true,7,4.4108,0,0,true,0,correct_route
SV,0.3,S2,1.5,24,an_080,true,4.4108,true,7,4.4108,0,0,true,0,correct_route
SV,0.3,S2,1.5,24,an_mode,true,4.4108,true,7,4.4108,0,0,true,0,correct_route
SV,0.3,S2,1.5,25,distance,true,2.019,true,5,2.019,0,0,true,0,correct_route
SV,0.3,S2,1.5,25,proposed_050,true,2.019,true,5,2.019,0,0,true,0,correct_route
SV,0.3,S2,1.5,25,proposed_mode,true,2.019,true,5,2.019,0,0,true,0,correct_route
SV,0.3,S2,1.5,25,an_080,true,2.019,true,5,2.019,0,0,true,0,correct_route
SV,0.3,S2,1.5,25,an_mode,true,2.019,true,5,2.019,0,0,true,0,correct_route
SV,0.3,S2,1.5,26,distance,true,1.0687,true,5,1.0687,0,0,true,0,correct_route
SV,0.3,S2,1.5,26,proposed_050,true,1.0687,true,5,1.0687,0,0,true,0,correct_route
SV,0.3,S2,1.5,26,proposed_mode,true,1.0687,true,5,1.0687,0,0,true,0,correct_route
SV,0.3,S2,1.5,26,an_080,true,1.0687,true,5,1.0687,0,0,true,0,correct_route
SV,0.3,S2,1.5,26,an_mode,true,1.0687,true,5,1.0687,0,0,true,0,correct_route
SV,0.3,S2,1.5,27,distance,true,2.8807,true,3,2.187,344.634,0.9,false,-24.079,unsafe_route
SV,0.3,S2,1.5,27,proposed_050,true,2.8807,true,5,2.8807,0,0,true,0,correct_route
SV,0.3,S2,1.5,27,proposed_mode,true,2.8807,true,5,2.8807,0,0,true,0,correct_route
SV,0.3,S2,1.5,27,an_080,true,2.8807,true,5,2.8807,0,0,true,0,correct_route
SV,0.3,S2,1.5,27,an_mode,true,2.8807,true,5,2.8807,0,0,true,0,correct_route
SV,0.3,S2,1.5,28,distance,true,3.6245,true,7,3.3577,277.207,0.9,false,-7.36,unsafe_route
SV,0.3,S2,1.5,28,proposed_050,true,3.6245,true,7,3.6245,0,0,true,0,correct_route
SV,0.3,S2,1.5,28,proposed_mode,true,3.6245,true,7,3.6245,0,0,true,0,correct_route
SV,0.3,S2,1.5,28,an_080,true,3.6245,true,7,3.6245,0,0,true,0,correct_route
SV,0.3,S2,1.5,28,an_mode,true,3.6245,true,7,3.6245,0,0,true,0,correct_route
SV,0.3,S2,1.5,29,distance,true,6.0363,true,7,5.5354,576.434,0.9,false,-8.299,unsafe_route
SV,0.3,S2,1.5,29,proposed_050,true,6.0363,true,7,6.0363,0,0,true,0,correct_route
SV,0.3,S2,1.5,29,proposed_mode,true,6.0363,true,7,6.0363,0,0,true,0,correct_route
SV,0.3,S2,1.5,29,an_080,true,6.0363,true,7,6.0363,0,0,true,0,correct_route
SV,0.3,S2,1.5,29,an_mode,true,6.0363,true,7,6.0363,0,0,true,0,correct_route
SV,0.3,S2,1.5,30,distance,true,3.5991,true,3,2.6793,284.796,0.9,false,-25.555,unsafe_route
SV,0.3,S2,1.5,30,proposed_050,true,3.5991,true,5,3.5991,0,0,true,0,correct_route
SV,0.3,S2,1.5,30,proposed_mode,true,3.5991,true,5,3.5991,0,0,true,0,correct_route
SV,0.3,S2,1.5,30,an_080,true,3.5991,true,5,3.5991,0,0,true,0,correct_route
SV,0.3,S2,1.5,30,an_mode,true,3.5991,true,5,3.5991,0,0,true,0,correct_route
SV,0.3,S2,1.5,31,distance,true,4.0185,true,7,3.5175,576.434,0.9,false,-12.466,unsafe_route
SV,0.3,S2,1.5,31,proposed_050,true,4.0185,true,7,4.0185,0,0,true,0,correct_route
SV,0.3,S2,1.5,31,proposed_mode,true,4.0185,true,7,4.0185,0,0,true,0,correct_route
SV,0.3,S2,1.5,31,an_080,true,4.0185,true,7,4.0185,0,0,true,0,correct_route
SV,0.3,S2,1.5,31,an_mode,true,4.0185,true,7,4.0185,0,0,true,0,correct_route
SV,0.3,S2,1.5,32,distance,true,4.5892,true,3,1.5916,318.603,0.9,false,-65.32,unsafe_route
SV,0.3,S2,1.5,32,proposed_050,true,4.5892,true,5,4.5892,0,0,true,0,correct_route
SV,0.3,S2,1.5,32,proposed_mode,true,4.5892,true,5,4.5892,0,0,true,0,correct_route
SV,0.3,S2,1.5,32,an_080,true,4.5892,true,5,4.5892,0,0,true,0,correct_route
SV,0.3,S2,1.5,32,an_mode,true,4.5892,true,5,4.5892,0,0,true,0,correct_route
SV,0.3,S2,1.5,33,distance,true,2.3876,true,7,2.2529,282.547,0.9,false,-5.64,unsafe_route
SV,0.3,S2,1.5,33,proposed_050,true,2.3876,true,7,2.3876,0,0,true,0,correct_route
SV,0.3,S2,1.5,33,proposed_mode,true,2.3876,true,7,2.3876,0,0,true,0,correct_route
SV,0.3,S2,1.5,33,an_080,true,2.3876,true,7,2.3876,0,0,true,0,correct_route
SV,0.3,S2,1.5,33,an_mode,true,2.3876,true,7,2.3876,0,0,true,0,correct_route
SV,0.3,S2,1.5,34,distance,true,2.2871,true,7,1.9227,277.207,0.9,false,-15.936,unsafe_route
SV,0.3,S2,1.5,34,proposed_050,true,2.2871,true,7,2.2871,0,0,true,0,correct_route
SV,0.3,S2,1.5,34,proposed_mode,true,2.2871,true,7,2.2871,0,0,true,0,correct_route
SV,0.3,S2,1.5,34,an_080,true,2.2871,true,7,2.2871,0,0,true,0,correct_route
SV,0.3,S2,1.5,34,an_mode,true,2.2871,true,7,2.2871,0,0,true,0,correct_route
SV,0.3,S2,1.5,35,distance,true,3.6916,true,7,3.6916,0,0,true,0,correct_route
SV,0.3,S2,1.5,35,proposed_050,true,3.6916,true,7,3.6916,0,0,true,0,correct_route
SV,0.3,S2,1.5,35,proposed_mode,true,3.6916,true,7,3.6916,0,0,true,0,correct_route
SV,0.3,S2,1.5,35,an_080,true,3.6916,true,7,3.6916,0,0,true,0,correct_route
SV,0.3,S2,1.5,35,an_mode,true,3.6916,true,7,3.6916,0,0,true,0,correct_route
SV,0.3,S2,1.5,36,distance,true,4.9758,true,7,4.5516,576.434,0.9,false,-8.525,unsafe_route
SV,0.3,S2,1.5,36,proposed_050,true,4.9758,true,7,4.9758,0,0,true,0,correct_route
SV,0.3,S2,1.5,36,proposed_mode,true,4.9758,true,7,4.9758,0,0,true,0,correct_route
SV,0.3,S2,1.5,36,an_080,true,4.9758,true,7,4.9758,0,0,true,0,correct_route
SV,0.3,S2,1.5,36,an_mode,true,4.9758,true,7,4.9758,0,0,true,0,correct_route
SV,0.3,S2,1.5,37,distance,true,3.8372,true,7,3.7026,282.547,0.9,false,-3.509,unsafe_route
SV,0.3,S2,1.5,37,proposed_050,true,3.8372,true,7,3.8372,0,0,true,0,correct_route
SV,0.3,S2,1.5,37,proposed_mode,true,3.8372,true,7,3.8372,0,0,true,0,correct_route
SV,0.3,S2,1.5,37,an_080,true,3.8372,true,7,3.8372,0,0,true,0,correct_route
SV,0.3,S2,1.5,37,an_mode,true,3.8372,true,7,3.8372,0,0,true,0,correct_route
SV,0.3,S2,1.5,38,distance,true,5.2587,true,7,4.8669,277.207,0.9,false,-7.451,unsafe_route
SV,0.3,S2,1.5,38,proposed_050,true,5.2587,true,7,5.2587,0,0,true,0,correct_route
SV,0.3,S2,1.5,38,proposed_mode,true,5.2587,true,7,5.2587,0,0,true,0,correct_route
SV,0.3,S2,1.5,38,an_080,true,5.2587,true,7,5.2587,0,0,true,0,correct_route
SV,0.3,S2,1.5,38,an_mode,true,5.2587,true,7,5.2587,0,0,true,0,correct_route
SV,0.3,S2,1.5,39,distance,true,6.797,true,3,3.8945,318.603,0.9,false,-42.703,unsafe_route
SV,0.3,S2,1.5,39,proposed_050,true,6.797,true,5,6.797,0,0,true,0,correct_route
SV,0.3,S2,1.5,39,proposed_mode,true,6.797,true,5,6.797,0,0,true,0,correct_route
SV,0.3,S2,1.5,39,an_080,true,6.797,true,5,6.797,0,0,true,0,correct_route
SV,0.3,S2,1.5,39,an_mode,true,6.797,true,5,6.797,0,0,true,0,correct_route
SV,0.3,S2,1.5,40,distance,true,5.3931,true,3,4.2719,284.796,0.9,false,-20.79,unsafe_route
SV,0.3,S2,1.5,40,proposed_050,true,5.3931,true,5,5.3931,0,0,true,0,correct_route
SV,0.3,S2,1.5,40,proposed_mode,true,5.3931,true,5,5.3931,0,0,true,0,correct_route
SV,0.3,S2,1.5,40,an_080,true,5.3931,true,5,5.3931,0,0,true,0,correct_route
SV,0.3,S2,1.5,40,an_mode,true,5.3931,true,5,5.3931,0,0,true,0,correct_route
LV,0.5,S2,1.5,1,distance,true,3.5648,true,9,3.5648,0,0,true,0,correct_route
LV,0.5,S2,1.5,1,proposed_050,true,3.5648,true,9,3.5648,0,0,true,0,correct_route
LV,0.5,S2,1.5,1,proposed_mode,true,3.5648,true,9,3.5648,0,0,true,0,correct_route
LV,0.5,S2,1.5,1,an_080,true,3.5648,true,9,3.5648,0,0,true,0,correct_route
LV,0.5,S2,1.5,1,an_mode,true,3.5648,true,9,3.5648,0,0,true,0,correct_route
LV,0.5,S2,1.5,2,distance,true,4.4419,true,4,4.4419,0,0,true,0,correct_route
LV,0.5,S2,1.5,2,proposed_050,true,4.4419,true,4,4.4419,0,0,true,0,correct_route
LV,0.5,S2,1.5,2,proposed_mode,true,4.4419,true,4,4.4419,0,0,true,0,correct_route
LV,0.5,S2,1.5,2,an_080,true,4.4419,true,4,4.4419,0,0,true,0,correct_route
LV,0.5,S2,1.5,2,an_mode,true,4.4419,true,4,4.4419,0,0,true,0,correct_route
LV,0.5,S2,1.5,3,distance,true,2.6507,true,9,2.6507,0,0,true,0,correct_route
LV,0.5,S2,1.5,3,proposed_050,true,2.6507,true,9,2.6507,0,0,true,0,correct_route
LV,0.5,S2,1.5,3,proposed_mode,true,2.6507,true,9,2.6507,0,0,true,0,correct_route
LV,0.5,S2,1.5,3,an_080,true,2.6507,true,9,2.6507,0,0,true,0,correct_route
LV,0.5,S2,1.5,3,an_mode,true,2.6507,true,9,2.6507,0,0,true,0,correct_route
LV,0.5,S2,1.5,4,distance,true,4.3464,true,4,4.3464,0,0,true,0,correct_route
LV,0.5,S2,1.5,4,proposed_050,true,4.3464,true,4,4.3464,0,0,true,0,correct_route
LV,0.5,S2,1.5,4,proposed_mode,true,4.3464,true,4,4.3464,0,0,true,0,correct_route
LV,0.5,S2,1.5,4,an_080,true,4.3464,true,4,4.3464,0,0,true,0,correct_route
LV,0.5,S2,1.5,4,an_mode,true,4.3464,true,4,4.3464,0,0,true,0,correct_route
LV,0.5,S2,1.5,5,distance,true,4.8013,true,4,4.4419,328.24,0.9,false,-7.485,unsafe_route
LV,0.5,S2,1.5,5,proposed_050,true,4.8013,true,4,4.8013,0,0,true,0,correct_route
LV,0.5,S2,1.5,5,proposed_mode,true,4.8013,true,4,4.8013,0,0,true,0,correct_route
LV,0.5,S2,1.5,5,an_080,true,4.8013,true,4,4.8013,0,0,true,0,correct_route
LV,0.5,S2,1.5,5,an_mode,true,4.8013,true,4,4.8013,0,0,true,0,correct_route
LV,0.5,S2,1.5,6,distance,true,0.7045,true,4,0.7045,0,0,true,0,correct_route
LV,0.5,S2,1.5,6,proposed_050,true,0.7045,true,4,0.7045,0,0,true,0,correct_route
LV,0.5,S2,1.5,6,proposed_mode,true,0.7045,true,4,0.7045,0,0,true,0,correct_route
LV,0.5,S2,1.5,6,an_080,true,0.7045,true,4,0.7045,0,0,true,0,correct_route
LV,0.5,S2,1.5,6,an_mode,true,0.7045,true,4,0.7045,0,0,true,0,correct_route
LV,0.5,S2,1.5,7,distance,true,2.9041,true,8,2.4584,609.148,0.9,false,-15.346,unsafe_route
LV,0.5,S2,1.5,7,proposed_050,true,2.9041,true,8,2.9041,0,0,true,0,correct_route
LV,0.5,S2,1.5,7,proposed_mode,true,2.9041,true,8,2.9041,0,0,true,0,correct_route
LV,0.5,S2,1.5,7,an_080,true,2.9041,true,8,2.9041,0,0,true,0,correct_route
LV,0.5,S2,1.5,7,an_mode,true,2.9041,true,8,2.9041,0,0,true,0,correct_route
LV,0.5,S2,1.5,8,distance,true,2.5061,true,4,2.2256,291.318,0.9,false,-11.193,unsafe_route
LV,0.5,S2,1.5,8,proposed_050,true,2.5061,true,4,3.2259,0,0,true,28.718,correct_route
LV,0.5,S2,1.5,8,proposed_mode,true,2.5061,true,4,3.2259,0,0,true,28.718,correct_route
LV,0.5,S2,1.5,8,an_080,true,2.5061,true,4,2.5061,106.3,0.45,true,0,correct_route
LV,0.5,S2,1.5,8,an_mode,true,2.5061,true,4,2.5061,106.3,0.45,true,0,correct_route
LV,0.5,S2,1.5,9,distance,true,2.2269,true,8,2.2269,0,0,true,0,correct_route
LV,0.5,S2,1.5,9,proposed_050,true,2.2269,true,8,2.2269,0,0,true,0,correct_route
LV,0.5,S2,1.5,9,proposed_mode,true,2.2269,true,8,2.2269,0,0,true,0,correct_route
LV,0.5,S2,1.5,9,an_080,true,2.2269,true,8,2.2269,0,0,true,0,correct_route
LV,0.5,S2,1.5,9,an_mode,true,2.2269,true,8,2.2269,0,0,true,0,correct_route
LV,0.5,S2,1.5,10,distance,true,0.7573,true,9,0.7573,0,0,true,0,correct_route
LV,0.5,S2,1.5,10,proposed_050,true,0.7573,true,9,0.7573,0,0,true,0,correct_route
LV,0.5,S2,1.5,10,proposed_mode,true,0.7573,true,9,0.7573,0,0,true,0,correct_route
LV,0.5,S2,1.5,10,an_080,true,0.7573,true,9,0.7573,0,0,true,0,correct_route
LV,0.5,S2,1.5,10,an_mode,true,0.7573,true,9,0.7573,0,0,true,0,correct_route
LV,0.5,S2,1.5,11,distance,true,5.3575,true,4,5.077,291.318,0.9,false,-5.236,unsafe_route
LV,0.5,S2,1.5,11,proposed_050,true,5.3575,true,4,6.0772,0,0,true,13.434,correct_route
LV,0.5,S2,1.5,11,proposed_mode,true,5.3575,true,4,6.0772,0,0,true,13.434,correct_route
LV,0.5,S2,1.5,11,an_080,true,5.3575,true,4,5.3575,106.3,0.45,true,0,correct_route
LV,0.5,S2,1.5,11,an_mode,true,5.3575,true,4,5.3575,106.3,0.45,true,0,correct_route
LV,0.5,S2,1.5,12,distance,true,5.3842,true,8,4.8102,595.183,0.9,false,-10.66,unsafe_route
LV,0.5,S2,1.5,12,proposed_050,true,5.3842,true,8,5.6942,0,0,true,5.757,correct_route
LV,0.5,S2,1.5,12,proposed_mode,true,5.3842,true,8,5.6942,0,0,true,5.757,correct_route
LV,0.5,S2,1.5,12,an_080,true,5.3842,true,8,5.417,48.4,0.45,true,0.61,correct_route
LV,0.5,S2,1.5,12,an_mode,true,5.3842,true,8,5.417,48.4,0.45,true,0.61,correct_route
LV,0.5,S2,1.5,13,distance,true,5.3483,true,4,5.3483,106.3,0.45,true,0,correct_route
LV,0.5,S2,1.5,13,proposed_050,true,5.3483,true,4,5.5532,0,0,true,3.83,correct_route
LV,0.5,S2,1.5,13,proposed_mode,true,5.3483,true,4,5.5532,0,0,true,3.83,correct_route
LV,0.5,S2,1.5,13,an_080,true,5.3483,true,4,5.5532,0,0,true,3.83,correct_route
LV,0.5,S2,1.5,13,an_mode,true,5.3483,true,4,5.5532,0,0,true,3.83,correct_route
LV,0.5,S2,1.5,14,distance,true,2.2619,true,4,2.2619,0,0,true,0,correct_route
LV,0.5,S2,1.5,14,proposed_050,true,2.2619,true,4,2.2619,0,0,true,0,correct_route
LV,0.5,S2,1.5,14,proposed_mode,true,2.2619,true,4,2.2619,0,0,true,0,correct_route
LV,0.5,S2,1.5,14,an_080,true,2.2619,true,4,2.2619,0,0,true,0,correct_route
LV,0.5,S2,1.5,14,an_mode,true,2.2619,true,4,2.2619,0,0,true,0,correct_route
LV,0.5,S2,1.5,15,distance,true,3.7294,true,4,3.7294,106.3,0.45,true,0,correct_route
LV,0.5,S2,1.5,15,proposed_050,true,3.7294,true,4,3.9342,0,0,true,5.492,correct_route
LV,0.5,S2,1.5,15,proposed_mode,true,3.7294,true,4,3.9342,0,0,true,5.492,correct_route
LV,0.5,S2,1.5,15,an_080,true,3.7294,true,4,3.9342,0,0,true,5.492,correct_route
LV,0.5,S2,1.5,15,an_mode,true,3.7294,true,4,3.9342,0,0,true,5.492,correct_route
LV,0.5,S2,1.5,16,distance,true,1.4535,true,8,1.4535,0,0,true,0,correct_route
LV,0.5,S2,1.5,16,proposed_050,true,1.4535,true,8,1.4535,0,0,true,0,correct_route
LV,0.5,S2,1.5,16,proposed_mode,true,1.4535,true,8,1.4535,0,0,true,0,correct_route
LV,0.5,S2,1.5,16,an_080,true,1.4535,true,8,1.4535,0,0,true,0,correct_route
LV,0.5,S2,1.5,16,an_mode,true,1.4535,true,8,1.4535,0,0,true,0,correct_route
LV,0.5,S2,1.5,17,distance,true,4.44,true,8,4.4279,595.183,0.9,false,-0.274,unsafe_route
LV,0.5,S2,1.5,17,proposed_050,true,4.44,true,5,4.44,0,0,true,0,correct_route
LV,0.5,S2,1.5,17,proposed_mode,true,4.44,true,5,4.44,0,0,true,0,correct_route
LV,0.5,S2,1.5,17,an_080,true,4.44,true,5,4.44,0,0,true,0,correct_route
LV,0.5,S2,1.5,17,an_mode,true,4.44,true,5,4.44,0,0,true,0,correct_route
LV,0.5,S2,1.5,18,distance,true,2.343,true,8,2.343,48.4,0.45,true,0,correct_route
LV,0.5,S2,1.5,18,proposed_050,true,2.343,true,8,2.5997,0,0,true,10.958,correct_route
LV,0.5,S2,1.5,18,proposed_mode,true,2.343,true,8,2.5997,0,0,true,10.958,correct_route
LV,0.5,S2,1.5,18,an_080,true,2.343,true,8,2.343,48.4,0.45,true,0,correct_route
LV,0.5,S2,1.5,18,an_mode,true,2.343,true,8,2.343,48.4,0.45,true,0,correct_route
LV,0.5,S2,1.5,19,distance,true,2.0721,true,8,2.0721,0,0,true,0,correct_route
LV,0.5,S2,1.5,19,proposed_050,true,2.0721,true,8,2.0721,0,0,true,0,correct_route
LV,0.5,S2,1.5,19,proposed_mode,true,2.0721,true,8,2.0721,0,0,true,0,correct_route
LV,0.5,S2,1.5,19,an_080,true,2.0721,true,8,2.0721,0,0,true,0,correct_route
LV,0.5,S2,1.5,19,an_mode,true,2.0721,true,8,2.0721,0,0,true,0,correct_route
LV,0.5,S2,1.5,20,distance,true,8.5508,true,7,8.4103,564.671,0.9,false,-1.643,unsafe_route
LV,0.5,S2,1.5,20,proposed_050,true,8.5508,true,7,8.5508,0,0,true,0,correct_route
LV,0.5,S2,1.5,20,proposed_mode,true,8.5508,true,7,8.5508,0,0,true,0,correct_route
LV,0.5,S2,1.5,20,an_080,true,8.5508,true,7,8.5508,0,0,true,0,correct_route
LV,0.5,S2,1.5,20,an_mode,true,8.5508,true,7,8.5508,0,0,true,0,correct_route
LV,0.5,S2,1.5,21,distance,true,1.5022,true,7,1.5022,0,0,true,0,correct_route
LV,0.5,S2,1.5,21,proposed_050,true,1.5022,true,7,1.5022,0,0,true,0,correct_route
LV,0.5,S2,1.5,21,proposed_mode,true,1.5022,true,7,1.5022,0,0,true,0,correct_route
LV,0.5,S2,1.5,21,an_080,true,1.5022,true,7,1.5022,0,0,true,0,correct_route
LV,0.5,S2,1.5,21,an_mode,true,1.5022,true,7,1.5022,0,0,true,0,correct_route
LV,0.5,S2,1.5,22,distance,true,2.2373,true,7,2.2373,0,0,true,0,correct_route
LV,0.5,S2,1.5,22,proposed_050,true,2.2373,true,7,2.2373,0,0,true,0,correct_route
LV,0.5,S2,1.5,22,proposed_mode,true,2.2373,true,7,2.2373,0,0,true,0,correct_route
LV,0.5,S2,1.5,22,an_080,true,2.2373,true,7,2.2373,0,0,true,0,correct_route
LV,0.5,S2,1.5,22,an_mode,true,2.2373,true,7,2.2373,0,0,true,0,correct_route
LV,0.5,S2,1.5,23,distance,true,5.8541,true,7,5.7136,564.671,0.9,false,-2.4,unsafe_route
LV,0.5,S2,1.5,23,proposed_050,true,5.8541,true,7,5.8541,0,0,true,0,correct_route
LV,0.5,S2,1.5,23,proposed_mode,true,5.8541,true,7,5.8541,0,0,true,0,correct_route
LV,0.5,S2,1.5,23,an_080,true,5.8541,true,7,5.8541,0,0,true,0,correct_route
LV,0.5,S2,1.5,23,an_mode,true,5.8541,true,7,5.8541,0,0,true,0,correct_route
LV,0.5,S2,1.5,24,distance,true,4.4108,true,7,3.7965,564.671,0.9,false,-13.926,unsafe_route
LV,0.5,S2,1.5,24,proposed_050,true,4.4108,true,7,4.4108,0,0,true,0,correct_route
LV,0.5,S2,1.5,24,proposed_mode,true,4.4108,true,7,4.4108,0,0,true,0,correct_route
LV,0.5,S2,1.5,24,an_080,true,4.4108,true,7,4.4108,0,0,true,0,correct_route
LV,0.5,S2,1.5,24,an_mode,true,4.4108,true,7,4.4108,0,0,true,0,correct_route
LV,0.5,S2,1.5,25,distance,true,2.019,true,5,2.019,0,0,true,0,correct_route
LV,0.5,S2,1.5,25,proposed_050,true,2.019,true,5,2.019,0,0,true,0,correct_route
LV,0.5,S2,1.5,25,proposed_mode,true,2.019,true,5,2.019,0,0,true,0,correct_route
LV,0.5,S2,1.5,25,an_080,true,2.019,true,5,2.019,0,0,true,0,correct_route
LV,0.5,S2,1.5,25,an_mode,true,2.019,true,5,2.019,0,0,true,0,correct_route
LV,0.5,S2,1.5,26,distance,true,1.0687,true,5,1.0687,0,0,true,0,correct_route
LV,0.5,S2,1.5,26,proposed_050,true,1.0687,true,5,1.0687,0,0,true,0,correct_route
LV,0.5,S2,1.5,26,proposed_mode,true,1.0687,true,5,1.0687,0,0,true,0,correct_route
LV,0.5,S2,1.5,26,an_080,true,1.0687,true,5,1.0687,0,0,true,0,correct_route
LV,0.5,S2,1.5,26,an_mode,true,1.0687,true,5,1.0687,0,0,true,0,correct_route
LV,0.5,S2,1.5,27,distance,true,2.8807,true,3,2.187,344.634,0.9,false,-24.079,unsafe_route
LV,0.5,S2,1.5,27,proposed_050,true,2.8807,true,5,2.8807,0,0,true,0,correct_route
LV,0.5,S2,1.5,27,proposed_mode,true,2.8807,true,5,2.8807,0,0,true,0,correct_route
LV,0.5,S2,1.5,27,an_080,true,2.8807,true,5,2.8807,0,0,true,0,correct_route
LV,0.5,S2,1.5,27,an_mode,true,2.8807,true,5,2.8807,0,0,true,0,correct_route
LV,0.5,S2,1.5,28,distance,true,3.6245,true,7,3.3577,277.207,0.9,false,-7.36,unsafe_route
LV,0.5,S2,1.5,28,proposed_050,true,3.6245,true,7,3.6245,0,0,true,0,correct_route
LV,0.5,S2,1.5,28,proposed_mode,true,3.6245,true,7,3.6245,0,0,true,0,correct_route
LV,0.5,S2,1.5,28,an_080,true,3.6245,true,7,3.6245,0,0,true,0,correct_route
LV,0.5,S2,1.5,28,an_mode,true,3.6245,true,7,3.6245,0,0,true,0,correct_route
LV,0.5,S2,1.5,29,distance,true,6.0363,true,7,5.5354,576.434,0.9,false,-8.299,unsafe_route
LV,0.5,S2,1.5,29,proposed_050,true,6.0363,true,7,6.0363,0,0,true,0,correct_route
LV,0.5,S2,1.5,29,proposed_mode,true,6.0363,true,7,6.0363,0,0,true,0,correct_route
LV,0.5,S2,1.5,29,an_080,true,6.0363,true,7,6.0363,0,0,true,0,correct_route
LV,0.5,S2,1.5,29,an_mode,true,6.0363,true,7,6.0363,0,0,true,0,correct_route
LV,0.5,S2,1.5,30,distance,true,3.5991,true,3,2.6793,284.796,0.9,false,-25.555,unsafe_route
LV,0.5,S2,1.5,30,proposed_050,true,3.5991,true,5,3.5991,0,0,true,0,correct_route
LV,0.5,S2,1.5,30,proposed_mode,true,3.5991,true,5,3.5991,0,0,true,0,correct_route
LV,0.5,S2,1.5,30,an_080,true,3.5991,true,5,3.5991,0,0,true,0,correct_route
LV,0.5,S2,1.5,30,an_mode,true,3.5991,true,5,3.5991,0,0,true,0,correct_route
LV,0.5,S2,1.5,31,distance,true,4.0185,true,7,3.5175,576.434,0.9,false,-12.466,unsafe_route
LV,0.5,S2,1.5,31,proposed_050,true,4.0185,true,7,4.0185,0,0,true,0,correct_route
LV,0.5,S2,1.5,31,proposed_mode,true,4.0185,true,7,4.0185,0,0,true,0,correct_route
LV,0.5,S2,1.5,31,an_080,true,4.0185,true,7,4.0185,0,0,true,0,correct_route
LV,0.5,S2,1.5,31,an_mode,true,4.0185,true,7,4.0185,0,0,true,0,correct_route
LV,0.5,S2,1.5,32,distance,true,4.5892,true,3,1.5916,318.603,0.9,false,-65.32,unsafe_route
LV,0.5,S2,1.5,32,proposed_050,true,4.5892,true,5,4.5892,0,0,true,0,correct_route
LV,0.5,S2,1.5,32,proposed_mode,true,4.5892,true,5,4.5892,0,0,true,0,correct_route
LV,0.5,S2,1.5,32,an_080,true,4.5892,true,5,4.5892,0,0,true,0,correct_route
LV,0.5,S2,1.5,32,an_mode,true,4.5892,true,5,4.5892,0,0,true,0,correct_route
LV,0.5,S2,1.5,33,distance,true,2.3876,true,7,2.2529,282.547,0.9,false,-5.64,unsafe_route
LV,0.5,S2,1.5,33,proposed_050,true,2.3876,true,7,2.3876,0,0,true,0,correct_route
LV,0.5,S2,1.5,33,proposed_mode,true,2.3876,true,7,2.3876,0,0,true,0,correct_route
LV,0.5,S2,1.5,33,an_080,true,2.3876,true,7,2.3876,0,0,true,0,correct_route
LV,0.5,S2,1.5,33,an_mode,true,2.3876,true,7,2.3876,0,0,true,0,correct_route
LV,0.5,S2,1.5,34,distance,true,2.2871,true,7,1.9227,277.207,0.9,false,-15.936,unsafe_route
LV,0.5,S2,1.5,34,proposed_050,true,2.2871,true,7,2.2871,0,0,true,0,correct_route
LV,0.5,S2,1.5,34,proposed_mode,true,2.2871,true,7,2.2871,0,0,true,0,correct_route
LV,0.5,S2,1.5,34,an_080,true,2.2871,true,7,2.2871,0,0,true,0,correct_route
LV,0.5,S2,1.5,34,an_mode,true,2.2871,true,7,2.2871,0,0,true,0,correct_route
LV,0.5,S2,1.5,35,distance,true,3.6916,true,7,3.6916,0,0,true,0,correct_route
LV,0.5,S2,1.5,35,proposed_050,true,3.6916,true,7,3.6916,0,0,true,0,correct_route
LV,0.5,S2,1.5,35,proposed_mode,true,3.6916,true,7,3.6916,0,0,true,0,correct_route
LV,0.5,S2,1.5,35,an_080,true,3.6916,true,7,3.6916,0,0,true,0,correct_route
LV,0.5,S2,1.5,35,an_mode,true,3.6916,true,7,3.6916,0,0,true,0,correct_route
LV,0.5,S2,1.5,36,distance,true,4.9758,true,7,4.5516,576.434,0.9,false,-8.525,unsafe_route
LV,0.5,S2,1.5,36,proposed_050,true,4.9758,true,7,4.9758,0,0,true,0,correct_route
LV,0.5,S2,1.5,36,proposed_mode,true,4.9758,true,7,4.9758,0,0,true,0,correct_route
LV,0.5,S2,1.5,36,an_080,true,4.9758,true,7,4.9758,0,0,true,0,correct_route
LV,0.5,S2,1.5,36,an_mode,true,4.9758,true,7,4.9758,0,0,true,0,correct_route
LV,0.5,S2,1.5,37,distance,true,3.8372,true,7,3.7026,282.547,0.9,false,-3.509,unsafe_route
LV,0.5,S2,1.5,37,proposed_050,true,3.8372,true,7,3.8372,0,0,true,0,correct_route
LV,0.5,S2,1.5,37,proposed_mode,true,3.8372,true,7,3.8372,0,0,true,0,correct_route
LV,0.5,S2,1.5,37,an_080,true,3.8372,true,7,3.8372,0,0,true,0,correct_route
LV,0.5,S2,1.5,37,an_mode,true,3.8372,true,7,3.8372,0,0,true,0,correct_route
LV,0.5,S2,1.5,38,distance,true,5.2587,true,7,4.8669,277.207,0.9,false,-7.451,unsafe_route
LV,0.5,S2,1.5,38,proposed_050,true,5.2587,true,7,5.2587,0,0,true,0,correct_route
LV,0.5,S2,1.5,38,proposed_mode,true,5.2587,true,7,5.2587,0,0,true,0,correct_route
LV,0.5,S2,1.5,38,an_080,true,5.2587,true,7,5.2587,0,0,true,0,correct_route
LV,0.5,S2,1.5,38,an_mode,true,5.2587,true,7,5.2587,0,0,true,0,correct_route
LV,0.5,S2,1.5,39,distance,true,6.797,true,3,3.8945,318.603,0.9,false,-42.703,unsafe_route
LV,0.5,S2,1.5,39,proposed_050,true,6.797,true,5,6.797,0,0,true,0,correct_route
LV,0.5,S2,1.5,39,proposed_mode,true,6.797,true,5,6.797,0,0,true,0,correct_route
LV,0.5,S2,1.5,39,an_080,true,6.797,true,5,6.797,0,0,true,0,correct_route
LV,0.5,S2,1.5,39,an_mode,true,6.797,true,5,6.797,0,0,true,0,correct_route
LV,0.5,S2,1.5,40,distance,true,5.3931,true,3,4.2719,284.796,0.9,false,-20.79,unsafe_route
LV,0.5,S2,1.5,40,proposed_050,true,5.3931,true,5,5.3931,0,0,true,0,correct_route
LV,0.5,S2,1.5,40,proposed_mode,true,5.3931,true,5,5.3931,0,0,true,0,correct_route
LV,0.5,S2,1.5,40,an_080,true,5.3931,true,5,5.3931,0,0,true,0,correct_route
LV,0.5,S2,1.5,40,an_mode,true,5.3931,true,5,5.3931,0,0,true,0,correct_route
AD,1.2,S2,1.5,1,distance,true,3.5648,true,9,3.5648,0,0,true,0,correct_route
AD,1.2,S2,1.5,1,proposed_050,true,3.5648,true,9,3.5648,0,0,true,0,correct_route
AD,1.2,S2,1.5,1,proposed_mode,true,3.5648,true,9,3.5648,0,0,true,0,correct_route
AD,1.2,S2,1.5,1,an_080,true,3.5648,true,9,3.5648,0,0,true,0,correct_route
AD,1.2,S2,1.5,1,an_mode,true,3.5648,true,9,3.5648,0,0,true,0,correct_route
AD,1.2,S2,1.5,2,distance,true,4.4419,true,4,4.4419,0,0,true,0,correct_route
AD,1.2,S2,1.5,2,proposed_050,true,4.4419,true,4,4.4419,0,0,true,0,correct_route
AD,1.2,S2,1.5,2,proposed_mode,true,4.4419,true,4,4.4419,0,0,true,0,correct_route
AD,1.2,S2,1.5,2,an_080,true,4.4419,true,4,4.4419,0,0,true,0,correct_route
AD,1.2,S2,1.5,2,an_mode,true,4.4419,true,4,4.4419,0,0,true,0,correct_route
AD,1.2,S2,1.5,3,distance,true,2.6507,true,9,2.6507,0,0,true,0,correct_route
AD,1.2,S2,1.5,3,proposed_050,true,2.6507,true,9,2.6507,0,0,true,0,correct_route
AD,1.2,S2,1.5,3,proposed_mode,true,2.6507,true,9,2.6507,0,0,true,0,correct_route
AD,1.2,S2,1.5,3,an_080,true,2.6507,true,9,2.6507,0,0,true,0,correct_route
AD,1.2,S2,1.5,3,an_mode,true,2.6507,true,9,2.6507,0,0,true,0,correct_route
AD,1.2,S2,1.5,4,distance,true,4.3464,true,4,4.3464,0,0,true,0,correct_route
AD,1.2,S2,1.5,4,proposed_050,true,4.3464,true,4,4.3464,0,0,true,0,correct_route
AD,1.2,S2,1.5,4,proposed_mode,true,4.3464,true,4,4.3464,0,0,true,0,correct_route
AD,1.2,S2,1.5,4,an_080,true,4.3464,true,4,4.3464,0,0,true,0,correct_route
AD,1.2,S2,1.5,4,an_mode,true,4.3464,true,4,4.3464,0,0,true,0,correct_route
AD,1.2,S2,1.5,5,distance,true,4.4419,true,4,4.4419,328.24,0.9,true,0,correct_route
AD,1.2,S2,1.5,5,proposed_050,true,4.4419,true,4,4.8013,0,0,true,8.091,correct_route
AD,1.2,S2,1.5,5,proposed_mode,true,4.4419,true,4,4.8013,0,0,true,8.091,correct_route
AD,1.2,S2,1.5,5,an_080,true,4.4419,true,4,4.8013,0,0,true,8.091,correct_route
AD,1.2,S2,1.5,5,an_mode,true,4.4419,true,4,4.8013,0,0,true,8.091,correct_route
AD,1.2,S2,1.5,6,distance,true,0.7045,true,4,0.7045,0,0,true,0,correct_route
AD,1.2,S2,1.5,6,proposed_050,true,0.7045,true,4,0.7045,0,0,true,0,correct_route
AD,1.2,S2,1.5,6,proposed_mode,true,0.7045,true,4,0.7045,0,0,true,0,correct_route
AD,1.2,S2,1.5,6,an_080,true,0.7045,true,4,0.7045,0,0,true,0,correct_route
AD,1.2,S2,1.5,6,an_mode,true,0.7045,true,4,0.7045,0,0,true,0,correct_route
AD,1.2,S2,1.5,7,distance,true,2.4584,true,8,2.4584,609.148,0.9,true,0,correct_route
AD,1.2,S2,1.5,7,proposed_050,true,2.4584,true,8,2.9041,0,0,true,18.128,correct_route
AD,1.2,S2,1.5,7,proposed_mode,true,2.4584,true,8,2.9041,0,0,true,18.128,correct_route
AD,1.2,S2,1.5,7,an_080,true,2.4584,true,8,2.9041,0,0,true,18.128,correct_route
AD,1.2,S2,1.5,7,an_mode,true,2.4584,true,8,2.9041,0,0,true,18.128,correct_route
AD,1.2,S2,1.5,8,distance,true,2.2256,true,4,2.2256,291.318,0.9,true,0,correct_route
AD,1.2,S2,1.5,8,proposed_050,true,2.2256,true,4,3.2259,0,0,true,44.942,correct_route
AD,1.2,S2,1.5,8,proposed_mode,true,2.2256,true,4,3.2259,0,0,true,44.942,correct_route
AD,1.2,S2,1.5,8,an_080,true,2.2256,true,4,2.5061,106.3,0.45,true,12.604,correct_route
AD,1.2,S2,1.5,8,an_mode,true,2.2256,true,4,2.2256,291.318,0.9,true,0,correct_route
AD,1.2,S2,1.5,9,distance,true,2.2269,true,8,2.2269,0,0,true,0,correct_route
AD,1.2,S2,1.5,9,proposed_050,true,2.2269,true,8,2.2269,0,0,true,0,correct_route
AD,1.2,S2,1.5,9,proposed_mode,true,2.2269,true,8,2.2269,0,0,true,0,correct_route
AD,1.2,S2,1.5,9,an_080,true,2.2269,true,8,2.2269,0,0,true,0,correct_route
AD,1.2,S2,1.5,9,an_mode,true,2.2269,true,8,2.2269,0,0,true,0,correct_route
AD,1.2,S2,1.5,10,distance,true,0.7573,true,9,0.7573,0,0,true,0,correct_route
AD,1.2,S2,1.5,10,proposed_050,true,0.7573,true,9,0.7573,0,0,true,0,correct_route
AD,1.2,S2,1.5,10,proposed_mode,true,0.7573,true,9,0.7573,0,0,true,0,correct_route
AD,1.2,S2,1.5,10,an_080,true,0.7573,true,9,0.7573,0,0,true,0,correct_route
AD,1.2,S2,1.5,10,an_mode,true,0.7573,true,9,0.7573,0,0,true,0,correct_route
AD,1.2,S2,1.5,11,distance,true,5.077,true,4,5.077,291.318,0.9,true,0,correct_route
AD,1.2,S2,1.5,11,proposed_050,true,5.077,true,4,6.0772,0,0,true,19.701,correct_route
AD,1.2,S2,1.5,11,proposed_mode,true,5.077,true,4,6.0772,0,0,true,19.701,correct_route
AD,1.2,S2,1.5,11,an_080,true,5.077,true,4,5.3575,106.3,0.45,true,5.525,correct_route
AD,1.2,S2,1.5,11,an_mode,true,5.077,true,4,5.077,291.318,0.9,true,0,correct_route
AD,1.2,S2,1.5,12,distance,true,4.8102,true,8,4.8102,595.183,0.9,true,0,correct_route
AD,1.2,S2,1.5,12,proposed_050,true,4.8102,true,8,5.6942,0,0,true,18.376,correct_route
AD,1.2,S2,1.5,12,proposed_mode,true,4.8102,true,8,5.6942,0,0,true,18.376,correct_route
AD,1.2,S2,1.5,12,an_080,true,4.8102,true,8,5.417,48.4,0.45,true,12.615,correct_route
AD,1.2,S2,1.5,12,an_mode,true,4.8102,true,8,5.417,48.4,0.45,true,12.615,correct_route
AD,1.2,S2,1.5,13,distance,true,5.3483,true,4,5.3483,106.3,0.45,true,0,correct_route
AD,1.2,S2,1.5,13,proposed_050,true,5.3483,true,4,5.5532,0,0,true,3.83,correct_route
AD,1.2,S2,1.5,13,proposed_mode,true,5.3483,true,4,5.5532,0,0,true,3.83,correct_route
AD,1.2,S2,1.5,13,an_080,true,5.3483,true,4,5.5532,0,0,true,3.83,correct_route
AD,1.2,S2,1.5,13,an_mode,true,5.3483,true,4,5.5532,0,0,true,3.83,correct_route
AD,1.2,S2,1.5,14,distance,true,2.2619,true,4,2.2619,0,0,true,0,correct_route
AD,1.2,S2,1.5,14,proposed_050,true,2.2619,true,4,2.2619,0,0,true,0,correct_route
AD,1.2,S2,1.5,14,proposed_mode,true,2.2619,true,4,2.2619,0,0,true,0,correct_route
AD,1.2,S2,1.5,14,an_080,true,2.2619,true,4,2.2619,0,0,true,0,correct_route
AD,1.2,S2,1.5,14,an_mode,true,2.2619,true,4,2.2619,0,0,true,0,correct_route
AD,1.2,S2,1.5,15,distance,true,3.7294,true,4,3.7294,106.3,0.45,true,0,correct_route
AD,1.2,S2,1.5,15,proposed_050,true,3.7294,true,4,3.9342,0,0,true,5.492,correct_route
AD,1.2,S2,1.5,15,proposed_mode,true,3.7294,true,4,3.9342,0,0,true,5.492,correct_route
AD,1.2,S2,1.5,15,an_080,true,3.7294,true,4,3.9342,0,0,true,5.492,correct_route
AD,1.2,S2,1.5,15,an_mode,true,3.7294,true,4,3.9342,0,0,true,5.492,correct_route
AD,1.2,S2,1.5,16,distance,true,1.4535,true,8,1.4535,0,0,true,0,correct_route
AD,1.2,S2,1.5,16,proposed_050,true,1.4535,true,8,1.4535,0,0,true,0,correct_route
AD,1.2,S2,1.5,16,proposed_mode,true,1.4535,true,8,1.4535,0,0,true,0,correct_route
AD,1.2,S2,1.5,16,an_080,true,1.4535,true,8,1.4535,0,0,true,0,correct_route
AD,1.2,S2,1.5,16,an_mode,true,1.4535,true,8,1.4535,0,0,true,0,correct_route
AD,1.2,S2,1.5,17,distance,true,4.4279,true,8,4.4279,595.183,0.9,true,0,correct_route
AD,1.2,S2,1.5,17,proposed_050,true,4.4279,true,5,4.44,0,0,true,0.275,correct_route
AD,1.2,S2,1.5,17,proposed_mode,true,4.4279,true,5,4.44,0,0,true,0.275,correct_route
AD,1.2,S2,1.5,17,an_080,true,4.4279,true,5,4.44,0,0,true,0.275,correct_route
AD,1.2,S2,1.5,17,an_mode,true,4.4279,true,5,4.44,0,0,true,0.275,correct_route
AD,1.2,S2,1.5,18,distance,true,2.343,true,8,2.343,48.4,0.45,true,0,correct_route
AD,1.2,S2,1.5,18,proposed_050,true,2.343,true,8,2.5997,0,0,true,10.958,correct_route
AD,1.2,S2,1.5,18,proposed_mode,true,2.343,true,8,2.5997,0,0,true,10.958,correct_route
AD,1.2,S2,1.5,18,an_080,true,2.343,true,8,2.343,48.4,0.45,true,0,correct_route
AD,1.2,S2,1.5,18,an_mode,true,2.343,true,8,2.343,48.4,0.45,true,0,correct_route
AD,1.2,S2,1.5,19,distance,true,2.0721,true,8,2.0721,0,0,true,0,correct_route
AD,1.2,S2,1.5,19,proposed_050,true,2.0721,true,8,2.0721,0,0,true,0,correct_route
AD,1.2,S2,1.5,19,proposed_mode,true,2.0721,true,8,2.0721,0,0,true,0,correct_route
AD,1.2,S2,1.5,19,an_080,true,2.0721,true,8,2.0721,0,0,true,0,correct_route
AD,1.2,S2,1.5,19,an_mode,true,2.0721,true,8,2.0721,0,0,true,0,correct_route
AD,1.2,S2,1.5,20,distance,true,8.4103,true,7,8.4103,564.671,0.9,true,0,correct_route
AD,1.2,S2,1.5,20,proposed_050,true,8.4103,true,7,8.5508,0,0,true,1.671,correct_route
AD,1.2,S2,1.5,20,proposed_mode,true,8.4103,true,7,8.5508,0,0,true,1.671,correct_route
AD,1.2,S2,1.5,20,an_080,true,8.4103,true,7,8.5508,0,0,true,1.671,correct_route
AD,1.2,S2,1.5,20,an_mode,true,8.4103,true,7,8.5508,0,0,true,1.671,correct_route
AD,1.2,S2,1.5,21,distance,true,1.5022,true,7,1.5022,0,0,true,0,correct_route
AD,1.2,S2,1.5,21,proposed_050,true,1.5022,true,7,1.5022,0,0,true,0,correct_route
AD,1.2,S2,1.5,21,proposed_mode,true,1.5022,true,7,1.5022,0,0,true,0,correct_route
AD,1.2,S2,1.5,21,an_080,true,1.5022,true,7,1.5022,0,0,true,0,correct_route
AD,1.2,S2,1.5,21,an_mode,true,1.5022,true,7,1.5022,0,0,true,0,correct_route
AD,1.2,S2,1.5,22,distance,true,2.2373,true,7,2.2373,0,0,true,0,correct_route
AD,1.2,S2,1.5,22,proposed_050,true,2.2373,true,7,2.2373,0,0,true,0,correct_route
AD,1.2,S2,1.5,22,proposed_mode,true,2.2373,true,7,2.2373,0,0,true,0,correct_route
AD,1.2,S2,1.5,22,an_080,true,2.2373,true,7,2.2373,0,0,true,0,correct_route
AD,1.2,S2,1.5,22,an_mode,true,2.2373,true,7,2.2373,0,0,true,0,correct_route
AD,1.2,S2,1.5,23,distance,true,5.7136,true,7,5.7136,564.671,0.9,true,0,correct_route
AD,1.2,S2,1.5,23,proposed_050,true,5.7136,true,7,5.8541,0,0,true,2.459,correct_route
AD,1.2,S2,1.5,23,proposed_mode,true,5.7136,true,7,5.8541,0,0,true,2.459,correct_route
AD,1.2,S2,1.5,23,an_080,true,5.7136,true,7,5.8541,0,0,true,2.459,correct_route
AD,1.2,S2,1.5,23,an_mode,true,5.7136,true,7,5.8541,0,0,true,2.459,correct_route
AD,1.2,S2,1.5,24,distance,true,3.7965,true,7,3.7965,564.671,0.9,true,0,correct_route
AD,1.2,S2,1.5,24,proposed_050,true,3.7965,true,7,4.4108,0,0,true,16.179,correct_route
AD,1.2,S2,1.5,24,proposed_mode,true,3.7965,true,7,4.4108,0,0,true,16.179,correct_route
AD,1.2,S2,1.5,24,an_080,true,3.7965,true,7,4.4108,0,0,true,16.179,correct_route
AD,1.2,S2,1.5,24,an_mode,true,3.7965,true,7,4.4108,0,0,true,16.179,correct_route
AD,1.2,S2,1.5,25,distance,true,2.019,true,5,2.019,0,0,true,0,correct_route
AD,1.2,S2,1.5,25,proposed_050,true,2.019,true,5,2.019,0,0,true,0,correct_route
AD,1.2,S2,1.5,25,proposed_mode,true,2.019,true,5,2.019,0,0,true,0,correct_route
AD,1.2,S2,1.5,25,an_080,true,2.019,true,5,2.019,0,0,true,0,correct_route
AD,1.2,S2,1.5,25,an_mode,true,2.019,true,5,2.019,0,0,true,0,correct_route
AD,1.2,S2,1.5,26,distance,true,1.0687,true,5,1.0687,0,0,true,0,correct_route
AD,1.2,S2,1.5,26,proposed_050,true,1.0687,true,5,1.0687,0,0,true,0,correct_route
AD,1.2,S2,1.5,26,proposed_mode,true,1.0687,true,5,1.0687,0,0,true,0,correct_route
AD,1.2,S2,1.5,26,an_080,true,1.0687,true,5,1.0687,0,0,true,0,correct_route
AD,1.2,S2,1.5,26,an_mode,true,1.0687,true,5,1.0687,0,0,true,0,correct_route
AD,1.2,S2,1.5,27,distance,true,2.187,true,3,2.187,344.634,0.9,true,0,correct_route
AD,1.2,S2,1.5,27,proposed_050,true,2.187,true,5,2.8807,0,0,true,31.716,correct_route
AD,1.2,S2,1.5,27,proposed_mode,true,2.187,true,5,2.8807,0,0,true,31.716,correct_route
AD,1.2,S2,1.5,27,an_080,true,2.187,true,5,2.8807,0,0,true,31.716,correct_route
AD,1.2,S2,1.5,27,an_mode,true,2.187,true,3,2.2093,324.743,0.9,true,1.017,correct_route
AD,1.2,S2,1.5,28,distance,true,3.3577,true,7,3.3577,277.207,0.9,true,0,correct_route
AD,1.2,S2,1.5,28,proposed_050,true,3.3577,true,7,3.6245,0,0,true,7.944,correct_route
AD,1.2,S2,1.5,28,proposed_mode,true,3.3577,true,7,3.6245,0,0,true,7.944,correct_route
AD,1.2,S2,1.5,28,an_080,true,3.3577,true,7,3.6245,0,0,true,7.944,correct_route
AD,1.2,S2,1.5,28,an_mode,true,3.3577,true,7,3.6245,0,0,true,7.944,correct_route
AD,1.2,S2,1.5,29,distance,true,5.5354,true,7,5.5354,576.434,0.9,true,0,correct_route
AD,1.2,S2,1.5,29,proposed_050,true,5.5354,true,7,6.0363,0,0,true,9.05,correct_route
AD,1.2,S2,1.5,29,proposed_mode,true,5.5354,true,7,6.0363,0,0,true,9.05,correct_route
AD,1.2,S2,1.5,29,an_080,true,5.5354,true,7,6.0363,0,0,true,9.05,correct_route
AD,1.2,S2,1.5,29,an_mode,true,5.5354,true,7,6.0363,0,0,true,9.05,correct_route
AD,1.2,S2,1.5,30,distance,true,2.6793,true,3,2.6793,284.796,0.9,true,0,correct_route
AD,1.2,S2,1.5,30,proposed_050,true,2.6793,true,5,3.5991,0,0,true,34.328,correct_route
AD,1.2,S2,1.5,30,proposed_mode,true,2.6793,true,5,3.5991,0,0,true,34.328,correct_route
AD,1.2,S2,1.5,30,an_080,true,2.6793,true,5,3.5991,0,0,true,34.328,correct_route
AD,1.2,S2,1.5,30,an_mode,true,2.6793,true,3,2.6793,284.796,0.9,true,0,correct_route
AD,1.2,S2,1.5,31,distance,true,3.5175,true,7,3.5175,576.434,0.9,true,0,correct_route
AD,1.2,S2,1.5,31,proposed_050,true,3.5175,true,7,4.0185,0,0,true,14.242,correct_route
AD,1.2,S2,1.5,31,proposed_mode,true,3.5175,true,7,4.0185,0,0,true,14.242,correct_route
AD,1.2,S2,1.5,31,an_080,true,3.5175,true,7,4.0185,0,0,true,14.242,correct_route
AD,1.2,S2,1.5,31,an_mode,true,3.5175,true,7,4.0185,0,0,true,14.242,correct_route
AD,1.2,S2,1.5,32,distance,true,1.5916,true,3,1.5916,318.603,0.9,true,0,correct_route
AD,1.2,S2,1.5,32,proposed_050,true,1.5916,true,5,4.5892,0,0,true,188.348,correct_route
AD,1.2,S2,1.5,32,proposed_mode,true,1.5916,true,5,4.5892,0,0,true,188.348,correct_route
AD,1.2,S2,1.5,32,an_080,true,1.5916,true,5,4.5892,0,0,true,188.348,correct_route
AD,1.2,S2,1.5,32,an_mode,true,1.5916,true,3,1.5916,318.603,0.9,true,0,correct_route
AD,1.2,S2,1.5,33,distance,true,2.2529,true,7,2.2529,282.547,0.9,true,0,correct_route
AD,1.2,S2,1.5,33,proposed_050,true,2.2529,true,7,2.3876,0,0,true,5.977,correct_route
AD,1.2,S2,1.5,33,proposed_mode,true,2.2529,true,7,2.3876,0,0,true,5.977,correct_route
AD,1.2,S2,1.5,33,an_080,true,2.2529,true,7,2.3876,0,0,true,5.977,correct_route
AD,1.2,S2,1.5,33,an_mode,true,2.2529,true,7,2.3876,0,0,true,5.977,correct_route
AD,1.2,S2,1.5,34,distance,true,1.9227,true,7,1.9227,277.207,0.9,true,0,correct_route
AD,1.2,S2,1.5,34,proposed_050,true,1.9227,true,7,2.2871,0,0,true,18.957,correct_route
AD,1.2,S2,1.5,34,proposed_mode,true,1.9227,true,7,2.2871,0,0,true,18.957,correct_route
AD,1.2,S2,1.5,34,an_080,true,1.9227,true,7,2.2871,0,0,true,18.957,correct_route
AD,1.2,S2,1.5,34,an_mode,true,1.9227,true,7,2.2871,0,0,true,18.957,correct_route
AD,1.2,S2,1.5,35,distance,true,3.6916,true,7,3.6916,0,0,true,0,correct_route
AD,1.2,S2,1.5,35,proposed_050,true,3.6916,true,7,3.6916,0,0,true,0,correct_route
AD,1.2,S2,1.5,35,proposed_mode,true,3.6916,true,7,3.6916,0,0,true,0,correct_route
AD,1.2,S2,1.5,35,an_080,true,3.6916,true,7,3.6916,0,0,true,0,correct_route
AD,1.2,S2,1.5,35,an_mode,true,3.6916,true,7,3.6916,0,0,true,0,correct_route
AD,1.2,S2,1.5,36,distance,true,4.5516,true,7,4.5516,576.434,0.9,true,0,correct_route
AD,1.2,S2,1.5,36,proposed_050,true,4.5516,true,7,4.9758,0,0,true,9.32,correct_route
AD,1.2,S2,1.5,36,proposed_mode,true,4.5516,true,7,4.9758,0,0,true,9.32,correct_route
AD,1.2,S2,1.5,36,an_080,true,4.5516,true,7,4.9758,0,0,true,9.32,correct_route
AD,1.2,S2,1.5,36,an_mode,true,4.5516,true,7,4.9758,0,0,true,9.32,correct_route
AD,1.2,S2,1.5,37,distance,true,3.7026,true,7,3.7026,282.547,0.9,true,0,correct_route
AD,1.2,S2,1.5,37,proposed_050,true,3.7026,true,7,3.8372,0,0,true,3.637,correct_route
AD,1.2,S2,1.5,37,proposed_mode,true,3.7026,true,7,3.8372,0,0,true,3.637,correct_route
AD,1.2,S2,1.5,37,an_080,true,3.7026,true,7,3.8372,0,0,true,3.637,correct_route
AD,1.2,S2,1.5,37,an_mode,true,3.7026,true,7,3.8372,0,0,true,3.637,correct_route
AD,1.2,S2,1.5,38,distance,true,4.8669,true,7,4.8669,277.207,0.9,true,0,correct_route
AD,1.2,S2,1.5,38,proposed_050,true,4.8669,true,7,5.2587,0,0,true,8.05,correct_route
AD,1.2,S2,1.5,38,proposed_mode,true,4.8669,true,7,5.2587,0,0,true,8.05,correct_route
AD,1.2,S2,1.5,38,an_080,true,4.8669,true,7,5.2587,0,0,true,8.05,correct_route
AD,1.2,S2,1.5,38,an_mode,true,4.8669,true,7,5.2587,0,0,true,8.05,correct_route
AD,1.2,S2,1.5,39,distance,true,3.8945,true,3,3.8945,318.603,0.9,true,0,correct_route
AD,1.2,S2,1.5,39,proposed_050,true,3.8945,true,5,6.797,0,0,true,74.529,correct_route
AD,1.2,S2,1.5,39,proposed_mode,true,3.8945,true,5,6.797,0,0,true,74.529,correct_route
AD,1.2,S2,1.5,39,an_080,true,3.8945,true,5,6.797,0,0,true,74.529,correct_route
AD,1.2,S2,1.5,39,an_mode,true,3.8945,true,3,3.8945,318.603,0.9,true,0,correct_route
AD,1.2,S2,1.5,40,distance,true,4.2719,true,3,4.2719,284.796,0.9,true,0,correct_route
AD,1.2,S2,1.5,40,proposed_050,true,4.2719,true,5,5.3931,0,0,true,26.246,correct_route
AD,1.2,S2,1.5,40,proposed_mode,true,4.2719,true,5,5.3931,0,0,true,26.246,correct_route
AD,1.2,S2,1.5,40,an_080,true,4.2719,true,5,5.3931,0,0,true,26.246,correct_route
AD,1.2,S2,1.5,40,an_mode,true,4.2719,true,3,4.2719,284.796,0.9,true,0,correct_route
SV,0.3,S2,2,1,distance,true,3.5648,true,9,3.5648,0,0,true,0,correct_route
SV,0.3,S2,2,1,proposed_050,true,3.5648,true,9,3.5648,0,0,true,0,correct_route
SV,0.3,S2,2,1,proposed_mode,true,3.5648,true,9,3.5648,0,0,true,0,correct_route
SV,0.3,S2,2,1,an_080,true,3.5648,true,9,3.5648,0,0,true,0,correct_route
SV,0.3,S2,2,1,an_mode,true,3.5648,true,9,3.5648,0,0,true,0,correct_route
SV,0.3,S2,2,2,distance,true,4.4419,true,4,4.4419,0,0,true,0,correct_route
SV,0.3,S2,2,2,proposed_050,true,4.4419,true,4,4.4419,0,0,true,0,correct_route
SV,0.3,S2,2,2,proposed_mode,true,4.4419,true,4,4.4419,0,0,true,0,correct_route
SV,0.3,S2,2,2,an_080,true,4.4419,true,4,4.4419,0,0,true,0,correct_route
SV,0.3,S2,2,2,an_mode,true,4.4419,true,4,4.4419,0,0,true,0,correct_route
SV,0.3,S2,2,3,distance,true,2.6507,true,9,2.6507,0,0,true,0,correct_route
SV,0.3,S2,2,3,proposed_050,true,2.6507,true,9,2.6507,0,0,true,0,correct_route
SV,0.3,S2,2,3,proposed_mode,true,2.6507,true,9,2.6507,0,0,true,0,correct_route
SV,0.3,S2,2,3,an_080,true,2.6507,true,9,2.6507,0,0,true,0,correct_route
SV,0.3,S2,2,3,an_mode,true,2.6507,true,9,2.6507,0,0,true,0,correct_route
SV,0.3,S2,2,4,distance,true,4.3464,true,4,4.3464,0,0,true,0,correct_route
SV,0.3,S2,2,4,proposed_050,true,4.3464,true,4,4.3464,0,0,true,0,correct_route
SV,0.3,S2,2,4,proposed_mode,true,4.3464,true,4,4.3464,0,0,true,0,correct_route
SV,0.3,S2,2,4,an_080,true,4.3464,true,4,4.3464,0,0,true,0,correct_route
SV,0.3,S2,2,4,an_mode,true,4.3464,true,4,4.3464,0,0,true,0,correct_route
SV,0.3,S2,2,5,distance,true,4.8013,true,4,4.4419,437.653,1.2,false,-7.485,unsafe_route
SV,0.3,S2,2,5,proposed_050,true,4.8013,true,4,4.8013,0,0,true,0,correct_route
SV,0.3,S2,2,5,proposed_mode,true,4.8013,true,4,4.8013,0,0,true,0,correct_route
SV,0.3,S2,2,5,an_080,true,4.8013,true,4,4.8013,0,0,true,0,correct_route
SV,0.3,S2,2,5,an_mode,true,4.8013,true,4,4.8013,0,0,true,0,correct_route
SV,0.3,S2,2,6,distance,true,0.7045,true,4,0.7045,0,0,true,0,correct_route
SV,0.3,S2,2,6,proposed_050,true,0.7045,true,4,0.7045,0,0,true,0,correct_route
SV,0.3,S2,2,6,proposed_mode,true,0.7045,true,4,0.7045,0,0,true,0,correct_route
SV,0.3,S2,2,6,an_080,true,0.7045,true,4,0.7045,0,0,true,0,correct_route
SV,0.3,S2,2,6,an_mode,true,0.7045,true,4,0.7045,0,0,true,0,correct_route
SV,0.3,S2,2,7,distance,true,2.9041,true,8,2.4584,812.197,1.2,false,-15.346,unsafe_route
SV,0.3,S2,2,7,proposed_050,true,2.9041,true,8,2.9041,0,0,true,0,correct_route
SV,0.3,S2,2,7,proposed_mode,true,2.9041,true,8,2.9041,0,0,true,0,correct_route
SV,0.3,S2,2,7,an_080,true,2.9041,true,8,2.9041,0,0,true,0,correct_route
SV,0.3,S2,2,7,an_mode,true,2.9041,true,8,2.9041,0,0,true,0,correct_route
SV,0.3,S2,2,8,distance,true,3.2259,true,4,2.2256,388.424,1.2,false,-31.007,unsafe_route
SV,0.3,S2,2,8,proposed_050,true,3.2259,true,4,3.2259,0,0,true,0,correct_route
SV,0.3,S2,2,8,proposed_mode,true,3.2259,true,4,3.2259,0,0,true,0,correct_route
SV,0.3,S2,2,8,an_080,true,3.2259,true,4,2.5061,141.733,0.6,false,-22.311,unsafe_route
SV,0.3,S2,2,8,an_mode,true,3.2259,true,4,3.2259,0,0,true,0,correct_route
SV,0.3,S2,2,9,distance,true,2.2269,true,8,2.2269,0,0,true,0,correct_route
SV,0.3,S2,2,9,proposed_050,true,2.2269,true,8,2.2269,0,0,true,0,correct_route
SV,0.3,S2,2,9,proposed_mode,true,2.2269,true,8,2.2269,0,0,true,0,correct_route
SV,0.3,S2,2,9,an_080,true,2.2269,true,8,2.2269,0,0,true,0,correct_route
SV,0.3,S2,2,9,an_mode,true,2.2269,true,8,2.2269,0,0,true,0,correct_route
SV,0.3,S2,2,10,distance,true,0.7573,true,9,0.7573,0,0,true,0,correct_route
SV,0.3,S2,2,10,proposed_050,true,0.7573,true,9,0.7573,0,0,true,0,correct_route
SV,0.3,S2,2,10,proposed_mode,true,0.7573,true,9,0.7573,0,0,true,0,correct_route
SV,0.3,S2,2,10,an_080,true,0.7573,true,9,0.7573,0,0,true,0,correct_route
SV,0.3,S2,2,10,an_mode,true,0.7573,true,9,0.7573,0,0,true,0,correct_route
SV,0.3,S2,2,11,distance,true,6.0772,true,4,5.077,388.424,1.2,false,-16.459,unsafe_route
SV,0.3,S2,2,11,proposed_050,true,6.0772,true,4,6.0772,0,0,true,0,correct_route
SV,0.3,S2,2,11,proposed_mode,true,6.0772,true,4,6.0772,0,0,true,0,correct_route
SV,0.3,S2,2,11,an_080,true,6.0772,true,4,5.3575,141.733,0.6,false,-11.843,unsafe_route
SV,0.3,S2,2,11,an_mode,true,6.0772,true,4,6.0772,0,0,true,0,correct_route
SV,0.3,S2,2,12,distance,true,5.6942,true,8,4.8102,793.577,1.2,false,-15.524,unsafe_route
SV,0.3,S2,2,12,proposed_050,true,5.6942,true,8,5.6942,0,0,true,0,correct_route
SV,0.3,S2,2,12,proposed_mode,true,5.6942,true,8,5.6942,0,0,true,0,correct_route
SV,0.3,S2,2,12,an_080,true,5.6942,true,8,5.417,64.533,0.6,false,-4.867,unsafe_route
SV,0.3,S2,2,12,an_mode,true,5.6942,true,8,5.6942,0,0,true,0,correct_route
SV,0.3,S2,2,13,distance,true,5.5532,true,4,5.3483,141.733,0.6,false,-3.689,unsafe_route
SV,0.3,S2,2,13,proposed_050,true,5.5532,true,4,5.5532,0,0,true,0,correct_route
SV,0.3,S2,2,13,proposed_mode,true,5.5532,true,4,5.5532,0,0,true,0,correct_route
SV,0.3,S2,2,13,an_080,true,5.5532,true,4,5.5532,0,0,true,0,correct_route
SV,0.3,S2,2,13,an_mode,true,5.5532,true,4,5.5532,0,0,true,0,correct_route
SV,0.3,S2,2,14,distance,true,2.2619,true,4,2.2619,0,0,true,0,correct_route
SV,0.3,S2,2,14,proposed_050,true,2.2619,true,4,2.2619,0,0,true,0,correct_route
SV,0.3,S2,2,14,proposed_mode,true,2.2619,true,4,2.2619,0,0,true,0,correct_route
SV,0.3,S2,2,14,an_080,true,2.2619,true,4,2.2619,0,0,true,0,correct_route
SV,0.3,S2,2,14,an_mode,true,2.2619,true,4,2.2619,0,0,true,0,correct_route
SV,0.3,S2,2,15,distance,true,3.9342,true,4,3.7294,141.733,0.6,false,-5.206,unsafe_route
SV,0.3,S2,2,15,proposed_050,true,3.9342,true,4,3.9342,0,0,true,0,correct_route
SV,0.3,S2,2,15,proposed_mode,true,3.9342,true,4,3.9342,0,0,true,0,correct_route
SV,0.3,S2,2,15,an_080,true,3.9342,true,4,3.9342,0,0,true,0,correct_route
SV,0.3,S2,2,15,an_mode,true,3.9342,true,4,3.9342,0,0,true,0,correct_route
SV,0.3,S2,2,16,distance,true,1.4535,true,8,1.4535,0,0,true,0,correct_route
SV,0.3,S2,2,16,proposed_050,true,1.4535,true,8,1.4535,0,0,true,0,correct_route
SV,0.3,S2,2,16,proposed_mode,true,1.4535,true,8,1.4535,0,0,true,0,correct_route
SV,0.3,S2,2,16,an_080,true,1.4535,true,8,1.4535,0,0,true,0,correct_route
SV,0.3,S2,2,16,an_mode,true,1.4535,true,8,1.4535,0,0,true,0,correct_route
SV,0.3,S2,2,17,distance,true,4.44,true,8,4.4279,793.577,1.2,false,-0.274,unsafe_route
SV,0.3,S2,2,17,proposed_050,true,4.44,true,5,4.44,0,0,true,0,correct_route
SV,0.3,S2,2,17,proposed_mode,true,4.44,true,5,4.44,0,0,true,0,correct_route
SV,0.3,S2,2,17,an_080,true,4.44,true,5,4.44,0,0,true,0,correct_route
SV,0.3,S2,2,17,an_mode,true,4.44,true,5,4.44,0,0,true,0,correct_route
SV,0.3,S2,2,18,distance,true,2.5997,true,8,2.343,64.533,0.6,false,-9.876,unsafe_route
SV,0.3,S2,2,18,proposed_050,true,2.5997,true,8,2.5997,0,0,true,0,correct_route
SV,0.3,S2,2,18,proposed_mode,true,2.5997,true,8,2.5997,0,0,true,0,correct_route
SV,0.3,S2,2,18,an_080,true,2.5997,true,8,2.343,64.533,0.6,false,-9.876,unsafe_route
SV,0.3,S2,2,18,an_mode,true,2.5997,true,8,2.5997,0,0,true,0,correct_route
SV,0.3,S2,2,19,distance,true,2.0721,true,8,2.0721,0,0,true,0,correct_route
SV,0.3,S2,2,19,proposed_050,true,2.0721,true,8,2.0721,0,0,true,0,correct_route
SV,0.3,S2,2,19,proposed_mode,true,2.0721,true,8,2.0721,0,0,true,0,correct_route
SV,0.3,S2,2,19,an_080,true,2.0721,true,8,2.0721,0,0,true,0,correct_route
SV,0.3,S2,2,19,an_mode,true,2.0721,true,8,2.0721,0,0,true,0,correct_route
SV,0.3,S2,2,20,distance,true,8.5508,true,7,8.4103,752.894,1.2,false,-1.643,unsafe_route
SV,0.3,S2,2,20,proposed_050,true,8.5508,true,7,8.5508,0,0,true,0,correct_route
SV,0.3,S2,2,20,proposed_mode,true,8.5508,true,7,8.5508,0,0,true,0,correct_route
SV,0.3,S2,2,20,an_080,true,8.5508,true,7,8.5508,0,0,true,0,correct_route
SV,0.3,S2,2,20,an_mode,true,8.5508,true,7,8.5508,0,0,true,0,correct_route
SV,0.3,S2,2,21,distance,true,1.5022,true,7,1.5022,0,0,true,0,correct_route
SV,0.3,S2,2,21,proposed_050,true,1.5022,true,7,1.5022,0,0,true,0,correct_route
SV,0.3,S2,2,21,proposed_mode,true,1.5022,true,7,1.5022,0,0,true,0,correct_route
SV,0.3,S2,2,21,an_080,true,1.5022,true,7,1.5022,0,0,true,0,correct_route
SV,0.3,S2,2,21,an_mode,true,1.5022,true,7,1.5022,0,0,true,0,correct_route
SV,0.3,S2,2,22,distance,true,2.2373,true,7,2.2373,0,0,true,0,correct_route
SV,0.3,S2,2,22,proposed_050,true,2.2373,true,7,2.2373,0,0,true,0,correct_route
SV,0.3,S2,2,22,proposed_mode,true,2.2373,true,7,2.2373,0,0,true,0,correct_route
SV,0.3,S2,2,22,an_080,true,2.2373,true,7,2.2373,0,0,true,0,correct_route
SV,0.3,S2,2,22,an_mode,true,2.2373,true,7,2.2373,0,0,true,0,correct_route
SV,0.3,S2,2,23,distance,true,5.8541,true,7,5.7136,752.894,1.2,false,-2.4,unsafe_route
SV,0.3,S2,2,23,proposed_050,true,5.8541,true,7,5.8541,0,0,true,0,correct_route
SV,0.3,S2,2,23,proposed_mode,true,5.8541,true,7,5.8541,0,0,true,0,correct_route
SV,0.3,S2,2,23,an_080,true,5.8541,true,7,5.8541,0,0,true,0,correct_route
SV,0.3,S2,2,23,an_mode,true,5.8541,true,7,5.8541,0,0,true,0,correct_route
SV,0.3,S2,2,24,distance,true,4.4108,true,7,3.7965,752.894,1.2,false,-13.926,unsafe_route
SV,0.3,S2,2,24,proposed_050,true,4.4108,true,7,4.4108,0,0,true,0,correct_route
SV,0.3,S2,2,24,proposed_mode,true,4.4108,true,7,4.4108,0,0,true,0,correct_route
SV,0.3,S2,2,24,an_080,true,4.4108,true,7,4.4108,0,0,true,0,correct_route
SV,0.3,S2,2,24,an_mode,true,4.4108,true,7,4.4108,0,0,true,0,correct_route
SV,0.3,S2,2,25,distance,true,2.019,true,5,2.019,0,0,true,0,correct_route
SV,0.3,S2,2,25,proposed_050,true,2.019,true,5,2.019,0,0,true,0,correct_route
SV,0.3,S2,2,25,proposed_mode,true,2.019,true,5,2.019,0,0,true,0,correct_route
SV,0.3,S2,2,25,an_080,true,2.019,true,5,2.019,0,0,true,0,correct_route
SV,0.3,S2,2,25,an_mode,true,2.019,true,5,2.019,0,0,true,0,correct_route
SV,0.3,S2,2,26,distance,true,1.0687,true,5,1.0687,0,0,true,0,correct_route
SV,0.3,S2,2,26,proposed_050,true,1.0687,true,5,1.0687,0,0,true,0,correct_route
SV,0.3,S2,2,26,proposed_mode,true,1.0687,true,5,1.0687,0,0,true,0,correct_route
SV,0.3,S2,2,26,an_080,true,1.0687,true,5,1.0687,0,0,true,0,correct_route
SV,0.3,S2,2,26,an_mode,true,1.0687,true,5,1.0687,0,0,true,0,correct_route
SV,0.3,S2,2,27,distance,true,2.8807,true,3,2.187,459.513,1.2,false,-24.079,unsafe_route
SV,0.3,S2,2,27,proposed_050,true,2.8807,true,5,2.8807,0,0,true,0,correct_route
SV,0.3,S2,2,27,proposed_mode,true,2.8807,true,5,2.8807,0,0,true,0,correct_route
SV,0.3,S2,2,27,an_080,true,2.8807,true,5,2.8807,0,0,true,0,correct_route
SV,0.3,S2,2,27,an_mode,true,2.8807,true,5,2.8807,0,0,true,0,correct_route
SV,0.3,S2,2,28,distance,true,3.6245,true,7,3.3577,369.609,1.2,false,-7.36,unsafe_route
SV,0.3,S2,2,28,proposed_050,true,3.6245,true,7,3.6245,0,0,true,0,correct_route
SV,0.3,S2,2,28,proposed_mode,true,3.6245,true,7,3.6245,0,0,true,0,correct_route
SV,0.3,S2,2,28,an_080,true,3.6245,true,7,3.6245,0,0,true,0,correct_route
SV,0.3,S2,2,28,an_mode,true,3.6245,true,7,3.6245,0,0,true,0,correct_route
SV,0.3,S2,2,29,distance,true,6.0363,true,7,5.5354,768.579,1.2,false,-8.299,unsafe_route
SV,0.3,S2,2,29,proposed_050,true,6.0363,true,7,6.0363,0,0,true,0,correct_route
SV,0.3,S2,2,29,proposed_mode,true,6.0363,true,7,6.0363,0,0,true,0,correct_route
SV,0.3,S2,2,29,an_080,true,6.0363,true,7,6.0363,0,0,true,0,correct_route
SV,0.3,S2,2,29,an_mode,true,6.0363,true,7,6.0363,0,0,true,0,correct_route
SV,0.3,S2,2,30,distance,true,3.5991,true,3,2.6793,379.727,1.2,false,-25.555,unsafe_route
SV,0.3,S2,2,30,proposed_050,true,3.5991,true,5,3.5991,0,0,true,0,correct_route
SV,0.3,S2,2,30,proposed_mode,true,3.5991,true,5,3.5991,0,0,true,0,correct_route
SV,0.3,S2,2,30,an_080,true,3.5991,true,5,3.5991,0,0,true,0,correct_route
SV,0.3,S2,2,30,an_mode,true,3.5991,true,5,3.5991,0,0,true,0,correct_route
SV,0.3,S2,2,31,distance,true,4.0185,true,7,3.5175,768.579,1.2,false,-12.466,unsafe_route
SV,0.3,S2,2,31,proposed_050,true,4.0185,true,7,4.0185,0,0,true,0,correct_route
SV,0.3,S2,2,31,proposed_mode,true,4.0185,true,7,4.0185,0,0,true,0,correct_route
SV,0.3,S2,2,31,an_080,true,4.0185,true,7,4.0185,0,0,true,0,correct_route
SV,0.3,S2,2,31,an_mode,true,4.0185,true,7,4.0185,0,0,true,0,correct_route
SV,0.3,S2,2,32,distance,true,4.5892,true,3,1.5916,424.804,1.2,false,-65.32,unsafe_route
SV,0.3,S2,2,32,proposed_050,true,4.5892,true,5,4.5892,0,0,true,0,correct_route
SV,0.3,S2,2,32,proposed_mode,true,4.5892,true,5,4.5892,0,0,true,0,correct_route
SV,0.3,S2,2,32,an_080,true,4.5892,true,5,4.5892,0,0,true,0,correct_route
SV,0.3,S2,2,32,an_mode,true,4.5892,true,5,4.5892,0,0,true,0,correct_route
SV,0.3,S2,2,33,distance,true,2.3876,true,7,2.2529,376.729,1.2,false,-5.64,unsafe_route
SV,0.3,S2,2,33,proposed_050,true,2.3876,true,7,2.3876,0,0,true,0,correct_route
SV,0.3,S2,2,33,proposed_mode,true,2.3876,true,7,2.3876,0,0,true,0,correct_route
SV,0.3,S2,2,33,an_080,true,2.3876,true,7,2.3876,0,0,true,0,correct_route
SV,0.3,S2,2,33,an_mode,true,2.3876,true,7,2.3876,0,0,true,0,correct_route
SV,0.3,S2,2,34,distance,true,2.2871,true,7,1.9227,369.609,1.2,false,-15.936,unsafe_route
SV,0.3,S2,2,34,proposed_050,true,2.2871,true,7,2.2871,0,0,true,0,correct_route
SV,0.3,S2,2,34,proposed_mode,true,2.2871,true,7,2.2871,0,0,true,0,correct_route
SV,0.3,S2,2,34,an_080,true,2.2871,true,7,2.2871,0,0,true,0,correct_route
SV,0.3,S2,2,34,an_mode,true,2.2871,true,7,2.2871,0,0,true,0,correct_route
SV,0.3,S2,2,35,distance,true,3.6916,true,7,3.6916,0,0,true,0,correct_route
SV,0.3,S2,2,35,proposed_050,true,3.6916,true,7,3.6916,0,0,true,0,correct_route
SV,0.3,S2,2,35,proposed_mode,true,3.6916,true,7,3.6916,0,0,true,0,correct_route
SV,0.3,S2,2,35,an_080,true,3.6916,true,7,3.6916,0,0,true,0,correct_route
SV,0.3,S2,2,35,an_mode,true,3.6916,true,7,3.6916,0,0,true,0,correct_route
SV,0.3,S2,2,36,distance,true,4.9758,true,7,4.5516,768.579,1.2,false,-8.525,unsafe_route
SV,0.3,S2,2,36,proposed_050,true,4.9758,true,7,4.9758,0,0,true,0,correct_route
SV,0.3,S2,2,36,proposed_mode,true,4.9758,true,7,4.9758,0,0,true,0,correct_route
SV,0.3,S2,2,36,an_080,true,4.9758,true,7,4.9758,0,0,true,0,correct_route
SV,0.3,S2,2,36,an_mode,true,4.9758,true,7,4.9758,0,0,true,0,correct_route
SV,0.3,S2,2,37,distance,true,3.8372,true,7,3.7026,376.729,1.2,false,-3.509,unsafe_route
SV,0.3,S2,2,37,proposed_050,true,3.8372,true,7,3.8372,0,0,true,0,correct_route
SV,0.3,S2,2,37,proposed_mode,true,3.8372,true,7,3.8372,0,0,true,0,correct_route
SV,0.3,S2,2,37,an_080,true,3.8372,true,7,3.8372,0,0,true,0,correct_route
SV,0.3,S2,2,37,an_mode,true,3.8372,true,7,3.8372,0,0,true,0,correct_route
SV,0.3,S2,2,38,distance,true,5.2587,true,7,4.8669,369.609,1.2,false,-7.451,unsafe_route
SV,0.3,S2,2,38,proposed_050,true,5.2587,true,7,5.2587,0,0,true,0,correct_route
SV,0.3,S2,2,38,proposed_mode,true,5.2587,true,7,5.2587,0,0,true,0,correct_route
SV,0.3,S2,2,38,an_080,true,5.2587,true,7,5.2587,0,0,true,0,correct_route
SV,0.3,S2,2,38,an_mode,true,5.2587,true,7,5.2587,0,0,true,0,correct_route
SV,0.3,S2,2,39,distance,true,6.797,true,3,3.8945,424.804,1.2,false,-42.703,unsafe_route
SV,0.3,S2,2,39,proposed_050,true,6.797,true,5,6.797,0,0,true,0,correct_route
SV,0.3,S2,2,39,proposed_mode,true,6.797,true,5,6.797,0,0,true,0,correct_route
SV,0.3,S2,2,39,an_080,true,6.797,true,5,6.797,0,0,true,0,correct_route
SV,0.3,S2,2,39,an_mode,true,6.797,true,5,6.797,0,0,true,0,correct_route
SV,0.3,S2,2,40,distance,true,5.3931,true,3,4.2719,379.727,1.2,false,-20.79,unsafe_route
SV,0.3,S2,2,40,proposed_050,true,5.3931,true,5,5.3931,0,0,true,0,correct_route
SV,0.3,S2,2,40,proposed_mode,true,5.3931,true,5,5.3931,0,0,true,0,correct_route
SV,0.3,S2,2,40,an_080,true,5.3931,true,5,5.3931,0,0,true,0,correct_route
SV,0.3,S2,2,40,an_mode,true,5.3931,true,5,5.3931,0,0,true,0,correct_route
LV,0.5,S2,2,1,distance,true,3.5648,true,9,3.5648,0,0,true,0,correct_route
LV,0.5,S2,2,1,proposed_050,true,3.5648,true,9,3.5648,0,0,true,0,correct_route
LV,0.5,S2,2,1,proposed_mode,true,3.5648,true,9,3.5648,0,0,true,0,correct_route
LV,0.5,S2,2,1,an_080,true,3.5648,true,9,3.5648,0,0,true,0,correct_route
LV,0.5,S2,2,1,an_mode,true,3.5648,true,9,3.5648,0,0,true,0,correct_route
LV,0.5,S2,2,2,distance,true,4.4419,true,4,4.4419,0,0,true,0,correct_route
LV,0.5,S2,2,2,proposed_050,true,4.4419,true,4,4.4419,0,0,true,0,correct_route
LV,0.5,S2,2,2,proposed_mode,true,4.4419,true,4,4.4419,0,0,true,0,correct_route
LV,0.5,S2,2,2,an_080,true,4.4419,true,4,4.4419,0,0,true,0,correct_route
LV,0.5,S2,2,2,an_mode,true,4.4419,true,4,4.4419,0,0,true,0,correct_route
LV,0.5,S2,2,3,distance,true,2.6507,true,9,2.6507,0,0,true,0,correct_route
LV,0.5,S2,2,3,proposed_050,true,2.6507,true,9,2.6507,0,0,true,0,correct_route
LV,0.5,S2,2,3,proposed_mode,true,2.6507,true,9,2.6507,0,0,true,0,correct_route
LV,0.5,S2,2,3,an_080,true,2.6507,true,9,2.6507,0,0,true,0,correct_route
LV,0.5,S2,2,3,an_mode,true,2.6507,true,9,2.6507,0,0,true,0,correct_route
LV,0.5,S2,2,4,distance,true,4.3464,true,4,4.3464,0,0,true,0,correct_route
LV,0.5,S2,2,4,proposed_050,true,4.3464,true,4,4.3464,0,0,true,0,correct_route
LV,0.5,S2,2,4,proposed_mode,true,4.3464,true,4,4.3464,0,0,true,0,correct_route
LV,0.5,S2,2,4,an_080,true,4.3464,true,4,4.3464,0,0,true,0,correct_route
LV,0.5,S2,2,4,an_mode,true,4.3464,true,4,4.3464,0,0,true,0,correct_route
LV,0.5,S2,2,5,distance,true,4.8013,true,4,4.4419,437.653,1.2,false,-7.485,unsafe_route
LV,0.5,S2,2,5,proposed_050,true,4.8013,true,4,4.8013,0,0,true,0,correct_route
LV,0.5,S2,2,5,proposed_mode,true,4.8013,true,4,4.8013,0,0,true,0,correct_route
LV,0.5,S2,2,5,an_080,true,4.8013,true,4,4.8013,0,0,true,0,correct_route
LV,0.5,S2,2,5,an_mode,true,4.8013,true,4,4.8013,0,0,true,0,correct_route
LV,0.5,S2,2,6,distance,true,0.7045,true,4,0.7045,0,0,true,0,correct_route
LV,0.5,S2,2,6,proposed_050,true,0.7045,true,4,0.7045,0,0,true,0,correct_route
LV,0.5,S2,2,6,proposed_mode,true,0.7045,true,4,0.7045,0,0,true,0,correct_route
LV,0.5,S2,2,6,an_080,true,0.7045,true,4,0.7045,0,0,true,0,correct_route
LV,0.5,S2,2,6,an_mode,true,0.7045,true,4,0.7045,0,0,true,0,correct_route
LV,0.5,S2,2,7,distance,true,2.9041,true,8,2.4584,812.197,1.2,false,-15.346,unsafe_route
LV,0.5,S2,2,7,proposed_050,true,2.9041,true,8,2.9041,0,0,true,0,correct_route
LV,0.5,S2,2,7,proposed_mode,true,2.9041,true,8,2.9041,0,0,true,0,correct_route
LV,0.5,S2,2,7,an_080,true,2.9041,true,8,2.9041,0,0,true,0,correct_route
LV,0.5,S2,2,7,an_mode,true,2.9041,true,8,2.9041,0,0,true,0,correct_route
LV,0.5,S2,2,8,distance,true,3.2259,true,4,2.2256,388.424,1.2,false,-31.007,unsafe_route
LV,0.5,S2,2,8,proposed_050,true,3.2259,true,4,3.2259,0,0,true,0,correct_route
LV,0.5,S2,2,8,proposed_mode,true,3.2259,true,4,3.2259,0,0,true,0,correct_route
LV,0.5,S2,2,8,an_080,true,3.2259,true,4,2.5061,141.733,0.6,false,-22.311,unsafe_route
LV,0.5,S2,2,8,an_mode,true,3.2259,true,4,3.2259,0,0,true,0,correct_route
LV,0.5,S2,2,9,distance,true,2.2269,true,8,2.2269,0,0,true,0,correct_route
LV,0.5,S2,2,9,proposed_050,true,2.2269,true,8,2.2269,0,0,true,0,correct_route
LV,0.5,S2,2,9,proposed_mode,true,2.2269,true,8,2.2269,0,0,true,0,correct_route
LV,0.5,S2,2,9,an_080,true,2.2269,true,8,2.2269,0,0,true,0,correct_route
LV,0.5,S2,2,9,an_mode,true,2.2269,true,8,2.2269,0,0,true,0,correct_route
LV,0.5,S2,2,10,distance,true,0.7573,true,9,0.7573,0,0,true,0,correct_route
LV,0.5,S2,2,10,proposed_050,true,0.7573,true,9,0.7573,0,0,true,0,correct_route
LV,0.5,S2,2,10,proposed_mode,true,0.7573,true,9,0.7573,0,0,true,0,correct_route
LV,0.5,S2,2,10,an_080,true,0.7573,true,9,0.7573,0,0,true,0,correct_route
LV,0.5,S2,2,10,an_mode,true,0.7573,true,9,0.7573,0,0,true,0,correct_route
LV,0.5,S2,2,11,distance,true,6.0772,true,4,5.077,388.424,1.2,false,-16.459,unsafe_route
LV,0.5,S2,2,11,proposed_050,true,6.0772,true,4,6.0772,0,0,true,0,correct_route
LV,0.5,S2,2,11,proposed_mode,true,6.0772,true,4,6.0772,0,0,true,0,correct_route
LV,0.5,S2,2,11,an_080,true,6.0772,true,4,5.3575,141.733,0.6,false,-11.843,unsafe_route
LV,0.5,S2,2,11,an_mode,true,6.0772,true,4,6.0772,0,0,true,0,correct_route
LV,0.5,S2,2,12,distance,true,5.6942,true,8,4.8102,793.577,1.2,false,-15.524,unsafe_route
LV,0.5,S2,2,12,proposed_050,true,5.6942,true,8,5.6942,0,0,true,0,correct_route
LV,0.5,S2,2,12,proposed_mode,true,5.6942,true,8,5.6942,0,0,true,0,correct_route
LV,0.5,S2,2,12,an_080,true,5.6942,true,8,5.417,64.533,0.6,false,-4.867,unsafe_route
LV,0.5,S2,2,12,an_mode,true,5.6942,true,8,5.6942,0,0,true,0,correct_route
LV,0.5,S2,2,13,distance,true,5.5532,true,4,5.3483,141.733,0.6,false,-3.689,unsafe_route
LV,0.5,S2,2,13,proposed_050,true,5.5532,true,4,5.5532,0,0,true,0,correct_route
LV,0.5,S2,2,13,proposed_mode,true,5.5532,true,4,5.5532,0,0,true,0,correct_route
LV,0.5,S2,2,13,an_080,true,5.5532,true,4,5.5532,0,0,true,0,correct_route
LV,0.5,S2,2,13,an_mode,true,5.5532,true,4,5.5532,0,0,true,0,correct_route
LV,0.5,S2,2,14,distance,true,2.2619,true,4,2.2619,0,0,true,0,correct_route
LV,0.5,S2,2,14,proposed_050,true,2.2619,true,4,2.2619,0,0,true,0,correct_route
LV,0.5,S2,2,14,proposed_mode,true,2.2619,true,4,2.2619,0,0,true,0,correct_route
LV,0.5,S2,2,14,an_080,true,2.2619,true,4,2.2619,0,0,true,0,correct_route
LV,0.5,S2,2,14,an_mode,true,2.2619,true,4,2.2619,0,0,true,0,correct_route
LV,0.5,S2,2,15,distance,true,3.9342,true,4,3.7294,141.733,0.6,false,-5.206,unsafe_route
LV,0.5,S2,2,15,proposed_050,true,3.9342,true,4,3.9342,0,0,true,0,correct_route
LV,0.5,S2,2,15,proposed_mode,true,3.9342,true,4,3.9342,0,0,true,0,correct_route
LV,0.5,S2,2,15,an_080,true,3.9342,true,4,3.9342,0,0,true,0,correct_route
LV,0.5,S2,2,15,an_mode,true,3.9342,true,4,3.9342,0,0,true,0,correct_route
LV,0.5,S2,2,16,distance,true,1.4535,true,8,1.4535,0,0,true,0,correct_route
LV,0.5,S2,2,16,proposed_050,true,1.4535,true,8,1.4535,0,0,true,0,correct_route
LV,0.5,S2,2,16,proposed_mode,true,1.4535,true,8,1.4535,0,0,true,0,correct_route
LV,0.5,S2,2,16,an_080,true,1.4535,true,8,1.4535,0,0,true,0,correct_route
LV,0.5,S2,2,16,an_mode,true,1.4535,true,8,1.4535,0,0,true,0,correct_route
LV,0.5,S2,2,17,distance,true,4.44,true,8,4.4279,793.577,1.2,false,-0.274,unsafe_route
LV,0.5,S2,2,17,proposed_050,true,4.44,true,5,4.44,0,0,true,0,correct_route
LV,0.5,S2,2,17,proposed_mode,true,4.44,true,5,4.44,0,0,true,0,correct_route
LV,0.5,S2,2,17,an_080,true,4.44,true,5,4.44,0,0,true,0,correct_route
LV,0.5,S2,2,17,an_mode,true,4.44,true,5,4.44,0,0,true,0,correct_route
LV,0.5,S2,2,18,distance,true,2.5997,true,8,2.343,64.533,0.6,false,-9.876,unsafe_route
LV,0.5,S2,2,18,proposed_050,true,2.5997,true,8,2.5997,0,0,true,0,correct_route
LV,0.5,S2,2,18,proposed_mode,true,2.5997,true,8,2.5997,0,0,true,0,correct_route
LV,0.5,S2,2,18,an_080,true,2.5997,true,8,2.343,64.533,0.6,false,-9.876,unsafe_route
LV,0.5,S2,2,18,an_mode,true,2.5997,true,8,2.5997,0,0,true,0,correct_route
LV,0.5,S2,2,19,distance,true,2.0721,true,8,2.0721,0,0,true,0,correct_route
LV,0.5,S2,2,19,proposed_050,true,2.0721,true,8,2.0721,0,0,true,0,correct_route
LV,0.5,S2,2,19,proposed_mode,true,2.0721,true,8,2.0721,0,0,true,0,correct_route
LV,0.5,S2,2,19,an_080,true,2.0721,true,8,2.0721,0,0,true,0,correct_route
LV,0.5,S2,2,19,an_mode,true,2.0721,true,8,2.0721,0,0,true,0,correct_route
LV,0.5,S2,2,20,distance,true,8.5508,true,7,8.4103,752.894,1.2,false,-1.643,unsafe_route
LV,0.5,S2,2,20,proposed_050,true,8.5508,true,7,8.5508,0,0,true,0,correct_route
LV,0.5,S2,2,20,proposed_mode,true,8.5508,true,7,8.5508,0,0,true,0,correct_route
LV,0.5,S2,2,20,an_080,true,8.5508,true,7,8.5508,0,0,true,0,correct_route
LV,0.5,S2,2,20,an_mode,true,8.5508,true,7,8.5508,0,0,true,0,correct_route
LV,0.5,S2,2,21,distance,true,1.5022,true,7,1.5022,0,0,true,0,correct_route
LV,0.5,S2,2,21,proposed_050,true,1.5022,true,7,1.5022,0,0,true,0,correct_route
LV,0.5,S2,2,21,proposed_mode,true,1.5022,true,7,1.5022,0,0,true,0,correct_route
LV,0.5,S2,2,21,an_080,true,1.5022,true,7,1.5022,0,0,true,0,correct_route
LV,0.5,S2,2,21,an_mode,true,1.5022,true,7,1.5022,0,0,true,0,correct_route
LV,0.5,S2,2,22,distance,true,2.2373,true,7,2.2373,0,0,true,0,correct_route
LV,0.5,S2,2,22,proposed_050,true,2.2373,true,7,2.2373,0,0,true,0,correct_route
LV,0.5,S2,2,22,proposed_mode,true,2.2373,true,7,2.2373,0,0,true,0,correct_route
LV,0.5,S2,2,22,an_080,true,2.2373,true,7,2.2373,0,0,true,0,correct_route
LV,0.5,S2,2,22,an_mode,true,2.2373,true,7,2.2373,0,0,true,0,correct_route
LV,0.5,S2,2,23,distance,true,5.8541,true,7,5.7136,752.894,1.2,false,-2.4,unsafe_route
LV,0.5,S2,2,23,proposed_050,true,5.8541,true,7,5.8541,0,0,true,0,correct_route
LV,0.5,S2,2,23,proposed_mode,true,5.8541,true,7,5.8541,0,0,true,0,correct_route
LV,0.5,S2,2,23,an_080,true,5.8541,true,7,5.8541,0,0,true,0,correct_route
LV,0.5,S2,2,23,an_mode,true,5.8541,true,7,5.8541,0,0,true,0,correct_route
LV,0.5,S2,2,24,distance,true,4.4108,true,7,3.7965,752.894,1.2,false,-13.926,unsafe_route
LV,0.5,S2,2,24,proposed_050,true,4.4108,true,7,4.4108,0,0,true,0,correct_route
LV,0.5,S2,2,24,proposed_mode,true,4.4108,true,7,4.4108,0,0,true,0,correct_route
LV,0.5,S2,2,24,an_080,true,4.4108,true,7,4.4108,0,0,true,0,correct_route
LV,0.5,S2,2,24,an_mode,true,4.4108,true,7,4.4108,0,0,true,0,correct_route
LV,0.5,S2,2,25,distance,true,2.019,true,5,2.019,0,0,true,0,correct_route
LV,0.5,S2,2,25,proposed_050,true,2.019,true,5,2.019,0,0,true,0,correct_route
LV,0.5,S2,2,25,proposed_mode,true,2.019,true,5,2.019,0,0,true,0,correct_route
LV,0.5,S2,2,25,an_080,true,2.019,true,5,2.019,0,0,true,0,correct_route
LV,0.5,S2,2,25,an_mode,true,2.019,true,5,2.019,0,0,true,0,correct_route
LV,0.5,S2,2,26,distance,true,1.0687,true,5,1.0687,0,0,true,0,correct_route
LV,0.5,S2,2,26,proposed_050,true,1.0687,true,5,1.0687,0,0,true,0,correct_route
LV,0.5,S2,2,26,proposed_mode,true,1.0687,true,5,1.0687,0,0,true,0,correct_route
LV,0.5,S2,2,26,an_080,true,1.0687,true,5,1.0687,0,0,true,0,correct_route
LV,0.5,S2,2,26,an_mode,true,1.0687,true,5,1.0687,0,0,true,0,correct_route
LV,0.5,S2,2,27,distance,true,2.8807,true,3,2.187,459.513,1.2,false,-24.079,unsafe_route
LV,0.5,S2,2,27,proposed_050,true,2.8807,true,5,2.8807,0,0,true,0,correct_route
LV,0.5,S2,2,27,proposed_mode,true,2.8807,true,5,2.8807,0,0,true,0,correct_route
LV,0.5,S2,2,27,an_080,true,2.8807,true,5,2.8807,0,0,true,0,correct_route
LV,0.5,S2,2,27,an_mode,true,2.8807,true,5,2.8807,0,0,true,0,correct_route
LV,0.5,S2,2,28,distance,true,3.6245,true,7,3.3577,369.609,1.2,false,-7.36,unsafe_route
LV,0.5,S2,2,28,proposed_050,true,3.6245,true,7,3.6245,0,0,true,0,correct_route
LV,0.5,S2,2,28,proposed_mode,true,3.6245,true,7,3.6245,0,0,true,0,correct_route
LV,0.5,S2,2,28,an_080,true,3.6245,true,7,3.6245,0,0,true,0,correct_route
LV,0.5,S2,2,28,an_mode,true,3.6245,true,7,3.6245,0,0,true,0,correct_route
LV,0.5,S2,2,29,distance,true,6.0363,true,7,5.5354,768.579,1.2,false,-8.299,unsafe_route
LV,0.5,S2,2,29,proposed_050,true,6.0363,true,7,6.0363,0,0,true,0,correct_route
LV,0.5,S2,2,29,proposed_mode,true,6.0363,true,7,6.0363,0,0,true,0,correct_route
LV,0.5,S2,2,29,an_080,true,6.0363,true,7,6.0363,0,0,true,0,correct_route
LV,0.5,S2,2,29,an_mode,true,6.0363,true,7,6.0363,0,0,true,0,correct_route
LV,0.5,S2,2,30,distance,true,3.5991,true,3,2.6793,379.727,1.2,false,-25.555,unsafe_route
LV,0.5,S2,2,30,proposed_050,true,3.5991,true,5,3.5991,0,0,true,0,correct_route
LV,0.5,S2,2,30,proposed_mode,true,3.5991,true,5,3.5991,0,0,true,0,correct_route
LV,0.5,S2,2,30,an_080,true,3.5991,true,5,3.5991,0,0,true,0,correct_route
LV,0.5,S2,2,30,an_mode,true,3.5991,true,5,3.5991,0,0,true,0,correct_route
LV,0.5,S2,2,31,distance,true,4.0185,true,7,3.5175,768.579,1.2,false,-12.466,unsafe_route
LV,0.5,S2,2,31,proposed_050,true,4.0185,true,7,4.0185,0,0,true,0,correct_route
LV,0.5,S2,2,31,proposed_mode,true,4.0185,true,7,4.0185,0,0,true,0,correct_route
LV,0.5,S2,2,31,an_080,true,4.0185,true,7,4.0185,0,0,true,0,correct_route
LV,0.5,S2,2,31,an_mode,true,4.0185,true,7,4.0185,0,0,true,0,correct_route
LV,0.5,S2,2,32,distance,true,4.5892,true,3,1.5916,424.804,1.2,false,-65.32,unsafe_route
LV,0.5,S2,2,32,proposed_050,true,4.5892,true,5,4.5892,0,0,true,0,correct_route
LV,0.5,S2,2,32,proposed_mode,true,4.5892,true,5,4.5892,0,0,true,0,correct_route
LV,0.5,S2,2,32,an_080,true,4.5892,true,5,4.5892,0,0,true,0,correct_route
LV,0.5,S2,2,32,an_mode,true,4.5892,true,5,4.5892,0,0,true,0,correct_route
LV,0.5,S2,2,33,distance,true,2.3876,true,7,2.2529,376.729,1.2,false,-5.64,unsafe_route
LV,0.5,S2,2,33,proposed_050,true,2.3876,true,7,2.3876,0,0,true,0,correct_route
LV,0.5,S2,2,33,proposed_mode,true,2.3876,true,7,2.3876,0,0,true,0,correct_route
LV,0.5,S2,2,33,an_080,true,2.3876,true,7,2.3876,0,0,true,0,correct_route
LV,0.5,S2,2,33,an_mode,true,2.3876,true,7,2.3876,0,0,true,0,correct_route
LV,0.5,S2,2,34,distance,true,2.2871,true,7,1.9227,369.609,1.2,false,-15.936,unsafe_route
LV,0.5,S2,2,34,proposed_050,true,2.2871,true,7,2.2871,0,0,true,0,correct_route
LV,0.5,S2,2,34,proposed_mode,true,2.2871,true,7,2.2871,0,0,true,0,correct_route
LV,0.5,S2,2,34,an_080,true,2.2871,true,7,2.2871,0,0,true,0,correct_route
LV,0.5,S2,2,34,an_mode,true,2.2871,true,7,2.2871,0,0,true,0,correct_route
LV,0.5,S2,2,35,distance,true,3.6916,true,7,3.6916,0,0,true,0,correct_route
LV,0.5,S2,2,35,proposed_050,true,3.6916,true,7,3.6916,0,0,true,0,correct_route
LV,0.5,S2,2,35,proposed_mode,true,3.6916,true,7,3.6916,0,0,true,0,correct_route
LV,0.5,S2,2,35,an_080,true,3.6916,true,7,3.6916,0,0,true,0,correct_route
LV,0.5,S2,2,35,an_mode,true,3.6916,true,7,3.6916,0,0,true,0,correct_route
LV,0.5,S2,2,36,distance,true,4.9758,true,7,4.5516,768.579,1.2,false,-8.525,unsafe_route
LV,0.5,S2,2,36,proposed_050,true,4.9758,true,7,4.9758,0,0,true,0,correct_route
LV,0.5,S2,2,36,proposed_mode,true,4.9758,true,7,4.9758,0,0,true,0,correct_route
LV,0.5,S2,2,36,an_080,true,4.9758,true,7,4.9758,0,0,true,0,correct_route
LV,0.5,S2,2,36,an_mode,true,4.9758,true,7,4.9758,0,0,true,0,correct_route
LV,0.5,S2,2,37,distance,true,3.8372,true,7,3.7026,376.729,1.2,false,-3.509,unsafe_route
LV,0.5,S2,2,37,proposed_050,true,3.8372,true,7,3.8372,0,0,true,0,correct_route
LV,0.5,S2,2,37,proposed_mode,true,3.8372,true,7,3.8372,0,0,true,0,correct_route
LV,0.5,S2,2,37,an_080,true,3.8372,true,7,3.8372,0,0,true,0,correct_route
LV,0.5,S2,2,37,an_mode,true,3.8372,true,7,3.8372,0,0,true,0,correct_route
LV,0.5,S2,2,38,distance,true,5.2587,true,7,4.8669,369.609,1.2,false,-7.451,unsafe_route
LV,0.5,S2,2,38,proposed_050,true,5.2587,true,7,5.2587,0,0,true,0,correct_route
LV,0.5,S2,2,38,proposed_mode,true,5.2587,true,7,5.2587,0,0,true,0,correct_route
LV,0.5,S2,2,38,an_080,true,5.2587,true,7,5.2587,0,0,true,0,correct_route
LV,0.5,S2,2,38,an_mode,true,5.2587,true,7,5.2587,0,0,true,0,correct_route
LV,0.5,S2,2,39,distance,true,6.797,true,3,3.8945,424.804,1.2,false,-42.703,unsafe_route
LV,0.5,S2,2,39,proposed_050,true,6.797,true,5,6.797,0,0,true,0,correct_route
LV,0.5,S2,2,39,proposed_mode,true,6.797,true,5,6.797,0,0,true,0,correct_route
LV,0.5,S2,2,39,an_080,true,6.797,true,5,6.797,0,0,true,0,correct_route
LV,0.5,S2,2,39,an_mode,true,6.797,true,5,6.797,0,0,true,0,correct_route
LV,0.5,S2,2,40,distance,true,5.3931,true,3,4.2719,379.727,1.2,false,-20.79,unsafe_route
LV,0.5,S2,2,40,proposed_050,true,5.3931,true,5,5.3931,0,0,true,0,correct_route
LV,0.5,S2,2,40,proposed_mode,true,5.3931,true,5,5.3931,0,0,true,0,correct_route
LV,0.5,S2,2,40,an_080,true,5.3931,true,5,5.3931,0,0,true,0,correct_route
LV,0.5,S2,2,40,an_mode,true,5.3931,true,5,5.3931,0,0,true,0,correct_route
AD,1.2,S2,2,1,distance,true,3.5648,true,9,3.5648,0,0,true,0,correct_route
AD,1.2,S2,2,1,proposed_050,true,3.5648,true,9,3.5648,0,0,true,0,correct_route
AD,1.2,S2,2,1,proposed_mode,true,3.5648,true,9,3.5648,0,0,true,0,correct_route
AD,1.2,S2,2,1,an_080,true,3.5648,true,9,3.5648,0,0,true,0,correct_route
AD,1.2,S2,2,1,an_mode,true,3.5648,true,9,3.5648,0,0,true,0,correct_route
AD,1.2,S2,2,2,distance,true,4.4419,true,4,4.4419,0,0,true,0,correct_route
AD,1.2,S2,2,2,proposed_050,true,4.4419,true,4,4.4419,0,0,true,0,correct_route
AD,1.2,S2,2,2,proposed_mode,true,4.4419,true,4,4.4419,0,0,true,0,correct_route
AD,1.2,S2,2,2,an_080,true,4.4419,true,4,4.4419,0,0,true,0,correct_route
AD,1.2,S2,2,2,an_mode,true,4.4419,true,4,4.4419,0,0,true,0,correct_route
AD,1.2,S2,2,3,distance,true,2.6507,true,9,2.6507,0,0,true,0,correct_route
AD,1.2,S2,2,3,proposed_050,true,2.6507,true,9,2.6507,0,0,true,0,correct_route
AD,1.2,S2,2,3,proposed_mode,true,2.6507,true,9,2.6507,0,0,true,0,correct_route
AD,1.2,S2,2,3,an_080,true,2.6507,true,9,2.6507,0,0,true,0,correct_route
AD,1.2,S2,2,3,an_mode,true,2.6507,true,9,2.6507,0,0,true,0,correct_route
AD,1.2,S2,2,4,distance,true,4.3464,true,4,4.3464,0,0,true,0,correct_route
AD,1.2,S2,2,4,proposed_050,true,4.3464,true,4,4.3464,0,0,true,0,correct_route
AD,1.2,S2,2,4,proposed_mode,true,4.3464,true,4,4.3464,0,0,true,0,correct_route
AD,1.2,S2,2,4,an_080,true,4.3464,true,4,4.3464,0,0,true,0,correct_route
AD,1.2,S2,2,4,an_mode,true,4.3464,true,4,4.3464,0,0,true,0,correct_route
AD,1.2,S2,2,5,distance,true,4.4419,true,4,4.4419,437.653,1.2,true,0,correct_route
AD,1.2,S2,2,5,proposed_050,true,4.4419,true,4,4.8013,0,0,true,8.091,correct_route
AD,1.2,S2,2,5,proposed_mode,true,4.4419,true,4,4.8013,0,0,true,8.091,correct_route
AD,1.2,S2,2,5,an_080,true,4.4419,true,4,4.8013,0,0,true,8.091,correct_route
AD,1.2,S2,2,5,an_mode,true,4.4419,true,4,4.8013,0,0,true,8.091,correct_route
AD,1.2,S2,2,6,distance,true,0.7045,true,4,0.7045,0,0,true,0,correct_route
AD,1.2,S2,2,6,proposed_050,true,0.7045,true,4,0.7045,0,0,true,0,correct_route
AD,1.2,S2,2,6,proposed_mode,true,0.7045,true,4,0.7045,0,0,true,0,correct_route
AD,1.2,S2,2,6,an_080,true,0.7045,true,4,0.7045,0,0,true,0,correct_route
AD,1.2,S2,2,6,an_mode,true,0.7045,true,4,0.7045,0,0,true,0,correct_route
AD,1.2,S2,2,7,distance,true,2.4584,true,8,2.4584,812.197,1.2,true,0,correct_route
AD,1.2,S2,2,7,proposed_050,true,2.4584,true,8,2.9041,0,0,true,18.128,correct_route
AD,1.2,S2,2,7,proposed_mode,true,2.4584,true,8,2.9041,0,0,true,18.128,correct_route
AD,1.2,S2,2,7,an_080,true,2.4584,true,8,2.9041,0,0,true,18.128,correct_route
AD,1.2,S2,2,7,an_mode,true,2.4584,true,8,2.9041,0,0,true,18.128,correct_route
AD,1.2,S2,2,8,distance,true,2.2256,true,4,2.2256,388.424,1.2,true,0,correct_route
AD,1.2,S2,2,8,proposed_050,true,2.2256,true,4,3.2259,0,0,true,44.942,correct_route
AD,1.2,S2,2,8,proposed_mode,true,2.2256,true,4,3.2259,0,0,true,44.942,correct_route
AD,1.2,S2,2,8,an_080,true,2.2256,true,4,2.5061,141.733,0.6,true,12.604,correct_route
AD,1.2,S2,2,8,an_mode,true,2.2256,true,4,2.2256,388.424,1.2,true,0,correct_route
AD,1.2,S2,2,9,distance,true,2.2269,true,8,2.2269,0,0,true,0,correct_route
AD,1.2,S2,2,9,proposed_050,true,2.2269,true,8,2.2269,0,0,true,0,correct_route
AD,1.2,S2,2,9,proposed_mode,true,2.2269,true,8,2.2269,0,0,true,0,correct_route
AD,1.2,S2,2,9,an_080,true,2.2269,true,8,2.2269,0,0,true,0,correct_route
AD,1.2,S2,2,9,an_mode,true,2.2269,true,8,2.2269,0,0,true,0,correct_route
AD,1.2,S2,2,10,distance,true,0.7573,true,9,0.7573,0,0,true,0,correct_route
AD,1.2,S2,2,10,proposed_050,true,0.7573,true,9,0.7573,0,0,true,0,correct_route
AD,1.2,S2,2,10,proposed_mode,true,0.7573,true,9,0.7573,0,0,true,0,correct_route
AD,1.2,S2,2,10,an_080,true,0.7573,true,9,0.7573,0,0,true,0,correct_route
AD,1.2,S2,2,10,an_mode,true,0.7573,true,9,0.7573,0,0,true,0,correct_route
AD,1.2,S2,2,11,distance,true,5.077,true,4,5.077,388.424,1.2,true,0,correct_route
AD,1.2,S2,2,11,proposed_050,true,5.077,true,4,6.0772,0,0,true,19.701,correct_route
AD,1.2,S2,2,11,proposed_mode,true,5.077,true,4,6.0772,0,0,true,19.701,correct_route
AD,1.2,S2,2,11,an_080,true,5.077,true,4,5.3575,141.733,0.6,true,5.525,correct_route
AD,1.2,S2,2,11,an_mode,true,5.077,true,4,5.077,388.424,1.2,true,0,correct_route
AD,1.2,S2,2,12,distance,true,4.8102,true,8,4.8102,793.577,1.2,true,0,correct_route
AD,1.2,S2,2,12,proposed_050,true,4.8102,true,8,5.6942,0,0,true,18.376,correct_route
AD,1.2,S2,2,12,proposed_mode,true,4.8102,true,8,5.6942,0,0,true,18.376,correct_route
AD,1.2,S2,2,12,an_080,true,4.8102,true,8,5.417,64.533,0.6,true,12.615,correct_route
AD,1.2,S2,2,12,an_mode,true,4.8102,true,8,5.417,64.533,0.6,true,12.615,correct_route
AD,1.2,S2,2,13,distance,true,5.3483,true,4,5.3483,141.733,0.6,true,0,correct_route
AD,1.2,S2,2,13,proposed_050,true,5.3483,true,4,5.5532,0,0,true,3.83,correct_route
AD,1.2,S2,2,13,proposed_mode,true,5.3483,true,4,5.5532,0,0,true,3.83,correct_route
AD,1.2,S2,2,13,an_080,true,5.3483,true,4,5.5532,0,0,true,3.83,correct_route
AD,1.2,S2,2,13,an_mode,true,5.3483,true,4,5.5532,0,0,true,3.83,correct_route
AD,1.2,S2,2,14,distance,true,2.2619,true,4,2.2619,0,0,true,0,correct_route
AD,1.2,S2,2,14,proposed_050,true,2.2619,true,4,2.2619,0,0,true,0,correct_route
AD,1.2,S2,2,14,proposed_mode,true,2.2619,true,4,2.2619,0,0,true,0,correct_route
AD,1.2,S2,2,14,an_080,true,2.2619,true,4,2.2619,0,0,true,0,correct_route
AD,1.2,S2,2,14,an_mode,true,2.2619,true,4,2.2619,0,0,true,0,correct_route
AD,1.2,S2,2,15,distance,true,3.7294,true,4,3.7294,141.733,0.6,true,0,correct_route
AD,1.2,S2,2,15,proposed_050,true,3.7294,true,4,3.9342,0,0,true,5.492,correct_route
AD,1.2,S2,2,15,proposed_mode,true,3.7294,true,4,3.9342,0,0,true,5.492,correct_route
AD,1.2,S2,2,15,an_080,true,3.7294,true,4,3.9342,0,0,true,5.492,correct_route
AD,1.2,S2,2,15,an_mode,true,3.7294,true,4,3.9342,0,0,true,5.492,correct_route
AD,1.2,S2,2,16,distance,true,1.4535,true,8,1.4535,0,0,true,0,correct_route
AD,1.2,S2,2,16,proposed_050,true,1.4535,true,8,1.4535,0,0,true,0,correct_route
AD,1.2,S2,2,16,proposed_mode,true,1.4535,true,8,1.4535,0,0,true,0,correct_route
AD,1.2,S2,2,16,an_080,true,1.4535,true,8,1.4535,0,0,true,0,correct_route
AD,1.2,S2,2,16,an_mode,true,1.4535,true,8,1.4535,0,0,true,0,correct_route
AD,1.2,S2,2,17,distance,true,4.4279,true,8,4.4279,793.577,1.2,true,0,correct_route
AD,1.2,S2,2,17,proposed_050,true,4.4279,true,5,4.44,0,0,true,0.275,correct_route
AD,1.2,S2,2,17,proposed_mode,true,4.4279,true,5,4.44,0,0,true,0.275,correct_route
AD,1.2,S2,2,17,an_080,true,4.4279,true,5,4.44,0,0,true,0.275,correct_route
AD,1.2,S2,2,17,an_mode,true,4.4279,true,5,4.44,0,0,true,0.275,correct_route
AD,1.2,S2,2,18,distance,true,2.343,true,8,2.343,64.533,0.6,true,0,correct_route
AD,1.2,S2,2,18,proposed_050,true,2.343,true,8,2.5997,0,0,true,10.958,correct_route
AD,1.2,S2,2,18,proposed_mode,true,2.343,true,8,2.5997,0,0,true,10.958,correct_route
AD,1.2,S2,2,18,an_080,true,2.343,true,8,2.343,64.533,0.6,true,0,correct_route
AD,1.2,S2,2,18,an_mode,true,2.343,true,8,2.343,64.533,0.6,true,0,correct_route
AD,1.2,S2,2,19,distance,true,2.0721,true,8,2.0721,0,0,true,0,correct_route
AD,1.2,S2,2,19,proposed_050,true,2.0721,true,8,2.0721,0,0,true,0,correct_route
AD,1.2,S2,2,19,proposed_mode,true,2.0721,true,8,2.0721,0,0,true,0,correct_route
AD,1.2,S2,2,19,an_080,true,2.0721,true,8,2.0721,0,0,true,0,correct_route
AD,1.2,S2,2,19,an_mode,true,2.0721,true,8,2.0721,0,0,true,0,correct_route
AD,1.2,S2,2,20,distance,true,8.4103,true,7,8.4103,752.894,1.2,true,0,correct_route
AD,1.2,S2,2,20,proposed_050,true,8.4103,true,7,8.5508,0,0,true,1.671,correct_route
AD,1.2,S2,2,20,proposed_mode,true,8.4103,true,7,8.5508,0,0,true,1.671,correct_route
AD,1.2,S2,2,20,an_080,true,8.4103,true,7,8.5508,0,0,true,1.671,correct_route
AD,1.2,S2,2,20,an_mode,true,8.4103,true,7,8.5508,0,0,true,1.671,correct_route
AD,1.2,S2,2,21,distance,true,1.5022,true,7,1.5022,0,0,true,0,correct_route
AD,1.2,S2,2,21,proposed_050,true,1.5022,true,7,1.5022,0,0,true,0,correct_route
AD,1.2,S2,2,21,proposed_mode,true,1.5022,true,7,1.5022,0,0,true,0,correct_route
AD,1.2,S2,2,21,an_080,true,1.5022,true,7,1.5022,0,0,true,0,correct_route
AD,1.2,S2,2,21,an_mode,true,1.5022,true,7,1.5022,0,0,true,0,correct_route
AD,1.2,S2,2,22,distance,true,2.2373,true,7,2.2373,0,0,true,0,correct_route
AD,1.2,S2,2,22,proposed_050,true,2.2373,true,7,2.2373,0,0,true,0,correct_route
AD,1.2,S2,2,22,proposed_mode,true,2.2373,true,7,2.2373,0,0,true,0,correct_route
AD,1.2,S2,2,22,an_080,true,2.2373,true,7,2.2373,0,0,true,0,correct_route
AD,1.2,S2,2,22,an_mode,true,2.2373,true,7,2.2373,0,0,true,0,correct_route
AD,1.2,S2,2,23,distance,true,5.7136,true,7,5.7136,752.894,1.2,true,0,correct_route
AD,1.2,S2,2,23,proposed_050,true,5.7136,true,7,5.8541,0,0,true,2.459,correct_route
AD,1.2,S2,2,23,proposed_mode,true,5.7136,true,7,5.8541,0,0,true,2.459,correct_route
AD,1.2,S2,2,23,an_080,true,5.7136,true,7,5.8541,0,0,true,2.459,correct_route
AD,1.2,S2,2,23,an_mode,true,5.7136,true,7,5.8541,0,0,true,2.459,correct_route
AD,1.2,S2,2,24,distance,true,3.7965,true,7,3.7965,752.894,1.2,true,0,correct_route
AD,1.2,S2,2,24,proposed_050,true,3.7965,true,7,4.4108,0,0,true,16.179,correct_route
AD,1.2,S2,2,24,proposed_mode,true,3.7965,true,7,4.4108,0,0,true,16.179,correct_route
AD,1.2,S2,2,24,an_080,true,3.7965,true,7,4.4108,0,0,true,16.179,correct_route
AD,1.2,S2,2,24,an_mode,true,3.7965,true,7,4.4108,0,0,true,16.179,correct_route
AD,1.2,S2,2,25,distance,true,2.019,true,5,2.019,0,0,true,0,correct_route
AD,1.2,S2,2,25,proposed_050,true,2.019,true,5,2.019,0,0,true,0,correct_route
AD,1.2,S2,2,25,proposed_mode,true,2.019,true,5,2.019,0,0,true,0,correct_route
AD,1.2,S2,2,25,an_080,true,2.019,true,5,2.019,0,0,true,0,correct_route
AD,1.2,S2,2,25,an_mode,true,2.019,true,5,2.019,0,0,true,0,correct_route
AD,1.2,S2,2,26,distance,true,1.0687,true,5,1.0687,0,0,true,0,correct_route
AD,1.2,S2,2,26,proposed_050,true,1.0687,true,5,1.0687,0,0,true,0,correct_route
AD,1.2,S2,2,26,proposed_mode,true,1.0687,true,5,1.0687,0,0,true,0,correct_route
AD,1.2,S2,2,26,an_080,true,1.0687,true,5,1.0687,0,0,true,0,correct_route
AD,1.2,S2,2,26,an_mode,true,1.0687,true,5,1.0687,0,0,true,0,correct_route
AD,1.2,S2,2,27,distance,true,2.187,true,3,2.187,459.513,1.2,true,0,correct_route
AD,1.2,S2,2,27,proposed_050,true,2.187,true,5,2.8807,0,0,true,31.716,correct_route
AD,1.2,S2,2,27,proposed_mode,true,2.187,true,5,2.8807,0,0,true,31.716,correct_route
AD,1.2,S2,2,27,an_080,true,2.187,true,5,2.8807,0,0,true,31.716,correct_route
AD,1.2,S2,2,27,an_mode,true,2.187,true,3,2.2093,432.991,1.2,true,1.017,correct_route
AD,1.2,S2,2,28,distance,true,3.3577,true,7,3.3577,369.609,1.2,true,0,correct_route
AD,1.2,S2,2,28,proposed_050,true,3.3577,true,7,3.6245,0,0,true,7.944,correct_route
AD,1.2,S2,2,28,proposed_mode,true,3.3577,true,7,3.6245,0,0,true,7.944,correct_route
AD,1.2,S2,2,28,an_080,true,3.3577,true,7,3.6245,0,0,true,7.944,correct_route
AD,1.2,S2,2,28,an_mode,true,3.3577,true,7,3.6245,0,0,true,7.944,correct_route
AD,1.2,S2,2,29,distance,true,5.5354,true,7,5.5354,768.579,1.2,true,0,correct_route
AD,1.2,S2,2,29,proposed_050,true,5.5354,true,7,6.0363,0,0,true,9.05,correct_route
AD,1.2,S2,2,29,proposed_mode,true,5.5354,true,7,6.0363,0,0,true,9.05,correct_route
AD,1.2,S2,2,29,an_080,true,5.5354,true,7,6.0363,0,0,true,9.05,correct_route
AD,1.2,S2,2,29,an_mode,true,5.5354,true,7,6.0363,0,0,true,9.05,correct_route
AD,1.2,S2,2,30,distance,true,2.6793,true,3,2.6793,379.727,1.2,true,0,correct_route
AD,1.2,S2,2,30,proposed_050,true,2.6793,true,5,3.5991,0,0,true,34.328,correct_route
AD,1.2,S2,2,30,proposed_mode,true,2.6793,true,5,3.5991,0,0,true,34.328,correct_route
AD,1.2,S2,2,30,an_080,true,2.6793,true,5,3.5991,0,0,true,34.328,correct_route
AD,1.2,S2,2,30,an_mode,true,2.6793,true,3,2.6793,379.727,1.2,true,0,correct_route
AD,1.2,S2,2,31,distance,true,3.5175,true,7,3.5175,768.579,1.2,true,0,correct_route
AD,1.2,S2,2,31,proposed_050,true,3.5175,true,7,4.0185,0,0,true,14.242,correct_route
AD,1.2,S2,2,31,proposed_mode,true,3.5175,true,7,4.0185,0,0,true,14.242,correct_route
AD,1.2,S2,2,31,an_080,true,3.5175,true,7,4.0185,0,0,true,14.242,correct_route
AD,1.2,S2,2,31,an_mode,true,3.5175,true,7,4.0185,0,0,true,14.242,correct_route
AD,1.2,S2,2,32,distance,true,1.5916,true,3,1.5916,424.804,1.2,true,0,correct_route
AD,1.2,S2,2,32,proposed_050,true,1.5916,true,5,4.5892,0,0,true,188.348,correct_route
AD,1.2,S2,2,32,proposed_mode,true,1.5916,true,5,4.5892,0,0,true,188.348,correct_route
AD,1.2,S2,2,32,an_080,true,1.5916,true,5,4.5892,0,0,true,188.348,correct_route
AD,1.2,S2,2,32,an_mode,true,1.5916,true,3,1.5916,424.804,1.2,true,0,correct_route
AD,1.2,S2,2,33,distance,true,2.2529,true,7,2.2529,376.729,1.2,true,0,correct_route
AD,1.2,S2,2,33,proposed_050,true,2.2529,true,7,2.3876,0,0,true,5.977,correct_route
AD,1.2,S2,2,33,proposed_mode,true,2.2529,true,7,2.3876,0,0,true,5.977,correct_route
AD,1.2,S2,2,33,an_080,true,2.2529,true,7,2.3876,0,0,true,5.977,correct_route
AD,1.2,S2,2,33,an_mode,true,2.2529,true,7,2.3876,0,0,true,5.977,correct_route
AD,1.2,S2,2,34,distance,true,1.9227,true,7,1.9227,369.609,1.2,true,0,correct_route
AD,1.2,S2,2,34,proposed_050,true,1.9227,true,7,2.2871,0,0,true,18.957,correct_route
AD,1.2,S2,2,34,proposed_mode,true,1.9227,true,7,2.2871,0,0,true,18.957,correct_route
AD,1.2,S2,2,34,an_080,true,1.9227,true,7,2.2871,0,0,true,18.957,correct_route
AD,1.2,S2,2,34,an_mode,true,1.9227,true,7,2.2871,0,0,true,18.957,correct_route
AD,1.2,S2,2,35,distance,true,3.6916,true,7,3.6916,0,0,true,0,correct_route
AD,1.2,S2,2,35,proposed_050,true,3.6916,true,7,3.6916,0,0,true,0,correct_route
AD,1.2,S2,2,35,proposed_mode,true,3.6916,true,7,3.6916,0,0,true,0,correct_route
AD,1.2,S2,2,35,an_080,true,3.6916,true,7,3.6916,0,0,true,0,correct_route
AD,1.2,S2,2,35,an_mode,true,3.6916,true,7,3.6916,0,0,true,0,correct_route
AD,1.2,S2,2,36,distance,true,4.5516,true,7,4.5516,768.579,1.2,true,0,correct_route
AD,1.2,S2,2,36,proposed_050,true,4.5516,true,7,4.9758,0,0,true,9.32,correct_route
AD,1.2,S2,2,36,proposed_mode,true,4.5516,true,7,4.9758,0,0,true,9.32,correct_route
AD,1.2,S2,2,36,an_080,true,4.5516,true,7,4.9758,0,0,true,9.32,correct_route
AD,1.2,S2,2,36,an_mode,true,4.5516,true,7,4.9758,0,0,true,9.32,correct_route
AD,1.2,S2,2,37,distance,true,3.7026,true,7,3.7026,376.729,1.2,true,0,correct_route
AD,1.2,S2,2,37,proposed_050,true,3.7026,true,7,3.8372,0,0,true,3.637,correct_route
AD,1.2,S2,2,37,proposed_mode,true,3.7026,true,7,3.8372,0,0,true,3.637,correct_route
AD,1.2,S2,2,37,an_080,true,3.7026,true,7,3.8372,0,0,true,3.637,correct_route
AD,1.2,S2,2,37,an_mode,true,3.7026,true,7,3.8372,0,0,true,3.637,correct_route
AD,1.2,S2,2,38,distance,true,4.8669,true,7,4.8669,369.609,1.2,true,0,correct_route
AD,1.2,S2,2,38,proposed_050,true,4.8669,true,7,5.2587,0,0,true,8.05,correct_route
AD,1.2,S2,2,38,proposed_mode,true,4.8669,true,7,5.2587,0,0,true,8.05,correct_route
AD,1.2,S2,2,38,an_080,true,4.8669,true,7,5.2587,0,0,true,8.05,correct_route
AD,1.2,S2,2,38,an_mode,true,4.8669,true,7,5.2587,0,0,true,8.05,correct_route
AD,1.2,S2,2,39,distance,true,3.8945,true,3,3.8945,424.804,1.2,true,0,correct_route
AD,1.2,S2,2,39,proposed_050,true,3.8945,true,5,6.797,0,0,true,74.529,correct_route
AD,1.2,S2,2,39,proposed_mode,true,3.8945,true,5,6.797,0,0,true,74.529,correct_route
AD,1.2,S2,2,39,an_080,true,3.8945,true,5,6.797,0,0,true,74.529,correct_route
AD,1.2,S2,2,39,an_mode,true,3.8945,true,3,3.8945,424.804,1.2,true,0,correct_route
AD,1.2,S2,2,40,distance,true,4.2719,true,3,4.2719,379.727,1.2,true,0,correct_route
AD,1.2,S2,2,40,proposed_050,true,4.2719,true,5,5.3931,0,0,true,26.246,correct_route
AD,1.2,S2,2,40,proposed_mode,true,4.2719,true,5,5.3931,0,0,true,26.246,correct_route
AD,1.2,S2,2,40,an_080,true,4.2719,true,5,5.3931,0,0,true,26.246,correct_route
AD,1.2,S2,2,40,an_mode,true,4.2719,true,3,4.2719,379.727,1.2,true,0,correct_route
SV,0.3,S3,0.5,1,distance,true,3.5648,true,9,3.5648,0,0,true,0,correct_route
SV,0.3,S3,0.5,1,proposed_050,true,3.5648,true,9,3.5648,0,0,true,0,correct_route
SV,0.3,S3,0.5,1,proposed_mode,true,3.5648,true,9,3.5648,0,0,true,0,correct_route
SV,0.3,S3,0.5,1,an_080,true,3.5648,true,9,3.5648,0,0,true,0,correct_route
SV,0.3,S3,0.5,1,an_mode,true,3.5648,true,9,3.5648,0,0,true,0,correct_route
SV,0.3,S3,0.5,2,distance,true,4.4419,true,4,4.4419,0,0,true,0,correct_route
SV,0.3,S3,0.5,2,proposed_050,true,4.4419,true,4,4.4419,0,0,true,0,correct_route
SV,0.3,S3,0.5,2,proposed_mode,true,4.4419,true,4,4.4419,0,0,true,0,correct_route
SV,0.3,S3,0.5,2,an_080,true,4.4419,true,4,4.4419,0,0,true,0,correct_route
SV,0.3,S3,0.5,2,an_mode,true,4.4419,true,4,4.4419,0,0,true,0,correct_route
SV,0.3,S3,0.5,3,distance,true,2.6507,true,9,2.6507,0,0,true,0,correct_route
SV,0.3,S3,0.5,3,proposed_050,true,2.6507,true,9,2.6507,0,0,true,0,correct_route
SV,0.3,S3,0.5,3,proposed_mode,true,2.6507,true,9,2.6507,0,0,true,0,correct_route
SV,0.3,S3,0.5,3,an_080,true,2.6507,true,9,2.6507,0,0,true,0,correct_route
SV,0.3,S3,0.5,3,an_mode,true,2.6507,true,9,2.6507,0,0,true,0,correct_route
SV,0.3,S3,0.5,4,distance,true,4.3464,true,4,4.3464,0,0,true,0,correct_route
SV,0.3,S3,0.5,4,proposed_050,true,4.3464,true,4,4.3464,0,0,true,0,correct_route
SV,0.3,S3,0.5,4,proposed_mode,true,4.3464,true,4,4.3464,0,0,true,0,correct_route
SV,0.3,S3,0.5,4,an_080,true,4.3464,true,4,4.3464,0,0,true,0,correct_route
SV,0.3,S3,0.5,4,an_mode,true,4.3464,true,4,4.3464,0,0,true,0,correct_route
SV,0.3,S3,0.5,5,distance,true,4.4419,true,4,4.4419,0,0,true,0,correct_route
SV,0.3,S3,0.5,5,proposed_050,true,4.4419,true,4,4.4419,0,0,true,0,correct_route
SV,0.3,S3,0.5,5,proposed_mode,true,4.4419,true,4,4.4419,0,0,true,0,correct_route
SV,0.3,S3,0.5,5,an_080,true,4.4419,true,4,4.4419,0,0,true,0,correct_route
SV,0.3,S3,0.5,5,an_mode,true,4.4419,true,4,4.4419,0,0,true,0,correct_route
SV,0.3,S3,0.5,6,distance,true,0.7045,true,4,0.7045,0,0,true,0,correct_route
SV,0.3,S3,0.5,6,proposed_050,true,0.7045,true,4,0.7045,0,0,true,0,correct_route
SV,0.3,S3,0.5,6,proposed_mode,true,0.7045,true,4,0.7045,0,0,true,0,correct_route
SV,0.3,S3,0.5,6,an_080,true,0.7045,true,4,0.7045,0,0,true,0,correct_route
SV,0.3,S3,0.5,6,an_mode,true,0.7045,true,4,0.7045,0,0,true,0,correct_route
SV,0.3,S3,0.5,7,distance,true,2.4584,true,8,2.4584,0,0,true,0,correct_route
SV,0.3,S3,0.5,7,proposed_050,true,2.4584,true,8,2.4584,0,0,true,0,correct_route
SV,0.3,S3,0.5,7,proposed_mode,true,2.4584,true,8,2.4584,0,0,true,0,correct_route
SV,0.3,S3,0.5,7,an_080,true,2.4584,true,8,2.4584,0,0,true,0,correct_route
SV,0.3,S3,0.5,7,an_mode,true,2.4584,true,8,2.4584,0,0,true,0,correct_route
SV,0.3,S3,0.5,8,distance,true,2.2256,true,4,2.2256,0,0,true,0,correct_route
SV,0.3,S3,0.5,8,proposed_050,true,2.2256,true,4,2.2256,0,0,true,0,correct_route
SV,0.3,S3,0.5,8,proposed_mode,true,2.2256,true,4,2.2256,0,0,true,0,correct_route
SV,0.3,S3,0.5,8,an_080,true,2.2256,true,4,2.2256,0,0,true,0,correct_route
SV,0.3,S3,0.5,8,an_mode,true,2.2256,true,4,2.2256,0,0,true,0,correct_route
SV,0.3,S3,0.5,9,distance,true,2.2269,true,8,2.2269,0,0,true,0,correct_route
SV,0.3,S3,0.5,9,proposed_050,true,2.2269,true,8,2.2269,0,0,true,0,correct_route
SV,0.3,S3,0.5,9,proposed_mode,true,2.2269,true,8,2.2269,0,0,true,0,correct_route
SV,0.3,S3,0.5,9,an_080,true,2.2269,true,8,2.2269,0,0,true,0,correct_route
SV,0.3,S3,0.5,9,an_mode,true,2.2269,true,8,2.2269,0,0,true,0,correct_route
SV,0.3,S3,0.5,10,distance,true,0.7573,true,9,0.7573,0,0,true,0,correct_route
SV,0.3,S3,0.5,10,proposed_050,true,0.7573,true,9,0.7573,0,0,true,0,correct_route
SV,0.3,S3,0.5,10,proposed_mode,true,0.7573,true,9,0.7573,0,0,true,0,correct_route
SV,0.3,S3,0.5,10,an_080,true,0.7573,true,9,0.7573,0,0,true,0,correct_route
SV,0.3,S3,0.5,10,an_mode,true,0.7573,true,9,0.7573,0,0,true,0,correct_route
SV,0.3,S3,0.5,11,distance,true,5.077,true,4,5.077,0,0,true,0,correct_route
SV,0.3,S3,0.5,11,proposed_050,true,5.077,true,4,5.077,0,0,true,0,correct_route
SV,0.3,S3,0.5,11,proposed_mode,true,5.077,true,4,5.077,0,0,true,0,correct_route
SV,0.3,S3,0.5,11,an_080,true,5.077,true,4,5.077,0,0,true,0,correct_route
SV,0.3,S3,0.5,11,an_mode,true,5.077,true,4,5.077,0,0,true,0,correct_route
SV,0.3,S3,0.5,12,distance,true,4.8102,true,8,4.8102,0,0,true,0,correct_route
SV,0.3,S3,0.5,12,proposed_050,true,4.8102,true,8,4.8102,0,0,true,0,correct_route
SV,0.3,S3,0.5,12,proposed_mode,true,4.8102,true,8,4.8102,0,0,true,0,correct_route
SV,0.3,S3,0.5,12,an_080,true,4.8102,true,8,4.8102,0,0,true,0,correct_route
SV,0.3,S3,0.5,12,an_mode,true,4.8102,true,8,4.8102,0,0,true,0,correct_route
SV,0.3,S3,0.5,13,distance,true,5.3483,true,4,5.3483,0,0,true,0,correct_route
SV,0.3,S3,0.5,13,proposed_050,true,5.3483,true,4,5.3483,0,0,true,0,correct_route
SV,0.3,S3,0.5,13,proposed_mode,true,5.3483,true,4,5.3483,0,0,true,0,correct_route
SV,0.3,S3,0.5,13,an_080,true,5.3483,true,4,5.3483,0,0,true,0,correct_route
SV,0.3,S3,0.5,13,an_mode,true,5.3483,true,4,5.3483,0,0,true,0,correct_route
SV,0.3,S3,0.5,14,distance,true,2.2619,true,4,2.2619,0,0,true,0,correct_route
SV,0.3,S3,0.5,14,proposed_050,true,2.2619,true,4,2.2619,0,0,true,0,correct_route
SV,0.3,S3,0.5,14,proposed_mode,true,2.2619,true,4,2.2619,0,0,true,0,correct_route
SV,0.3,S3,0.5,14,an_080,true,2.2619,true,4,2.2619,0,0,true,0,correct_route
SV,0.3,S3,0.5,14,an_mode,true,2.2619,true,4,2.2619,0,0,true,0,correct_route
SV,0.3,S3,0.5,15,distance,true,3.7294,true,4,3.7294,0,0,true,0,correct_route
SV,0.3,S3,0.5,15,proposed_050,true,3.7294,true,4,3.7294,0,0,true,0,correct_route
SV,0.3,S3,0.5,15,proposed_mode,true,3.7294,true,4,3.7294,0,0,true,0,correct_route
SV,0.3,S3,0.5,15,an_080,true,3.7294,true,4,3.7294,0,0,true,0,correct_route
SV,0.3,S3,0.5,15,an_mode,true,3.7294,true,4,3.7294,0,0,true,0,correct_route
SV,0.3,S3,0.5,16,distance,true,1.4535,true,8,1.4535,0,0,true,0,correct_route
SV,0.3,S3,0.5,16,proposed_050,true,1.4535,true,8,1.4535,0,0,true,0,correct_route
SV,0.3,S3,0.5,16,proposed_mode,true,1.4535,true,8,1.4535,0,0,true,0,correct_route
SV,0.3,S3,0.5,16,an_080,true,1.4535,true,8,1.4535,0,0,true,0,correct_route
SV,0.3,S3,0.5,16,an_mode,true,1.4535,true,8,1.4535,0,0,true,0,correct_route
SV,0.3,S3,0.5,17,distance,true,4.4279,true,8,4.4279,0,0,true,0,correct_route
SV,0.3,S3,0.5,17,proposed_050,true,4.4279,true,8,4.4279,0,0,true,0,correct_route
SV,0.3,S3,0.5,17,proposed_mode,true,4.4279,true,8,4.4279,0,0,true,0,correct_route
SV,0.3,S3,0.5,17,an_080,true,4.4279,true,8,4.4279,0,0,true,0,correct_route
SV,0.3,S3,0.5,17,an_mode,true,4.4279,true,8,4.4279,0,0,true,0,correct_route
SV,0.3,S3,0.5,18,distance,true,2.343,true,8,2.343,0,0,true,0,correct_route
SV,0.3,S3,0.5,18,proposed_050,true,2.343,true,8,2.343,0,0,true,0,correct_route
SV,0.3,S3,0.5,18,proposed_mode,true,2.343,true,8,2.343,0,0,true,0,correct_route
SV,0.3,S3,0.5,18,an_080,true,2.343,true,8,2.343,0,0,true,0,correct_route
SV,0.3,S3,0.5,18,an_mode,true,2.343,true,8,2.343,0,0,true,0,correct_route
SV,0.3,S3,0.5,19,distance,true,2.0721,true,8,2.0721,0,0,true,0,correct_route
SV,0.3,S3,0.5,19,proposed_050,true,2.0721,true,8,2.0721,0,0,true,0,correct_route
SV,0.3,S3,0.5,19,proposed_mode,true,2.0721,true,8,2.0721,0,0,true,0,correct_route
SV,0.3,S3,0.5,19,an_080,true,2.0721,true,8,2.0721,0,0,true,0,correct_route
SV,0.3,S3,0.5,19,an_mode,true,2.0721,true,8,2.0721,0,0,true,0,correct_route
SV,0.3,S3,0.5,20,distance,true,8.4103,true,7,8.4103,117.691,0.3,true,0,correct_route
SV,0.3,S3,0.5,20,proposed_050,true,8.4103,true,4,10.531,0,0,true,25.216,correct_route
SV,0.3,S3,0.5,20,proposed_mode,true,8.4103,true,4,10.531,0,0,true,25.216,correct_route
SV,0.3,S3,0.5,20,an_080,true,8.4103,true,7,8.4103,117.691,0.3,true,0,correct_route
SV,0.3,S3,0.5,20,an_mode,true,8.4103,true,7,8.4103,117.691,0.3,true,0,correct_route
SV,0.3,S3,0.5,21,distance,true,1.5022,true,7,1.5022,92.927,0.3,true,0,correct_route
SV,0.3,S3,0.5,21,proposed_050,true,1.5022,true,5,3.6688,0,0,true,144.228,correct_route
SV,0.3,S3,0.5,21,proposed_mode,true,1.5022,true,5,3.6688,0,0,true,144.228,correct_route
SV,0.3,S3,0.5,21,an_080,true,1.5022,true,7,1.5022,92.927,0.3,true,0,correct_route
SV,0.3,S3,0.5,21,an_mode,true,1.5022,true,7,1.5022,92.927,0.3,true,0,correct_route
SV,0.3,S3,0.5,22,distance,true,2.2373,true,7,2.2373,105.331,0.3,true,0,correct_route
SV,0.3,S3,0.5,22,proposed_050,true,2.2373,true,4,4.7098,0,0,true,110.51,correct_route
SV,0.3,S3,0.5,22,proposed_mode,true,2.2373,true,4,4.7098,0,0,true,110.51,correct_route
SV,0.3,S3,0.5,22,an_080,true,2.2373,true,7,2.2373,105.331,0.3,true,0,correct_route
SV,0.3,S3,0.5,22,an_mode,true,2.2373,true,7,2.2373,105.331,0.3,true,0,correct_route
SV,0.3,S3,0.5,23,distance,true,5.7136,true,7,5.7136,117.691,0.3,true,0,correct_route
SV,0.3,S3,0.5,23,proposed_050,true,5.7136,true,4,6.9948,0,0,true,22.424,correct_route
SV,0.3,S3,0.5,23,proposed_mode,true,5.7136,true,4,6.9948,0,0,true,22.424,correct_route
SV,0.3,S3,0.5,23,an_080,true,5.7136,true,7,5.7136,117.691,0.3,true,0,correct_route
SV,0.3,S3,0.5,23,an_mode,true,5.7136,true,7,5.7136,117.691,0.3,true,0,correct_route
SV,0.3,S3,0.5,24,distance,true,3.7965,true,7,3.7965,117.691,0.3,true,0,correct_route
SV,0.3,S3,0.5,24,proposed_050,true,3.7965,true,7,4.2558,87.971,0.3,true,12.098,correct_route
SV,0.3,S3,0.5,24,proposed_mode,true,3.7965,true,7,4.2558,87.971,0.3,true,12.098,correct_route
SV,0.3,S3,0.5,24,an_080,true,3.7965,true,7,3.7965,117.691,0.3,true,0,correct_route
SV,0.3,S3,0.5,24,an_mode,true,3.7965,true,7,3.7965,117.691,0.3,true,0,correct_route
SV,0.3,S3,0.5,25,distance,true,2.019,true,5,2.019,0,0,true,0,correct_route
SV,0.3,S3,0.5,25,proposed_050,true,2.019,true,5,2.019,0,0,true,0,correct_route
SV,0.3,S3,0.5,25,proposed_mode,true,2.019,true,5,2.019,0,0,true,0,correct_route
SV,0.3,S3,0.5,25,an_080,true,2.019,true,5,2.019,0,0,true,0,correct_route
SV,0.3,S3,0.5,25,an_mode,true,2.019,true,5,2.019,0,0,true,0,correct_route
SV,0.3,S3,0.5,26,distance,true,1.0687,true,5,1.0687,0,0,true,0,correct_route
SV,0.3,S3,0.5,26,proposed_050,true,1.0687,true,5,1.0687,0,0,true,0,correct_route
SV,0.3,S3,0.5,26,proposed_mode,true,1.0687,true,5,1.0687,0,0,true,0,correct_route
SV,0.3,S3,0.5,26,an_080,true,1.0687,true,5,1.0687,0,0,true,0,correct_route
SV,0.3,S3,0.5,26,an_mode,true,1.0687,true,5,1.0687,0,0,true,0,correct_route
SV,0.3,S3,0.5,27,distance,true,2.187,true,3,2.187,0,0,true,0,correct_route
SV,0.3,S3,0.5,27,proposed_050,true,2.187,true,3,2.187,0,0,true,0,correct_route
SV,0.3,S3,0.5,27,proposed_mode,true,2.187,true,3,2.187,0,0,true,0,correct_route
SV,0.3,S3,0.5,27,an_080,true,2.187,true,3,2.187,0,0,true,0,correct_route
SV,0.3,S3,0.5,27,an_mode,true,2.187,true,3,2.187,0,0,true,0,correct_route
SV,0.3,S3,0.5,28,distance,true,3.3577,true,7,3.3577,91.19,0.3,true,0,correct_route
SV,0.3,S3,0.5,28,proposed_050,true,3.3577,true,3,3.8719,0,0,true,15.313,correct_route
SV,0.3,S3,0.5,28,proposed_mode,true,3.3577,true,3,3.8719,0,0,true,15.313,correct_route
SV,0.3,S3,0.5,28,an_080,true,3.3577,true,7,3.3577,91.19,0.3,true,0,correct_route
SV,0.3,S3,0.5,28,an_mode,true,3.3577,true,7,3.3577,91.19,0.3,true,0,correct_route
SV,0.3,S3,0.5,29,distance,true,5.5354,true,7,5.5354,117.691,0.3,true,0,correct_route
SV,0.3,S3,0.5,29,proposed_050,true,5.5354,true,4,8.6823,0,0,true,56.852,correct_route
SV,0.3,S3,0.5,29,proposed_mode,true,5.5354,true,4,8.6823,0,0,true,56.852,correct_route
SV,0.3,S3,0.5,29,an_080,true,5.5354,true,7,5.5354,117.691,0.3,true,0,correct_route
SV,0.3,S3,0.5,29,an_mode,true,5.5354,true,7,5.5354,117.691,0.3,true,0,correct_route
SV,0.3,S3,0.5,30,distance,true,2.6793,true,3,2.6793,0,0,true,0,correct_route
SV,0.3,S3,0.5,30,proposed_050,true,2.6793,true,3,2.6793,0,0,true,0,correct_route
SV,0.3,S3,0.5,30,proposed_mode,true,2.6793,true,3,2.6793,0,0,true,0,correct_route
SV,0.3,S3,0.5,30,an_080,true,2.6793,true,3,2.6793,0,0,true,0,correct_route
SV,0.3,S3,0.5,30,an_mode,true,2.6793,true,3,2.6793,0,0,true,0,correct_route
SV,0.3,S3,0.5,31,distance,true,3.5175,true,7,3.5175,117.691,0.3,true,0,correct_route
SV,0.3,S3,0.5,31,proposed_050,true,3.5175,true,7,3.8693,87.971,0.3,true,10,correct_route
SV,0.3,S3,0.5,31,proposed_mode,true,3.5175,true,7,3.8693,87.971,0.3,true,10,correct_route
SV,0.3,S3,0.5,31,an_080,true,3.5175,true,7,3.5175,117.691,0.3,true,0,correct_route
SV,0.3,S3,0.5,31,an_mode,true,3.5175,true,7,3.5175,117.691,0.3,true,0,correct_route
SV,0.3,S3,0.5,32,distance,true,1.5916,true,3,1.5916,0,0,true,0,correct_route
SV,0.3,S3,0.5,32,proposed_050,true,1.5916,true,3,1.5916,0,0,true,0,correct_route
SV,0.3,S3,0.5,32,proposed_mode,true,1.5916,true,3,1.5916,0,0,true,0,correct_route
SV,0.3,S3,0.5,32,an_080,true,1.5916,true,3,1.5916,0,0,true,0,correct_route
SV,0.3,S3,0.5,32,an_mode,true,1.5916,true,3,1.5916,0,0,true,0,correct_route
SV,0.3,S3,0.5,33,distance,true,2.2529,true,7,2.2529,117.691,0.3,true,0,correct_route
SV,0.3,S3,0.5,33,proposed_050,true,2.2529,true,7,2.3876,87.971,0.3,true,5.977,correct_route
SV,0.3,S3,0.5,33,proposed_mode,true,2.2529,true,7,2.3876,87.971,0.3,true,5.977,correct_route
SV,0.3,S3,0.5,33,an_080,true,2.2529,true,7,2.2529,117.691,0.3,true,0,correct_route
SV,0.3,S3,0.5,33,an_mode,true,2.2529,true,7,2.2529,117.691,0.3,true,0,correct_route
SV,0.3,S3,0.5,34,distance,true,1.9227,true,7,1.9227,91.19,0.3,true,0,correct_route
SV,0.3,S3,0.5,34,proposed_050,true,1.9227,true,7,1.9227,91.19,0.3,true,0,correct_route
SV,0.3,S3,0.5,34,proposed_mode,true,1.9227,true,7,1.9227,91.19,0.3,true,0,correct_route
SV,0.3,S3,0.5,34,an_080,true,1.9227,true,7,1.9227,91.19,0.3,true,0,correct_route
SV,0.3,S3,0.5,34,an_mode,true,1.9227,true,7,1.9227,91.19,0.3,true,0,correct_route
SV,0.3,S3,0.5,35,distance,true,3.6916,true,7,3.6916,87.971,0.3,true,0,correct_route
SV,0.3,S3,0.5,35,proposed_050,true,3.6916,true,7,3.7,91.19,0.3,true,0.226,correct_route
SV,0.3,S3,0.5,35,proposed_mode,true,3.6916,true,7,3.7,91.19,0.3,true,0.226,correct_route
SV,0.3,S3,0.5,35,an_080,true,3.6916,true,7,3.6916,87.971,0.3,true,0,correct_route
SV,0.3,S3,0.5,35,an_mode,true,3.6916,true,7,3.6916,87.971,0.3,true,0,correct_route
SV,0.3,S3,0.5,36,distance,true,4.5516,true,7,4.5516,117.691,0.3,true,0,correct_route
SV,0.3,S3,0.5,36,proposed_050,true,4.5516,true,7,4.9033,87.971,0.3,true,7.728,correct_route
SV,0.3,S3,0.5,36,proposed_mode,true,4.5516,true,7,4.9033,87.971,0.3,true,7.728,correct_route
SV,0.3,S3,0.5,36,an_080,true,4.5516,true,7,4.5516,117.691,0.3,true,0,correct_route
SV,0.3,S3,0.5,36,an_mode,true,4.5516,true,7,4.5516,117.691,0.3,true,0,correct_route
SV,0.3,S3,0.5,37,distance,true,3.7026,true,7,3.7026,117.691,0.3,true,0,correct_route
SV,0.3,S3,0.5,37,proposed_050,true,3.7026,true,7,3.8372,87.971,0.3,true,3.637,correct_route
SV,0.3,S3,0.5,37,proposed_mode,true,3.7026,true,7,3.8372,87.971,0.3,true,3.637,correct_route
SV,0.3,S3,0.5,37,an_080,true,3.7026,true,7,3.7026,117.691,0.3,true,0,correct_route
SV,0.3,S3,0.5,37,an_mode,true,3.7026,true,7,3.7026,117.691,0.3,true,0,correct_route
SV,0.3,S3,0.5,38,distance,true,4.8669,true,7,4.8669,91.19,0.3,true,0,correct_route
SV,0.3,S3,0.5,38,proposed_050,true,4.8669,true,5,6.107,0,0,true,25.479,correct_route
SV,0.3,S3,0.5,38,proposed_mode,true,4.8669,true,5,6.107,0,0,true,25.479,correct_route
SV,0.3,S3,0.5,38,an_080,true,4.8669,true,7,4.8669,91.19,0.3,true,0,correct_route
SV,0.3,S3,0.5,38,an_mode,true,4.8669,true,7,4.8669,91.19,0.3,true,0,correct_route
SV,0.3,S3,0.5,39,distance,true,3.8945,true,3,3.8945,0,0,true,0,correct_route
SV,0.3,S3,0.5,39,proposed_050,true,3.8945,true,3,3.8945,0,0,true,0,correct_route
SV,0.3,S3,0.5,39,proposed_mode,true,3.8945,true,3,3.8945,0,0,true,0,correct_route
SV,0.3,S3,0.5,39,an_080,true,3.8945,true,3,3.8945,0,0,true,0,correct_route
SV,0.3,S3,0.5,39,an_mode,true,3.8945,true,3,3.8945,0,0,true,0,correct_route
SV,0.3,S3,0.5,40,distance,true,4.2719,true,3,4.2719,0,0,true,0,correct_route
SV,0.3,S3,0.5,40,proposed_050,true,4.2719,true,3,4.2719,0,0,true,0,correct_route
SV,0.3,S3,0.5,40,proposed_mode,true,4.2719,true,3,4.2719,0,0,true,0,correct_route
SV,0.3,S3,0.5,40,an_080,true,4.2719,true,3,4.2719,0,0,true,0,correct_route
SV,0.3,S3,0.5,40,an_mode,true,4.2719,true,3,4.2719,0,0,true,0,correct_route
LV,0.5,S3,0.5,1,distance,true,3.5648,true,9,3.5648,0,0,true,0,correct_route
LV,0.5,S3,0.5,1,proposed_050,true,3.5648,true,9,3.5648,0,0,true,0,correct_route
LV,0.5,S3,0.5,1,proposed_mode,true,3.5648,true,9,3.5648,0,0,true,0,correct_route
LV,0.5,S3,0.5,1,an_080,true,3.5648,true,9,3.5648,0,0,true,0,correct_route
LV,0.5,S3,0.5,1,an_mode,true,3.5648,true,9,3.5648,0,0,true,0,correct_route
LV,0.5,S3,0.5,2,distance,true,4.4419,true,4,4.4419,0,0,true,0,correct_route
LV,0.5,S3,0.5,2,proposed_050,true,4.4419,true,4,4.4419,0,0,true,0,correct_route
LV,0.5,S3,0.5,2,proposed_mode,true,4.4419,true,4,4.4419,0,0,true,0,correct_route
LV,0.5,S3,0.5,2,an_080,true,4.4419,true,4,4.4419,0,0,true,0,correct_route
LV,0.5,S3,0.5,2,an_mode,true,4.4419,true,4,4.4419,0,0,true,0,correct_route
LV,0.5,S3,0.5,3,distance,true,2.6507,true,9,2.6507,0,0,true,0,correct_route
LV,0.5,S3,0.5,3,proposed_050,true,2.6507,true,9,2.6507,0,0,true,0,correct_route
LV,0.5,S3,0.5,3,proposed_mode,true,2.6507,true,9,2.6507,0,0,true,0,correct_route
LV,0.5,S3,0.5,3,an_080,true,2.6507,true,9,2.6507,0,0,true,0,correct_route
LV,0.5,S3,0.5,3,an_mode,true,2.6507,true,9,2.6507,0,0,true,0,correct_route
LV,0.5,S3,0.5,4,distance,true,4.3464,true,4,4.3464,0,0,true,0,correct_route
LV,0.5,S3,0.5,4,proposed_050,true,4.3464,true,4,4.3464,0,0,true,0,correct_route
LV,0.5,S3,0.5,4,proposed_mode,true,4.3464,true,4,4.3464,0,0,true,0,correct_route
LV,0.5,S3,0.5,4,an_080,true,4.3464,true,4,4.3464,0,0,true,0,correct_route
LV,0.5,S3,0.5,4,an_mode,true,4.3464,true,4,4.3464,0,0,true,0,correct_route
LV,0.5,S3,0.5,5,distance,true,4.4419,true,4,4.4419,0,0,true,0,correct_route
LV,0.5,S3,0.5,5,proposed_050,true,4.4419,true,4,4.4419,0,0,true,0,correct_route
LV,0.5,S3,0.5,5,proposed_mode,true,4.4419,true,4,4.4419,0,0,true,0,correct_route
LV,0.5,S3,0.5,5,an_080,true,4.4419,true,4,4.4419,0,0,true,0,correct_route
LV,0.5,S3,0.5,5,an_mode,true,4.4419,true,4,4.4419,0,0,true,0,correct_route
LV,0.5,S3,0.5,6,distance,true,0.7045,true,4,0.7045,0,0,true,0,correct_route
LV,0.5,S3,0.5,6,proposed_050,true,0.7045,true,4,0.7045,0,0,true,0,correct_route
LV,0.5,S3,0.5,6,proposed_mode,true,0.7045,true,4,0.7045,0,0,true,0,correct_route
LV,0.5,S3,0.5,6,an_080,true,0.7045,true,4,0.7045,0,0,true,0,correct_route
LV,0.5,S3,0.5,6,an_mode,true,0.7045,true,4,0.7045,0,0,true,0,correct_route
LV,0.5,S3,0.5,7,distance,true,2.4584,true,8,2.4584,0,0,true,0,correct_route
LV,0.5,S3,0.5,7,proposed_050,true,2.4584,true,8,2.4584,0,0,true,0,correct_route
LV,0.5,S3,0.5,7,proposed_mode,true,2.4584,true,8,2.4584,0,0,true,0,correct_route
LV,0.5,S3,0.5,7,an_080,true,2.4584,true,8,2.4584,0,0,true,0,correct_route
LV,0.5,S3,0.5,7,an_mode,true,2.4584,true,8,2.4584,0,0,true,0,correct_route
LV,0.5,S3,0.5,8,distance,true,2.2256,true,4,2.2256,0,0,true,0,correct_route
LV,0.5,S3,0.5,8,proposed_050,true,2.2256,true,4,2.2256,0,0,true,0,correct_route
LV,0.5,S3,0.5,8,proposed_mode,true,2.2256,true,4,2.2256,0,0,true,0,correct_route
LV,0.5,S3,0.5,8,an_080,true,2.2256,true,4,2.2256,0,0,true,0,correct_route
LV,0.5,S3,0.5,8,an_mode,true,2.2256,true,4,2.2256,0,0,true,0,correct_route
LV,0.5,S3,0.5,9,distance,true,2.2269,true,8,2.2269,0,0,true,0,correct_route
LV,0.5,S3,0.5,9,proposed_050,true,2.2269,true,8,2.2269,0,0,true,0,correct_route
LV,0.5,S3,0.5,9,proposed_mode,true,2.2269,true,8,2.2269,0,0,true,0,correct_route
LV,0.5,S3,0.5,9,an_080,true,2.2269,true,8,2.2269,0,0,true,0,correct_route
LV,0.5,S3,0.5,9,an_mode,true,2.2269,true,8,2.2269,0,0,true,0,correct_route
LV,0.5,S3,0.5,10,distance,true,0.7573,true,9,0.7573,0,0,true,0,correct_route
LV,0.5,S3,0.5,10,proposed_050,true,0.7573,true,9,0.7573,0,0,true,0,correct_route
LV,0.5,S3,0.5,10,proposed_mode,true,0.7573,true,9,0.7573,0,0,true,0,correct_route
LV,0.5,S3,0.5,10,an_080,true,0.7573,true,9,0.7573,0,0,true,0,correct_route
LV,0.5,S3,0.5,10,an_mode,true,0.7573,true,9,0.7573,0,0,true,0,correct_route
LV,0.5,S3,0.5,11,distance,true,5.077,true,4,5.077,0,0,true,0,correct_route
LV,0.5,S3,0.5,11,proposed_050,true,5.077,true,4,5.077,0,0,true,0,correct_route
LV,0.5,S3,0.5,11,proposed_mode,true,5.077,true,4,5.077,0,0,true,0,correct_route
LV,0.5,S3,0.5,11,an_080,true,5.077,true,4,5.077,0,0,true,0,correct_route
LV,0.5,S3,0.5,11,an_mode,true,5.077,true,4,5.077,0,0,true,0,correct_route
LV,0.5,S3,0.5,12,distance,true,4.8102,true,8,4.8102,0,0,true,0,correct_route
LV,0.5,S3,0.5,12,proposed_050,true,4.8102,true,8,4.8102,0,0,true,0,correct_route
LV,0.5,S3,0.5,12,proposed_mode,true,4.8102,true,8,4.8102,0,0,true,0,correct_route
LV,0.5,S3,0.5,12,an_080,true,4.8102,true,8,4.8102,0,0,true,0,correct_route
LV,0.5,S3,0.5,12,an_mode,true,4.8102,true,8,4.8102,0,0,true,0,correct_route
LV,0.5,S3,0.5,13,distance,true,5.3483,true,4,5.3483,0,0,true,0,correct_route
LV,0.5,S3,0.5,13,proposed_050,true,5.3483,true,4,5.3483,0,0,true,0,correct_route
LV,0.5,S3,0.5,13,proposed_mode,true,5.3483,true,4,5.3483,0,0,true,0,correct_route
LV,0.5,S3,0.5,13,an_080,true,5.3483,true,4,5.3483,0,0,true,0,correct_route
LV,0.5,S3,0.5,13,an_mode,true,5.3483,true,4,5.3483,0,0,true,0,correct_route
LV,0.5,S3,0.5,14,distance,true,2.2619,true,4,2.2619,0,0,true,0,correct_route
LV,0.5,S3,0.5,14,proposed_050,true,2.2619,true,4,2.2619,0,0,true,0,correct_route
LV,0.5,S3,0.5,14,proposed_mode,true,2.2619,true,4,2.2619,0,0,true,0,correct_route
LV,0.5,S3,0.5,14,an_080,true,2.2619,true,4,2.2619,0,0,true,0,correct_route
LV,0.5,S3,0.5,14,an_mode,true,2.2619,true,4,2.2619,0,0,true,0,correct_route
LV,0.5,S3,0.5,15,distance,true,3.7294,true,4,3.7294,0,0,true,0,correct_route
LV,0.5,S3,0.5,15,proposed_050,true,3.7294,true,4,3.7294,0,0,true,0,correct_route
LV,0.5,S3,0.5,15,proposed_mode,true,3.7294,true,4,3.7294,0,0,true,0,correct_route
LV,0.5,S3,0.5,15,an_080,true,3.7294,true,4,3.7294,0,0,true,0,correct_route
LV,0.5,S3,0.5,15,an_mode,true,3.7294,true,4,3.7294,0,0,true,0,correct_route
LV,0.5,S3,0.5,16,distance,true,1.4535,true,8,1.4535,0,0,true,0,correct_route
LV,0.5,S3,0.5,16,proposed_050,true,1.4535,true,8,1.4535,0,0,true,0,correct_route
LV,0.5,S3,0.5,16,proposed_mode,true,1.4535,true,8,1.4535,0,0,true,0,correct_route
LV,0.5,S3,0.5,16,an_080,true,1.4535,true,8,1.4535,0,0,true,0,correct_route
LV,0.5,S3,0.5,16,an_mode,true,1.4535,true,8,1.4535,0,0,true,0,correct_route
LV,0.5,S3,0.5,17,distance,true,4.4279,true,8,4.4279,0,0,true,0,correct_route
LV,0.5,S3,0.5,17,proposed_050,true,4.4279,true,8,4.4279,0,0,true,0,correct_route
LV,0.5,S3,0.5,17,proposed_mode,true,4.4279,true,8,4.4279,0,0,true,0,correct_route
LV,0.5,S3,0.5,17,an_080,true,4.4279,true,8,4.4279,0,0,true,0,correct_route
LV,0.5,S3,0.5,17,an_mode,true,4.4279,true,8,4.4279,0,0,true,0,correct_route
LV,0.5,S3,0.5,18,distance,true,2.343,true,8,2.343,0,0,true,0,correct_route
LV,0.5,S3,0.5,18,proposed_050,true,2.343,true,8,2.343,0,0,true,0,correct_route
LV,0.5,S3,0.5,18,proposed_mode,true,2.343,true,8,2.343,0,0,true,0,correct_route
LV,0.5,S3,0.5,18,an_080,true,2.343,true,8,2.343,0,0,true,0,correct_route
LV,0.5,S3,0.5,18,an_mode,true,2.343,true,8,2.343,0,0,true,0,correct_route
LV,0.5,S3,0.5,19,distance,true,2.0721,true,8,2.0721,0,0,true,0,correct_route
LV,0.5,S3,0.5,19,proposed_050,true,2.0721,true,8,2.0721,0,0,true,0,correct_route
LV,0.5,S3,0.5,19,proposed_mode,true,2.0721,true,8,2.0721,0,0,true,0,correct_route
LV,0.5,S3,0.5,19,an_080,true,2.0721,true,8,2.0721,0,0,true,0,correct_route
LV,0.5,S3,0.5,19,an_mode,true,2.0721,true,8,2.0721,0,0,true,0,correct_route
LV,0.5,S3,0.5,20,distance,true,8.4103,true,7,8.4103,117.691,0.3,true,0,correct_route
LV,0.5,S3,0.5,20,proposed_050,true,8.4103,true,4,10.531,0,0,true,25.216,correct_route
LV,0.5,S3,0.5,20,proposed_mode,true,8.4103,true,4,10.531,0,0,true,25.216,correct_route
LV,0.5,S3,0.5,20,an_080,true,8.4103,true,7,8.4103,117.691,0.3,true,0,correct_route
LV,0.5,S3,0.5,20,an_mode,true,8.4103,true,7,8.4103,117.691,0.3,true,0,correct_route
LV,0.5,S3,0.5,21,distance,true,1.5022,true,7,1.5022,92.927,0.3,true,0,correct_route
LV,0.5,S3,0.5,21,proposed_050,true,1.5022,true,5,3.6688,0,0,true,144.228,correct_route
LV,0.5,S3,0.5,21,proposed_mode,true,1.5022,true,5,3.6688,0,0,true,144.228,correct_route
LV,0.5,S3,0.5,21,an_080,true,1.5022,true,7,1.5022,92.927,0.3,true,0,correct_route
LV,0.5,S3,0.5,21,an_mode,true,1.5022,true,7,1.5022,92.927,0.3,true,0,correct_route
LV,0.5,S3,0.5,22,distance,true,2.2373,true,7,2.2373,105.331,0.3,true,0,correct_route
LV,0.5,S3,0.5,22,proposed_050,true,2.2373,true,4,4.7098,0,0,true,110.51,correct_route
LV,0.5,S3,0.5,22,proposed_mode,true,2.2373,true,4,4.7098,0,0,true,110.51,correct_route
LV,0.5,S3,0.5,22,an_080,true,2.2373,true,7,2.2373,105.331,0.3,true,0,correct_route
LV,0.5,S3,0.5,22,an_mode,true,2.2373,true,7,2.2373,105.331,0.3,true,0,correct_route
LV,0.5,S3,0.5,23,distance,true,5.7136,true,7,5.7136,117.691,0.3,true,0,correct_route
LV,0.5,S3,0.5,23,proposed_050,true,5.7136,true,4,6.9948,0,0,true,22.424,correct_route
LV,0.5,S3,0.5,23,proposed_mode,true,5.7136,true,4,6.9948,0,0,true,22.424,correct_route
LV,0.5,S3,0.5,23,an_080,true,5.7136,true,7,5.7136,117.691,0.3,true,0,correct_route
LV,0.5,S3,0.5,23,an_mode,true,5.7136,true,7,5.7136,117.691,0.3,true,0,correct_route
LV,0.5,S3,0.5,24,distance,true,3.7965,true,7,3.7965,117.691,0.3,true,0,correct_route
LV,0.5,S3,0.5,24,proposed_050,true,3.7965,true,7,4.2558,87.971,0.3,true,12.098,correct_route
LV,0.5,S3,0.5,24,proposed_mode,true,3.7965,true,7,4.2558,87.971,0.3,true,12.098,correct_route
LV,0.5,S3,0.5,24,an_080,true,3.7965,true,7,3.7965,117.691,0.3,true,0,correct_route
LV,0.5,S3,0.5,24,an_mode,true,3.7965,true,7,3.7965,117.691,0.3,true,0,correct_route
LV,0.5,S3,0.5,25,distance,true,2.019,true,5,2.019,0,0,true,0,correct_route
LV,0.5,S3,0.5,25,proposed_050,true,2.019,true,5,2.019,0,0,true,0,correct_route
LV,0.5,S3,0.5,25,proposed_mode,true,2.019,true,5,2.019,0,0,true,0,correct_route
LV,0.5,S3,0.5,25,an_080,true,2.019,true,5,2.019,0,0,true,0,correct_route
LV,0.5,S3,0.5,25,an_mode,true,2.019,true,5,2.019,0,0,true,0,correct_route
LV,0.5,S3,0.5,26,distance,true,1.0687,true,5,1.0687,0,0,true,0,correct_route
LV,0.5,S3,0.5,26,proposed_050,true,1.0687,true,5,1.0687,0,0,true,0,correct_route
LV,0.5,S3,0.5,26,proposed_mode,true,1.0687,true,5,1.0687,0,0,true,0,correct_route
LV,0.5,S3,0.5,26,an_080,true,1.0687,true,5,1.0687,0,0,true,0,correct_route
LV,0.5,S3,0.5,26,an_mode,true,1.0687,true,5,1.0687,0,0,true,0,correct_route
LV,0.5,S3,0.5,27,distance,true,2.187,true,3,2.187,0,0,true,0,correct_route
LV,0.5,S3,0.5,27,proposed_050,true,2.187,true,3,2.187,0,0,true,0,correct_route
LV,0.5,S3,0.5,27,proposed_mode,true,2.187,true,3,2.187,0,0,true,0,correct_route
LV,0.5,S3,0.5,27,an_080,true,2.187,true,3,2.187,0,0,true,0,correct_route
LV,0.5,S3,0.5,27,an_mode,true,2.187,true,3,2.187,0,0,true,0,correct_route
LV,0.5,S3,0.5,28,distance,true,3.3577,true,7,3.3577,91.19,0.3,true,0,correct_route
LV,0.5,S3,0.5,28,proposed_050,true,3.3577,true,3,3.8719,0,0,true,15.313,correct_route
LV,0.5,S3,0.5,28,proposed_mode,true,3.3577,true,3,3.8719,0,0,true,15.313,correct_route
LV,0.5,S3,0.5,28,an_080,true,3.3577,true,7,3.3577,91.19,0.3,true,0,correct_route
LV,0.5,S3,0.5,28,an_mode,true,3.3577,true,7,3.3577,91.19,0.3,true,0,correct_route
LV,0.5,S3,0.5,29,distance,true,5.5354,true,7,5.5354,117.691,0.3,true,0,correct_route
LV,0.5,S3,0.5,29,proposed_050,true,5.5354,true,4,8.6823,0,0,true,56.852,correct_route
LV,0.5,S3,0.5,29,proposed_mode,true,5.5354,true,4,8.6823,0,0,true,56.852,correct_route
LV,0.5,S3,0.5,29,an_080,true,5.5354,true,7,5.5354,117.691,0.3,true,0,correct_route
LV,0.5,S3,0.5,29,an_mode,true,5.5354,true,7,5.5354,117.691,0.3,true,0,correct_route
LV,0.5,S3,0.5,30,distance,true,2.6793,true,3,2.6793,0,0,true,0,correct_route
LV,0.5,S3,0.5,30,proposed_050,true,2.6793,true,3,2.6793,0,0,true,0,correct_route
LV,0.5,S3,0.5,30,proposed_mode,true,2.6793,true,3,2.6793,0,0,true,0,correct_route
LV,0.5,S3,0.5,30,an_080,true,2.6793,true,3,2.6793,0,0,true,0,correct_route
LV,0.5,S3,0.5,30,an_mode,true,2.6793,true,3,2.6793,0,0,true,0,correct_route
LV,0.5,S3,0.5,31,distance,true,3.5175,true,7,3.5175,117.691,0.3,true,0,correct_route
LV,0.5,S3,0.5,31,proposed_050,true,3.5175,true,7,3.8693,87.971,0.3,true,10,correct_route
LV,0.5,S3,0.5,31,proposed_mode,true,3.5175,true,7,3.8693,87.971,0.3,true,10,correct_route
LV,0.5,S3,0.5,31,an_080,true,3.5175,true,7,3.5175,117.691,0.3,true,0,correct_route
LV,0.5,S3,0.5,31,an_mode,true,3.5175,true,7,3.5175,117.691,0.3,true,0,correct_route
LV,0.5,S3,0.5,32,distance,true,1.5916,true,3,1.5916,0,0,true,0,correct_route
LV,0.5,S3,0.5,32,proposed_050,true,1.5916,true,3,1.5916,0,0,true,0,correct_route
LV,0.5,S3,0.5,32,proposed_mode,true,1.5916,true,3,1.5916,0,0,true,0,correct_route
LV,0.5,S3,0.5,32,an_080,true,1.5916,true,3,1.5916,0,0,true,0,correct_route
LV,0.5,S3,0.5,32,an_mode,true,1.5916,true,3,1.5916,0,0,true,0,correct_route
LV,0.5,S3,0.5,33,distance,true,2.2529,true,7,2.2529,117.691,0.3,true,0,correct_route
LV,0.5,S3,0.5,33,proposed_050,true,2.2529,true,7,2.3876,87.971,0.3,true,5.977,correct_route
LV,0.5,S3,0.5,33,proposed_mode,true,2.2529,true,7,2.3876,87.971,0.3,true,5.977,correct_route
LV,0.5,S3,0.5,33,an_080,true,2.2529,true,7,2.2529,117.691,0.3,true,0,correct_route
LV,0.5,S3,0.5,33,an_mode,true,2.2529,true,7,2.2529,117.691,0.3,true,0,correct_route
LV,0.5,S3,0.5,34,distance,true,1.9227,true,7,1.9227,91.19,0.3,true,0,correct_route
LV,0.5,S3,0.5,34,proposed_050,true,1.9227,true,7,1.9227,91.19,0.3,true,0,correct_route
LV,0.5,S3,0.5,34,proposed_mode,true,1.9227,true,7,1.9227,91.19,0.3,true,0,correct_route
LV,0.5,S3,0.5,34,an_080,true,1.9227,true,7,1.9227,91.19,0.3,true,0,correct_route
LV,0.5,S3,0.5,34,an_mode,true,1.9227,true,7,1.9227,91.19,0.3,true,0,correct_route
LV,0.5,S3,0.5,35,distance,true,3.6916,true,7,3.6916,87.971,0.3,true,0,correct_route
LV,0.5,S3,0.5,35,proposed_050,true,3.6916,true,7,3.7,91.19,0.3,true,0.226,correct_route
LV,0.5,S3,0.5,35,proposed_mode,true,3.6916,true,7,3.7,91.19,0.3,true,0.226,correct_route
LV,0.5,S3,0.5,35,an_080,true,3.6916,true,7,3.6916,87.971,0.3,true,0,correct_route
LV,0.5,S3,0.5,35,an_mode,true,3.6916,true,7,3.6916,87.971,0.3,true,0,correct_route
LV,0.5,S3,0.5,36,distance,true,4.5516,true,7,4.5516,117.691,0.3,true,0,correct_route
LV,0.5,S3,0.5,36,proposed_050,true,4.5516,true,7,4.9033,87.971,0.3,true,7.728,correct_route
LV,0.5,S3,0.5,36,proposed_mode,true,4.5516,true,7,4.9033,87.971,0.3,true,7.728,correct_route
LV,0.5,S3,0.5,36,an_080,true,4.5516,true,7,4.5516,117.691,0.3,true,0,correct_route
LV,0.5,S3,0.5,36,an_mode,true,4.5516,true,7,4.5516,117.691,0.3,true,0,correct_route
LV,0.5,S3,0.5,37,distance,true,3.7026,true,7,3.7026,117.691,0.3,true,0,correct_route
LV,0.5,S3,0.5,37,proposed_050,true,3.7026,true,7,3.8372,87.971,0.3,true,3.637,correct_route
LV,0.5,S3,0.5,37,proposed_mode,true,3.7026,true,7,3.8372,87.971,0.3,true,3.637,correct_route
LV,0.5,S3,0.5,37,an_080,true,3.7026,true,7,3.7026,117.691,0.3,true,0,correct_route
LV,0.5,S3,0.5,37,an_mode,true,3.7026,true,7,3.7026,117.691,0.3,true,0,correct_route
LV,0.5,S3,0.5,38,distance,true,4.8669,true,7,4.8669,91.19,0.3,true,0,correct_route
LV,0.5,S3,0.5,38,proposed_050,true,4.8669,true,5,6.107,0,0,true,25.479,correct_route
LV,0.5,S3,0.5,38,proposed_mode,true,4.8669,true,5,6.107,0,0,true,25.479,correct_route
LV,0.5,S3,0.5,38,an_080,true,4.8669,true,7,4.8669,91.19,0.3,true,0,correct_route
LV,0.5,S3,0.5,38,an_mode,true,4.8669,true,7,4.8669,91.19,0.3,true,0,correct_route
LV,0.5,S3,0.5,39,distance,true,3.8945,true,3,3.8945,0,0,true,0,correct_route
LV,0.5,S3,0.5,39,proposed_050,true,3.8945,true,3,3.8945,0,0,true,0,correct_route
LV,0.5,S3,0.5,39,proposed_mode,true,3.8945,true,3,3.8945,0,0,true,0,correct_route
LV,0.5,S3,0.5,39,an_080,true,3.8945,true,3,3.8945,0,0,true,0,correct_route
LV,0.5,S3,0.5,39,an_mode,true,3.8945,true,3,3.8945,0,0,true,0,correct_route
LV,0.5,S3,0.5,40,distance,true,4.2719,true,3,4.2719,0,0,true,0,correct_route
LV,0.5,S3,0.5,40,proposed_050,true,4.2719,true,3,4.2719,0,0,true,0,correct_route
LV,0.5,S3,0.5,40,proposed_mode,true,4.2719,true,3,4.2719,0,0,true,0,correct_route
LV,0.5,S3,0.5,40,an_080,true,4.2719,true,3,4.2719,0,0,true,0,correct_route
LV,0.5,S3,0.5,40,an_mode,true,4.2719,true,3,4.2719,0,0,true,0,correct_route
AD,1.2,S3,0.5,1,distance,true,3.5648,true,9,3.5648,0,0,true,0,correct_route
AD,1.2,S3,0.5,1,proposed_050,true,3.5648,true,9,3.5648,0,0,true,0,correct_route
AD,1.2,S3,0.5,1,proposed_mode,true,3.5648,true,9,3.5648,0,0,true,0,correct_route
AD,1.2,S3,0.5,1,an_080,true,3.5648,true,9,3.5648,0,0,true,0,correct_route
AD,1.2,S3,0.5,1,an_mode,true,3.5648,true,9,3.5648,0,0,true,0,correct_route
AD,1.2,S3,0.5,2,distance,true,4.4419,true,4,4.4419,0,0,true,0,correct_route
AD,1.2,S3,0.5,2,proposed_050,true,4.4419,true,4,4.4419,0,0,true,0,correct_route
AD,1.2,S3,0.5,2,proposed_mode,true,4.4419,true,4,4.4419,0,0,true,0,correct_route
AD,1.2,S3,0.5,2,an_080,true,4.4419,true,4,4.4419,0,0,true,0,correct_route
AD,1.2,S3,0.5,2,an_mode,true,4.4419,true,4,4.4419,0,0,true,0,correct_route
AD,1.2,S3,0.5,3,distance,true,2.6507,true,9,2.6507,0,0,true,0,correct_route
AD,1.2,S3,0.5,3,proposed_050,true,2.6507,true,9,2.6507,0,0,true,0,correct_route
AD,1.2,S3,0.5,3,proposed_mode,true,2.6507,true,9,2.6507,0,0,true,0,correct_route
AD,1.2,S3,0.5,3,an_080,true,2.6507,true,9,2.6507,0,0,true,0,correct_route
AD,1.2,S3,0.5,3,an_mode,true,2.6507,true,9,2.6507,0,0,true,0,correct_route
AD,1.2,S3,0.5,4,distance,true,4.3464,true,4,4.3464,0,0,true,0,correct_route
AD,1.2,S3,0.5,4,proposed_050,true,4.3464,true,4,4.3464,0,0,true,0,correct_route
AD,1.2,S3,0.5,4,proposed_mode,true,4.3464,true,4,4.3464,0,0,true,0,correct_route
AD,1.2,S3,0.5,4,an_080,true,4.3464,true,4,4.3464,0,0,true,0,correct_route
AD,1.2,S3,0.5,4,an_mode,true,4.3464,true,4,4.3464,0,0,true,0,correct_route
AD,1.2,S3,0.5,5,distance,true,4.4419,true,4,4.4419,0,0,true,0,correct_route
AD,1.2,S3,0.5,5,proposed_050,true,4.4419,true,4,4.4419,0,0,true,0,correct_route
AD,1.2,S3,0.5,5,proposed_mode,true,4.4419,true,4,4.4419,0,0,true,0,correct_route
AD,1.2,S3,0.5,5,an_080,true,4.4419,true,4,4.4419,0,0,true,0,correct_route
AD,1.2,S3,0.5,5,an_mode,true,4.4419,true,4,4.4419,0,0,true,0,correct_route
AD,1.2,S3,0.5,6,distance,true,0.7045,true,4,0.7045,0,0,true,0,correct_route
AD,1.2,S3,0.5,6,proposed_050,true,0.7045,true,4,0.7045,0,0,true,0,correct_route
AD,1.2,S3,0.5,6,proposed_mode,true,0.7045,true,4,0.7045,0,0,true,0,correct_route
AD,1.2,S3,0.5,6,an_080,true,0.7045,true,4,0.7045,0,0,true,0,correct_route
AD,1.2,S3,0.5,6,an_mode,true,0.7045,true,4,0.7045,0,0,true,0,correct_route
AD,1.2,S3,0.5,7,distance,true,2.4584,true,8,2.4584,0,0,true,0,correct_route
AD,1.2,S3,0.5,7,proposed_050,true,2.4584,true,8,2.4584,0,0,true,0,correct_route
AD,1.2,S3,0.5,7,proposed_mode,true,2.4584,true,8,2.4584,0,0,true,0,correct_route
AD,1.2,S3,0.5,7,an_080,true,2.4584,true,8,2.4584,0,0,true,0,correct_route
AD,1.2,S3,0.5,7,an_mode,true,2.4584,true,8,2.4584,0,0,true,0,correct_route
AD,1.2,S3,0.5,8,distance,true,2.2256,true,4,2.2256,0,0,true,0,correct_route
AD,1.2,S3,0.5,8,proposed_050,true,2.2256,true,4,2.2256,0,0,true,0,correct_route
AD,1.2,S3,0.5,8,proposed_mode,true,2.2256,true,4,2.2256,0,0,true,0,correct_route
AD,1.2,S3,0.5,8,an_080,true,2.2256,true,4,2.2256,0,0,true,0,correct_route
AD,1.2,S3,0.5,8,an_mode,true,2.2256,true,4,2.2256,0,0,true,0,correct_route
AD,1.2,S3,0.5,9,distance,true,2.2269,true,8,2.2269,0,0,true,0,correct_route
AD,1.2,S3,0.5,9,proposed_050,true,2.2269,true,8,2.2269,0,0,true,0,correct_route
AD,1.2,S3,0.5,9,proposed_mode,true,2.2269,true,8,2.2269,0,0,true,0,correct_route
AD,1.2,S3,0.5,9,an_080,true,2.2269,true,8,2.2269,0,0,true,0,correct_route
AD,1.2,S3,0.5,9,an_mode,true,2.2269,true,8,2.2269,0,0,true,0,correct_route
AD,1.2,S3,0.5,10,distance,true,0.7573,true,9,0.7573,0,0,true,0,correct_route
AD,1.2,S3,0.5,10,proposed_050,true,0.7573,true,9,0.7573,0,0,true,0,correct_route
AD,1.2,S3,0.5,10,proposed_mode,true,0.7573,true,9,0.7573,0,0,true,0,correct_route
AD,1.2,S3,0.5,10,an_080,true,0.7573,true,9,0.7573,0,0,true,0,correct_route
AD,1.2,S3,0.5,10,an_mode,true,0.7573,true,9,0.7573,0,0,true,0,correct_route
AD,1.2,S3,0.5,11,distance,true,5.077,true,4,5.077,0,0,true,0,correct_route
AD,1.2,S3,0.5,11,proposed_050,true,5.077,true,4,5.077,0,0,true,0,correct_route
AD,1.2,S3,0.5,11,proposed_mode,true,5.077,true,4,5.077,0,0,true,0,correct_route
AD,1.2,S3,0.5,11,an_080,true,5.077,true,4,5.077,0,0,true,0,correct_route
AD,1.2,S3,0.5,11,an_mode,true,5.077,true,4,5.077,0,0,true,0,correct_route
AD,1.2,S3,0.5,12,distance,true,4.8102,true,8,4.8102,0,0,true,0,correct_route
AD,1.2,S3,0.5,12,proposed_050,true,4.8102,true,8,4.8102,0,0,true,0,correct_route
AD,1.2,S3,0.5,12,proposed_mode,true,4.8102,true,8,4.8102,0,0,true,0,correct_route
AD,1.2,S3,0.5,12,an_080,true,4.8102,true,8,4.8102,0,0,true,0,correct_route
AD,1.2,S3,0.5,12,an_mode,true,4.8102,true,8,4.8102,0,0,true,0,correct_route
AD,1.2,S3,0.5,13,distance,true,5.3483,true,4,5.3483,0,0,true,0,correct_route
AD,1.2,S3,0.5,13,proposed_050,true,5.3483,true,4,5.3483,0,0,true,0,correct_route
AD,1.2,S3,0.5,13,proposed_mode,true,5.3483,true,4,5.3483,0,0,true,0,correct_route
AD,1.2,S3,0.5,13,an_080,true,5.3483,true,4,5.3483,0,0,true,0,correct_route
AD,1.2,S3,0.5,13,an_mode,true,5.3483,true,4,5.3483,0,0,true,0,correct_route
AD,1.2,S3,0.5,14,distance,true,2.2619,true,4,2.2619,0,0,true,0,correct_route
AD,1.2,S3,0.5,14,proposed_050,true,2.2619,true,4,2.2619,0,0,true,0,correct_route
AD,1.2,S3,0.5,14,proposed_mode,true,2.2619,true,4,2.2619,0,0,true,0,correct_route
AD,1.2,S3,0.5,14,an_080,true,2.2619,true,4,2.2619,0,0,true,0,correct_route
AD,1.2,S3,0.5,14,an_mode,true,2.2619,true,4,2.2619,0,0,true,0,correct_route
AD,1.2,S3,0.5,15,distance,true,3.7294,true,4,3.7294,0,0,true,0,correct_route
AD,1.2,S3,0.5,15,proposed_050,true,3.7294,true,4,3.7294,0,0,true,0,correct_route
AD,1.2,S3,0.5,15,proposed_mode,true,3.7294,true,4,3.7294,0,0,true,0,correct_route
AD,1.2,S3,0.5,15,an_080,true,3.7294,true,4,3.7294,0,0,true,0,correct_route
AD,1.2,S3,0.5,15,an_mode,true,3.7294,true,4,3.7294,0,0,true,0,correct_route
AD,1.2,S3,0.5,16,distance,true,1.4535,true,8,1.4535,0,0,true,0,correct_route
AD,1.2,S3,0.5,16,proposed_050,true,1.4535,true,8,1.4535,0,0,true,0,correct_route
AD,1.2,S3,0.5,16,proposed_mode,true,1.4535,true,8,1.4535,0,0,true,0,correct_route
AD,1.2,S3,0.5,16,an_080,true,1.4535,true,8,1.4535,0,0,true,0,correct_route
AD,1.2,S3,0.5,16,an_mode,true,1.4535,true,8,1.4535,0,0,true,0,correct_route
AD,1.2,S3,0.5,17,distance,true,4.4279,true,8,4.4279,0,0,true,0,correct_route
AD,1.2,S3,0.5,17,proposed_050,true,4.4279,true,8,4.4279,0,0,true,0,correct_route
AD,1.2,S3,0.5,17,proposed_mode,true,4.4279,true,8,4.4279,0,0,true,0,correct_route
AD,1.2,S3,0.5,17,an_080,true,4.4279,true,8,4.4279,0,0,true,0,correct_route
AD,1.2,S3,0.5,17,an_mode,true,4.4279,true,8,4.4279,0,0,true,0,correct_route
AD,1.2,S3,0.5,18,distance,true,2.343,true,8,2.343,0,0,true,0,correct_route
AD,1.2,S3,0.5,18,proposed_050,true,2.343,true,8,2.343,0,0,true,0,correct_route
AD,1.2,S3,0.5,18,proposed_mode,true,2.343,true,8,2.343,0,0,true,0,correct_route
AD,1.2,S3,0.5,18,an_080,true,2.343,true,8,2.343,0,0,true,0,correct_route
AD,1.2,S3,0.5,18,an_mode,true,2.343,true,8,2.343,0,0,true,0,correct_route
AD,1.2,S3,0.5,19,distance,true,2.0721,true,8,2.0721,0,0,true,0,correct_route
AD,1.2,S3,0.5,19,proposed_050,true,2.0721,true,8,2.0721,0,0,true,0,correct_route
AD,1.2,S3,0.5,19,proposed_mode,true,2.0721,true,8,2.0721,0,0,true,0,correct_route
AD,1.2,S3,0.5,19,an_080,true,2.0721,true,8,2.0721,0,0,true,0,correct_route
AD,1.2,S3,0.5,19,an_mode,true,2.0721,true,8,2.0721,0,0,true,0,correct_route
AD,1.2,S3,0.5,20,distance,true,8.4103,true,7,8.4103,117.691,0.3,true,0,correct_route
AD,1.2,S3,0.5,20,proposed_050,true,8.4103,true,4,10.531,0,0,true,25.216,correct_route
AD,1.2,S3,0.5,20,proposed_mode,true,8.4103,true,4,10.531,0,0,true,25.216,correct_route
AD,1.2,S3,0.5,20,an_080,true,8.4103,true,7,8.4103,117.691,0.3,true,0,correct_route
AD,1.2,S3,0.5,20,an_mode,true,8.4103,true,7,8.4103,117.691,0.3,true,0,correct_route
AD,1.2,S3,0.5,21,distance,true,1.5022,true,7,1.5022,92.927,0.3,true,0,correct_route
AD,1.2,S3,0.5,21,proposed_050,true,1.5022,true,5,3.6688,0,0,true,144.228,correct_route
AD,1.2,S3,0.5,21,proposed_mode,true,1.5022,true,5,3.6688,0,0,true,144.228,correct_route
AD,1.2,S3,0.5,21,an_080,true,1.5022,true,7,1.5022,92.927,0.3,true,0,correct_route
AD,1.2,S3,0.5,21,an_mode,true,1.5022,true,7,1.5022,92.927,0.3,true,0,correct_route
AD,1.2,S3,0.5,22,distance,true,2.2373,true,7,2.2373,105.331,0.3,true,0,correct_route
AD,1.2,S3,0.5,22,proposed_050,true,2.2373,true,4,4.7098,0,0,true,110.51,correct_route
AD,1.2,S3,0.5,22,proposed_mode,true,2.2373,true,4,4.7098,0,0,true,110.51,correct_route
AD,1.2,S3,0.5,22,an_080,true,2.2373,true,7,2.2373,105.331,0.3,true,0,correct_route
AD,1.2,S3,0.5,22,an_mode,true,2.2373,true,7,2.2373,105.331,0.3,true,0,correct_route
AD,1.2,S3,0.5,23,distance,true,5.7136,true,7,5.7136,117.691,0.3,true,0,correct_route
AD,1.2,S3,0.5,23,proposed_050,true,5.7136,true,4,6.9948,0,0,true,22.424,correct_route
AD,1.2,S3,0.5,23,proposed_mode,true,5.7136,true,4,6.9948,0,0,true,22.424,correct_route
AD,1.2,S3,0.5,23,an_080,true,5.7136,true,7,5.7136,117.691,0.3,true,0,correct_route
AD,1.2,S3,0.5,23,an_mode,true,5.7136,true,7,5.7136,117.691,0.3,true,0,correct_route
AD,1.2,S3,0.5,24,distance,true,3.7965,true,7,3.7965,117.691,0.3,true,0,correct_route
AD,1.2,S3,0.5,24,proposed_050,true,3.7965,true,7,4.2558,87.971,0.3,true,12.098,correct_route
AD,1.2,S3,0.5,24,proposed_mode,true,3.7965,true,7,4.2558,87.971,0.3,true,12.098,correct_route
AD,1.2,S3,0.5,24,an_080,true,3.7965,true,7,3.7965,117.691,0.3,true,0,correct_route
AD,1.2,S3,0.5,24,an_mode,true,3.7965,true,7,3.7965,117.691,0.3,true,0,correct_route
AD,1.2,S3,0.5,25,distance,true,2.019,true,5,2.019,0,0,true,0,correct_route
AD,1.2,S3,0.5,25,proposed_050,true,2.019,true,5,2.019,0,0,true,0,correct_route
AD,1.2,S3,0.5,25,proposed_mode,true,2.019,true,5,2.019,0,0,true,0,correct_route
AD,1.2,S3,0.5,25,an_080,true,2.019,true,5,2.019,0,0,true,0,correct_route
AD,1.2,S3,0.5,25,an_mode,true,2.019,true,5,2.019,0,0,true,0,correct_route
AD,1.2,S3,0.5,26,distance,true,1.0687,true,5,1.0687,0,0,true,0,correct_route
AD,1.2,S3,0.5,26,proposed_050,true,1.0687,true,5,1.0687,0,0,true,0,correct_route
AD,1.2,S3,0.5,26,proposed_mode,true,1.0687,true,5,1.0687,0,0,true,0,correct_route
AD,1.2,S3,0.5,26,an_080,true,1.0687,true,5,1.0687,0,0,true,0,correct_route
AD,1.2,S3,0.5,26,an_mode,true,1.0687,true,5,1.0687,0,0,true,0,correct_route
AD,1.2,S3,0.5,27,distance,true,2.187,true,3,2.187,0,0,true,0,correct_route
AD,1.2,S3,0.5,27,proposed_050,true,2.187,true,3,2.187,0,0,true,0,correct_route
AD,1.2,S3,0.5,27,proposed_mode,true,2.187,true,3,2.187,0,0,true,0,correct_route
AD,1.2,S3,0.5,27,an_080,true,2.187,true,3,2.187,0,0,true,0,correct_route
AD,1.2,S3,0.5,27,an_mode,true,2.187,true,3,2.187,0,0,true,0,correct_route
AD,1.2,S3,0.5,28,distance,true,3.3577,true,7,3.3577,91.19,0.3,true,0,correct_route
AD,1.2,S3,0.5,28,proposed_050,true,3.3577,true,3,3.8719,0,0,true,15.313,correct_route
AD,1.2,S3,0.5,28,proposed_mode,true,3.3577,true,3,3.8719,0,0,true,15.313,correct_route
AD,1.2,S3,0.5,28,an_080,true,3.3577,true,7,3.3577,91.19,0.3,true,0,correct_route
AD,1.2,S3,0.5,28,an_mode,true,3.3577,true,7,3.3577,91.19,0.3,true,0,correct_route
AD,1.2,S3,0.5,29,distance,true,5.5354,true,7,5.5354,117.691,0.3,true,0,correct_route
AD,1.2,S3,0.5,29,proposed_050,true,5.5354,true,4,8.6823,0,0,true,56.852,correct_route
AD,1.2,S3,0.5,29,proposed_mode,true,5.5354,true,4,8.6823,0,0,true,56.852,correct_route
AD,1.2,S3,0.5,29,an_080,true,5.5354,true,7,5.5354,117.691,0.3,true,0,correct_route
AD,1.2,S3,0.5,29,an_mode,true,5.5354,true,7,5.5354,117.691,0.3,true,0,correct_route
AD,1.2,S3,0.5,30,distance,true,2.6793,true,3,2.6793,0,0,true,0,correct_route
AD,1.2,S3,0.5,30,proposed_050,true,2.6793,true,3,2.6793,0,0,true,0,correct_route
AD,1.2,S3,0.5,30,proposed_mode,true,2.6793,true,3,2.6793,0,0,true,0,correct_route
AD,1.2,S3,0.5,30,an_080,true,2.6793,true,3,2.6793,0,0,true,0,correct_route
AD,1.2,S3,0.5,30,an_mode,true,2.6793,true,3,2.6793,0,0,true,0,correct_route
AD,1.2,S3,0.5,31,distance,true,3.5175,true,7,3.5175,117.691,0.3,true,0,correct_route
AD,1.2,S3,0.5,31,proposed_050,true,3.5175,true,7,3.8693,87.971,0.3,true,10,correct_route
AD,1.2,S3,0.5,31,proposed_mode,true,3.5175,true,7,3.8693,87.971,0.3,true,10,correct_route
AD,1.2,S3,0.5,31,an_080,true,3.5175,true,7,3.5175,117.691,0.3,true,0,correct_route
AD,1.2,S3,0.5,31,an_mode,true,3.5175,true,7,3.5175,117.691,0.3,true,0,correct_route
AD,1.2,S3,0.5,32,distance,true,1.5916,true,3,1.5916,0,0,true,0,correct_route
AD,1.2,S3,0.5,32,proposed_050,true,1.5916,true,3,1.5916,0,0,true,0,correct_route
AD,1.2,S3,0.5,32,proposed_mode,true,1.5916,true,3,1.5916,0,0,true,0,correct_route
AD,1.2,S3,0.5,32,an_080,true,1.5916,true,3,1.5916,0,0,true,0,correct_route
AD,1.2,S3,0.5,32,an_mode,true,1.5916,true,3,1.5916,0,0,true,0,correct_route
AD,1.2,S3,0.5,33,distance,true,2.2529,true,7,2.2529,117.691,0.3,true,0,correct_route
AD,1.2,S3,0.5,33,proposed_050,true,2.2529,true,7,2.3876,87.971,0.3,true,5.977,correct_route
AD,1.2,S3,0.5,33,proposed_mode,true,2.2529,true,7,2.3876,87.971,0.3,true,5.977,correct_route
AD,1.2,S3,0.5,33,an_080,true,2.2529,true,7,2.2529,117.691,0.3,true,0,correct_route
AD,1.2,S3,0.5,33,an_mode,true,2.2529,true,7,2.2529,117.691,0.3,true,0,correct_route
AD,1.2,S3,0.5,34,distance,true,1.9227,true,7,1.9227,91.19,0.3,true,0,correct_route
AD,1.2,S3,0.5,34,proposed_050,true,1.9227,true,7,1.9227,91.19,0.3,true,0,correct_route
AD,1.2,S3,0.5,34,proposed_mode,true,1.9227,true,7,1.9227,91.19,0.3,true,0,correct_route
AD,1.2,S3,0.5,34,an_080,true,1.9227,true,7,1.9227,91.19,0.3,true,0,correct_route
AD,1.2,S3,0.5,34,an_mode,true,1.9227,true,7,1.9227,91.19,0.3,true,0,correct_route
AD,1.2,S3,0.5,35,distance,true,3.6916,true,7,3.6916,87.971,0.3,true,0,correct_route
AD,1.2,S3,0.5,35,proposed_050,true,3.6916,true,7,3.7,91.19,0.3,true,0.226,correct_route
AD,1.2,S3,0.5,35,proposed_mode,true,3.6916,true,7,3.7,91.19,0.3,true,0.226,correct_route
AD,1.2,S3,0.5,35,an_080,true,3.6916,true,7,3.6916,87.971,0.3,true,0,correct_route
AD,1.2,S3,0.5,35,an_mode,true,3.6916,true,7,3.6916,87.971,0.3,true,0,correct_route
AD,1.2,S3,0.5,36,distance,true,4.5516,true,7,4.5516,117.691,0.3,true,0,correct_route
AD,1.2,S3,0.5,36,proposed_050,true,4.5516,true,7,4.9033,87.971,0.3,true,7.728,correct_route
AD,1.2,S3,0.5,36,proposed_mode,true,4.5516,true,7,4.9033,87.971,0.3,true,7.728,correct_route
AD,1.2,S3,0.5,36,an_080,true,4.5516,true,7,4.5516,117.691,0.3,true,0,correct_route
AD,1.2,S3,0.5,36,an_mode,true,4.5516,true,7,4.5516,117.691,0.3,true,0,correct_route
AD,1.2,S3,0.5,37,distance,true,3.7026,true,7,3.7026,117.691,0.3,true,0,correct_route
AD,1.2,S3,0.5,37,proposed_050,true,3.7026,true,7,3.8372,87.971,0.3,true,3.637,correct_route
AD,1.2,S3,0.5,37,proposed_mode,true,3.7026,true,7,3.8372,87.971,0.3,true,3.637,correct_route
AD,1.2,S3,0.5,37,an_080,true,3.7026,true,7,3.7026,117.691,0.3,true,0,correct_route
AD,1.2,S3,0.5,37,an_mode,true,3.7026,true,7,3.7026,117.691,0.3,true,0,correct_route
AD,1.2,S3,0.5,38,distance,true,4.8669,true,7,4.8669,91.19,0.3,true,0,correct_route
AD,1.2,S3,0.5,38,proposed_050,true,4.8669,true,5,6.107,0,0,true,25.479,correct_route
AD,1.2,S3,0.5,38,proposed_mode,true,4.8669,true,5,6.107,0,0,true,25.479,correct_route
AD,1.2,S3,0.5,38,an_080,true,4.8669,true,7,4.8669,91.19,0.3,true,0,correct_route
AD,1.2,S3,0.5,38,an_mode,true,4.8669,true,7,4.8669,91.19,0.3,true,0,correct_route
AD,1.2,S3,0.5,39,distance,true,3.8945,true,3,3.8945,0,0,true,0,correct_route
AD,1.2,S3,0.5,39,proposed_050,true,3.8945,true,3,3.8945,0,0,true,0,correct_route
AD,1.2,S3,0.5,39,proposed_mode,true,3.8945,true,3,3.8945,0,0,true,0,correct_route
AD,1.2,S3,0.5,39,an_080,true,3.8945,true,3,3.8945,0,0,true,0,correct_route
AD,1.2,S3,0.5,39,an_mode,true,3.8945,true,3,3.8945,0,0,true,0,correct_route
AD,1.2,S3,0.5,40,distance,true,4.2719,true,3,4.2719,0,0,true,0,correct_route
AD,1.2,S3,0.5,40,proposed_050,true,4.2719,true,3,4.2719,0,0,true,0,correct_route
AD,1.2,S3,0.5,40,proposed_mode,true,4.2719,true,3,4.2719,0,0,true,0,correct_route
AD,1.2,S3,0.5,40,an_080,true,4.2719,true,3,4.2719,0,0,true,0,correct_route
AD,1.2,S3,0.5,40,an_mode,true,4.2719,true,3,4.2719,0,0,true,0,correct_route
SV,0.3,S3,0.75,1,distance,true,3.5648,true,9,3.5648,0,0,true,0,correct_route
SV,0.3,S3,0.75,1,proposed_050,true,3.5648,true,9,3.5648,0,0,true,0,correct_route
SV,0.3,S3,0.75,1,proposed_mode,true,3.5648,true,9,3.5648,0,0,true,0,correct_route
SV,0.3,S3,0.75,1,an_080,true,3.5648,true,9,3.5648,0,0,true,0,correct_route
SV,0.3,S3,0.75,1,an_mode,true,3.5648,true,9,3.5648,0,0,true,0,correct_route
SV,0.3,S3,0.75,2,distance,true,4.4419,true,4,4.4419,0,0,true,0,correct_route
SV,0.3,S3,0.75,2,proposed_050,true,4.4419,true,4,4.4419,0,0,true,0,correct_route
SV,0.3,S3,0.75,2,proposed_mode,true,4.4419,true,4,4.4419,0,0,true,0,correct_route
SV,0.3,S3,0.75,2,an_080,true,4.4419,true,4,4.4419,0,0,true,0,correct_route
SV,0.3,S3,0.75,2,an_mode,true,4.4419,true,4,4.4419,0,0,true,0,correct_route
SV,0.3,S3,0.75,3,distance,true,2.6507,true,9,2.6507,0,0,true,0,correct_route
SV,0.3,S3,0.75,3,proposed_050,true,2.6507,true,9,2.6507,0,0,true,0,correct_route
SV,0.3,S3,0.75,3,proposed_mode,true,2.6507,true,9,2.6507,0,0,true,0,correct_route
SV,0.3,S3,0.75,3,an_080,true,2.6507,true,9,2.6507,0,0,true,0,correct_route
SV,0.3,S3,0.75,3,an_mode,true,2.6507,true,9,2.6507,0,0,true,0,correct_route
SV,0.3,S3,0.75,4,distance,true,4.3464,true,4,4.3464,0,0,true,0,correct_route
SV,0.3,S3,0.75,4,proposed_050,true,4.3464,true,4,4.3464,0,0,true,0,correct_route
SV,0.3,S3,0.75,4,proposed_mode,true,4.3464,true,4,4.3464,0,0,true,0,correct_route
SV,0.3,S3,0.75,4,an_080,true,4.3464,true,4,4.3464,0,0,true,0,correct_route
SV,0.3,S3,0.75,4,an_mode,true,4.3464,true,4,4.3464,0,0,true,0,correct_route
SV,0.3,S3,0.75,5,distance,true,4.4419,true,4,4.4419,0,0,true,0,correct_route
SV,0.3,S3,0.75,5,proposed_050,true,4.4419,true,4,4.4419,0,0,true,0,correct_route
SV,0.3,S3,0.75,5,proposed_mode,true,4.4419,true,4,4.4419,0,0,true,0,correct_route
SV,0.3,S3,0.75,5,an_080,true,4.4419,true,4,4.4419,0,0,true,0,correct_route
SV,0.3,S3,0.75,5,an_mode,true,4.4419,true,4,4.4419,0,0,true,0,correct_route
SV,0.3,S3,0.75,6,distance,true,0.7045,true,4,0.7045,0,0,true,0,correct_route
SV,0.3,S3,0.75,6,proposed_050,true,0.7045,true,4,0.7045,0,0,true,0,correct_route
SV,0.3,S3,0.75,6,proposed_mode,true,0.7045,true,4,0.7045,0,0,true,0,correct_route
SV,0.3,S3,0.75,6,an_080,true,0.7045,true,4,0.7045,0,0,true,0,correct_route
SV,0.3,S3,0.75,6,an_mode,true,0.7045,true,4,0.7045,0,0,true,0,correct_route
SV,0.3,S3,0.75,7,distance,true,2.4584,true,8,2.4584,0,0,true,0,correct_route
SV,0.3,S3,0.75,7,proposed_050,true,2.4584,true,8,2.4584,0,0,true,0,correct_route
SV,0.3,S3,0.75,7,proposed_mode,true,2.4584,true,8,2.4584,0,0,true,0,correct_route
SV,0.3,S3,0.75,7,an_080,true,2.4584,true,8,2.4584,0,0,true,0,correct_route
SV,0.3,S3,0.75,7,an_mode,true,2.4584,true,8,2.4584,0,0,true,0,correct_route
SV,0.3,S3,0.75,8,distance,true,2.2256,true,4,2.2256,0,0,true,0,correct_route
SV,0.3,S3,0.75,8,proposed_050,true,2.2256,true,4,2.2256,0,0,true,0,correct_route
SV,0.3,S3,0.75,8,proposed_mode,true,2.2256,true,4,2.2256,0,0,true,0,correct_route
SV,0.3,S3,0.75,8,an_080,true,2.2256,true,4,2.2256,0,0,true,0,correct_route
SV,0.3,S3,0.75,8,an_mode,true,2.2256,true,4,2.2256,0,0,true,0,correct_route
SV,0.3,S3,0.75,9,distance,true,2.2269,true,8,2.2269,0,0,true,0,correct_route
SV,0.3,S3,0.75,9,proposed_050,true,2.2269,true,8,2.2269,0,0,true,0,correct_route
SV,0.3,S3,0.75,9,proposed_mode,true,2.2269,true,8,2.2269,0,0,true,0,correct_route
SV,0.3,S3,0.75,9,an_080,true,2.2269,true,8,2.2269,0,0,true,0,correct_route
SV,0.3,S3,0.75,9,an_mode,true,2.2269,true,8,2.2269,0,0,true,0,correct_route
SV,0.3,S3,0.75,10,distance,true,0.7573,true,9,0.7573,0,0,true,0,correct_route
SV,0.3,S3,0.75,10,proposed_050,true,0.7573,true,9,0.7573,0,0,true,0,correct_route
SV,0.3,S3,0.75,10,proposed_mode,true,0.7573,true,9,0.7573,0,0,true,0,correct_route
SV,0.3,S3,0.75,10,an_080,true,0.7573,true,9,0.7573,0,0,true,0,correct_route
SV,0.3,S3,0.75,10,an_mode,true,0.7573,true,9,0.7573,0,0,true,0,correct_route
SV,0.3,S3,0.75,11,distance,true,5.077,true,4,5.077,0,0,true,0,correct_route
SV,0.3,S3,0.75,11,proposed_050,true,5.077,true,4,5.077,0,0,true,0,correct_route
SV,0.3,S3,0.75,11,proposed_mode,true,5.077,true,4,5.077,0,0,true,0,correct_route
SV,0.3,S3,0.75,11,an_080,true,5.077,true,4,5.077,0,0,true,0,correct_route
SV,0.3,S3,0.75,11,an_mode,true,5.077,true,4,5.077,0,0,true,0,correct_route
SV,0.3,S3,0.75,12,distance,true,4.8102,true,8,4.8102,0,0,true,0,correct_route
SV,0.3,S3,0.75,12,proposed_050,true,4.8102,true,8,4.8102,0,0,true,0,correct_route
SV,0.3,S3,0.75,12,proposed_mode,true,4.8102,true,8,4.8102,0,0,true,0,correct_route
SV,0.3,S3,0.75,12,an_080,true,4.8102,true,8,4.8102,0,0,true,0,correct_route
SV,0.3,S3,0.75,12,an_mode,true,4.8102,true,8,4.8102,0,0,true,0,correct_route
SV,0.3,S3,0.75,13,distance,true,5.3483,true,4,5.3483,0,0,true,0,correct_route
SV,0.3,S3,0.75,13,proposed_050,true,5.3483,true,4,5.3483,0,0,true,0,correct_route
SV,0.3,S3,0.75,13,proposed_mode,true,5.3483,true,4,5.3483,0,0,true,0,correct_route
SV,0.3,S3,0.75,13,an_080,true,5.3483,true,4,5.3483,0,0,true,0,correct_route
SV,0.3,S3,0.75,13,an_mode,true,5.3483,true,4,5.3483,0,0,true,0,correct_route
SV,0.3,S3,0.75,14,distance,true,2.2619,true,4,2.2619,0,0,true,0,correct_route
SV,0.3,S3,0.75,14,proposed_050,true,2.2619,true,4,2.2619,0,0,true,0,correct_route
SV,0.3,S3,0.75,14,proposed_mode,true,2.2619,true,4,2.2619,0,0,true,0,correct_route
SV,0.3,S3,0.75,14,an_080,true,2.2619,true,4,2.2619,0,0,true,0,correct_route
SV,0.3,S3,0.75,14,an_mode,true,2.2619,true,4,2.2619,0,0,true,0,correct_route
SV,0.3,S3,0.75,15,distance,true,3.7294,true,4,3.7294,0,0,true,0,correct_route
SV,0.3,S3,0.75,15,proposed_050,true,3.7294,true,4,3.7294,0,0,true,0,correct_route
SV,0.3,S3,0.75,15,proposed_mode,true,3.7294,true,4,3.7294,0,0,true,0,correct_route
SV,0.3,S3,0.75,15,an_080,true,3.7294,true,4,3.7294,0,0,true,0,correct_route
SV,0.3,S3,0.75,15,an_mode,true,3.7294,true,4,3.7294,0,0,true,0,correct_route
SV,0.3,S3,0.75,16,distance,true,1.4535,true,8,1.4535,0,0,true,0,correct_route
SV,0.3,S3,0.75,16,proposed_050,true,1.4535,true,8,1.4535,0,0,true,0,correct_route
SV,0.3,S3,0.75,16,proposed_mode,true,1.4535,true,8,1.4535,0,0,true,0,correct_route
SV,0.3,S3,0.75,16,an_080,true,1.4535,true,8,1.4535,0,0,true,0,correct_route
SV,0.3,S3,0.75,16,an_mode,true,1.4535,true,8,1.4535,0,0,true,0,correct_route
SV,0.3,S3,0.75,17,distance,true,4.4279,true,8,4.4279,0,0,true,0,correct_route
SV,0.3,S3,0.75,17,proposed_050,true,4.4279,true,8,4.4279,0,0,true,0,correct_route
SV,0.3,S3,0.75,17,proposed_mode,true,4.4279,true,8,4.4279,0,0,true,0,correct_route
SV,0.3,S3,0.75,17,an_080,true,4.4279,true,8,4.4279,0,0,true,0,correct_route
SV,0.3,S3,0.75,17,an_mode,true,4.4279,true,8,4.4279,0,0,true,0,correct_route
SV,0.3,S3,0.75,18,distance,true,2.343,true,8,2.343,0,0,true,0,correct_route
SV,0.3,S3,0.75,18,proposed_050,true,2.343,true,8,2.343,0,0,true,0,correct_route
SV,0.3,S3,0.75,18,proposed_mode,true,2.343,true,8,2.343,0,0,true,0,correct_route
SV,0.3,S3,0.75,18,an_080,true,2.343,true,8,2.343,0,0,true,0,correct_route
SV,0.3,S3,0.75,18,an_mode,true,2.343,true,8,2.343,0,0,true,0,correct_route
SV,0.3,S3,0.75,19,distance,true,2.0721,true,8,2.0721,0,0,true,0,correct_route
SV,0.3,S3,0.75,19,proposed_050,true,2.0721,true,8,2.0721,0,0,true,0,correct_route
SV,0.3,S3,0.75,19,proposed_mode,true,2.0721,true,8,2.0721,0,0,true,0,correct_route
SV,0.3,S3,0.75,19,an_080,true,2.0721,true,8,2.0721,0,0,true,0,correct_route
SV,0.3,S3,0.75,19,an_mode,true,2.0721,true,8,2.0721,0,0,true,0,correct_route
SV,0.3,S3,0.75,20,distance,true,10.531,true,7,8.4103,176.537,0.45,false,-20.138,unsafe_route
SV,0.3,S3,0.75,20,proposed_050,true,10.531,true,4,10.531,0,0,true,0,correct_route
SV,0.3,S3,0.75,20,proposed_mode,true,10.531,true,4,10.531,0,0,true,0,correct_route
SV,0.3,S3,0.75,20,an_080,true,10.531,true,7,8.4103,176.537,0.45,false,-20.138,unsafe_route
SV,0.3,S3,0.75,20,an_mode,true,10.531,true,4,10.531,0,0,true,0,correct_route
SV,0.3,S3,0.75,21,distance,true,3.6688,true,7,1.5022,139.39,0.45,false,-59.055,unsafe_route
SV,0.3,S3,0.75,21,proposed_050,true,3.6688,true,5,3.6688,0,0,true,0,correct_route
SV,0.3,S3,0.75,21,proposed_mode,true,3.6688,true,5,3.6688,0,0,true,0,correct_route
SV,0.3,S3,0.75,21,an_080,true,3.6688,true,7,1.5022,139.39,0.45,false,-59.055,unsafe_route
SV,0.3,S3,0.75,21,an_mode,true,3.6688,true,5,3.6688,0,0,true,0,correct_route
SV,0.3,S3,0.75,22,distance,true,4.7098,true,7,2.2373,157.996,0.45,false,-52.496,unsafe_route
SV,0.3,S3,0.75,22,proposed_050,true,4.7098,true,4,4.7098,0,0,true,0,correct_route
SV,0.3,S3,0.75,22,proposed_mode,true,4.7098,true,4,4.7098,0,0,true,0,correct_route
SV,0.3,S3,0.75,22,an_080,true,4.7098,true,7,2.2373,157.996,0.45,false,-52.496,unsafe_route
SV,0.3,S3,0.75,22,an_mode,true,4.7098,true,4,4.7098,0,0,true,0,correct_route
SV,0.3,S3,0.75,23,distance,true,6.9948,true,7,5.7136,176.537,0.45,false,-18.316,unsafe_route
SV,0.3,S3,0.75,23,proposed_050,true,6.9948,true,4,6.9948,0,0,true,0,correct_route
SV,0.3,S3,0.75,23,proposed_mode,true,6.9948,true,4,6.9948,0,0,true,0,correct_route
SV,0.3,S3,0.75,23,an_080,true,6.9948,true,7,5.7136,176.537,0.45,false,-18.316,unsafe_route
SV,0.3,S3,0.75,23,an_mode,true,6.9948,true,4,6.9948,0,0,true,0,correct_route
SV,0.3,S3,0.75,24,distance,true,7.2459,true,7,3.7965,176.537,0.45,false,-47.604,unsafe_route
SV,0.3,S3,0.75,24,proposed_050,true,7.2459,true,7,4.2558,131.957,0.45,false,-41.265,unsafe_route
SV,0.3,S3,0.75,24,proposed_mode,true,7.2459,true,4,7.2459,0,0,true,0,correct_route
SV,0.3,S3,0.75,24,an_080,true,7.2459,true,7,3.7965,176.537,0.45,false,-47.604,unsafe_route
SV,0.3,S3,0.75,24,an_mode,true,7.2459,true,4,7.2459,0,0,true,0,correct_route
SV,0.3,S3,0.75,25,distance,true,2.019,true,5,2.019,0,0,true,0,correct_route
SV,0.3,S3,0.75,25,proposed_050,true,2.019,true,5,2.019,0,0,true,0,correct_route
SV,0.3,S3,0.75,25,proposed_mode,true,2.019,true,5,2.019,0,0,true,0,correct_route
SV,0.3,S3,0.75,25,an_080,true,2.019,true,5,2.019,0,0,true,0,correct_route
SV,0.3,S3,0.75,25,an_mode,true,2.019,true,5,2.019,0,0,true,0,correct_route
SV,0.3,S3,0.75,26,distance,true,1.0687,true,5,1.0687,0,0,true,0,correct_route
SV,0.3,S3,0.75,26,proposed_050,true,1.0687,true,5,1.0687,0,0,true,0,correct_route
SV,0.3,S3,0.75,26,proposed_mode,true,1.0687,true,5,1.0687,0,0,true,0,correct_route
SV,0.3,S3,0.75,26,an_080,true,1.0687,true,5,1.0687,0,0,true,0,correct_route
SV,0.3,S3,0.75,26,an_mode,true,1.0687,true,5,1.0687,0,0,true,0,correct_route
SV,0.3,S3,0.75,27,distance,true,2.187,true,3,2.187,0,0,true,0,correct_route
SV,0.3,S3,0.75,27,proposed_050,true,2.187,true,3,2.187,0,0,true,0,correct_route
SV,0.3,S3,0.75,27,proposed_mode,true,2.187,true,3,2.187,0,0,true,0,correct_route
SV,0.3,S3,0.75,27,an_080,true,2.187,true,3,2.187,0,0,true,0,correct_route
SV,0.3,S3,0.75,27,an_mode,true,2.187,true,3,2.187,0,0,true,0,correct_route
SV,0.3,S3,0.75,28,distance,true,3.8719,true,7,3.3577,136.784,0.45,false,-13.279,unsafe_route
SV,0.3,S3,0.75,28,proposed_050,true,3.8719,true,3,3.8719,0,0,true,0,correct_route
SV,0.3,S3,0.75,28,proposed_mode,true,3.8719,true,3,3.8719,0,0,true,0,correct_route
SV,0.3,S3,0.75,28,an_080,true,3.8719,true,7,3.3577,136.784,0.45,false,-13.279,unsafe_route
SV,0.3,S3,0.75,28,an_mode,true,3.8719,true,3,3.8719,0,0,true,0,correct_route
SV,0.3,S3,0.75,29,distance,true,8.6823,true,7,5.5354,176.537,0.45,false,-36.246,unsafe_route
SV,0.3,S3,0.75,29,proposed_050,true,8.6823,true,4,8.6823,0,0,true,0,correct_route
SV,0.3,S3,0.75,29,proposed_mode,true,8.6823,true,4,8.6823,0,0,true,0,correct_route
SV,0.3,S3,0.75,29,an_080,true,8.6823,true,7,5.5354,176.537,0.45,false,-36.246,unsafe_route
SV,0.3,S3,0.75,29,an_mode,true,8.6823,true,4,8.6823,0,0,true,0,correct_route
SV,0.3,S3,0.75,30,distance,true,2.6793,true,3,2.6793,0,0,true,0,correct_route
SV,0.3,S3,0.75,30,proposed_050,true,2.6793,true,3,2.6793,0,0,true,0,correct_route
SV,0.3,S3,0.75,30,proposed_mode,true,2.6793,true,3,2.6793,0,0,true,0,correct_route
SV,0.3,S3,0.75,30,an_080,true,2.6793,true,3,2.6793,0,0,true,0,correct_route
SV,0.3,S3,0.75,30,an_mode,true,2.6793,true,3,2.6793,0,0,true,0,correct_route
SV,0.3,S3,0.75,31,distance,true,7.7515,true,7,3.5175,176.537,0.45,false,-54.622,unsafe_route
SV,0.3,S3,0.75,31,proposed_050,true,7.7515,true,7,3.8693,131.957,0.45,false,-50.084,unsafe_route
SV,0.3,S3,0.75,31,proposed_mode,true,7.7515,true,4,7.7515,0,0,true,0,correct_route
SV,0.3,S3,0.75,31,an_080,true,7.7515,true,7,3.5175,176.537,0.45,false,-54.622,unsafe_route
SV,0.3,S3,0.75,31,an_mode,true,7.7515,true,4,7.7515,0,0,true,0,correct_route
SV,0.3,S3,0.75,32,distance,true,1.5916,true,3,1.5916,0,0,true,0,correct_route
SV,0.3,S3,0.75,32,proposed_050,true,1.5916,true,3,1.5916,0,0,true,0,correct_route
SV,0.3,S3,0.75,32,proposed_mode,true,1.5916,true,3,1.5916,0,0,true,0,correct_route
SV,0.3,S3,0.75,32,an_080,true,1.5916,true,3,1.5916,0,0,true,0,correct_route
SV,0.3,S3,0.75,32,an_mode,true,1.5916,true,3,1.5916,0,0,true,0,correct_route
SV,0.3,S3,0.75,33,distance,true,6.7764,true,7,2.2529,176.537,0.45,false,-66.753,unsafe_route
SV,0.3,S3,0.75,33,proposed_050,true,6.7764,true,7,2.3876,131.957,0.45,false,-64.766,unsafe_route
SV,0.3,S3,0.75,33,proposed_mode,true,6.7764,true,4,6.7764,0,0,true,0,correct_route
SV,0.3,S3,0.75,33,an_080,true,6.7764,true,7,2.2529,176.537,0.45,false,-66.753,unsafe_route
SV,0.3,S3,0.75,33,an_mode,true,6.7764,true,4,6.7764,0,0,true,0,correct_route
SV,0.3,S3,0.75,34,distance,true,5.4997,true,7,1.9227,136.784,0.45,false,-65.041,unsafe_route
SV,0.3,S3,0.75,34,proposed_050,true,5.4997,true,7,1.9227,136.784,0.45,false,-65.041,unsafe_route
SV,0.3,S3,0.75,34,proposed_mode,true,5.4997,true,5,5.4997,0,0,true,0,correct_route
SV,0.3,S3,0.75,34,an_080,true,5.4997,true,7,1.9227,136.784,0.45,false,-65.041,unsafe_route
SV,0.3,S3,0.75,34,an_mode,true,5.4997,true,5,5.4997,0,0,true,0,correct_route
SV,0.3,S3,0.75,35,distance,true,7.1902,true,7,3.6916,131.957,0.45,false,-48.657,unsafe_route
SV,0.3,S3,0.75,35,proposed_050,true,7.1902,true,7,3.7,136.784,0.45,false,-48.541,unsafe_route
SV,0.3,S3,0.75,35,proposed_mode,true,7.1902,true,5,7.1902,0,0,true,0,correct_route
SV,0.3,S3,0.75,35,an_080,true,7.1902,true,7,3.6916,131.957,0.45,false,-48.657,unsafe_route
SV,0.3,S3,0.75,35,an_mode,true,7.1902,true,5,7.1902,0,0,true,0,correct_route
SV,0.3,S3,0.75,36,distance,true,8.7856,true,7,4.5516,176.537,0.45,false,-48.193,unsafe_route
SV,0.3,S3,0.75,36,proposed_050,true,8.7856,true,7,4.9033,131.957,0.45,false,-44.189,unsafe_route
SV,0.3,S3,0.75,36,proposed_mode,true,8.7856,true,4,8.7856,0,0,true,0,correct_route
SV,0.3,S3,0.75,36,an_080,true,8.7856,true,7,4.5516,176.537,0.45,false,-48.193,unsafe_route
SV,0.3,S3,0.75,36,an_mode,true,8.7856,true,4,8.7856,0,0,true,0,correct_route
SV,0.3,S3,0.75,37,distance,true,8.226,true,7,3.7026,176.537,0.45,false,-54.989,unsafe_route
SV,0.3,S3,0.75,37,proposed_050,true,8.226,true,7,3.8372,131.957,0.45,false,-53.353,unsafe_route
SV,0.3,S3,0.75,37,proposed_mode,true,8.226,true,4,8.226,0,0,true,0,correct_route
SV,0.3,S3,0.75,37,an_080,true,8.226,true,7,3.7026,176.537,0.45,false,-54.989,unsafe_route
SV,0.3,S3,0.75,37,an_mode,true,8.226,true,4,8.226,0,0,true,0,correct_route
SV,0.3,S3,0.75,38,distance,true,6.107,true,7,4.8669,136.784,0.45,false,-20.305,unsafe_route
SV,0.3,S3,0.75,38,proposed_050,true,6.107,true,5,6.107,0,0,true,0,correct_route
SV,0.3,S3,0.75,38,proposed_mode,true,6.107,true,5,6.107,0,0,true,0,correct_route
SV,0.3,S3,0.75,38,an_080,true,6.107,true,7,4.8669,136.784,0.45,false,-20.305,unsafe_route
SV,0.3,S3,0.75,38,an_mode,true,6.107,true,5,6.107,0,0,true,0,correct_route
SV,0.3,S3,0.75,39,distance,true,3.8945,true,3,3.8945,0,0,true,0,correct_route
SV,0.3,S3,0.75,39,proposed_050,true,3.8945,true,3,3.8945,0,0,true,0,correct_route
SV,0.3,S3,0.75,39,proposed_mode,true,3.8945,true,3,3.8945,0,0,true,0,correct_route
SV,0.3,S3,0.75,39,an_080,true,3.8945,true,3,3.8945,0,0,true,0,correct_route
SV,0.3,S3,0.75,39,an_mode,true,3.8945,true,3,3.8945,0,0,true,0,correct_route
SV,0.3,S3,0.75,40,distance,true,4.2719,true,3,4.2719,0,0,true,0,correct_route
SV,0.3,S3,0.75,40,proposed_050,true,4.2719,true,3,4.2719,0,0,true,0,correct_route
SV,0.3,S3,0.75,40,proposed_mode,true,4.2719,true,3,4.2719,0,0,true,0,correct_route
SV,0.3,S3,0.75,40,an_080,true,4.2719,true,3,4.2719,0,0,true,0,correct_route
SV,0.3,S3,0.75,40,an_mode,true,4.2719,true,3,4.2719,0,0,true,0,correct_route
LV,0.5,S3,0.75,1,distance,true,3.5648,true,9,3.5648,0,0,true,0,correct_route
LV,0.5,S3,0.75,1,proposed_050,true,3.5648,true,9,3.5648,0,0,true,0,correct_route
LV,0.5,S3,0.75,1,proposed_mode,true,3.5648,true,9,3.5648,0,0,true,0,correct_route
LV,0.5,S3,0.75,1,an_080,true,3.5648,true,9,3.5648,0,0,true,0,correct_route
LV,0.5,S3,0.75,1,an_mode,true,3.5648,true,9,3.5648,0,0,true,0,correct_route
LV,0.5,S3,0.75,2,distance,true,4.4419,true,4,4.4419,0,0,true,0,correct_route
LV,0.5,S3,0.75,2,proposed_050,true,4.4419,true,4,4.4419,0,0,true,0,correct_route
LV,0.5,S3,0.75,2,proposed_mode,true,4.4419,true,4,4.4419,0,0,true,0,correct_route
LV,0.5,S3,0.75,2,an_080,true,4.4419,true,4,4.4419,0,0,true,0,correct_route
LV,0.5,S3,0.75,2,an_mode,true,4.4419,true,4,4.4419,0,0,true,0,correct_route
LV,0.5,S3,0.75,3,distance,true,2.6507,true,9,2.6507,0,0,true,0,correct_route
LV,0.5,S3,0.75,3,proposed_050,true,2.6507,true,9,2.6507,0,0,true,0,correct_route
LV,0.5,S3,0.75,3,proposed_mode,true,2.6507,true,9,2.6507,0,0,true,0,correct_route
LV,0.5,S3,0.75,3,an_080,true,2.6507,true,9,2.6507,0,0,true,0,correct_route
LV,0.5,S3,0.75,3,an_mode,true,2.6507,true,9,2.6507,0,0,true,0,correct_route
LV,0.5,S3,0.75,4,distance,true,4.3464,true,4,4.3464,0,0,true,0,correct_route
LV,0.5,S3,0.75,4,proposed_050,true,4.3464,true,4,4.3464,0,0,true,0,correct_route
LV,0.5,S3,0.75,4,proposed_mode,true,4.3464,true,4,4.3464,0,0,true,0,correct_route
LV,0.5,S3,0.75,4,an_080,true,4.3464,true,4,4.3464,0,0,true,0,correct_route
LV,0.5,S3,0.75,4,an_mode,true,4.3464,true,4,4.3464,0,0,true,0,correct_route
LV,0.5,S3,0.75,5,distance,true,4.4419,true,4,4.4419,0,0,true,0,correct_route
LV,0.5,S3,0.75,5,proposed_050,true,4.4419,true,4,4.4419,0,0,true,0,correct_route
LV,0.5,S3,0.75,5,proposed_mode,true,4.4419,true,4,4.4419,0,0,true,0,correct_route
LV,0.5,S3,0.75,5,an_080,true,4.4419,true,4,4.4419,0,0,true,0,correct_route
LV,0.5,S3,0.75,5,an_mode,true,4.4419,true,4,4.4419,0,0,true,0,correct_route
LV,0.5,S3,0.75,6,distance,true,0.7045,true,4,0.7045,0,0,true,0,correct_route
LV,0.5,S3,0.75,6,proposed_050,true,0.7045,true,4,0.7045,0,0,true,0,correct_route
LV,0.5,S3,0.75,6,proposed_mode,true,0.7045,true,4,0.7045,0,0,true,0,correct_route
LV,0.5,S3,0.75,6,an_080,true,0.7045,true,4,0.7045,0,0,true,0,correct_route
LV,0.5,S3,0.75,6,an_mode,true,0.7045,true,4,0.7045,0,0,true,0,correct_route
LV,0.5,S3,0.75,7,distance,true,2.4584,true,8,2.4584,0,0,true,0,correct_route
LV,0.5,S3,0.75,7,proposed_050,true,2.4584,true,8,2.4584,0,0,true,0,correct_route
LV,0.5,S3,0.75,7,proposed_mode,true,2.4584,true,8,2.4584,0,0,true,0,correct_route
LV,0.5,S3,0.75,7,an_080,true,2.4584,true,8,2.4584,0,0,true,0,correct_route
LV,0.5,S3,0.75,7,an_mode,true,2.4584,true,8,2.4584,0,0,true,0,correct_route
LV,0.5,S3,0.75,8,distance,true,2.2256,true,4,2.2256,0,0,true,0,correct_route
LV,0.5,S3,0.75,8,proposed_050,true,2.2256,true,4,2.2256,0,0,true,0,correct_route
LV,0.5,S3,0.75,8,proposed_mode,true,2.2256,true,4,2.2256,0,0,true,0,correct_route
LV,0.5,S3,0.75,8,an_080,true,2.2256,true,4,2.2256,0,0,true,0,correct_route
LV,0.5,S3,0.75,8,an_mode,true,2.2256,true,4,2.2256,0,0,true,0,correct_route
LV,0.5,S3,0.75,9,distance,true,2.2269,true,8,2.2269,0,0,true,0,correct_route
LV,0.5,S3,0.75,9,proposed_050,true,2.2269,true,8,2.2269,0,0,true,0,correct_route
LV,0.5,S3,0.75,9,proposed_mode,true,2.2269,true,8,2.2269,0,0,true,0,correct_route
LV,0.5,S3,0.75,9,an_080,true,2.2269,true,8,2.2269,0,0,true,0,correct_route
LV,0.5,S3,0.75,9,an_mode,true,2.2269,true,8,2.2269,0,0,true,0,correct_route
LV,0.5,S3,0.75,10,distance,true,0.7573,true,9,0.7573,0,0,true,0,correct_route
LV,0.5,S3,0.75,10,proposed_050,true,0.7573,true,9,0.7573,0,0,true,0,correct_route
LV,0.5,S3,0.75,10,proposed_mode,true,0.7573,true,9,0.7573,0,0,true,0,correct_route
LV,0.5,S3,0.75,10,an_080,true,0.7573,true,9,0.7573,0,0,true,0,correct_route
LV,0.5,S3,0.75,10,an_mode,true,0.7573,true,9,0.7573,0,0,true,0,correct_route
LV,0.5,S3,0.75,11,distance,true,5.077,true,4,5.077,0,0,true,0,correct_route
LV,0.5,S3,0.75,11,proposed_050,true,5.077,true,4,5.077,0,0,true,0,correct_route
LV,0.5,S3,0.75,11,proposed_mode,true,5.077,true,4,5.077,0,0,true,0,correct_route
LV,0.5,S3,0.75,11,an_080,true,5.077,true,4,5.077,0,0,true,0,correct_route
LV,0.5,S3,0.75,11,an_mode,true,5.077,true,4,5.077,0,0,true,0,correct_route
LV,0.5,S3,0.75,12,distance,true,4.8102,true,8,4.8102,0,0,true,0,correct_route
LV,0.5,S3,0.75,12,proposed_050,true,4.8102,true,8,4.8102,0,0,true,0,correct_route
LV,0.5,S3,0.75,12,proposed_mode,true,4.8102,true,8,4.8102,0,0,true,0,correct_route
LV,0.5,S3,0.75,12,an_080,true,4.8102,true,8,4.8102,0,0,true,0,correct_route
LV,0.5,S3,0.75,12,an_mode,true,4.8102,true,8,4.8102,0,0,true,0,correct_route
LV,0.5,S3,0.75,13,distance,true,5.3483,true,4,5.3483,0,0,true,0,correct_route
LV,0.5,S3,0.75,13,proposed_050,true,5.3483,true,4,5.3483,0,0,true,0,correct_route
LV,0.5,S3,0.75,13,proposed_mode,true,5.3483,true,4,5.3483,0,0,true,0,correct_route
LV,0.5,S3,0.75,13,an_080,true,5.3483,true,4,5.3483,0,0,true,0,correct_route
LV,0.5,S3,0.75,13,an_mode,true,5.3483,true,4,5.3483,0,0,true,0,correct_route
LV,0.5,S3,0.75,14,distance,true,2.2619,true,4,2.2619,0,0,true,0,correct_route
LV,0.5,S3,0.75,14,proposed_050,true,2.2619,true,4,2.2619,0,0,true,0,correct_route
LV,0.5,S3,0.75,14,proposed_mode,true,2.2619,true,4,2.2619,0,0,true,0,correct_route
LV,0.5,S3,0.75,14,an_080,true,2.2619,true,4,2.2619,0,0,true,0,correct_route
LV,0.5,S3,0.75,14,an_mode,true,2.2619,true,4,2.2619,0,0,true,0,correct_route
LV,0.5,S3,0.75,15,distance,true,3.7294,true,4,3.7294,0,0,true,0,correct_route
LV,0.5,S3,0.75,15,proposed_050,true,3.7294,true,4,3.7294,0,0,true,0,correct_route
LV,0.5,S3,0.75,15,proposed_mode,true,3.7294,true,4,3.7294,0,0,true,0,correct_route
LV,0.5,S3,0.75,15,an_080,true,3.7294,true,4,3.7294,0,0,true,0,correct_route
LV,0.5,S3,0.75,15,an_mode,true,3.7294,true,4,3.7294,0,0,true,0,correct_route
LV,0.5,S3,0.75,16,distance,true,1.4535,true,8,1.4535,0,0,true,0,correct_route
LV,0.5,S3,0.75,16,proposed_050,true,1.4535,true,8,1.4535,0,0,true,0,correct_route
LV,0.5,S3,0.75,16,proposed_mode,true,1.4535,true,8,1.4535,0,0,true,0,correct_route
LV,0.5,S3,0.75,16,an_080,true,1.4535,true,8,1.4535,0,0,true,0,correct_route
LV,0.5,S3,0.75,16,an_mode,true,1.4535,true,8,1.4535,0,0,true,0,correct_route
LV,0.5,S3,0.75,17,distance,true,4.4279,true,8,4.4279,0,0,true,0,correct_route
LV,0.5,S3,0.75,17,proposed_050,true,4.4279,true,8,4.4279,0,0,true,0,correct_route
LV,0.5,S3,0.75,17,proposed_mode,true,4.4279,true,8,4.4279,0,0,true,0,correct_route
LV,0.5,S3,0.75,17,an_080,true,4.4279,true,8,4.4279,0,0,true,0,correct_route
LV,0.5,S3,0.75,17,an_mode,true,4.4279,true,8,4.4279,0,0,true,0,correct_route
LV,0.5,S3,0.75,18,distance,true,2.343,true,8,2.343,0,0,true,0,correct_route
LV,0.5,S3,0.75,18,proposed_050,true,2.343,true,8,2.343,0,0,true,0,correct_route
LV,0.5,S3,0.75,18,proposed_mode,true,2.343,true,8,2.343,0,0,true,0,correct_route
LV,0.5,S3,0.75,18,an_080,true,2.343,true,8,2.343,0,0,true,0,correct_route
LV,0.5,S3,0.75,18,an_mode,true,2.343,true,8,2.343,0,0,true,0,correct_route
LV,0.5,S3,0.75,19,distance,true,2.0721,true,8,2.0721,0,0,true,0,correct_route
LV,0.5,S3,0.75,19,proposed_050,true,2.0721,true,8,2.0721,0,0,true,0,correct_route
LV,0.5,S3,0.75,19,proposed_mode,true,2.0721,true,8,2.0721,0,0,true,0,correct_route
LV,0.5,S3,0.75,19,an_080,true,2.0721,true,8,2.0721,0,0,true,0,correct_route
LV,0.5,S3,0.75,19,an_mode,true,2.0721,true,8,2.0721,0,0,true,0,correct_route
LV,0.5,S3,0.75,20,distance,true,8.4103,true,7,8.4103,176.537,0.45,true,0,correct_route
LV,0.5,S3,0.75,20,proposed_050,true,8.4103,true,4,10.531,0,0,true,25.216,correct_route
LV,0.5,S3,0.75,20,proposed_mode,true,8.4103,true,4,10.531,0,0,true,25.216,correct_route
LV,0.5,S3,0.75,20,an_080,true,8.4103,true,7,8.4103,176.537,0.45,true,0,correct_route
LV,0.5,S3,0.75,20,an_mode,true,8.4103,true,7,8.4103,176.537,0.45,true,0,correct_route
LV,0.5,S3,0.75,21,distance,true,1.5022,true,7,1.5022,139.39,0.45,true,0,correct_route
LV,0.5,S3,0.75,21,proposed_050,true,1.5022,true,5,3.6688,0,0,true,144.228,correct_route
LV,0.5,S3,0.75,21,proposed_mode,true,1.5022,true,5,3.6688,0,0,true,144.228,correct_route
LV,0.5,S3,0.75,21,an_080,true,1.5022,true,7,1.5022,139.39,0.45,true,0,correct_route
LV,0.5,S3,0.75,21,an_mode,true,1.5022,true,7,1.5022,139.39,0.45,true,0,correct_route
LV,0.5,S3,0.75,22,distance,true,2.2373,true,7,2.2373,157.996,0.45,true,0,correct_route
LV,0.5,S3,0.75,22,proposed_050,true,2.2373,true,4,4.7098,0,0,true,110.51,correct_route
LV,0.5,S3,0.75,22,proposed_mode,true,2.2373,true,4,4.7098,0,0,true,110.51,correct_route
LV,0.5,S3,0.75,22,an_080,true,2.2373,true,7,2.2373,157.996,0.45,true,0,correct_route
LV,0.5,S3,0.75,22,an_mode,true,2.2373,true,7,2.2373,157.996,0.45,true,0,correct_route
LV,0.5,S3,0.75,23,distance,true,5.7136,true,7,5.7136,176.537,0.45,true,0,correct_route
LV,0.5,S3,0.75,23,proposed_050,true,5.7136,true,4,6.9948,0,0,true,22.424,correct_route
LV,0.5,S3,0.75,23,proposed_mode,true,5.7136,true,4,6.9948,0,0,true,22.424,correct_route
LV,0.5,S3,0.75,23,an_080,true,5.7136,true,7,5.7136,176.537,0.45,true,0,correct_route
LV,0.5,S3,0.75,23,an_mode,true,5.7136,true,7,5.7136,176.537,0.45,true,0,correct_route
LV,0.5,S3,0.75,24,distance,true,3.7965,true,7,3.7965,176.537,0.45,true,0,correct_route
LV,0.5,S3,0.75,24,proposed_050,true,3.7965,true,7,4.2558,131.957,0.45,true,12.098,correct_route
LV,0.5,S3,0.75,24,proposed_mode,true,3.7965,true,7,4.2558,131.957,0.45,true,12.098,correct_route
LV,0.5,S3,0.75,24,an_080,true,3.7965,true,7,3.7965,176.537,0.45,true,0,correct_route
LV,0.5,S3,0.75,24,an_mode,true,3.7965,true,7,3.7965,176.537,0.45,true,0,correct_route
LV,0.5,S3,0.75,25,distance,true,2.019,true,5,2.019,0,0,true,0,correct_route
LV,0.5,S3,0.75,25,proposed_050,true,2.019,true,5,2.019,0,0,true,0,correct_route
LV,0.5,S3,0.75,25,proposed_mode,true,2.019,true,5,2.019,0,0,true,0,correct_route
LV,0.5,S3,0.75,25,an_080,true,2.019,true,5,2.019,0,0,true,0,correct_route
LV,0.5,S3,0.75,25,an_mode,true,2.019,true,5,2.019,0,0,true,0,correct_route
LV,0.5,S3,0.75,26,distance,true,1.0687,true,5,1.0687,0,0,true,0,correct_route
LV,0.5,S3,0.75,26,proposed_050,true,1.0687,true,5,1.0687,0,0,true,0,correct_route
LV,0.5,S3,0.75,26,proposed_mode,true,1.0687,true,5,1.0687,0,0,true,0,correct_route
LV,0.5,S3,0.75,26,an_080,true,1.0687,true,5,1.0687,0,0,true,0,correct_route
LV,0.5,S3,0.75,26,an_mode,true,1.0687,true,5,1.0687,0,0,true,0,correct_route
LV,0.5,S3,0.75,27,distance,true,2.187,true,3,2.187,0,0,true,0,correct_route
LV,0.5,S3,0.75,27,proposed_050,true,2.187,true,3,2.187,0,0,true,0,correct_route
LV,0.5,S3,0.75,27,proposed_mode,true,2.187,true,3,2.187,0,0,true,0,correct_route
LV,0.5,S3,0.75,27,an_080,true,2.187,true,3,2.187,0,0,true,0,correct_route
LV,0.5,S3,0.75,27,an_mode,true,2.187,true,3,2.187,0,0,true,0,correct_route
LV,0.5,S3,0.75,28,distance,true,3.3577,true,7,3.3577,136.784,0.45,true,0,correct_route
LV,0.5,S3,0.75,28,proposed_050,true,3.3577,true,3,3.8719,0,0,true,15.313,correct_route
LV,0.5,S3,0.75,28,proposed_mode,true,3.3577,true,3,3.8719,0,0,true,15.313,correct_route
LV,0.5,S3,0.75,28,an_080,true,3.3577,true,7,3.3577,136.784,0.45,true,0,correct_route
LV,0.5,S3,0.75,28,an_mode,true,3.3577,true,7,3.3577,136.784,0.45,true,0,correct_route
LV,0.5,S3,0.75,29,distance,true,5.5354,true,7,5.5354,176.537,0.45,true,0,correct_route
LV,0.5,S3,0.75,29,proposed_050,true,5.5354,true,4,8.6823,0,0,true,56.852,correct_route
LV,0.5,S3,0.75,29,proposed_mode,true,5.5354,true,4,8.6823,0,0,true,56.852,correct_route
LV,0.5,S3,0.75,29,an_080,true,5.5354,true,7,5.5354,176.537,0.45,true,0,correct_route
LV,0.5,S3,0.75,29,an_mode,true,5.5354,true,7,5.5354,176.537,0.45,true,0,correct_route
LV,0.5,S3,0.75,30,distance,true,2.6793,true,3,2.6793,0,0,true,0,correct_route
LV,0.5,S3,0.75,30,proposed_050,true,2.6793,true,3,2.6793,0,0,true,0,correct_route
LV,0.5,S3,0.75,30,proposed_mode,true,2.6793,true,3,2.6793,0,0,true,0,correct_route
LV,0.5,S3,0.75,30,an_080,true,2.6793,true,3,2.6793,0,0,true,0,correct_route
LV,0.5,S3,0.75,30,an_mode,true,2.6793,true,3,2.6793,0,0,true,0,correct_route
LV,0.5,S3,0.75,31,distance,true,3.5175,true,7,3.5175,176.537,0.45,true,0,correct_route
LV,0.5,S3,0.75,31,proposed_050,true,3.5175,true,7,3.8693,131.957,0.45,true,10,correct_route
LV,0.5,S3,0.75,31,proposed_mode,true,3.5175,true,7,3.8693,131.957,0.45,true,10,correct_route
LV,0.5,S3,0.75,31,an_080,true,3.5175,true,7,3.5175,176.537,0.45,true,0,correct_route
LV,0.5,S3,0.75,31,an_mode,true,3.5175,true,7,3.5175,176.537,0.45,true,0,correct_route
LV,0.5,S3,0.75,32,distance,true,1.5916,true,3,1.5916,0,0,true,0,correct_route
LV,0.5,S3,0.75,32,proposed_050,true,1.5916,true,3,1.5916,0,0,true,0,correct_route
LV,0.5,S3,0.75,32,proposed_mode,true,1.5916,true,3,1.5916,0,0,true,0,correct_route
LV,0.5,S3,0.75,32,an_080,true,1.5916,true,3,1.5916,0,0,true,0,correct_route
LV,0.5,S3,0.75,32,an_mode,true,1.5916,true,3,1.5916,0,0,true,0,correct_route
LV,0.5,S3,0.75,33,distance,true,2.2529,true,7,2.2529,176.537,0.45,true,0,correct_route
LV,0.5,S3,0.75,33,proposed_050,true,2.2529,true,7,2.3876,131.957,0.45,true,5.977,correct_route
LV,0.5,S3,0.75,33,proposed_mode,true,2.2529,true,7,2.3876,131.957,0.45,true,5.977,correct_route
LV,0.5,S3,0.75,33,an_080,true,2.2529,true,7,2.2529,176.537,0.45,true,0,correct_route
LV,0.5,S3,0.75,33,an_mode,true,2.2529,true,7,2.2529,176.537,0.45,true,0,correct_route
LV,0.5,S3,0.75,34,distance,true,1.9227,true,7,1.9227,136.784,0.45,true,0,correct_route
LV,0.5,S3,0.75,34,proposed_050,true,1.9227,true,7,1.9227,136.784,0.45,true,0,correct_route
LV,0.5,S3,0.75,34,proposed_mode,true,1.9227,true,7,1.9227,136.784,0.45,true,0,correct_route
LV,0.5,S3,0.75,34,an_080,true,1.9227,true,7,1.9227,136.784,0.45,true,0,correct_route
LV,0.5,S3,0.75,34,an_mode,true,1.9227,true,7,1.9227,136.784,0.45,true,0,correct_route
LV,0.5,S3,0.75,35,distance,true,3.6916,true,7,3.6916,131.957,0.45,true,0,correct_route
LV,0.5,S3,0.75,35,proposed_050,true,3.6916,true,7,3.7,136.784,0.45,true,0.226,correct_route
LV,0.5,S3,0.75,35,proposed_mode,true,3.6916,true,7,3.7,136.784,0.45,true,0.226,correct_route
LV,0.5,S3,0.75,35,an_080,true,3.6916,true,7,3.6916,131.957,0.45,true,0,correct_route
LV,0.5,S3,0.75,35,an_mode,true,3.6916,true,7,3.6916,131.957,0.45,true,0,correct_route
LV,0.5,S3,0.75,36,distance,true,4.5516,true,7,4.5516,176.537,0.45,true,0,correct_route
LV,0.5,S3,0.75,36,proposed_050,true,4.5516,true,7,4.9033,131.957,0.45,true,7.728,correct_route
LV,0.5,S3,0.75,36,proposed_mode,true,4.5516,true,7,4.9033,131.957,0.45,true,7.728,correct_route
LV,0.5,S3,0.75,36,an_080,true,4.5516,true,7,4.5516,176.537,0.45,true,0,correct_route
LV,0.5,S3,0.75,36,an_mode,true,4.5516,true,7,4.5516,176.537,0.45,true,0,correct_route
LV,0.5,S3,0.75,37,distance,true,3.7026,true,7,3.7026,176.537,0.45,true,0,correct_route
LV,0.5,S3,0.75,37,proposed_050,true,3.7026,true,7,3.8372,131.957,0.45,true,3.637,correct_route
LV,0.5,S3,0.75,37,proposed_mode,true,3.7026,true,7,3.8372,131.957,0.45,true,3.637,correct_route
LV,0.5,S3,0.75,37,an_080,true,3.7026,true,7,3.7026,176.537,0.45,true,0,correct_route
LV,0.5,S3,0.75,37,an_mode,true,3.7026,true,7,3.7026,176.537,0.45,true,0,correct_route
LV,0.5,S3,0.75,38,distance,true,4.8669,true,7,4.8669,136.784,0.45,true,0,correct_route
LV,0.5,S3,0.75,38,proposed_050,true,4.8669,true,5,6.107,0,0,true,25.479,correct_route
LV,0.5,S3,0.75,38,proposed_mode,true,4.8669,true,5,6.107,0,0,true,25.479,correct_route
LV,0.5,S3,0.75,38,an_080,true,4.8669,true,7,4.8669,136.784,0.45,true,0,correct_route
LV,0.5,S3,0.75,38,an_mode,true,4.8669,true,7,4.8669,136.784,0.45,true,0,correct_route
LV,0.5,S3,0.75,39,distance,true,3.8945,true,3,3.8945,0,0,true,0,correct_route
LV,0.5,S3,0.75,39,proposed_050,true,3.8945,true,3,3.8945,0,0,true,0,correct_route
LV,0.5,S3,0.75,39,proposed_mode,true,3.8945,true,3,3.8945,0,0,true,0,correct_route
LV,0.5,S3,0.75,39,an_080,true,3.8945,true,3,3.8945,0,0,true,0,correct_route
LV,0.5,S3,0.75,39,an_mode,true,3.8945,true,3,3.8945,0,0,true,0,correct_route
LV,0.5,S3,0.75,40,distance,true,4.2719,true,3,4.2719,0,0,true,0,correct_route
LV,0.5,S3,0.75,40,proposed_050,true,4.2719,true,3,4.2719,0,0,true,0,correct_route
LV,0.5,S3,0.75,40,proposed_mode,true,4.2719,true,3,4.2719,0,0,true,0,correct_route
LV,0.5,S3,0.75,40,an_080,true,4.2719,true,3,4.2719,0,0,true,0,correct_route
LV,0.5,S3,0.75,40,an_mode,true,4.2719,true,3,4.2719,0,0,true,0,correct_route
AD,1.2,S3,0.75,1,distance,true,3.5648,true,9,3.5648,0,0,true,0,correct_route
AD,1.2,S3,0.75,1,proposed_050,true,3.5648,true,9,3.5648,0,0,true,0,correct_route
AD,1.2,S3,0.75,1,proposed_mode,true,3.5648,true,9,3.5648,0,0,true,0,correct_route
AD,1.2,S3,0.75,1,an_080,true,3.5648,true,9,3.5648,0,0,true,0,correct_route
AD,1.2,S3,0.75,1,an_mode,true,3.5648,true,9,3.5648,0,0,true,0,correct_route
AD,1.2,S3,0.75,2,distance,true,4.4419,true,4,4.4419,0,0,true,0,correct_route
AD,1.2,S3,0.75,2,proposed_050,true,4.4419,true,4,4.4419,0,0,true,0,correct_route
AD,1.2,S3,0.75,2,proposed_mode,true,4.4419,true,4,4.4419,0,0,true,0,correct_route
AD,1.2,S3,0.75,2,an_080,true,4.4419,true,4,4.4419,0,0,true,0,correct_route
AD,1.2,S3,0.75,2,an_mode,true,4.4419,true,4,4.4419,0,0,true,0,correct_route
AD,1.2,S3,0.75,3,distance,true,2.6507,true,9,2.6507,0,0,true,0,correct_route
AD,1.2,S3,0.75,3,proposed_050,true,2.6507,true,9,2.6507,0,0,true,0,correct_route
AD,1.2,S3,0.75,3,proposed_mode,true,2.6507,true,9,2.6507,0,0,true,0,correct_route
AD,1.2,S3,0.75,3,an_080,true,2.6507,true,9,2.6507,0,0,true,0,correct_route
AD,1.2,S3,0.75,3,an_mode,true,2.6507,true,9,2.6507,0,0,true,0,correct_route
AD,1.2,S3,0.75,4,distance,true,4.3464,true,4,4.3464,0,0,true,0,correct_route
AD,1.2,S3,0.75,4,proposed_050,true,4.3464,true,4,4.3464,0,0,true,0,correct_route
AD,1.2,S3,0.75,4,proposed_mode,true,4.3464,true,4,4.3464,0,0,true,0,correct_route
AD,1.2,S3,0.75,4,an_080,true,4.3464,true,4,4.3464,0,0,true,0,correct_route
AD,1.2,S3,0.75,4,an_mode,true,4.3464,true,4,4.3464,0,0,true,0,correct_route
AD,1.2,S3,0.75,5,distance,true,4.4419,true,4,4.4419,0,0,true,0,correct_route
AD,1.2,S3,0.75,5,proposed_050,true,4.4419,true,4,4.4419,0,0,true,0,correct_route
AD,1.2,S3,0.75,5,proposed_mode,true,4.4419,true,4,4.4419,0,0,true,0,correct_route
AD,1.2,S3,0.75,5,an_080,true,4.4419,true,4,4.4419,0,0,true,0,correct_route
AD,1.2,S3,0.75,5,an_mode,true,4.4419,true,4,4.4419,0,0,true,0,correct_route
AD,1.2,S3,0.75,6,distance,true,0.7045,true,4,0.7045,0,0,true,0,correct_route
AD,1.2,S3,0.75,6,proposed_050,true,0.7045,true,4,0.7045,0,0,true,0,correct_route
AD,1.2,S3,0.75,6,proposed_mode,true,0.7045,true,4,0.7045,0,0,true,0,correct_route
AD,1.2,S3,0.75,6,an_080,true,0.7045,true,4,0.7045,0,0,true,0,correct_route
AD,1.2,S3,0.75,6,an_mode,true,0.7045,true,4,0.7045,0,0,true,0,correct_route
AD,1.2,S3,0.75,7,distance,true,2.4584,true,8,2.4584,0,0,true,0,correct_route
AD,1.2,S3,0.75,7,proposed_050,true,2.4584,true,8,2.4584,0,0,true,0,correct_route
AD,1.2,S3,0.75,7,proposed_mode,true,2.4584,true,8,2.4584,0,0,true,0,correct_route
AD,1.2,S3,0.75,7,an_080,true,2.4584,true,8,2.4584,0,0,true,0,correct_route
AD,1.2,S3,0.75,7,an_mode,true,2.4584,true,8,2.4584,0,0,true,0,correct_route
AD,1.2,S3,0.75,8,distance,true,2.2256,true,4,2.2256,0,0,true,0,correct_route
AD,1.2,S3,0.75,8,proposed_050,true,2.2256,true,4,2.2256,0,0,true,0,correct_route
AD,1.2,S3,0.75,8,proposed_mode,true,2.2256,true,4,2.2256,0,0,true,0,correct_route
AD,1.2,S3,0.75,8,an_080,true,2.2256,true,4,2.2256,0,0,true,0,correct_route
AD,1.2,S3,0.75,8,an_mode,true,2.2256,true,4,2.2256,0,0,true,0,correct_route
AD,1.2,S3,0.75,9,distance,true,2.2269,true,8,2.2269,0,0,true,0,correct_route
AD,1.2,S3,0.75,9,proposed_050,true,2.2269,true,8,2.2269,0,0,true,0,correct_route
AD,1.2,S3,0.75,9,proposed_mode,true,2.2269,true,8,2.2269,0,0,true,0,correct_route
AD,1.2,S3,0.75,9,an_080,true,2.2269,true,8,2.2269,0,0,true,0,correct_route
AD,1.2,S3,0.75,9,an_mode,true,2.2269,true,8,2.2269,0,0,true,0,correct_route
AD,1.2,S3,0.75,10,distance,true,0.7573,true,9,0.7573,0,0,true,0,correct_route
AD,1.2,S3,0.75,10,proposed_050,true,0.7573,true,9,0.7573,0,0,true,0,correct_route
AD,1.2,S3,0.75,10,proposed_mode,true,0.7573,true,9,0.7573,0,0,true,0,correct_route
AD,1.2,S3,0.75,10,an_080,true,0.7573,true,9,0.7573,0,0,true,0,correct_route
AD,1.2,S3,0.75,10,an_mode,true,0.7573,true,9,0.7573,0,0,true,0,correct_route
AD,1.2,S3,0.75,11,distance,true,5.077,true,4,5.077,0,0,true,0,correct_route
AD,1.2,S3,0.75,11,proposed_050,true,5.077,true,4,5.077,0,0,true,0,correct_route
AD,1.2,S3,0.75,11,proposed_mode,true,5.077,true,4,5.077,0,0,true,0,correct_route
AD,1.2,S3,0.75,11,an_080,true,5.077,true,4,5.077,0,0,true,0,correct_route
AD,1.2,S3,0.75,11,an_mode,true,5.077,true,4,5.077,0,0,true,0,correct_route
AD,1.2,S3,0.75,12,distance,true,4.8102,true,8,4.8102,0,0,true,0,correct_route
AD,1.2,S3,0.75,12,proposed_050,true,4.8102,true,8,4.8102,0,0,true,0,correct_route
AD,1.2,S3,0.75,12,proposed_mode,true,4.8102,true,8,4.8102,0,0,true,0,correct_route
AD,1.2,S3,0.75,12,an_080,true,4.8102,true,8,4.8102,0,0,true,0,correct_route
AD,1.2,S3,0.75,12,an_mode,true,4.8102,true,8,4.8102,0,0,true,0,correct_route
AD,1.2,S3,0.75,13,distance,true,5.3483,true,4,5.3483,0,0,true,0,correct_route
AD,1.2,S3,0.75,13,proposed_050,true,5.3483,true,4,5.3483,0,0,true,0,correct_route
AD,1.2,S3,0.75,13,proposed_mode,true,5.3483,true,4,5.3483,0,0,true,0,correct_route
AD,1.2,S3,0.75,13,an_080,true,5.3483,true,4,5.3483,0,0,true,0,correct_route
AD,1.2,S3,0.75,13,an_mode,true,5.3483,true,4,5.3483,0,0,true,0,correct_route
AD,1.2,S3,0.75,14,distance,true,2.2619,true,4,2.2619,0,0,true,0,correct_route
AD,1.2,S3,0.75,14,proposed_050,true,2.2619,true,4,2.2619,0,0,true,0,correct_route
AD,1.2,S3,0.75,14,proposed_mode,true,2.2619,true,4,2.2619,0,0,true,0,correct_route
AD,1.2,S3,0.75,14,an_080,true,2.2619,true,4,2.2619,0,0,true,0,correct_route
AD,1.2,S3,0.75,14,an_mode,true,2.2619,true,4,2.2619,0,0,true,0,correct_route
AD,1.2,S3,0.75,15,distance,true,3.7294,true,4,3.7294,0,0,true,0,correct_route
AD,1.2,S3,0.75,15,proposed_050,true,3.7294,true,4,3.7294,0,0,true,0,correct_route
AD,1.2,S3,0.75,15,proposed_mode,true,3.7294,true,4,3.7294,0,0,true,0,correct_route
AD,1.2,S3,0.75,15,an_080,true,3.7294,true,4,3.7294,0,0,true,0,correct_route
AD,1.2,S3,0.75,15,an_mode,true,3.7294,true,4,3.7294,0,0,true,0,correct_route
AD,1.2,S3,0.75,16,distance,true,1.4535,true,8,1.4535,0,0,true,0,correct_route
AD,1.2,S3,0.75,16,proposed_050,true,1.4535,true,8,1.4535,0,0,true,0,correct_route
AD,1.2,S3,0.75,16,proposed_mode,true,1.4535,true,8,1.4535,0,0,true,0,correct_route
AD,1.2,S3,0.75,16,an_080,true,1.4535,true,8,1.4535,0,0,true,0,correct_route
AD,1.2,S3,0.75,16,an_mode,true,1.4535,true,8,1.4535,0,0,true,0,correct_route
AD,1.2,S3,0.75,17,distance,true,4.4279,true,8,4.4279,0,0,true,0,correct_route
AD,1.2,S3,0.75,17,proposed_050,true,4.4279,true,8,4.4279,0,0,true,0,correct_route
AD,1.2,S3,0.75,17,proposed_mode,true,4.4279,true,8,4.4279,0,0,true,0,correct_route
AD,1.2,S3,0.75,17,an_080,true,4.4279,true,8,4.4279,0,0,true,0,correct_route
AD,1.2,S3,0.75,17,an_mode,true,4.4279,true,8,4.4279,0,0,true,0,correct_route
AD,1.2,S3,0.75,18,distance,true,2.343,true,8,2.343,0,0,true,0,correct_route
AD,1.2,S3,0.75,18,proposed_050,true,2.343,true,8,2.343,0,0,true,0,correct_route
AD,1.2,S3,0.75,18,proposed_mode,true,2.343,true,8,2.343,0,0,true,0,correct_route
AD,1.2,S3,0.75,18,an_080,true,2.343,true,8,2.343,0,0,true,0,correct_route
AD,1.2,S3,0.75,18,an_mode,true,2.343,true,8,2.343,0,0,true,0,correct_route
AD,1.2,S3,0.75,19,distance,true,2.0721,true,8,2.0721,0,0,true,0,correct_route
AD,1.2,S3,0.75,19,proposed_050,true,2.0721,true,8,2.0721,0,0,true,0,correct_route
AD,1.2,S3,0.75,19,proposed_mode,true,2.0721,true,8,2.0721,0,0,true,0,correct_route
AD,1.2,S3,0.75,19,an_080,true,2.0721,true,8,2.0721,0,0,true,0,correct_route
AD,1.2,S3,0.75,19,an_mode,true,2.0721,true,8,2.0721,0,0,true,0,correct_route
AD,1.2,S3,0.75,20,distance,true,8.4103,true,7,8.4103,176.537,0.45,true,0,correct_route
AD,1.2,S3,0.75,20,proposed_050,true,8.4103,true,4,10.531,0,0,true,25.216,correct_route
AD,1.2,S3,0.75,20,proposed_mode,true,8.4103,true,4,10.531,0,0,true,25.216,correct_route
AD,1.2,S3,0.75,20,an_080,true,8.4103,true,7,8.4103,176.537,0.45,true,0,correct_route
AD,1.2,S3,0.75,20,an_mode,true,8.4103,true,7,8.4103,176.537,0.45,true,0,correct_route
AD,1.2,S3,0.75,21,distance,true,1.5022,true,7,1.5022,139.39,0.45,true,0,correct_route
AD,1.2,S3,0.75,21,proposed_050,true,1.5022,true,5,3.6688,0,0,true,144.228,correct_route
AD,1.2,S3,0.75,21,proposed_mode,true,1.5022,true,5,3.6688,0,0,true,144.228,correct_route
AD,1.2,S3,0.75,21,an_080,true,1.5022,true,7,1.5022,139.39,0.45,true,0,correct_route
AD,1.2,S3,0.75,21,an_mode,true,1.5022,true,7,1.5022,139.39,0.45,true,0,correct_route
AD,1.2,S3,0.75,22,distance,true,2.2373,true,7,2.2373,157.996,0.45,true,0,correct_route
AD,1.2,S3,0.75,22,proposed_050,true,2.2373,true,4,4.7098,0,0,true,110.51,correct_route
AD,1.2,S3,0.75,22,proposed_mode,true,2.2373,true,4,4.7098,0,0,true,110.51,correct_route
AD,1.2,S3,0.75,22,an_080,true,2.2373,true,7,2.2373,157.996,0.45,true,0,correct_route
AD,1.2,S3,0.75,22,an_mode,true,2.2373,true,7,2.2373,157.996,0.45,true,0,correct_route
AD,1.2,S3,0.75,23,distance,true,5.7136,true,7,5.7136,176.537,0.45,true,0,correct_route
AD,1.2,S3,0.75,23,proposed_050,true,5.7136,true,4,6.9948,0,0,true,22.424,correct_route
AD,1.2,S3,0.75,23,proposed_mode,true,5.7136,true,4,6.9948,0,0,true,22.424,correct_route
AD,1.2,S3,0.75,23,an_080,true,5.7136,true,7,5.7136,176.537,0.45,true,0,correct_route
AD,1.2,S3,0.75,23,an_mode,true,5.7136,true,7,5.7136,176.537,0.45,true,0,correct_route
AD,1.2,S3,0.75,24,distance,true,3.7965,true,7,3.7965,176.537,0.45,true,0,correct_route
AD,1.2,S3,0.75,24,proposed_050,true,3.7965,true,7,4.2558,131.957,0.45,true,12.098,correct_route
AD,1.2,S3,0.75,24,proposed_mode,true,3.7965,true,7,4.2558,131.957,0.45,true,12.098,correct_route
AD,1.2,S3,0.75,24,an_080,true,3.7965,true,7,3.7965,176.537,0.45,true,0,correct_route
AD,1.2,S3,0.75,24,an_mode,true,3.7965,true,7,3.7965,176.537,0.45,true,0,correct_route
AD,1.2,S3,0.75,25,distance,true,2.019,true,5,2.019,0,0,true,0,correct_route
AD,1.2,S3,0.75,25,proposed_050,true,2.019,true,5,2.019,0,0,true,0,correct_route
AD,1.2,S3,0.75,25,proposed_mode,true,2.019,true,5,2.019,0,0,true,0,correct_route
AD,1.2,S3,0.75,25,an_080,true,2.019,true,5,2.019,0,0,true,0,correct_route
AD,1.2,S3,0.75,25,an_mode,true,2.019,true,5,2.019,0,0,true,0,correct_route
AD,1.2,S3,0.75,26,distance,true,1.0687,true,5,1.0687,0,0,true,0,correct_route
AD,1.2,S3,0.75,26,proposed_050,true,1.0687,true,5,1.0687,0,0,true,0,correct_route
AD,1.2,S3,0.75,26,proposed_mode,true,1.0687,true,5,1.0687,0,0,true,0,correct_route
AD,1.2,S3,0.75,26,an_080,true,1.0687,true,5,1.0687,0,0,true,0,correct_route
AD,1.2,S3,0.75,26,an_mode,true,1.0687,true,5,1.0687,0,0,true,0,correct_route
AD,1.2,S3,0.75,27,distance,true,2.187,true,3,2.187,0,0,true,0,correct_route
AD,1.2,S3,0.75,27,proposed_050,true,2.187,true,3,2.187,0,0,true,0,correct_route
AD,1.2,S3,0.75,27,proposed_mode,true,2.187,true,3,2.187,0,0,true,0,correct_route
AD,1.2,S3,0.75,27,an_080,true,2.187,true,3,2.187,0,0,true,0,correct_route
AD,1.2,S3,0.75,27,an_mode,true,2.187,true,3,2.187,0,0,true,0,correct_route
AD,1.2,S3,0.75,28,distance,true,3.3577,true,7,3.3577,136.784,0.45,true,0,correct_route
AD,1.2,S3,0.75,28,proposed_050,true,3.3577,true,3,3.8719,0,0,true,15.313,correct_route
AD,1.2,S3,0.75,28,proposed_mode,true,3.3577,true,3,3.8719,0,0,true,15.313,correct_route
AD,1.2,S3,0.75,28,an_080,true,3.3577,true,7,3.3577,136.784,0.45,true,0,correct_route
AD,1.2,S3,0.75,28,an_mode,true,3.3577,true,7,3.3577,136.784,0.45,true,0,correct_route
AD,1.2,S3,0.75,29,distance,true,5.5354,true,7,5.5354,176.537,0.45,true,0,correct_route
AD,1.2,S3,0.75,29,proposed_050,true,5.5354,true,4,8.6823,0,0,true,56.852,correct_route
AD,1.2,S3,0.75,29,proposed_mode,true,5.5354,true,4,8.6823,0,0,true,56.852,correct_route
AD,1.2,S3,0.75,29,an_080,true,5.5354,true,7,5.5354,176.537,0.45,true,0,correct_route
AD,1.2,S3,0.75,29,an_mode,true,5.5354,true,7,5.5354,176.537,0.45,true,0,correct_route
AD,1.2,S3,0.75,30,distance,true,2.6793,true,3,2.6793,0,0,true,0,correct_route
AD,1.2,S3,0.75,30,proposed_050,true,2.6793,true,3,2.6793,0,0,true,0,correct_route
AD,1.2,S3,0.75,30,proposed_mode,true,2.6793,true,3,2.6793,0,0,true,0,correct_route
AD,1.2,S3,0.75,30,an_080,true,2.6793,true,3,2.6793,0,0,true,0,correct_route
AD,1.2,S3,0.75,30,an_mode,true,2.6793,true,3,2.6793,0,0,true,0,correct_route
AD,1.2,S3,0.75,31,distance,true,3.5175,true,7,3.5175,176.537,0.45,true,0,correct_route
AD,1.2,S3,0.75,31,proposed_050,true,3.5175,true,7,3.8693,131.957,0.45,true,10,correct_route
AD,1.2,S3,0.75,31,proposed_mode,true,3.5175,true,7,3.8693,131.957,0.45,true,10,correct_route
AD,1.2,S3,0.75,31,an_080,true,3.5175,true,7,3.5175,176.537,0.45,true,0,correct_route
AD,1.2,S3,0.75,31,an_mode,true,3.5175,true,7,3.5175,176.537,0.45,true,0,correct_route
AD,1.2,S3,0.75,32,distance,true,1.5916,true,3,1.5916,0,0,true,0,correct_route
AD,1.2,S3,0.75,32,proposed_050,true,1.5916,true,3,1.5916,0,0,true,0,correct_route
AD,1.2,S3,0.75,32,proposed_mode,true,1.5916,true,3,1.5916,0,0,true,0,correct_route
AD,1.2,S3,0.75,32,an_080,true,1.5916,true,3,1.5916,0,0,true,0,correct_route
AD,1.2,S3,0.75,32,an_mode,true,1.5916,true,3,1.5916,0,0,true,0,correct_route
AD,1.2,S3,0.75,33,distance,true,2.2529,true,7,2.2529,176.537,0.45,true,0,correct_route
AD,1.2,S3,0.75,33,proposed_050,true,2.2529,true,7,2.3876,131.957,0.45,true,5.977,correct_route
AD,1.2,S3,0.75,33,proposed_mode,true,2.2529,true,7,2.3876,131.957,0.45,true,5.977,correct_route
AD,1.2,S3,0.75,33,an_080,true,2.2529,true,7,2.2529,176.537,0.45,true,0,correct_route
AD,1.2,S3,0.75,33,an_mode,true,2.2529,true,7,2.2529,176.537,0.45,true,0,correct_route
AD,1.2,S3,0.75,34,distance,true,1.9227,true,7,1.9227,136.784,0.45,true,0,correct_route
AD,1.2,S3,0.75,34,proposed_050,true,1.9227,true,7,1.9227,136.784,0.45,true,0,correct_route
AD,1.2,S3,0.75,34,proposed_mode,true,1.9227,true,7,1.9227,136.784,0.45,true,0,correct_route
AD,1.2,S3,0.75,34,an_080,true,1.9227,true,7,1.9227,136.784,0.45,true,0,correct_route
AD,1.2,S3,0.75,34,an_mode,true,1.9227,true,7,1.9227,136.784,0.45,true,0,correct_route
AD,1.2,S3,0.75,35,distance,true,3.6916,true,7,3.6916,131.957,0.45,true,0,correct_route
AD,1.2,S3,0.75,35,proposed_050,true,3.6916,true,7,3.7,136.784,0.45,true,0.226,correct_route
AD,1.2,S3,0.75,35,proposed_mode,true,3.6916,true,7,3.7,136.784,0.45,true,0.226,correct_route
AD,1.2,S3,0.75,35,an_080,true,3.6916,true,7,3.6916,131.957,0.45,true,0,correct_route
AD,1.2,S3,0.75,35,an_mode,true,3.6916,true,7,3.6916,131.957,0.45,true,0,correct_route
AD,1.2,S3,0.75,36,distance,true,4.5516,true,7,4.5516,176.537,0.45,true,0,correct_route
AD,1.2,S3,0.75,36,proposed_050,true,4.5516,true,7,4.9033,131.957,0.45,true,7.728,correct_route
AD,1.2,S3,0.75,36,proposed_mode,true,4.5516,true,7,4.9033,131.957,0.45,true,7.728,correct_route
AD,1.2,S3,0.75,36,an_080,true,4.5516,true,7,4.5516,176.537,0.45,true,0,correct_route
AD,1.2,S3,0.75,36,an_mode,true,4.5516,true,7,4.5516,176.537,0.45,true,0,correct_route
AD,1.2,S3,0.75,37,distance,true,3.7026,true,7,3.7026,176.537,0.45,true,0,correct_route
AD,1.2,S3,0.75,37,proposed_050,true,3.7026,true,7,3.8372,131.957,0.45,true,3.637,correct_route
AD,1.2,S3,0.75,37,proposed_mode,true,3.7026,true,7,3.8372,131.957,0.45,true,3.637,correct_route
AD,1.2,S3,0.75,37,an_080,true,3.7026,true,7,3.7026,176.537,0.45,true,0,correct_route
AD,1.2,S3,0.75,37,an_mode,true,3.7026,true,7,3.7026,176.537,0.45,true,0,correct_route
AD,1.2,S3,0.75,38,distance,true,4.8669,true,7,4.8669,136.784,0.45,true,0,correct_route
AD,1.2,S3,0.75,38,proposed_050,true,4.8669,true,5,6.107,0,0,true,25.479,correct_route
AD,1.2,S3,0.75,38,proposed_mode,true,4.8669,true,5,6.107,0,0,true,25.479,correct_route
AD,1.2,S3,0.75,38,an_080,true,4.8669,true,7,4.8669,136.784,0.45,true,0,correct_route
AD,1.2,S3,0.75,38,an_mode,true,4.8669,true,7,4.8669,136.784,0.45,true,0,correct_route
AD,1.2,S3,0.75,39,distance,true,3.8945,true,3,3.8945,0,0,true,0,correct_route
AD,1.2,S3,0.75,39,proposed_050,true,3.8945,true,3,3.8945,0,0,true,0,correct_route
AD,1.2,S3,0.75,39,proposed_mode,true,3.8945,true,3,3.8945,0,0,true,0,correct_route
AD,1.2,S3,0.75,39,an_080,true,3.8945,true,3,3.8945,0,0,true,0,correct_route
AD,1.2,S3,0.75,39,an_mode,true,3.8945,true,3,3.8945,0,0,true,0,correct_route
AD,1.2,S3,0.75,40,distance,true,4.2719,true,3,4.2719,0,0,true,0,correct_route
AD,1.2,S3,0.75,40,proposed_050,true,4.2719,true,3,4.2719,0,0,true,0,correct_route
AD,1.2,S3,0.75,40,proposed_mode,true,4.2719,true,3,4.2719,0,0,true,0,correct_route
AD,1.2,S3,0.75,40,an_080,true,4.2719,true,3,4.2719,0,0,true,0,correct_route
AD,1.2,S3,0.75,40,an_mode,true,4.2719,true,3,4.2719,0,0,true,0,correct_route
SV,0.3,S3,1,1,distance,true,3.5648,true,9,3.5648,0,0,true,0,correct_route
SV,0.3,S3,1,1,proposed_050,true,3.5648,true,9,3.5648,0,0,true,0,correct_route
SV,0.3,S3,1,1,proposed_mode,true,3.5648,true,9,3.5648,0,0,true,0,correct_route
SV,0.3,S3,1,1,an_080,true,3.5648,true,9,3.5648,0,0,true,0,correct_route
SV,0.3,S3,1,1,an_mode,true,3.5648,true,9,3.5648,0,0,true,0,correct_route
SV,0.3,S3,1,2,distance,true,4.4419,true,4,4.4419,0,0,true,0,correct_route
SV,0.3,S3,1,2,proposed_050,true,4.4419,true,4,4.4419,0,0,true,0,correct_route
SV,0.3,S3,1,2,proposed_mode,true,4.4419,true,4,4.4419,0,0,true,0,correct_route
SV,0.3,S3,1,2,an_080,true,4.4419,true,4,4.4419,0,0,true,0,correct_route
SV,0.3,S3,1,2,an_mode,true,4.4419,true,4,4.4419,0,0,true,0,correct_route
SV,0.3,S3,1,3,distance,true,2.6507,true,9,2.6507,0,0,true,0,correct_route
SV,0.3,S3,1,3,proposed_050,true,2.6507,true,9,2.6507,0,0,true,0,correct_route
SV,0.3,S3,1,3,proposed_mode,true,2.6507,true,9,2.6507,0,0,true,0,correct_route
SV,0.3,S3,1,3,an_080,true,2.6507,true,9,2.6507,0,0,true,0,correct_route
SV,0.3,S3,1,3,an_mode,true,2.6507,true,9,2.6507,0,0,true,0,correct_route
SV,0.3,S3,1,4,distance,true,4.3464,true,4,4.3464,0,0,true,0,correct_route
SV,0.3,S3,1,4,proposed_050,true,4.3464,true,4,4.3464,0,0,true,0,correct_route
SV,0.3,S3,1,4,proposed_mode,true,4.3464,true,4,4.3464,0,0,true,0,correct_route
SV,0.3,S3,1,4,an_080,true,4.3464,true,4,4.3464,0,0,true,0,correct_route
SV,0.3,S3,1,4,an_mode,true,4.3464,true,4,4.3464,0,0,true,0,correct_route
SV,0.3,S3,1,5,distance,true,4.4419,true,4,4.4419,0,0,true,0,correct_route
SV,0.3,S3,1,5,proposed_050,true,4.4419,true,4,4.4419,0,0,true,0,correct_route
SV,0.3,S3,1,5,proposed_mode,true,4.4419,true,4,4.4419,0,0,true,0,correct_route
SV,0.3,S3,1,5,an_080,true,4.4419,true,4,4.4419,0,0,true,0,correct_route
SV,0.3,S3,1,5,an_mode,true,4.4419,true,4,4.4419,0,0,true,0,correct_route
SV,0.3,S3,1,6,distance,true,0.7045,true,4,0.7045,0,0,true,0,correct_route
SV,0.3,S3,1,6,proposed_050,true,0.7045,true,4,0.7045,0,0,true,0,correct_route
SV,0.3,S3,1,6,proposed_mode,true,0.7045,true,4,0.7045,0,0,true,0,correct_route
SV,0.3,S3,1,6,an_080,true,0.7045,true,4,0.7045,0,0,true,0,correct_route
SV,0.3,S3,1,6,an_mode,true,0.7045,true,4,0.7045,0,0,true,0,correct_route
SV,0.3,S3,1,7,distance,true,2.4584,true,8,2.4584,0,0,true,0,correct_route
SV,0.3,S3,1,7,proposed_050,true,2.4584,true,8,2.4584,0,0,true,0,correct_route
SV,0.3,S3,1,7,proposed_mode,true,2.4584,true,8,2.4584,0,0,true,0,correct_route
SV,0.3,S3,1,7,an_080,true,2.4584,true,8,2.4584,0,0,true,0,correct_route
SV,0.3,S3,1,7,an_mode,true,2.4584,true,8,2.4584,0,0,true,0,correct_route
SV,0.3,S3,1,8,distance,true,2.2256,true,4,2.2256,0,0,true,0,correct_route
SV,0.3,S3,1,8,proposed_050,true,2.2256,true,4,2.2256,0,0,true,0,correct_route
SV,0.3,S3,1,8,proposed_mode,true,2.2256,true,4,2.2256,0,0,true,0,correct_route
SV,0.3,S3,1,8,an_080,true,2.2256,true,4,2.2256,0,0,true,0,correct_route
SV,0.3,S3,1,8,an_mode,true,2.2256,true,4,2.2256,0,0,true,0,correct_route
SV,0.3,S3,1,9,distance,true,2.2269,true,8,2.2269,0,0,true,0,correct_route
SV,0.3,S3,1,9,proposed_050,true,2.2269,true,8,2.2269,0,0,true,0,correct_route
SV,0.3,S3,1,9,proposed_mode,true,2.2269,true,8,2.2269,0,0,true,0,correct_route
SV,0.3,S3,1,9,an_080,true,2.2269,true,8,2.2269,0,0,true,0,correct_route
SV,0.3,S3,1,9,an_mode,true,2.2269,true,8,2.2269,0,0,true,0,correct_route
SV,0.3,S3,1,10,distance,true,0.7573,true,9,0.7573,0,0,true,0,correct_route
SV,0.3,S3,1,10,proposed_050,true,0.7573,true,9,0.7573,0,0,true,0,correct_route
SV,0.3,S3,1,10,proposed_mode,true,0.7573,true,9,0.7573,0,0,true,0,correct_route
SV,0.3,S3,1,10,an_080,true,0.7573,true,9,0.7573,0,0,true,0,correct_route
SV,0.3,S3,1,10,an_mode,true,0.7573,true,9,0.7573,0,0,true,0,correct_route
SV,0.3,S3,1,11,distance,true,5.077,true,4,5.077,0,0,true,0,correct_route
SV,0.3,S3,1,11,proposed_050,true,5.077,true,4,5.077,0,0,true,0,correct_route
SV,0.3,S3,1,11,proposed_mode,true,5.077,true,4,5.077,0,0,true,0,correct_route
SV,0.3,S3,1,11,an_080,true,5.077,true,4,5.077,0,0,true,0,correct_route
SV,0.3,S3,1,11,an_mode,true,5.077,true,4,5.077,0,0,true,0,correct_route
SV,0.3,S3,1,12,distance,true,4.8102,true,8,4.8102,0,0,true,0,correct_route
SV,0.3,S3,1,12,proposed_050,true,4.8102,true,8,4.8102,0,0,true,0,correct_route
SV,0.3,S3,1,12,proposed_mode,true,4.8102,true,8,4.8102,0,0,true,0,correct_route
SV,0.3,S3,1,12,an_080,true,4.8102,true,8,4.8102,0,0,true,0,correct_route
SV,0.3,S3,1,12,an_mode,true,4.8102,true,8,4.8102,0,0,true,0,correct_route
SV,0.3,S3,1,13,distance,true,5.3483,true,4,5.3483,0,0,true,0,correct_route
SV,0.3,S3,1,13,proposed_050,true,5.3483,true,4,5.3483,0,0,true,0,correct_route
SV,0.3,S3,1,13,proposed_mode,true,5.3483,true,4,5.3483,0,0,true,0,correct_route
SV,0.3,S3,1,13,an_080,true,5.3483,true,4,5.3483,0,0,true,0,correct_route
SV,0.3,S3,1,13,an_mode,true,5.3483,true,4,5.3483,0,0,true,0,correct_route
SV,0.3,S3,1,14,distance,true,2.2619,true,4,2.2619,0,0,true,0,correct_route
SV,0.3,S3,1,14,proposed_050,true,2.2619,true,4,2.2619,0,0,true,0,correct_route
SV,0.3,S3,1,14,proposed_mode,true,2.2619,true,4,2.2619,0,0,true,0,correct_route
SV,0.3,S3,1,14,an_080,true,2.2619,true,4,2.2619,0,0,true,0,correct_route
SV,0.3,S3,1,14,an_mode,true,2.2619,true,4,2.2619,0,0,true,0,correct_route
SV,0.3,S3,1,15,distance,true,3.7294,true,4,3.7294,0,0,true,0,correct_route
SV,0.3,S3,1,15,proposed_050,true,3.7294,true,4,3.7294,0,0,true,0,correct_route
SV,0.3,S3,1,15,proposed_mode,true,3.7294,true,4,3.7294,0,0,true,0,correct_route
SV,0.3,S3,1,15,an_080,true,3.7294,true,4,3.7294,0,0,true,0,correct_route
SV,0.3,S3,1,15,an_mode,true,3.7294,true,4,3.7294,0,0,true,0,correct_route
SV,0.3,S3,1,16,distance,true,1.4535,true,8,1.4535,0,0,true,0,correct_route
SV,0.3,S3,1,16,proposed_050,true,1.4535,true,8,1.4535,0,0,true,0,correct_route
SV,0.3,S3,1,16,proposed_mode,true,1.4535,true,8,1.4535,0,0,true,0,correct_route
SV,0.3,S3,1,16,an_080,true,1.4535,true,8,1.4535,0,0,true,0,correct_route
SV,0.3,S3,1,16,an_mode,true,1.4535,true,8,1.4535,0,0,true,0,correct_route
SV,0.3,S3,1,17,distance,true,4.4279,true,8,4.4279,0,0,true,0,correct_route
SV,0.3,S3,1,17,proposed_050,true,4.4279,true,8,4.4279,0,0,true,0,correct_route
SV,0.3,S3,1,17,proposed_mode,true,4.4279,true,8,4.4279,0,0,true,0,correct_route
SV,0.3,S3,1,17,an_080,true,4.4279,true,8,4.4279,0,0,true,0,correct_route
SV,0.3,S3,1,17,an_mode,true,4.4279,true,8,4.4279,0,0,true,0,correct_route
SV,0.3,S3,1,18,distance,true,2.343,true,8,2.343,0,0,true,0,correct_route
SV,0.3,S3,1,18,proposed_050,true,2.343,true,8,2.343,0,0,true,0,correct_route
SV,0.3,S3,1,18,proposed_mode,true,2.343,true,8,2.343,0,0,true,0,correct_route
SV,0.3,S3,1,18,an_080,true,2.343,true,8,2.343,0,0,true,0,correct_route
SV,0.3,S3,1,18,an_mode,true,2.343,true,8,2.343,0,0,true,0,correct_route
SV,0.3,S3,1,19,distance,true,2.0721,true,8,2.0721,0,0,true,0,correct_route
SV,0.3,S3,1,19,proposed_050,true,2.0721,true,8,2.0721,0,0,true,0,correct_route
SV,0.3,S3,1,19,proposed_mode,true,2.0721,true,8,2.0721,0,0,true,0,correct_route
SV,0.3,S3,1,19,an_080,true,2.0721,true,8,2.0721,0,0,true,0,correct_route
SV,0.3,S3,1,19,an_mode,true,2.0721,true,8,2.0721,0,0,true,0,correct_route
SV,0.3,S3,1,20,distance,true,10.531,true,7,8.4103,235.382,0.6,false,-20.138,unsafe_route
SV,0.3,S3,1,20,proposed_050,true,10.531,true,4,10.531,0,0,true,0,correct_route
SV,0.3,S3,1,20,proposed_mode,true,10.531,true,4,10.531,0,0,true,0,correct_route
SV,0.3,S3,1,20,an_080,true,10.531,true,7,8.4103,235.382,0.6,false,-20.138,unsafe_route
SV,0.3,S3,1,20,an_mode,true,10.531,true,4,10.531,0,0,true,0,correct_route
SV,0.3,S3,1,21,distance,true,3.6688,true,7,1.5022,185.854,0.6,false,-59.055,unsafe_route
SV,0.3,S3,1,21,proposed_050,true,3.6688,true,5,3.6688,0,0,true,0,correct_route
SV,0.3,S3,1,21,proposed_mode,true,3.6688,true,5,3.6688,0,0,true,0,correct_route
SV,0.3,S3,1,21,an_080,true,3.6688,true,7,1.5022,185.854,0.6,false,-59.055,unsafe_route
SV,0.3,S3,1,21,an_mode,true,3.6688,true,5,3.6688,0,0,true,0,correct_route
SV,0.3,S3,1,22,distance,true,4.7098,true,7,2.2373,210.662,0.6,false,-52.496,unsafe_route
SV,0.3,S3,1,22,proposed_050,true,4.7098,true,4,4.7098,0,0,true,0,correct_route
SV,0.3,S3,1,22,proposed_mode,true,4.7098,true,4,4.7098,0,0,true,0,correct_route
SV,0.3,S3,1,22,an_080,true,4.7098,true,7,2.2373,210.662,0.6,false,-52.496,unsafe_route
SV,0.3,S3,1,22,an_mode,true,4.7098,true,4,4.7098,0,0,true,0,correct_route
SV,0.3,S3,1,23,distance,true,6.9948,true,7,5.7136,235.382,0.6,false,-18.316,unsafe_route
SV,0.3,S3,1,23,proposed_050,true,6.9948,true,4,6.9948,0,0,true,0,correct_route
SV,0.3,S3,1,23,proposed_mode,true,6.9948,true,4,6.9948,0,0,true,0,correct_route
SV,0.3,S3,1,23,an_080,true,6.9948,true,7,5.7136,235.382,0.6,false,-18.316,unsafe_route
SV,0.3,S3,1,23,an_mode,true,6.9948,true,4,6.9948,0,0,true,0,correct_route
SV,0.3,S3,1,24,distance,true,7.2459,true,7,3.7965,235.382,0.6,false,-47.604,unsafe_route
SV,0.3,S3,1,24,proposed_050,true,7.2459,true,4,7.2459,0,0,true,0,correct_route
SV,0.3,S3,1,24,proposed_mode,true,7.2459,true,4,7.2459,0,0,true,0,correct_route
SV,0.3,S3,1,24,an_080,true,7.2459,true,7,3.7965,235.382,0.6,false,-47.604,unsafe_route
SV,0.3,S3,1,24,an_mode,true,7.2459,true,4,7.2459,0,0,true,0,correct_route
SV,0.3,S3,1,25,distance,true,2.019,true,5,2.019,0,0,true,0,correct_route
SV,0.3,S3,1,25,proposed_050,true,2.019,true,5,2.019,0,0,true,0,correct_route
SV,0.3,S3,1,25,proposed_mode,true,2.019,true,5,2.019,0,0,true,0,correct_route
SV,0.3,S3,1,25,an_080,true,2.019,true,5,2.019,0,0,true,0,correct_route
SV,0.3,S3,1,25,an_mode,true,2.019,true,5,2.019,0,0,true,0,correct_route
SV,0.3,S3,1,26,distance,true,1.0687,true,5,1.0687,0,0,true,0,correct_route
SV,0.3,S3,1,26,proposed_050,true,1.0687,true,5,1.0687,0,0,true,0,correct_route
SV,0.3,S3,1,26,proposed_mode,true,1.0687,true,5,1.0687,0,0,true,0,correct_route
SV,0.3,S3,1,26,an_080,true,1.0687,true,5,1.0687,0,0,true,0,correct_route
SV,0.3,S3,1,26,an_mode,true,1.0687,true,5,1.0687,0,0,true,0,correct_route
SV,0.3,S3,1,27,distance,true,2.187,true,3,2.187,0,0,true,0,correct_route
SV,0.3,S3,1,27,proposed_050,true,2.187,true,3,2.187,0,0,true,0,correct_route
SV,0.3,S3,1,27,proposed_mode,true,2.187,true,3,2.187,0,0,true,0,correct_route
SV,0.3,S3,1,27,an_080,true,2.187,true,3,2.187,0,0,true,0,correct_route
SV,0.3,S3,1,27,an_mode,true,2.187,true,3,2.187,0,0,true,0,correct_route
SV,0.3,S3,1,28,distance,true,3.8719,true,7,3.3577,182.379,0.6,false,-13.279,unsafe_route
SV,0.3,S3,1,28,proposed_050,true,3.8719,true,3,3.8719,0,0,true,0,correct_route
SV,0.3,S3,1,28,proposed_mode,true,3.8719,true,3,3.8719,0,0,true,0,correct_route
SV,0.3,S3,1,28,an_080,true,3.8719,true,7,3.3577,182.379,0.6,false,-13.279,unsafe_route
SV,0.3,S3,1,28,an_mode,true,3.8719,true,3,3.8719,0,0,true,0,correct_route
SV,0.3,S3,1,29,distance,true,8.6823,true,7,5.5354,235.382,0.6,false,-36.246,unsafe_route
SV,0.3,S3,1,29,proposed_050,true,8.6823,true,4,8.6823,0,0,true,0,correct_route
SV,0.3,S3,1,29,proposed_mode,true,8.6823,true,4,8.6823,0,0,true,0,correct_route
SV,0.3,S3,1,29,an_080,true,8.6823,true,7,5.5354,235.382,0.6,false,-36.246,unsafe_route
SV,0.3,S3,1,29,an_mode,true,8.6823,true,4,8.6823,0,0,true,0,correct_route
SV,0.3,S3,1,30,distance,true,2.6793,true,3,2.6793,0,0,true,0,correct_route
SV,0.3,S3,1,30,proposed_050,true,2.6793,true,3,2.6793,0,0,true,0,correct_route
SV,0.3,S3,1,30,proposed_mode,true,2.6793,true,3,2.6793,0,0,true,0,correct_route
SV,0.3,S3,1,30,an_080,true,2.6793,true,3,2.6793,0,0,true,0,correct_route
SV,0.3,S3,1,30,an_mode,true,2.6793,true,3,2.6793,0,0,true,0,correct_route
SV,0.3,S3,1,31,distance,true,7.7515,true,7,3.5175,235.382,0.6,false,-54.622,unsafe_route
SV,0.3,S3,1,31,proposed_050,true,7.7515,true,4,7.7515,0,0,true,0,correct_route
SV,0.3,S3,1,31,proposed_mode,true,7.7515,true,4,7.7515,0,0,true,0,correct_route
SV,0.3,S3,1,31,an_080,true,7.7515,true,7,3.5175,235.382,0.6,false,-54.622,unsafe_route
SV,0.3,S3,1,31,an_mode,true,7.7515,true,4,7.7515,0,0,true,0,correct_route
SV,0.3,S3,1,32,distance,true,1.5916,true,3,1.5916,0,0,true,0,correct_route
SV,0.3,S3,1,32,proposed_050,true,1.5916,true,3,1.5916,0,0,true,0,correct_route
SV,0.3,S3,1,32,proposed_mode,true,1.5916,true,3,1.5916,0,0,true,0,correct_route
SV,0.3,S3,1,32,an_080,true,1.5916,true,3,1.5916,0,0,true,0,correct_route
SV,0.3,S3,1,32,an_mode,true,1.5916,true,3,1.5916,0,0,true,0,correct_route
SV,0.3,S3,1,33,distance,true,6.7764,true,7,2.2529,235.382,0.6,false,-66.753,unsafe_route
SV,0.3,S3,1,33,proposed_050,true,6.7764,true,4,6.7764,0,0,true,0,correct_route
SV,0.3,S3,1,33,proposed_mode,true,6.7764,true,4,6.7764,0,0,true,0,correct_route
SV,0.3,S3,1,33,an_080,true,6.7764,true,7,2.2529,235.382,0.6,false,-66.753,unsafe_route
SV,0.3,S3,1,33,an_mode,true,6.7764,true,4,6.7764,0,0,true,0,correct_route
SV,0.3,S3,1,34,distance,true,5.4997,true,7,1.9227,182.379,0.6,false,-65.041,unsafe_route
SV,0.3,S3,1,34,proposed_050,true,5.4997,true,5,5.4997,0,0,true,0,correct_route
SV,0.3,S3,1,34,proposed_mode,true,5.4997,true,5,5.4997,0,0,true,0,correct_route
SV,0.3,S3,1,34,an_080,true,5.4997,true,7,1.9227,182.379,0.6,false,-65.041,unsafe_route
SV,0.3,S3,1,34,an_mode,true,5.4997,true,5,5.4997,0,0,true,0,correct_route
SV,0.3,S3,1,35,distance,true,7.1902,true,7,3.6916,175.942,0.6,false,-48.657,unsafe_route
SV,0.3,S3,1,35,proposed_050,true,7.1902,true,5,7.1902,0,0,true,0,correct_route
SV,0.3,S3,1,35,proposed_mode,true,7.1902,true,5,7.1902,0,0,true,0,correct_route
SV,0.3,S3,1,35,an_080,true,7.1902,true,7,3.6916,175.942,0.6,false,-48.657,unsafe_route
SV,0.3,S3,1,35,an_mode,true,7.1902,true,5,7.1902,0,0,true,0,correct_route
SV,0.3,S3,1,36,distance,true,8.7856,true,7,4.5516,235.382,0.6,false,-48.193,unsafe_route
SV,0.3,S3,1,36,proposed_050,true,8.7856,true,4,8.7856,0,0,true,0,correct_route
SV,0.3,S3,1,36,proposed_mode,true,8.7856,true,4,8.7856,0,0,true,0,correct_route
SV,0.3,S3,1,36,an_080,true,8.7856,true,7,4.5516,235.382,0.6,false,-48.193,unsafe_route
SV,0.3,S3,1,36,an_mode,true,8.7856,true,4,8.7856,0,0,true,0,correct_route
SV,0.3,S3,1,37,distance,true,8.226,true,7,3.7026,235.382,0.6,false,-54.989,unsafe_route
SV,0.3,S3,1,37,proposed_050,true,8.226,true,4,8.226,0,0,true,0,correct_route
SV,0.3,S3,1,37,proposed_mode,true,8.226,true,4,8.226,0,0,true,0,correct_route
SV,0.3,S3,1,37,an_080,true,8.226,true,7,3.7026,235.382,0.6,false,-54.989,unsafe_route
SV,0.3,S3,1,37,an_mode,true,8.226,true,4,8.226,0,0,true,0,correct_route
SV,0.3,S3,1,38,distance,true,6.107,true,7,4.8669,182.379,0.6,false,-20.305,unsafe_route
SV,0.3,S3,1,38,proposed_050,true,6.107,true,5,6.107,0,0,true,0,correct_route
SV,0.3,S3,1,38,proposed_mode,true,6.107,true,5,6.107,0,0,true,0,correct_route
SV,0.3,S3,1,38,an_080,true,6.107,true,7,4.8669,182.379,0.6,false,-20.305,unsafe_route
SV,0.3,S3,1,38,an_mode,true,6.107,true,5,6.107,0,0,true,0,correct_route
SV,0.3,S3,1,39,distance,true,3.8945,true,3,3.8945,0,0,true,0,correct_route
SV,0.3,S3,1,39,proposed_050,true,3.8945,true,3,3.8945,0,0,true,0,correct_route
SV,0.3,S3,1,39,proposed_mode,true,3.8945,true,3,3.8945,0,0,true,0,correct_route
SV,0.3,S3,1,39,an_080,true,3.8945,true,3,3.8945,0,0,true,0,correct_route
SV,0.3,S3,1,39,an_mode,true,3.8945,true,3,3.8945,0,0,true,0,correct_route
SV,0.3,S3,1,40,distance,true,4.2719,true,3,4.2719,0,0,true,0,correct_route
SV,0.3,S3,1,40,proposed_050,true,4.2719,true,3,4.2719,0,0,true,0,correct_route
SV,0.3,S3,1,40,proposed_mode,true,4.2719,true,3,4.2719,0,0,true,0,correct_route
SV,0.3,S3,1,40,an_080,true,4.2719,true,3,4.2719,0,0,true,0,correct_route
SV,0.3,S3,1,40,an_mode,true,4.2719,true,3,4.2719,0,0,true,0,correct_route
LV,0.5,S3,1,1,distance,true,3.5648,true,9,3.5648,0,0,true,0,correct_route
LV,0.5,S3,1,1,proposed_050,true,3.5648,true,9,3.5648,0,0,true,0,correct_route
LV,0.5,S3,1,1,proposed_mode,true,3.5648,true,9,3.5648,0,0,true,0,correct_route
LV,0.5,S3,1,1,an_080,true,3.5648,true,9,3.5648,0,0,true,0,correct_route
LV,0.5,S3,1,1,an_mode,true,3.5648,true,9,3.5648,0,0,true,0,correct_route
LV,0.5,S3,1,2,distance,true,4.4419,true,4,4.4419,0,0,true,0,correct_route
LV,0.5,S3,1,2,proposed_050,true,4.4419,true,4,4.4419,0,0,true,0,correct_route
LV,0.5,S3,1,2,proposed_mode,true,4.4419,true,4,4.4419,0,0,true,0,correct_route
LV,0.5,S3,1,2,an_080,true,4.4419,true,4,4.4419,0,0,true,0,correct_route
LV,0.5,S3,1,2,an_mode,true,4.4419,true,4,4.4419,0,0,true,0,correct_route
LV,0.5,S3,1,3,distance,true,2.6507,true,9,2.6507,0,0,true,0,correct_route
LV,0.5,S3,1,3,proposed_050,true,2.6507,true,9,2.6507,0,0,true,0,correct_route
LV,0.5,S3,1,3,proposed_mode,true,2.6507,true,9,2.6507,0,0,true,0,correct_route
LV,0.5,S3,1,3,an_080,true,2.6507,true,9,2.6507,0,0,true,0,correct_route
LV,0.5,S3,1,3,an_mode,true,2.6507,true,9,2.6507,0,0,true,0,correct_route
LV,0.5,S3,1,4,distance,true,4.3464,true,4,4.3464,0,0,true,0,correct_route
LV,0.5,S3,1,4,proposed_050,true,4.3464,true,4,4.3464,0,0,true,0,correct_route
LV,0.5,S3,1,4,proposed_mode,true,4.3464,true,4,4.3464,0,0,true,0,correct_route
LV,0.5,S3,1,4,an_080,true,4.3464,true,4,4.3464,0,0,true,0,correct_route
LV,0.5,S3,1,4,an_mode,true,4.3464,true,4,4.3464,0,0,true,0,correct_route
LV,0.5,S3,1,5,distance,true,4.4419,true,4,4.4419,0,0,true,0,correct_route
LV,0.5,S3,1,5,proposed_050,true,4.4419,true,4,4.4419,0,0,true,0,correct_route
LV,0.5,S3,1,5,proposed_mode,true,4.4419,true,4,4.4419,0,0,true,0,correct_route
LV,0.5,S3,1,5,an_080,true,4.4419,true,4,4.4419,0,0,true,0,correct_route
LV,0.5,S3,1,5,an_mode,true,4.4419,true,4,4.4419,0,0,true,0,correct_route
LV,0.5,S3,1,6,distance,true,0.7045,true,4,0.7045,0,0,true,0,correct_route
LV,0.5,S3,1,6,proposed_050,true,0.7045,true,4,0.7045,0,0,true,0,correct_route
LV,0.5,S3,1,6,proposed_mode,true,0.7045,true,4,0.7045,0,0,true,0,correct_route
LV,0.5,S3,1,6,an_080,true,0.7045,true,4,0.7045,0,0,true,0,correct_route
LV,0.5,S3,1,6,an_mode,true,0.7045,true,4,0.7045,0,0,true,0,correct_route
LV,0.5,S3,1,7,distance,true,2.4584,true,8,2.4584,0,0,true,0,correct_route
LV,0.5,S3,1,7,proposed_050,true,2.4584,true,8,2.4584,0,0,true,0,correct_route
LV,0.5,S3,1,7,proposed_mode,true,2.4584,true,8,2.4584,0,0,true,0,correct_route
LV,0.5,S3,1,7,an_080,true,2.4584,true,8,2.4584,0,0,true,0,correct_route
LV,0.5,S3,1,7,an_mode,true,2.4584,true,8,2.4584,0,0,true,0,correct_route
LV,0.5,S3,1,8,distance,true,2.2256,true,4,2.2256,0,0,true,0,correct_route
LV,0.5,S3,1,8,proposed_050,true,2.2256,true,4,2.2256,0,0,true,0,correct_route
LV,0.5,S3,1,8,proposed_mode,true,2.2256,true,4,2.2256,0,0,true,0,correct_route
LV,0.5,S3,1,8,an_080,true,2.2256,true,4,2.2256,0,0,true,0,correct_route
LV,0.5,S3,1,8,an_mode,true,2.2256,true,4,2.2256,0,0,true,0,correct_route
LV,0.5,S3,1,9,distance,true,2.2269,true,8,2.2269,0,0,true,0,correct_route
LV,0.5,S3,1,9,proposed_050,true,2.2269,true,8,2.2269,0,0,true,0,correct_route
LV,0.5,S3,1,9,proposed_mode,true,2.2269,true,8,2.2269,0,0,true,0,correct_route
LV,0.5,S3,1,9,an_080,true,2.2269,true,8,2.2269,0,0,true,0,correct_route
LV,0.5,S3,1,9,an_mode,true,2.2269,true,8,2.2269,0,0,true,0,correct_route
LV,0.5,S3,1,10,distance,true,0.7573,true,9,0.7573,0,0,true,0,correct_route
LV,0.5,S3,1,10,proposed_050,true,0.7573,true,9,0.7573,0,0,true,0,correct_route
LV,0.5,S3,1,10,proposed_mode,true,0.7573,true,9,0.7573,0,0,true,0,correct_route
LV,0.5,S3,1,10,an_080,true,0.7573,true,9,0.7573,0,0,true,0,correct_route
LV,0.5,S3,1,10,an_mode,true,0.7573,true,9,0.7573,0,0,true,0,correct_route
LV,0.5,S3,1,11,distance,true,5.077,true,4,5.077,0,0,true,0,correct_route
LV,0.5,S3,1,11,proposed_050,true,5.077,true,4,5.077,0,0,true,0,correct_route
LV,0.5,S3,1,11,proposed_mode,true,5.077,true,4,5.077,0,0,true,0,correct_route
LV,0.5,S3,1,11,an_080,true,5.077,true,4,5.077,0,0,true,0,correct_route
LV,0.5,S3,1,11,an_mode,true,5.077,true,4,5.077,0,0,true,0,correct_route
LV,0.5,S3,1,12,distance,true,4.8102,true,8,4.8102,0,0,true,0,correct_route
LV,0.5,S3,1,12,proposed_050,true,4.8102,true,8,4.8102,0,0,true,0,correct_route
LV,0.5,S3,1,12,proposed_mode,true,4.8102,true,8,4.8102,0,0,true,0,correct_route
LV,0.5,S3,1,12,an_080,true,4.8102,true,8,4.8102,0,0,true,0,correct_route
LV,0.5,S3,1,12,an_mode,true,4.8102,true,8,4.8102,0,0,true,0,correct_route
LV,0.5,S3,1,13,distance,true,5.3483,true,4,5.3483,0,0,true,0,correct_route
LV,0.5,S3,1,13,proposed_050,true,5.3483,true,4,5.3483,0,0,true,0,correct_route
LV,0.5,S3,1,13,proposed_mode,true,5.3483,true,4,5.3483,0,0,true,0,correct_route
LV,0.5,S3,1,13,an_080,true,5.3483,true,4,5.3483,0,0,true,0,correct_route
LV,0.5,S3,1,13,an_mode,true,5.3483,true,4,5.3483,0,0,true,0,correct_route
LV,0.5,S3,1,14,distance,true,2.2619,true,4,2.2619,0,0,true,0,correct_route
LV,0.5,S3,1,14,proposed_050,true,2.2619,true,4,2.2619,0,0,true,0,correct_route
LV,0.5,S3,1,14,proposed_mode,true,2.2619,true,4,2.2619,0,0,true,0,correct_route
LV,0.5,S3,1,14,an_080,true,2.2619,true,4,2.2619,0,0,true,0,correct_route
LV,0.5,S3,1,14,an_mode,true,2.2619,true,4,2.2619,0,0,true,0,correct_route
LV,0.5,S3,1,15,distance,true,3.7294,true,4,3.7294,0,0,true,0,correct_route
LV,0.5,S3,1,15,proposed_050,true,3.7294,true,4,3.7294,0,0,true,0,correct_route
LV,0.5,S3,1,15,proposed_mode,true,3.7294,true,4,3.7294,0,0,true,0,correct_route
LV,0.5,S3,1,15,an_080,true,3.7294,true,4,3.7294,0,0,true,0,correct_route
LV,0.5,S3,1,15,an_mode,true,3.7294,true,4,3.7294,0,0,true,0,correct_route
LV,0.5,S3,1,16,distance,true,1.4535,true,8,1.4535,0,0,true,0,correct_route
LV,0.5,S3,1,16,proposed_050,true,1.4535,true,8,1.4535,0,0,true,0,correct_route
LV,0.5,S3,1,16,proposed_mode,true,1.4535,true,8,1.4535,0,0,true,0,correct_route
LV,0.5,S3,1,16,an_080,true,1.4535,true,8,1.4535,0,0,true,0,correct_route
LV,0.5,S3,1,16,an_mode,true,1.4535,true,8,1.4535,0,0,true,0,correct_route
LV,0.5,S3,1,17,distance,true,4.4279,true,8,4.4279,0,0,true,0,correct_route
LV,0.5,S3,1,17,proposed_050,true,4.4279,true,8,4.4279,0,0,true,0,correct_route
LV,0.5,S3,1,17,proposed_mode,true,4.4279,true,8,4.4279,0,0,true,0,correct_route
LV,0.5,S3,1,17,an_080,true,4.4279,true,8,4.4279,0,0,true,0,correct_route
LV,0.5,S3,1,17,an_mode,true,4.4279,true,8,4.4279,0,0,true,0,correct_route
LV,0.5,S3,1,18,distance,true,2.343,true,8,2.343,0,0,true,0,correct_route
LV,0.5,S3,1,18,proposed_050,true,2.343,true,8,2.343,0,0,true,0,correct_route
LV,0.5,S3,1,18,proposed_mode,true,2.343,true,8,2.343,0,0,true,0,correct_route
LV,0.5,S3,1,18,an_080,true,2.343,true,8,2.343,0,0,true,0,correct_route
LV,0.5,S3,1,18,an_mode,true,2.343,true,8,2.343,0,0,true,0,correct_route
LV,0.5,S3,1,19,distance,true,2.0721,true,8,2.0721,0,0,true,0,correct_route
LV,0.5,S3,1,19,proposed_050,true,2.0721,true,8,2.0721,0,0,true,0,correct_route
LV,0.5,S3,1,19,proposed_mode,true,2.0721,true,8,2.0721,0,0,true,0,correct_route
LV,0.5,S3,1,19,an_080,true,2.0721,true,8,2.0721,0,0,true,0,correct_route
LV,0.5,S3,1,19,an_mode,true,2.0721,true,8,2.0721,0,0,true,0,correct_route
LV,0.5,S3,1,20,distance,true,10.531,true,7,8.4103,235.382,0.6,false,-20.138,unsafe_route
LV,0.5,S3,1,20,proposed_050,true,10.531,true,4,10.531,0,0,true,0,correct_route
LV,0.5,S3,1,20,proposed_mode,true,10.531,true,4,10.531,0,0,true,0,correct_route
LV,0.5,S3,1,20,an_080,true,10.531,true,7,8.4103,235.382,0.6,false,-20.138,unsafe_route
LV,0.5,S3,1,20,an_mode,true,10.531,true,4,10.531,0,0,true,0,correct_route
LV,0.5,S3,1,21,distance,true,3.6688,true,7,1.5022,185.854,0.6,false,-59.055,unsafe_route
LV,0.5,S3,1,21,proposed_050,true,3.6688,true,5,3.6688,0,0,true,0,correct_route
LV,0.5,S3,1,21,proposed_mode,true,3.6688,true,5,3.6688,0,0,true,0,correct_route
LV,0.5,S3,1,21,an_080,true,3.6688,true,7,1.5022,185.854,0.6,false,-59.055,unsafe_route
LV,0.5,S3,1,21,an_mode,true,3.6688,true,5,3.6688,0,0,true,0,correct_route
LV,0.5,S3,1,22,distance,true,4.7098,true,7,2.2373,210.662,0.6,false,-52.496,unsafe_route
LV,0.5,S3,1,22,proposed_050,true,4.7098,true,4,4.7098,0,0,true,0,correct_route
LV,0.5,S3,1,22,proposed_mode,true,4.7098,true,4,4.7098,0,0,true,0,correct_route
LV,0.5,S3,1,22,an_080,true,4.7098,true,7,2.2373,210.662,0.6,false,-52.496,unsafe_route
LV,0.5,S3,1,22,an_mode,true,4.7098,true,4,4.7098,0,0,true,0,correct_route
LV,0.5,S3,1,23,distance,true,6.9948,true,7,5.7136,235.382,0.6,false,-18.316,unsafe_route
LV,0.5,S3,1,23,proposed_050,true,6.9948,true,4,6.9948,0,0,true,0,correct_route
LV,0.5,S3,1,23,proposed_mode,true,6.9948,true,4,6.9948,0,0,true,0,correct_route
LV,0.5,S3,1,23,an_080,true,6.9948,true,7,5.7136,235.382,0.6,false,-18.316,unsafe_route
LV,0.5,S3,1,23,an_mode,true,6.9948,true,4,6.9948,0,0,true,0,correct_route
LV,0.5,S3,1,24,distance,true,7.2459,true,7,3.7965,235.382,0.6,false,-47.604,unsafe_route
LV,0.5,S3,1,24,proposed_050,true,7.2459,true,4,7.2459,0,0,true,0,correct_route
LV,0.5,S3,1,24,proposed_mode,true,7.2459,true,4,7.2459,0,0,true,0,correct_route
LV,0.5,S3,1,24,an_080,true,7.2459,true,7,3.7965,235.382,0.6,false,-47.604,unsafe_route
LV,0.5,S3,1,24,an_mode,true,7.2459,true,4,7.2459,0,0,true,0,correct_route
LV,0.5,S3,1,25,distance,true,2.019,true,5,2.019,0,0,true,0,correct_route
LV,0.5,S3,1,25,proposed_050,true,2.019,true,5,2.019,0,0,true,0,correct_route
LV,0.5,S3,1,25,proposed_mode,true,2.019,true,5,2.019,0,0,true,0,correct_route
LV,0.5,S3,1,25,an_080,true,2.019,true,5,2.019,0,0,true,0,correct_route
LV,0.5,S3,1,25,an_mode,true,2.019,true,5,2.019,0,0,true,0,correct_route
LV,0.5,S3,1,26,distance,true,1.0687,true,5,1.0687,0,0,true,0,correct_route
LV,0.5,S3,1,26,proposed_050,true,1.0687,true,5,1.0687,0,0,true,0,correct_route
LV,0.5,S3,1,26,proposed_mode,true,1.0687,true,5,1.0687,0,0,true,0,correct_route
LV,0.5,S3,1,26,an_080,true,1.0687,true,5,1.0687,0,0,true,0,correct_route
LV,0.5,S3,1,26,an_mode,true,1.0687,true,5,1.0687,0,0,true,0,correct_route
LV,0.5,S3,1,27,distance,true,2.187,true,3,2.187,0,0,true,0,correct_route
LV,0.5,S3,1,27,proposed_050,true,2.187,true,3,2.187,0,0,true,0,correct_route
LV,0.5,S3,1,27,proposed_mode,true,2.187,true,3,2.187,0,0,true,0,correct_route
LV,0.5,S3,1,27,an_080,true,2.187,true,3,2.187,0,0,true,0,correct_route
LV,0.5,S3,1,27,an_mode,true,2.187,true,3,2.187,0,0,true,0,correct_route
LV,0.5,S3,1,28,distance,true,3.8719,true,7,3.3577,182.379,0.6,false,-13.279,unsafe_route
LV,0.5,S3,1,28,proposed_050,true,3.8719,true,3,3.8719,0,0,true,0,correct_route
LV,0.5,S3,1,28,proposed_mode,true,3.8719,true,3,3.8719,0,0,true,0,correct_route
LV,0.5,S3,1,28,an_080,true,3.8719,true,7,3.3577,182.379,0.6,false,-13.279,unsafe_route
LV,0.5,S3,1,28,an_mode,true,3.8719,true,3,3.8719,0,0,true,0,correct_route
LV,0.5,S3,1,29,distance,true,8.6823,true,7,5.5354,235.382,0.6,false,-36.246,unsafe_route
LV,0.5,S3,1,29,proposed_050,true,8.6823,true,4,8.6823,0,0,true,0,correct_route
LV,0.5,S3,1,29,proposed_mode,true,8.6823,true,4,8.6823,0,0,true,0,correct_route
LV,0.5,S3,1,29,an_080,true,8.6823,true,7,5.5354,235.382,0.6,false,-36.246,unsafe_route
LV,0.5,S3,1,29,an_mode,true,8.6823,true,4,8.6823,0,0,true,0,correct_route
LV,0.5,S3,1,30,distance,true,2.6793,true,3,2.6793,0,0,true,0,correct_route
LV,0.5,S3,1,30,proposed_050,true,2.6793,true,3,2.6793,0,0,true,0,correct_route
LV,0.5,S3,1,30,proposed_mode,true,2.6793,true,3,2.6793,0,0,true,0,correct_route
LV,0.5,S3,1,30,an_080,true,2.6793,true,3,2.6793,0,0,true,0,correct_route
LV,0.5,S3,1,30,an_mode,true,2.6793,true,3,2.6793,0,0,true,0,correct_route
LV,0.5,S3,1,31,distance,true,7.7515,true,7,3.5175,235.382,0.6,false,-54.622,unsafe_route
LV,0.5,S3,1,31,proposed_050,true,7.7515,true,4,7.7515,0,0,true,0,correct_route
LV,0.5,S3,1,31,proposed_mode,true,7.7515,true,4,7.7515,0,0,true,0,correct_route
LV,0.5,S3,1,31,an_080,true,7.7515,true,7,3.5175,235.382,0.6,false,-54.622,unsafe_route
LV,0.5,S3,1,31,an_mode,true,7.7515,true,4,7.7515,0,0,true,0,correct_route
LV,0.5,S3,1,32,distance,true,1.5916,true,3,1.5916,0,0,true,0,correct_route
LV,0.5,S3,1,32,proposed_050,true,1.5916,true,3,1.5916,0,0,true,0,correct_route
LV,0.5,S3,1,32,proposed_mode,true,1.5916,true,3,1.5916,0,0,true,0,correct_route
LV,0.5,S3,1,32,an_080,true,1.5916,true,3,1.5916,0,0,true,0,correct_route
LV,0.5,S3,1,32,an_mode,true,1.5916,true,3,1.5916,0,0,true,0,correct_route
LV,0.5,S3,1,33,distance,true,6.7764,true,7,2.2529,235.382,0.6,false,-66.753,unsafe_route
LV,0.5,S3,1,33,proposed_050,true,6.7764,true,4,6.7764,0,0,true,0,correct_route
LV,0.5,S3,1,33,proposed_mode,true,6.7764,true,4,6.7764,0,0,true,0,correct_route
LV,0.5,S3,1,33,an_080,true,6.7764,true,7,2.2529,235.382,0.6,false,-66.753,unsafe_route
LV,0.5,S3,1,33,an_mode,true,6.7764,true,4,6.7764,0,0,true,0,correct_route
LV,0.5,S3,1,34,distance,true,5.4997,true,7,1.9227,182.379,0.6,false,-65.041,unsafe_route
LV,0.5,S3,1,34,proposed_050,true,5.4997,true,5,5.4997,0,0,true,0,correct_route
LV,0.5,S3,1,34,proposed_mode,true,5.4997,true,5,5.4997,0,0,true,0,correct_route
LV,0.5,S3,1,34,an_080,true,5.4997,true,7,1.9227,182.379,0.6,false,-65.041,unsafe_route
LV,0.5,S3,1,34,an_mode,true,5.4997,true,5,5.4997,0,0,true,0,correct_route
LV,0.5,S3,1,35,distance,true,7.1902,true,7,3.6916,175.942,0.6,false,-48.657,unsafe_route
LV,0.5,S3,1,35,proposed_050,true,7.1902,true,5,7.1902,0,0,true,0,correct_route
LV,0.5,S3,1,35,proposed_mode,true,7.1902,true,5,7.1902,0,0,true,0,correct_route
LV,0.5,S3,1,35,an_080,true,7.1902,true,7,3.6916,175.942,0.6,false,-48.657,unsafe_route
LV,0.5,S3,1,35,an_mode,true,7.1902,true,5,7.1902,0,0,true,0,correct_route
LV,0.5,S3,1,36,distance,true,8.7856,true,7,4.5516,235.382,0.6,false,-48.193,unsafe_route
LV,0.5,S3,1,36,proposed_050,true,8.7856,true,4,8.7856,0,0,true,0,correct_route
LV,0.5,S3,1,36,proposed_mode,true,8.7856,true,4,8.7856,0,0,true,0,correct_route
LV,0.5,S3,1,36,an_080,true,8.7856,true,7,4.5516,235.382,0.6,false,-48.193,unsafe_route
LV,0.5,S3,1,36,an_mode,true,8.7856,true,4,8.7856,0,0,true,0,correct_route
LV,0.5,S3,1,37,distance,true,8.226,true,7,3.7026,235.382,0.6,false,-54.989,unsafe_route
LV,0.5,S3,1,37,proposed_050,true,8.226,true,4,8.226,0,0,true,0,correct_route
LV,0.5,S3,1,37,proposed_mode,true,8.226,true,4,8.226,0,0,true,0,correct_route
LV,0.5,S3,1,37,an_080,true,8.226,true,7,3.7026,235.382,0.6,false,-54.989,unsafe_route
LV,0.5,S3,1,37,an_mode,true,8.226,true,4,8.226,0,0,true,0,correct_route
LV,0.5,S3,1,38,distance,true,6.107,true,7,4.8669,182.379,0.6,false,-20.305,unsafe_route
LV,0.5,S3,1,38,proposed_050,true,6.107,true,5,6.107,0,0,true,0,correct_route
LV,0.5,S3,1,38,proposed_mode,true,6.107,true,5,6.107,0,0,true,0,correct_route
LV,0.5,S3,1,38,an_080,true,6.107,true,7,4.8669,182.379,0.6,false,-20.305,unsafe_route
LV,0.5,S3,1,38,an_mode,true,6.107,true,5,6.107,0,0,true,0,correct_route
LV,0.5,S3,1,39,distance,true,3.8945,true,3,3.8945,0,0,true,0,correct_route
LV,0.5,S3,1,39,proposed_050,true,3.8945,true,3,3.8945,0,0,true,0,correct_route
LV,0.5,S3,1,39,proposed_mode,true,3.8945,true,3,3.8945,0,0,true,0,correct_route
LV,0.5,S3,1,39,an_080,true,3.8945,true,3,3.8945,0,0,true,0,correct_route
LV,0.5,S3,1,39,an_mode,true,3.8945,true,3,3.8945,0,0,true,0,correct_route
LV,0.5,S3,1,40,distance,true,4.2719,true,3,4.2719,0,0,true,0,correct_route
LV,0.5,S3,1,40,proposed_050,true,4.2719,true,3,4.2719,0,0,true,0,correct_route
LV,0.5,S3,1,40,proposed_mode,true,4.2719,true,3,4.2719,0,0,true,0,correct_route
LV,0.5,S3,1,40,an_080,true,4.2719,true,3,4.2719,0,0,true,0,correct_route
LV,0.5,S3,1,40,an_mode,true,4.2719,true,3,4.2719,0,0,true,0,correct_route
AD,1.2,S3,1,1,distance,true,3.5648,true,9,3.5648,0,0,true,0,correct_route
AD,1.2,S3,1,1,proposed_050,true,3.5648,true,9,3.5648,0,0,true,0,correct_route
AD,1.2,S3,1,1,proposed_mode,true,3.5648,true,9,3.5648,0,0,true,0,correct_route
AD,1.2,S3,1,1,an_080,true,3.5648,true,9,3.5648,0,0,true,0,correct_route
AD,1.2,S3,1,1,an_mode,true,3.5648,true,9,3.5648,0,0,true,0,correct_route
AD,1.2,S3,1,2,distance,true,4.4419,true,4,4.4419,0,0,true,0,correct_route
AD,1.2,S3,1,2,proposed_050,true,4.4419,true,4,4.4419,0,0,true,0,correct_route
AD,1.2,S3,1,2,proposed_mode,true,4.4419,true,4,4.4419,0,0,true,0,correct_route
AD,1.2,S3,1,2,an_080,true,4.4419,true,4,4.4419,0,0,true,0,correct_route
AD,1.2,S3,1,2,an_mode,true,4.4419,true,4,4.4419,0,0,true,0,correct_route
AD,1.2,S3,1,3,distance,true,2.6507,true,9,2.6507,0,0,true,0,correct_route
AD,1.2,S3,1,3,proposed_050,true,2.6507,true,9,2.6507,0,0,true,0,correct_route
AD,1.2,S3,1,3,proposed_mode,true,2.6507,true,9,2.6507,0,0,true,0,correct_route
AD,1.2,S3,1,3,an_080,true,2.6507,true,9,2.6507,0,0,true,0,correct_route
AD,1.2,S3,1,3,an_mode,true,2.6507,true,9,2.6507,0,0,true,0,correct_route
AD,1.2,S3,1,4,distance,true,4.3464,true,4,4.3464,0,0,true,0,correct_route
AD,1.2,S3,1,4,proposed_050,true,4.3464,true,4,4.3464,0,0,true,0,correct_route
AD,1.2,S3,1,4,proposed_mode,true,4.3464,true,4,4.3464,0,0,true,0,correct_route
AD,1.2,S3,1,4,an_080,true,4.3464,true,4,4.3464,0,0,true,0,correct_route
AD,1.2,S3,1,4,an_mode,true,4.3464,true,4,4.3464,0,0,true,0,correct_route
AD,1.2,S3,1,5,distance,true,4.4419,true,4,4.4419,0,0,true,0,correct_route
AD,1.2,S3,1,5,proposed_050,true,4.4419,true,4,4.4419,0,0,true,0,correct_route
AD,1.2,S3,1,5,proposed_mode,true,4.4419,true,4,4.4419,0,0,true,0,correct_route
AD,1.2,S3,1,5,an_080,true,4.4419,true,4,4.4419,0,0,true,0,correct_route
AD,1.2,S3,1,5,an_mode,true,4.4419,true,4,4.4419,0,0,true,0,correct_route
AD,1.2,S3,1,6,distance,true,0.7045,true,4,0.7045,0,0,true,0,correct_route
AD,1.2,S3,1,6,proposed_050,true,0.7045,true,4,0.7045,0,0,true,0,correct_route
AD,1.2,S3,1,6,proposed_mode,true,0.7045,true,4,0.7045,0,0,true,0,correct_route
AD,1.2,S3,1,6,an_080,true,0.7045,true,4,0.7045,0,0,true,0,correct_route
AD,1.2,S3,1,6,an_mode,true,0.7045,true,4,0.7045,0,0,true,0,correct_route
AD,1.2,S3,1,7,distance,true,2.4584,true,8,2.4584,0,0,true,0,correct_route
AD,1.2,S3,1,7,proposed_050,true,2.4584,true,8,2.4584,0,0,true,0,correct_route
AD,1.2,S3,1,7,proposed_mode,true,2.4584,true,8,2.4584,0,0,true,0,correct_route
AD,1.2,S3,1,7,an_080,true,2.4584,true,8,2.4584,0,0,true,0,correct_route
AD,1.2,S3,1,7,an_mode,true,2.4584,true,8,2.4584,0,0,true,0,correct_route
AD,1.2,S3,1,8,distance,true,2.2256,true,4,2.2256,0,0,true,0,correct_route
AD,1.2,S3,1,8,proposed_050,true,2.2256,true,4,2.2256,0,0,true,0,correct_route
AD,1.2,S3,1,8,proposed_mode,true,2.2256,true,4,2.2256,0,0,true,0,correct_route
AD,1.2,S3,1,8,an_080,true,2.2256,true,4,2.2256,0,0,true,0,correct_route
AD,1.2,S3,1,8,an_mode,true,2.2256,true,4,2.2256,0,0,true,0,correct_route
AD,1.2,S3,1,9,distance,true,2.2269,true,8,2.2269,0,0,true,0,correct_route
AD,1.2,S3,1,9,proposed_050,true,2.2269,true,8,2.2269,0,0,true,0,correct_route
AD,1.2,S3,1,9,proposed_mode,true,2.2269,true,8,2.2269,0,0,true,0,correct_route
AD,1.2,S3,1,9,an_080,true,2.2269,true,8,2.2269,0,0,true,0,correct_route
AD,1.2,S3,1,9,an_mode,true,2.2269,true,8,2.2269,0,0,true,0,correct_route
AD,1.2,S3,1,10,distance,true,0.7573,true,9,0.7573,0,0,true,0,correct_route
AD,1.2,S3,1,10,proposed_050,true,0.7573,true,9,0.7573,0,0,true,0,correct_route
AD,1.2,S3,1,10,proposed_mode,true,0.7573,true,9,0.7573,0,0,true,0,correct_route
AD,1.2,S3,1,10,an_080,true,0.7573,true,9,0.7573,0,0,true,0,correct_route
AD,1.2,S3,1,10,an_mode,true,0.7573,true,9,0.7573,0,0,true,0,correct_route
AD,1.2,S3,1,11,distance,true,5.077,true,4,5.077,0,0,true,0,correct_route
AD,1.2,S3,1,11,proposed_050,true,5.077,true,4,5.077,0,0,true,0,correct_route
AD,1.2,S3,1,11,proposed_mode,true,5.077,true,4,5.077,0,0,true,0,correct_route
AD,1.2,S3,1,11,an_080,true,5.077,true,4,5.077,0,0,true,0,correct_route
AD,1.2,S3,1,11,an_mode,true,5.077,true,4,5.077,0,0,true,0,correct_route
AD,1.2,S3,1,12,distance,true,4.8102,true,8,4.8102,0,0,true,0,correct_route
AD,1.2,S3,1,12,proposed_050,true,4.8102,true,8,4.8102,0,0,true,0,correct_route
AD,1.2,S3,1,12,proposed_mode,true,4.8102,true,8,4.8102,0,0,true,0,correct_route
AD,1.2,S3,1,12,an_080,true,4.8102,true,8,4.8102,0,0,true,0,correct_route
AD,1.2,S3,1,12,an_mode,true,4.8102,true,8,4.8102,0,0,true,0,correct_route
AD,1.2,S3,1,13,distance,true,5.3483,true,4,5.3483,0,0,true,0,correct_route
AD,1.2,S3,1,13,proposed_050,true,5.3483,true,4,5.3483,0,0,true,0,correct_route
AD,1.2,S3,1,13,proposed_mode,true,5.3483,true,4,5.3483,0,0,true,0,correct_route
AD,1.2,S3,1,13,an_080,true,5.3483,true,4,5.3483,0,0,true,0,correct_route
AD,1.2,S3,1,13,an_mode,true,5.3483,true,4,5.3483,0,0,true,0,correct_route
AD,1.2,S3,1,14,distance,true,2.2619,true,4,2.2619,0,0,true,0,correct_route
AD,1.2,S3,1,14,proposed_050,true,2.2619,true,4,2.2619,0,0,true,0,correct_route
AD,1.2,S3,1,14,proposed_mode,true,2.2619,true,4,2.2619,0,0,true,0,correct_route
AD,1.2,S3,1,14,an_080,true,2.2619,true,4,2.2619,0,0,true,0,correct_route
AD,1.2,S3,1,14,an_mode,true,2.2619,true,4,2.2619,0,0,true,0,correct_route
AD,1.2,S3,1,15,distance,true,3.7294,true,4,3.7294,0,0,true,0,correct_route
AD,1.2,S3,1,15,proposed_050,true,3.7294,true,4,3.7294,0,0,true,0,correct_route
AD,1.2,S3,1,15,proposed_mode,true,3.7294,true,4,3.7294,0,0,true,0,correct_route
AD,1.2,S3,1,15,an_080,true,3.7294,true,4,3.7294,0,0,true,0,correct_route
AD,1.2,S3,1,15,an_mode,true,3.7294,true,4,3.7294,0,0,true,0,correct_route
AD,1.2,S3,1,16,distance,true,1.4535,true,8,1.4535,0,0,true,0,correct_route
AD,1.2,S3,1,16,proposed_050,true,1.4535,true,8,1.4535,0,0,true,0,correct_route
AD,1.2,S3,1,16,proposed_mode,true,1.4535,true,8,1.4535,0,0,true,0,correct_route
AD,1.2,S3,1,16,an_080,true,1.4535,true,8,1.4535,0,0,true,0,correct_route
AD,1.2,S3,1,16,an_mode,true,1.4535,true,8,1.4535,0,0,true,0,correct_route
AD,1.2,S3,1,17,distance,true,4.4279,true,8,4.4279,0,0,true,0,correct_route
AD,1.2,S3,1,17,proposed_050,true,4.4279,true,8,4.4279,0,0,true,0,correct_route
AD,1.2,S3,1,17,proposed_mode,true,4.4279,true,8,4.4279,0,0,true,0,correct_route
AD,1.2,S3,1,17,an_080,true,4.4279,true,8,4.4279,0,0,true,0,correct_route
AD,1.2,S3,1,17,an_mode,true,4.4279,true,8,4.4279,0,0,true,0,correct_route
AD,1.2,S3,1,18,distance,true,2.343,true,8,2.343,0,0,true,0,correct_route
AD,1.2,S3,1,18,proposed_050,true,2.343,true,8,2.343,0,0,true,0,correct_route
AD,1.2,S3,1,18,proposed_mode,true,2.343,true,8,2.343,0,0,true,0,correct_route
AD,1.2,S3,1,18,an_080,true,2.343,true,8,2.343,0,0,true,0,correct_route
AD,1.2,S3,1,18,an_mode,true,2.343,true,8,2.343,0,0,true,0,correct_route
AD,1.2,S3,1,19,distance,true,2.0721,true,8,2.0721,0,0,true,0,correct_route
AD,1.2,S3,1,19,proposed_050,true,2.0721,true,8,2.0721,0,0,true,0,correct_route
AD,1.2,S3,1,19,proposed_mode,true,2.0721,true,8,2.0721,0,0,true,0,correct_route
AD,1.2,S3,1,19,an_080,true,2.0721,true,8,2.0721,0,0,true,0,correct_route
AD,1.2,S3,1,19,an_mode,true,2.0721,true,8,2.0721,0,0,true,0,correct_route
AD,1.2,S3,1,20,distance,true,8.4103,true,7,8.4103,235.382,0.6,true,0,correct_route
AD,1.2,S3,1,20,proposed_050,true,8.4103,true,4,10.531,0,0,true,25.216,correct_route
AD,1.2,S3,1,20,proposed_mode,true,8.4103,true,4,10.531,0,0,true,25.216,correct_route
AD,1.2,S3,1,20,an_080,true,8.4103,true,7,8.4103,235.382,0.6,true,0,correct_route
AD,1.2,S3,1,20,an_mode,true,8.4103,true,7,8.4103,235.382,0.6,true,0,correct_route
AD,1.2,S3,1,21,distance,true,1.5022,true,7,1.5022,185.854,0.6,true,0,correct_route
AD,1.2,S3,1,21,proposed_050,true,1.5022,true,5,3.6688,0,0,true,144.228,correct_route
AD,1.2,S3,1,21,proposed_mode,true,1.5022,true,5,3.6688,0,0,true,144.228,correct_route
AD,1.2,S3,1,21,an_080,true,1.5022,true,7,1.5022,185.854,0.6,true,0,correct_route
AD,1.2,S3,1,21,an_mode,true,1.5022,true,7,1.5022,185.854,0.6,true,0,correct_route
AD,1.2,S3,1,22,distance,true,2.2373,true,7,2.2373,210.662,0.6,true,0,correct_route
AD,1.2,S3,1,22,proposed_050,true,2.2373,true,4,4.7098,0,0,true,110.51,correct_route
AD,1.2,S3,1,22,proposed_mode,true,2.2373,true,4,4.7098,0,0,true,110.51,correct_route
AD,1.2,S3,1,22,an_080,true,2.2373,true,7,2.2373,210.662,0.6,true,0,correct_route
AD,1.2,S3,1,22,an_mode,true,2.2373,true,7,2.2373,210.662,0.6,true,0,correct_route
AD,1.2,S3,1,23,distance,true,5.7136,true,7,5.7136,235.382,0.6,true,0,correct_route
AD,1.2,S3,1,23,proposed_050,true,5.7136,true,4,6.9948,0,0,true,22.424,correct_route
AD,1.2,S3,1,23,proposed_mode,true,5.7136,true,4,6.9948,0,0,true,22.424,correct_route
AD,1.2,S3,1,23,an_080,true,5.7136,true,7,5.7136,235.382,0.6,true,0,correct_route
AD,1.2,S3,1,23,an_mode,true,5.7136,true,7,5.7136,235.382,0.6,true,0,correct_route
AD,1.2,S3,1,24,distance,true,3.7965,true,7,3.7965,235.382,0.6,true,0,correct_route
AD,1.2,S3,1,24,proposed_050,true,3.7965,true,4,7.2459,0,0,true,90.855,correct_route
AD,1.2,S3,1,24,proposed_mode,true,3.7965,true,7,4.2558,175.942,0.6,true,12.098,correct_route
AD,1.2,S3,1,24,an_080,true,3.7965,true,7,3.7965,235.382,0.6,true,0,correct_route
AD,1.2,S3,1,24,an_mode,true,3.7965,true,7,3.7965,235.382,0.6,true,0,correct_route
AD,1.2,S3,1,25,distance,true,2.019,true,5,2.019,0,0,true,0,correct_route
AD,1.2,S3,1,25,proposed_050,true,2.019,true,5,2.019,0,0,true,0,correct_route
AD,1.2,S3,1,25,proposed_mode,true,2.019,true,5,2.019,0,0,true,0,correct_route
AD,1.2,S3,1,25,an_080,true,2.019,true,5,2.019,0,0,true,0,correct_route
AD,1.2,S3,1,25,an_mode,true,2.019,true,5,2.019,0,0,true,0,correct_route
AD,1.2,S3,1,26,distance,true,1.0687,true,5,1.0687,0,0,true,0,correct_route
AD,1.2,S3,1,26,proposed_050,true,1.0687,true,5,1.0687,0,0,true,0,correct_route
AD,1.2,S3,1,26,proposed_mode,true,1.0687,true,5,1.0687,0,0,true,0,correct_route
AD,1.2,S3,1,26,an_080,true,1.0687,true,5,1.0687,0,0,true,0,correct_route
AD,1.2,S3,1,26,an_mode,true,1.0687,true,5,1.0687,0,0,true,0,correct_route
AD,1.2,S3,1,27,distance,true,2.187,true,3,2.187,0,0,true,0,correct_route
AD,1.2,S3,1,27,proposed_050,true,2.187,true,3,2.187,0,0,true,0,correct_route
AD,1.2,S3,1,27,proposed_mode,true,2.187,true,3,2.187,0,0,true,0,correct_route
AD,1.2,S3,1,27,an_080,true,2.187,true,3,2.187,0,0,true,0,correct_route
AD,1.2,S3,1,27,an_mode,true,2.187,true,3,2.187,0,0,true,0,correct_route
AD,1.2,S3,1,28,distance,true,3.3577,true,7,3.3577,182.379,0.6,true,0,correct_route
AD,1.2,S3,1,28,proposed_050,true,3.3577,true,3,3.8719,0,0,true,15.313,correct_route
AD,1.2,S3,1,28,proposed_mode,true,3.3577,true,3,3.8719,0,0,true,15.313,correct_route
AD,1.2,S3,1,28,an_080,true,3.3577,true,7,3.3577,182.379,0.6,true,0,correct_route
AD,1.2,S3,1,28,an_mode,true,3.3577,true,7,3.3577,182.379,0.6,true,0,correct_route
AD,1.2,S3,1,29,distance,true,5.5354,true,7,5.5354,235.382,0.6,true,0,correct_route
AD,1.2,S3,1,29,proposed_050,true,5.5354,true,4,8.6823,0,0,true,56.852,correct_route
AD,1.2,S3,1,29,proposed_mode,true,5.5354,true,4,8.6823,0,0,true,56.852,correct_route
AD,1.2,S3,1,29,an_080,true,5.5354,true,7,5.5354,235.382,0.6,true,0,correct_route
AD,1.2,S3,1,29,an_mode,true,5.5354,true,7,5.5354,235.382,0.6,true,0,correct_route
AD,1.2,S3,1,30,distance,true,2.6793,true,3,2.6793,0,0,true,0,correct_route
AD,1.2,S3,1,30,proposed_050,true,2.6793,true,3,2.6793,0,0,true,0,correct_route
AD,1.2,S3,1,30,proposed_mode,true,2.6793,true,3,2.6793,0,0,true,0,correct_route
AD,1.2,S3,1,30,an_080,true,2.6793,true,3,2.6793,0,0,true,0,correct_route
AD,1.2,S3,1,30,an_mode,true,2.6793,true,3,2.6793,0,0,true,0,correct_route
AD,1.2,S3,1,31,distance,true,3.5175,true,7,3.5175,235.382,0.6,true,0,correct_route
AD,1.2,S3,1,31,proposed_050,true,3.5175,true,4,7.7515,0,0,true,120.369,correct_route
AD,1.2,S3,1,31,proposed_mode,true,3.5175,true,7,3.8693,175.942,0.6,true,10,correct_route
AD,1.2,S3,1,31,an_080,true,3.5175,true,7,3.5175,235.382,0.6,true,0,correct_route
AD,1.2,S3,1,31,an_mode,true,3.5175,true,7,3.5175,235.382,0.6,true,0,correct_route
AD,1.2,S3,1,32,distance,true,1.5916,true,3,1.5916,0,0,true,0,correct_route
AD,1.2,S3,1,32,proposed_050,true,1.5916,true,3,1.5916,0,0,true,0,correct_route
AD,1.2,S3,1,32,proposed_mode,true,1.5916,true,3,1.5916,0,0,true,0,correct_route
AD,1.2,S3,1,32,an_080,true,1.5916,true,3,1.5916,0,0,true,0,correct_route
AD,1.2,S3,1,32,an_mode,true,1.5916,true,3,1.5916,0,0,true,0,correct_route
AD,1.2,S3,1,33,distance,true,2.2529,true,7,2.2529,235.382,0.6,true,0,correct_route
AD,1.2,S3,1,33,proposed_050,true,2.2529,true,4,6.7764,0,0,true,200.781,correct_route
AD,1.2,S3,1,33,proposed_mode,true,2.2529,true,7,2.3876,175.942,0.6,true,5.977,correct_route
AD,1.2,S3,1,33,an_080,true,2.2529,true,7,2.2529,235.382,0.6,true,0,correct_route
AD,1.2,S3,1,33,an_mode,true,2.2529,true,7,2.2529,235.382,0.6,true,0,correct_route
AD,1.2,S3,1,34,distance,true,1.9227,true,7,1.9227,182.379,0.6,true,0,correct_route
AD,1.2,S3,1,34,proposed_050,true,1.9227,true,5,5.4997,0,0,true,186.048,correct_route
AD,1.2,S3,1,34,proposed_mode,true,1.9227,true,7,1.9227,182.379,0.6,true,0,correct_route
AD,1.2,S3,1,34,an_080,true,1.9227,true,7,1.9227,182.379,0.6,true,0,correct_route
AD,1.2,S3,1,34,an_mode,true,1.9227,true,7,1.9227,182.379,0.6,true,0,correct_route
AD,1.2,S3,1,35,distance,true,3.6916,true,7,3.6916,175.942,0.6,true,0,correct_route
AD,1.2,S3,1,35,proposed_050,true,3.6916,true,5,7.1902,0,0,true,94.77,correct_route
AD,1.2,S3,1,35,proposed_mode,true,3.6916,true,7,3.7,182.379,0.6,true,0.226,correct_route
AD,1.2,S3,1,35,an_080,true,3.6916,true,7,3.6916,175.942,0.6,true,0,correct_route
AD,1.2,S3,1,35,an_mode,true,3.6916,true,7,3.6916,175.942,0.6,true,0,correct_route
AD,1.2,S3,1,36,distance,true,4.5516,true,7,4.5516,235.382,0.6,true,0,correct_route
AD,1.2,S3,1,36,proposed_050,true,4.5516,true,4,8.7856,0,0,true,93.023,correct_route
AD,1.2,S3,1,36,proposed_mode,true,4.5516,true,7,4.9033,175.942,0.6,true,7.728,correct_route
AD,1.2,S3,1,36,an_080,true,4.5516,true,7,4.5516,235.382,0.6,true,0,correct_route
AD,1.2,S3,1,36,an_mode,true,4.5516,true,7,4.5516,235.382,0.6,true,0,correct_route
AD,1.2,S3,1,37,distance,true,3.7026,true,7,3.7026,235.382,0.6,true,0,correct_route
AD,1.2,S3,1,37,proposed_050,true,3.7026,true,4,8.226,0,0,true,122.17,correct_route
AD,1.2,S3,1,37,proposed_mode,true,3.7026,true,7,3.8372,175.942,0.6,true,3.637,correct_route
AD,1.2,S3,1,37,an_080,true,3.7026,true,7,3.7026,235.382,0.6,true,0,correct_route
AD,1.2,S3,1,37,an_mode,true,3.7026,true,7,3.7026,235.382,0.6,true,0,correct_route
AD,1.2,S3,1,38,distance,true,4.8669,true,7,4.8669,182.379,0.6,true,0,correct_route
AD,1.2,S3,1,38,proposed_050,true,4.8669,true,5,6.107,0,0,true,25.479,correct_route
AD,1.2,S3,1,38,proposed_mode,true,4.8669,true,5,6.107,0,0,true,25.479,correct_route
AD,1.2,S3,1,38,an_080,true,4.8669,true,7,4.8669,182.379,0.6,true,0,correct_route
AD,1.2,S3,1,38,an_mode,true,4.8669,true,7,4.8669,182.379,0.6,true,0,correct_route
AD,1.2,S3,1,39,distance,true,3.8945,true,3,3.8945,0,0,true,0,correct_route
AD,1.2,S3,1,39,proposed_050,true,3.8945,true,3,3.8945,0,0,true,0,correct_route
AD,1.2,S3,1,39,proposed_mode,true,3.8945,true,3,3.8945,0,0,true,0,correct_route
AD,1.2,S3,1,39,an_080,true,3.8945,true,3,3.8945,0,0,true,0,correct_route
AD,1.2,S3,1,39,an_mode,true,3.8945,true,3,3.8945,0,0,true,0,correct_route
AD,1.2,S3,1,40,distance,true,4.2719,true,3,4.2719,0,0,true,0,correct_route
AD,1.2,S3,1,40,proposed_050,true,4.2719,true,3,4.2719,0,0,true,0,correct_route
AD,1.2,S3,1,40,proposed_mode,true,4.2719,true,3,4.2719,0,0,true,0,correct_route
AD,1.2,S3,1,40,an_080,true,4.2719,true,3,4.2719,0,0,true,0,correct_route
AD,1.2,S3,1,40,an_mode,true,4.2719,true,3,4.2719,0,0,true,0,correct_route
SV,0.3,S3,1.5,1,distance,true,3.5648,true,9,3.5648,0,0,true,0,correct_route
SV,0.3,S3,1.5,1,proposed_050,true,3.5648,true,9,3.5648,0,0,true,0,correct_route
SV,0.3,S3,1.5,1,proposed_mode,true,3.5648,true,9,3.5648,0,0,true,0,correct_route
SV,0.3,S3,1.5,1,an_080,true,3.5648,true,9,3.5648,0,0,true,0,correct_route
SV,0.3,S3,1.5,1,an_mode,true,3.5648,true,9,3.5648,0,0,true,0,correct_route
SV,0.3,S3,1.5,2,distance,true,4.4419,true,4,4.4419,0,0,true,0,correct_route
SV,0.3,S3,1.5,2,proposed_050,true,4.4419,true,4,4.4419,0,0,true,0,correct_route
SV,0.3,S3,1.5,2,proposed_mode,true,4.4419,true,4,4.4419,0,0,true,0,correct_route
SV,0.3,S3,1.5,2,an_080,true,4.4419,true,4,4.4419,0,0,true,0,correct_route
SV,0.3,S3,1.5,2,an_mode,true,4.4419,true,4,4.4419,0,0,true,0,correct_route
SV,0.3,S3,1.5,3,distance,true,2.6507,true,9,2.6507,0,0,true,0,correct_route
SV,0.3,S3,1.5,3,proposed_050,true,2.6507,true,9,2.6507,0,0,true,0,correct_route
SV,0.3,S3,1.5,3,proposed_mode,true,2.6507,true,9,2.6507,0,0,true,0,correct_route
SV,0.3,S3,1.5,3,an_080,true,2.6507,true,9,2.6507,0,0,true,0,correct_route
SV,0.3,S3,1.5,3,an_mode,true,2.6507,true,9,2.6507,0,0,true,0,correct_route
SV,0.3,S3,1.5,4,distance,true,4.3464,true,4,4.3464,0,0,true,0,correct_route
SV,0.3,S3,1.5,4,proposed_050,true,4.3464,true,4,4.3464,0,0,true,0,correct_route
SV,0.3,S3,1.5,4,proposed_mode,true,4.3464,true,4,4.3464,0,0,true,0,correct_route
SV,0.3,S3,1.5,4,an_080,true,4.3464,true,4,4.3464,0,0,true,0,correct_route
SV,0.3,S3,1.5,4,an_mode,true,4.3464,true,4,4.3464,0,0,true,0,correct_route
SV,0.3,S3,1.5,5,distance,true,4.4419,true,4,4.4419,0,0,true,0,correct_route
SV,0.3,S3,1.5,5,proposed_050,true,4.4419,true,4,4.4419,0,0,true,0,correct_route
SV,0.3,S3,1.5,5,proposed_mode,true,4.4419,true,4,4.4419,0,0,true,0,correct_route
SV,0.3,S3,1.5,5,an_080,true,4.4419,true,4,4.4419,0,0,true,0,correct_route
SV,0.3,S3,1.5,5,an_mode,true,4.4419,true,4,4.4419,0,0,true,0,correct_route
SV,0.3,S3,1.5,6,distance,true,0.7045,true,4,0.7045,0,0,true,0,correct_route
SV,0.3,S3,1.5,6,proposed_050,true,0.7045,true,4,0.7045,0,0,true,0,correct_route
SV,0.3,S3,1.5,6,proposed_mode,true,0.7045,true,4,0.7045,0,0,true,0,correct_route
SV,0.3,S3,1.5,6,an_080,true,0.7045,true,4,0.7045,0,0,true,0,correct_route
SV,0.3,S3,1.5,6,an_mode,true,0.7045,true,4,0.7045,0,0,true,0,correct_route
SV,0.3,S3,1.5,7,distance,true,2.4584,true,8,2.4584,0,0,true,0,correct_route
SV,0.3,S3,1.5,7,proposed_050,true,2.4584,true,8,2.4584,0,0,true,0,correct_route
SV,0.3,S3,1.5,7,proposed_mode,true,2.4584,true,8,2.4584,0,0,true,0,correct_route
SV,0.3,S3,1.5,7,an_080,true,2.4584,true,8,2.4584,0,0,true,0,correct_route
SV,0.3,S3,1.5,7,an_mode,true,2.4584,true,8,2.4584,0,0,true,0,correct_route
SV,0.3,S3,1.5,8,distance,true,2.2256,true,4,2.2256,0,0,true,0,correct_route
SV,0.3,S3,1.5,8,proposed_050,true,2.2256,true,4,2.2256,0,0,true,0,correct_route
SV,0.3,S3,1.5,8,proposed_mode,true,2.2256,true,4,2.2256,0,0,true,0,correct_route
SV,0.3,S3,1.5,8,an_080,true,2.2256,true,4,2.2256,0,0,true,0,correct_route
SV,0.3,S3,1.5,8,an_mode,true,2.2256,true,4,2.2256,0,0,true,0,correct_route
SV,0.3,S3,1.5,9,distance,true,2.2269,true,8,2.2269,0,0,true,0,correct_route
SV,0.3,S3,1.5,9,proposed_050,true,2.2269,true,8,2.2269,0,0,true,0,correct_route
SV,0.3,S3,1.5,9,proposed_mode,true,2.2269,true,8,2.2269,0,0,true,0,correct_route
SV,0.3,S3,1.5,9,an_080,true,2.2269,true,8,2.2269,0,0,true,0,correct_route
SV,0.3,S3,1.5,9,an_mode,true,2.2269,true,8,2.2269,0,0,true,0,correct_route
SV,0.3,S3,1.5,10,distance,true,0.7573,true,9,0.7573,0,0,true,0,correct_route
SV,0.3,S3,1.5,10,proposed_050,true,0.7573,true,9,0.7573,0,0,true,0,correct_route
SV,0.3,S3,1.5,10,proposed_mode,true,0.7573,true,9,0.7573,0,0,true,0,correct_route
SV,0.3,S3,1.5,10,an_080,true,0.7573,true,9,0.7573,0,0,true,0,correct_route
SV,0.3,S3,1.5,10,an_mode,true,0.7573,true,9,0.7573,0,0,true,0,correct_route
SV,0.3,S3,1.5,11,distance,true,5.077,true,4,5.077,0,0,true,0,correct_route
SV,0.3,S3,1.5,11,proposed_050,true,5.077,true,4,5.077,0,0,true,0,correct_route
SV,0.3,S3,1.5,11,proposed_mode,true,5.077,true,4,5.077,0,0,true,0,correct_route
SV,0.3,S3,1.5,11,an_080,true,5.077,true,4,5.077,0,0,true,0,correct_route
SV,0.3,S3,1.5,11,an_mode,true,5.077,true,4,5.077,0,0,true,0,correct_route
SV,0.3,S3,1.5,12,distance,true,4.8102,true,8,4.8102,0,0,true,0,correct_route
SV,0.3,S3,1.5,12,proposed_050,true,4.8102,true,8,4.8102,0,0,true,0,correct_route
SV,0.3,S3,1.5,12,proposed_mode,true,4.8102,true,8,4.8102,0,0,true,0,correct_route
SV,0.3,S3,1.5,12,an_080,true,4.8102,true,8,4.8102,0,0,true,0,correct_route
SV,0.3,S3,1.5,12,an_mode,true,4.8102,true,8,4.8102,0,0,true,0,correct_route
SV,0.3,S3,1.5,13,distance,true,5.3483,true,4,5.3483,0,0,true,0,correct_route
SV,0.3,S3,1.5,13,proposed_050,true,5.3483,true,4,5.3483,0,0,true,0,correct_route
SV,0.3,S3,1.5,13,proposed_mode,true,5.3483,true,4,5.3483,0,0,true,0,correct_route
SV,0.3,S3,1.5,13,an_080,true,5.3483,true,4,5.3483,0,0,true,0,correct_route
SV,0.3,S3,1.5,13,an_mode,true,5.3483,true,4,5.3483,0,0,true,0,correct_route
SV,0.3,S3,1.5,14,distance,true,2.2619,true,4,2.2619,0,0,true,0,correct_route
SV,0.3,S3,1.5,14,proposed_050,true,2.2619,true,4,2.2619,0,0,true,0,correct_route
SV,0.3,S3,1.5,14,proposed_mode,true,2.2619,true,4,2.2619,0,0,true,0,correct_route
SV,0.3,S3,1.5,14,an_080,true,2.2619,true,4,2.2619,0,0,true,0,correct_route
SV,0.3,S3,1.5,14,an_mode,true,2.2619,true,4,2.2619,0,0,true,0,correct_route
SV,0.3,S3,1.5,15,distance,true,3.7294,true,4,3.7294,0,0,true,0,correct_route
SV,0.3,S3,1.5,15,proposed_050,true,3.7294,true,4,3.7294,0,0,true,0,correct_route
SV,0.3,S3,1.5,15,proposed_mode,true,3.7294,true,4,3.7294,0,0,true,0,correct_route
SV,0.3,S3,1.5,15,an_080,true,3.7294,true,4,3.7294,0,0,true,0,correct_route
SV,0.3,S3,1.5,15,an_mode,true,3.7294,true,4,3.7294,0,0,true,0,correct_route
SV,0.3,S3,1.5,16,distance,true,1.4535,true,8,1.4535,0,0,true,0,correct_route
SV,0.3,S3,1.5,16,proposed_050,true,1.4535,true,8,1.4535,0,0,true,0,correct_route
SV,0.3,S3,1.5,16,proposed_mode,true,1.4535,true,8,1.4535,0,0,true,0,correct_route
SV,0.3,S3,1.5,16,an_080,true,1.4535,true,8,1.4535,0,0,true,0,correct_route
SV,0.3,S3,1.5,16,an_mode,true,1.4535,true,8,1.4535,0,0,true,0,correct_route
SV,0.3,S3,1.5,17,distance,true,4.4279,true,8,4.4279,0,0,true,0,correct_route
SV,0.3,S3,1.5,17,proposed_050,true,4.4279,true,8,4.4279,0,0,true,0,correct_route
SV,0.3,S3,1.5,17,proposed_mode,true,4.4279,true,8,4.4279,0,0,true,0,correct_route
SV,0.3,S3,1.5,17,an_080,true,4.4279,true,8,4.4279,0,0,true,0,correct_route
SV,0.3,S3,1.5,17,an_mode,true,4.4279,true,8,4.4279,0,0,true,0,correct_route
SV,0.3,S3,1.5,18,distance,true,2.343,true,8,2.343,0,0,true,0,correct_route
SV,0.3,S3,1.5,18,proposed_050,true,2.343,true,8,2.343,0,0,true,0,correct_route
SV,0.3,S3,1.5,18,proposed_mode,true,2.343,true,8,2.343,0,0,true,0,correct_route
SV,0.3,S3,1.5,18,an_080,true,2.343,true,8,2.343,0,0,true,0,correct_route
SV,0.3,S3,1.5,18,an_mode,true,2.343,true,8,2.343,0,0,true,0,correct_route
SV,0.3,S3,1.5,19,distance,true,2.0721,true,8,2.0721,0,0,true,0,correct_route
SV,0.3,S3,1.5,19,proposed_050,true,2.0721,true,8,2.0721,0,0,true,0,correct_route
SV,0.3,S3,1.5,19,proposed_mode,true,2.0721,true,8,2.0721,0,0,true,0,correct_route
SV,0.3,S3,1.5,19,an_080,true,2.0721,true,8,2.0721,0,0,true,0,correct_route
SV,0.3,S3,1.5,19,an_mode,true,2.0721,true,8,2.0721,0,0,true,0,correct_route
SV,0.3,S3,1.5,20,distance,true,10.531,true,7,8.4103,353.074,0.9,false,-20.138,unsafe_route
SV,0.3,S3,1.5,20,proposed_050,true,10.531,true,4,10.531,0,0,true,0,correct_route
SV,0.3,S3,1.5,20,proposed_mode,true,10.531,true,4,10.531,0,0,true,0,correct_route
SV,0.3,S3,1.5,20,an_080,true,10.531,true,4,10.531,0,0,true,0,correct_route
SV,0.3,S3,1.5,20,an_mode,true,10.531,true,4,10.531,0,0,true,0,correct_route
SV,0.3,S3,1.5,21,distance,true,3.6688,true,7,1.5022,278.78,0.9,false,-59.055,unsafe_route
SV,0.3,S3,1.5,21,proposed_050,true,3.6688,true,5,3.6688,0,0,true,0,correct_route
SV,0.3,S3,1.5,21,proposed_mode,true,3.6688,true,5,3.6688,0,0,true,0,correct_route
SV,0.3,S3,1.5,21,an_080,true,3.6688,true,5,3.6688,0,0,true,0,correct_route
SV,0.3,S3,1.5,21,an_mode,true,3.6688,true,5,3.6688,0,0,true,0,correct_route
SV,0.3,S3,1.5,22,distance,true,4.7098,true,7,2.2373,315.992,0.9,false,-52.496,unsafe_route
SV,0.3,S3,1.5,22,proposed_050,true,4.7098,true,4,4.7098,0,0,true,0,correct_route
SV,0.3,S3,1.5,22,proposed_mode,true,4.7098,true,4,4.7098,0,0,true,0,correct_route
SV,0.3,S3,1.5,22,an_080,true,4.7098,true,4,4.7098,0,0,true,0,correct_route
SV,0.3,S3,1.5,22,an_mode,true,4.7098,true,4,4.7098,0,0,true,0,correct_route
SV,0.3,S3,1.5,23,distance,true,6.9948,true,7,5.7136,353.074,0.9,false,-18.316,unsafe_route
SV,0.3,S3,1.5,23,proposed_050,true,6.9948,true,4,6.9948,0,0,true,0,correct_route
SV,0.3,S3,1.5,23,proposed_mode,true,6.9948,true,4,6.9948,0,0,true,0,correct_route
SV,0.3,S3,1.5,23,an_080,true,6.9948,true,4,6.9948,0,0,true,0,correct_route
SV,0.3,S3,1.5,23,an_mode,true,6.9948,true,4,6.9948,0,0,true,0,correct_route
SV,0.3,S3,1.5,24,distance,true,7.2459,true,7,3.7965,353.074,0.9,false,-47.604,unsafe_route
SV,0.3,S3,1.5,24,proposed_050,true,7.2459,true,4,7.2459,0,0,true,0,correct_route
SV,0.3,S3,1.5,24,proposed_mode,true,7.2459,true,4,7.2459,0,0,true,0,correct_route
SV,0.3,S3,1.5,24,an_080,true,7.2459,true,4,7.2459,0,0,true,0,correct_route
SV,0.3,S3,1.5,24,an_mode,true,7.2459,true,4,7.2459,0,0,true,0,correct_route
SV,0.3,S3,1.5,25,distance,true,2.019,true,5,2.019,0,0,true,0,correct_route
SV,0.3,S3,1.5,25,proposed_050,true,2.019,true,5,2.019,0,0,true,0,correct_route
SV,0.3,S3,1.5,25,proposed_mode,true,2.019,true,5,2.019,0,0,true,0,correct_route
SV,0.3,S3,1.5,25,an_080,true,2.019,true,5,2.019,0,0,true,0,correct_route
SV,0.3,S3,1.5,25,an_mode,true,2.019,true,5,2.019,0,0,true,0,correct_route
SV,0.3,S3,1.5,26,distance,true,1.0687,true,5,1.0687,0,0,true,0,correct_route
SV,0.3,S3,1.5,26,proposed_050,true,1.0687,true,5,1.0687,0,0,true,0,correct_route
SV,0.3,S3,1.5,26,proposed_mode,true,1.0687,true,5,1.0687,0,0,true,0,correct_route
SV,0.3,S3,1.5,26,an_080,true,1.0687,true,5,1.0687,0,0,true,0,correct_route
SV,0.3,S3,1.5,26,an_mode,true,1.0687,true,5,1.0687,0,0,true,0,correct_route
SV,0.3,S3,1.5,27,distance,true,2.187,true,3,2.187,0,0,true,0,correct_route
SV,0.3,S3,1.5,27,proposed_050,true,2.187,true,3,2.187,0,0,true,0,correct_route
SV,0.3,S3,1.5,27,proposed_mode,true,2.187,true,3,2.187,0,0,true,0,correct_route
SV,0.3,S3,1.5,27,an_080,true,2.187,true,3,2.187,0,0,true,0,correct_route
SV,0.3,S3,1.5,27,an_mode,true,2.187,true,3,2.187,0,0,true,0,correct_route
SV,0.3,S3,1.5,28,distance,true,3.8719,true,7,3.3577,273.569,0.9,false,-13.279,unsafe_route
SV,0.3,S3,1.5,28,proposed_050,true,3.8719,true,3,3.8719,0,0,true,0,correct_route
SV,0.3,S3,1.5,28,proposed_mode,true,3.8719,true,3,3.8719,0,0,true,0,correct_route
SV,0.3,S3,1.5,28,an_080,true,3.8719,true,3,3.8719,0,0,true,0,correct_route
SV,0.3,S3,1.5,28,an_mode,true,3.8719,true,3,3.8719,0,0,true,0,correct_route
SV,0.3,S3,1.5,29,distance,true,8.6823,true,7,5.5354,353.074,0.9,false,-36.246,unsafe_route
SV,0.3,S3,1.5,29,proposed_050,true,8.6823,true,4,8.6823,0,0,true,0,correct_route
SV,0.3,S3,1.5,29,proposed_mode,true,8.6823,true,4,8.6823,0,0,true,0,correct_route
SV,0.3,S3,1.5,29,an_080,true,8.6823,true,4,8.6823,0,0,true,0,correct_route
SV,0.3,S3,1.5,29,an_mode,true,8.6823,true,4,8.6823,0,0,true,0,correct_route
SV,0.3,S3,1.5,30,distance,true,2.6793,true,3,2.6793,0,0,true,0,correct_route
SV,0.3,S3,1.5,30,proposed_050,true,2.6793,true,3,2.6793,0,0,true,0,correct_route
SV,0.3,S3,1.5,30,proposed_mode,true,2.6793,true,3,2.6793,0,0,true,0,correct_route
SV,0.3,S3,1.5,30,an_080,true,2.6793,true,3,2.6793,0,0,true,0,correct_route
SV,0.3,S3,1.5,30,an_mode,true,2.6793,true,3,2.6793,0,0,true,0,correct_route
SV,0.3,S3,1.5,31,distance,true,7.7515,true,7,3.5175,353.074,0.9,false,-54.622,unsafe_route
SV,0.3,S3,1.5,31,proposed_050,true,7.7515,true,4,7.7515,0,0,true,0,correct_route
SV,0.3,S3,1.5,31,proposed_mode,true,7.7515,true,4,7.7515,0,0,true,0,correct_route
SV,0.3,S3,1.5,31,an_080,true,7.7515,true,4,7.7515,0,0,true,0,correct_route
SV,0.3,S3,1.5,31,an_mode,true,7.7515,true,4,7.7515,0,0,true,0,correct_route
SV,0.3,S3,1.5,32,distance,true,1.5916,true,3,1.5916,0,0,true,0,correct_route
SV,0.3,S3,1.5,32,proposed_050,true,1.5916,true,3,1.5916,0,0,true,0,correct_route
SV,0.3,S3,1.5,32,proposed_mode,true,1.5916,true,3,1.5916,0,0,true,0,correct_route
SV,0.3,S3,1.5,32,an_080,true,1.5916,true,3,1.5916,0,0,true,0,correct_route
SV,0.3,S3,1.5,32,an_mode,true,1.5916,true,3,1.5916,0,0,true,0,correct_route
SV,0.3,S3,1.5,33,distance,true,6.7764,true,7,2.2529,353.074,0.9,false,-66.753,unsafe_route
SV,0.3,S3,1.5,33,proposed_050,true,6.7764,true,4,6.7764,0,0,true,0,correct_route
SV,0.3,S3,1.5,33,proposed_mode,true,6.7764,true,4,6.7764,0,0,true,0,correct_route
SV,0.3,S3,1.5,33,an_080,true,6.7764,true,4,6.7764,0,0,true,0,correct_route
SV,0.3,S3,1.5,33,an_mode,true,6.7764,true,4,6.7764,0,0,true,0,correct_route
SV,0.3,S3,1.5,34,distance,true,5.4997,true,7,1.9227,273.569,0.9,false,-65.041,unsafe_route
SV,0.3,S3,1.5,34,proposed_050,true,5.4997,true,5,5.4997,0,0,true,0,correct_route
SV,0.3,S3,1.5,34,proposed_mode,true,5.4997,true,5,5.4997,0,0,true,0,correct_route
SV,0.3,S3,1.5,34,an_080,true,5.4997,true,5,5.4997,0,0,true,0,correct_route
SV,0.3,S3,1.5,34,an_mode,true,5.4997,true,5,5.4997,0,0,true,0,correct_route
SV,0.3,S3,1.5,35,distance,true,7.1902,true,7,3.6916,263.913,0.9,false,-48.657,unsafe_route
SV,0.3,S3,1.5,35,proposed_050,true,7.1902,true,5,7.1902,0,0,true,0,correct_route
SV,0.3,S3,1.5,35,proposed_mode,true,7.1902,true,5,7.1902,0,0,true,0,correct_route
SV,0.3,S3,1.5,35,an_080,true,7.1902,true,5,7.1902,0,0,true,0,correct_route
SV,0.3,S3,1.5,35,an_mode,true,7.1902,true,5,7.1902,0,0,true,0,correct_route
SV,0.3,S3,1.5,36,distance,true,8.7856,true,7,4.5516,353.074,0.9,false,-48.193,unsafe_route
SV,0.3,S3,1.5,36,proposed_050,true,8.7856,true,4,8.7856,0,0,true,0,correct_route
SV,0.3,S3,1.5,36,proposed_mode,true,8.7856,true,4,8.7856,0,0,true,0,correct_route
SV,0.3,S3,1.5,36,an_080,true,8.7856,true,4,8.7856,0,0,true,0,correct_route
SV,0.3,S3,1.5,36,an_mode,true,8.7856,true,4,8.7856,0,0,true,0,correct_route
SV,0.3,S3,1.5,37,distance,true,8.226,true,7,3.7026,353.074,0.9,false,-54.989,unsafe_route
SV,0.3,S3,1.5,37,proposed_050,true,8.226,true,4,8.226,0,0,true,0,correct_route
SV,0.3,S3,1.5,37,proposed_mode,true,8.226,true,4,8.226,0,0,true,0,correct_route
SV,0.3,S3,1.5,37,an_080,true,8.226,true,4,8.226,0,0,true,0,correct_route
SV,0.3,S3,1.5,37,an_mode,true,8.226,true,4,8.226,0,0,true,0,correct_route
SV,0.3,S3,1.5,38,distance,true,6.107,true,7,4.8669,273.569,0.9,false,-20.305,unsafe_route
SV,0.3,S3,1.5,38,proposed_050,true,6.107,true,5,6.107,0,0,true,0,correct_route
SV,0.3,S3,1.5,38,proposed_mode,true,6.107,true,5,6.107,0,0,true,0,correct_route
SV,0.3,S3,1.5,38,an_080,true,6.107,true,5,6.107,0,0,true,0,correct_route
SV,0.3,S3,1.5,38,an_mode,true,6.107,true,5,6.107,0,0,true,0,correct_route
SV,0.3,S3,1.5,39,distance,true,3.8945,true,3,3.8945,0,0,true,0,correct_route
SV,0.3,S3,1.5,39,proposed_050,true,3.8945,true,3,3.8945,0,0,true,0,correct_route
SV,0.3,S3,1.5,39,proposed_mode,true,3.8945,true,3,3.8945,0,0,true,0,correct_route
SV,0.3,S3,1.5,39,an_080,true,3.8945,true,3,3.8945,0,0,true,0,correct_route
SV,0.3,S3,1.5,39,an_mode,true,3.8945,true,3,3.8945,0,0,true,0,correct_route
SV,0.3,S3,1.5,40,distance,true,4.2719,true,3,4.2719,0,0,true,0,correct_route
SV,0.3,S3,1.5,40,proposed_050,true,4.2719,true,3,4.2719,0,0,true,0,correct_route
SV,0.3,S3,1.5,40,proposed_mode,true,4.2719,true,3,4.2719,0,0,true,0,correct_route
SV,0.3,S3,1.5,40,an_080,true,4.2719,true,3,4.2719,0,0,true,0,correct_route
SV,0.3,S3,1.5,40,an_mode,true,4.2719,true,3,4.2719,0,0,true,0,correct_route
LV,0.5,S3,1.5,1,distance,true,3.5648,true,9,3.5648,0,0,true,0,correct_route
LV,0.5,S3,1.5,1,proposed_050,true,3.5648,true,9,3.5648,0,0,true,0,correct_route
LV,0.5,S3,1.5,1,proposed_mode,true,3.5648,true,9,3.5648,0,0,true,0,correct_route
LV,0.5,S3,1.5,1,an_080,true,3.5648,true,9,3.5648,0,0,true,0,correct_route
LV,0.5,S3,1.5,1,an_mode,true,3.5648,true,9,3.5648,0,0,true,0,correct_route
LV,0.5,S3,1.5,2,distance,true,4.4419,true,4,4.4419,0,0,true,0,correct_route
LV,0.5,S3,1.5,2,proposed_050,true,4.4419,true,4,4.4419,0,0,true,0,correct_route
LV,0.5,S3,1.5,2,proposed_mode,true,4.4419,true,4,4.4419,0,0,true,0,correct_route
LV,0.5,S3,1.5,2,an_080,true,4.4419,true,4,4.4419,0,0,true,0,correct_route
LV,0.5,S3,1.5,2,an_mode,true,4.4419,true,4,4.4419,0,0,true,0,correct_route
LV,0.5,S3,1.5,3,distance,true,2.6507,true,9,2.6507,0,0,true,0,correct_route
LV,0.5,S3,1.5,3,proposed_050,true,2.6507,true,9,2.6507,0,0,true,0,correct_route
LV,0.5,S3,1.5,3,proposed_mode,true,2.6507,true,9,2.6507,0,0,true,0,correct_route
LV,0.5,S3,1.5,3,an_080,true,2.6507,true,9,2.6507,0,0,true,0,correct_route
LV,0.5,S3,1.5,3,an_mode,true,2.6507,true,9,2.6507,0,0,true,0,correct_route
LV,0.5,S3,1.5,4,distance,true,4.3464,true,4,4.3464,0,0,true,0,correct_route
LV,0.5,S3,1.5,4,proposed_050,true,4.3464,true,4,4.3464,0,0,true,0,correct_route
LV,0.5,S3,1.5,4,proposed_mode,true,4.3464,true,4,4.3464,0,0,true,0,correct_route
LV,0.5,S3,1.5,4,an_080,true,4.3464,true,4,4.3464,0,0,true,0,correct_route
LV,0.5,S3,1.5,4,an_mode,true,4.3464,true,4,4.3464,0,0,true,0,correct_route
LV,0.5,S3,1.5,5,distance,true,4.4419,true,4,4.4419,0,0,true,0,correct_route
LV,0.5,S3,1.5,5,proposed_050,true,4.4419,true,4,4.4419,0,0,true,0,correct_route
LV,0.5,S3,1.5,5,proposed_mode,true,4.4419,true,4,4.4419,0,0,true,0,correct_route
LV,0.5,S3,1.5,5,an_080,true,4.4419,true,4,4.4419,0,0,true,0,correct_route
LV,0.5,S3,1.5,5,an_mode,true,4.4419,true,4,4.4419,0,0,true,0,correct_route
LV,0.5,S3,1.5,6,distance,true,0.7045,true,4,0.7045,0,0,true,0,correct_route
LV,0.5,S3,1.5,6,proposed_050,true,0.7045,true,4,0.7045,0,0,true,0,correct_route
LV,0.5,S3,1.5,6,proposed_mode,true,0.7045,true,4,0.7045,0,0,true,0,correct_route
LV,0.5,S3,1.5,6,an_080,true,0.7045,true,4,0.7045,0,0,true,0,correct_route
LV,0.5,S3,1.5,6,an_mode,true,0.7045,true,4,0.7045,0,0,true,0,correct_route
LV,0.5,S3,1.5,7,distance,true,2.4584,true,8,2.4584,0,0,true,0,correct_route
LV,0.5,S3,1.5,7,proposed_050,true,2.4584,true,8,2.4584,0,0,true,0,correct_route
LV,0.5,S3,1.5,7,proposed_mode,true,2.4584,true,8,2.4584,0,0,true,0,correct_route
LV,0.5,S3,1.5,7,an_080,true,2.4584,true,8,2.4584,0,0,true,0,correct_route
LV,0.5,S3,1.5,7,an_mode,true,2.4584,true,8,2.4584,0,0,true,0,correct_route
LV,0.5,S3,1.5,8,distance,true,2.2256,true,4,2.2256,0,0,true,0,correct_route
LV,0.5,S3,1.5,8,proposed_050,true,2.2256,true,4,2.2256,0,0,true,0,correct_route
LV,0.5,S3,1.5,8,proposed_mode,true,2.2256,true,4,2.2256,0,0,true,0,correct_route
LV,0.5,S3,1.5,8,an_080,true,2.2256,true,4,2.2256,0,0,true,0,correct_route
LV,0.5,S3,1.5,8,an_mode,true,2.2256,true,4,2.2256,0,0,true,0,correct_route
LV,0.5,S3,1.5,9,distance,true,2.2269,true,8,2.2269,0,0,true,0,correct_route
LV,0.5,S3,1.5,9,proposed_050,true,2.2269,true,8,2.2269,0,0,true,0,correct_route
LV,0.5,S3,1.5,9,proposed_mode,true,2.2269,true,8,2.2269,0,0,true,0,correct_route
LV,0.5,S3,1.5,9,an_080,true,2.2269,true,8,2.2269,0,0,true,0,correct_route
LV,0.5,S3,1.5,9,an_mode,true,2.2269,true,8,2.2269,0,0,true,0,correct_route
LV,0.5,S3,1.5,10,distance,true,0.7573,true,9,0.7573,0,0,true,0,correct_route
LV,0.5,S3,1.5,10,proposed_050,true,0.7573,true,9,0.7573,0,0,true,0,correct_route
LV,0.5,S3,1.5,10,proposed_mode,true,0.7573,true,9,0.7573,0,0,true,0,correct_route
LV,0.5,S3,1.5,10,an_080,true,0.7573,true,9,0.7573,0,0,true,0,correct_route
LV,0.5,S3,1.5,10,an_mode,true,0.7573,true,9,0.7573,0,0,true,0,correct_route
LV,0.5,S3,1.5,11,distance,true,5.077,true,4,5.077,0,0,true,0,correct_route
LV,0.5,S3,1.5,11,proposed_050,true,5.077,true,4,5.077,0,0,true,0,correct_route
LV,0.5,S3,1.5,11,proposed_mode,true,5.077,true,4,5.077,0,0,true,0,correct_route
LV,0.5,S3,1.5,11,an_080,true,5.077,true,4,5.077,0,0,true,0,correct_route
LV,0.5,S3,1.5,11,an_mode,true,5.077,true,4,5.077,0,0,true,0,correct_route
LV,0.5,S3,1.5,12,distance,true,4.8102,true,8,4.8102,0,0,true,0,correct_route
LV,0.5,S3,1.5,12,proposed_050,true,4.8102,true,8,4.8102,0,0,true,0,correct_route
LV,0.5,S3,1.5,12,proposed_mode,true,4.8102,true,8,4.8102,0,0,true,0,correct_route
LV,0.5,S3,1.5,12,an_080,true,4.8102,true,8,4.8102,0,0,true,0,correct_route
LV,0.5,S3,1.5,12,an_mode,true,4.8102,true,8,4.8102,0,0,true,0,correct_route
LV,0.5,S3,1.5,13,distance,true,5.3483,true,4,5.3483,0,0,true,0,correct_route
LV,0.5,S3,1.5,13,proposed_050,true,5.3483,true,4,5.3483,0,0,true,0,correct_route
LV,0.5,S3,1.5,13,proposed_mode,true,5.3483,true,4,5.3483,0,0,true,0,correct_route
LV,0.5,S3,1.5,13,an_080,true,5.3483,true,4,5.3483,0,0,true,0,correct_route
LV,0.5,S3,1.5,13,an_mode,true,5.3483,true,4,5.3483,0,0,true,0,correct_route
LV,0.5,S3,1.5,14,distance,true,2.2619,true,4,2.2619,0,0,true,0,correct_route
LV,0.5,S3,1.5,14,proposed_050,true,2.2619,true,4,2.2619,0,0,true,0,correct_route
LV,0.5,S3,1.5,14,proposed_mode,true,2.2619,true,4,2.2619,0,0,true,0,correct_route
LV,0.5,S3,1.5,14,an_080,true,2.2619,true,4,2.2619,0,0,true,0,correct_route
LV,0.5,S3,1.5,14,an_mode,true,2.2619,true,4,2.2619,0,0,true,0,correct_route
LV,0.5,S3,1.5,15,distance,true,3.7294,true,4,3.7294,0,0,true,0,correct_route
LV,0.5,S3,1.5,15,proposed_050,true,3.7294,true,4,3.7294,0,0,true,0,correct_route
LV,0.5,S3,1.5,15,proposed_mode,true,3.7294,true,4,3.7294,0,0,true,0,correct_route
LV,0.5,S3,1.5,15,an_080,true,3.7294,true,4,3.7294,0,0,true,0,correct_route
LV,0.5,S3,1.5,15,an_mode,true,3.7294,true,4,3.7294,0,0,true,0,correct_route
LV,0.5,S3,1.5,16,distance,true,1.4535,true,8,1.4535,0,0,true,0,correct_route
LV,0.5,S3,1.5,16,proposed_050,true,1.4535,true,8,1.4535,0,0,true,0,correct_route
LV,0.5,S3,1.5,16,proposed_mode,true,1.4535,true,8,1.4535,0,0,true,0,correct_route
LV,0.5,S3,1.5,16,an_080,true,1.4535,true,8,1.4535,0,0,true,0,correct_route
LV,0.5,S3,1.5,16,an_mode,true,1.4535,true,8,1.4535,0,0,true,0,correct_route
LV,0.5,S3,1.5,17,distance,true,4.4279,true,8,4.4279,0,0,true,0,correct_route
LV,0.5,S3,1.5,17,proposed_050,true,4.4279,true,8,4.4279,0,0,true,0,correct_route
LV,0.5,S3,1.5,17,proposed_mode,true,4.4279,true,8,4.4279,0,0,true,0,correct_route
LV,0.5,S3,1.5,17,an_080,true,4.4279,true,8,4.4279,0,0,true,0,correct_route
LV,0.5,S3,1.5,17,an_mode,true,4.4279,true,8,4.4279,0,0,true,0,correct_route
LV,0.5,S3,1.5,18,distance,true,2.343,true,8,2.343,0,0,true,0,correct_route
LV,0.5,S3,1.5,18,proposed_050,true,2.343,true,8,2.343,0,0,true,0,correct_route
LV,0.5,S3,1.5,18,proposed_mode,true,2.343,true,8,2.343,0,0,true,0,correct_route
LV,0.5,S3,1.5,18,an_080,true,2.343,true,8,2.343,0,0,true,0,correct_route
LV,0.5,S3,1.5,18,an_mode,true,2.343,true,8,2.343,0,0,true,0,correct_route
LV,0.5,S3,1.5,19,distance,true,2.0721,true,8,2.0721,0,0,true,0,correct_route
LV,0.5,S3,1.5,19,proposed_050,true,2.0721,true,8,2.0721,0,0,true,0,correct_route
LV,0.5,S3,1.5,19,proposed_mode,true,2.0721,true,8,2.0721,0,0,true,0,correct_route
LV,0.5,S3,1.5,19,an_080,true,2.0721,true,8,2.0721,0,0,true,0,correct_route
LV,0.5,S3,1.5,19,an_mode,true,2.0721,true,8,2.0721,0,0,true,0,correct_route
LV,0.5,S3,1.5,20,distance,true,10.531,true,7,8.4103,353.074,0.9,false,-20.138,unsafe_route
LV,0.5,S3,1.5,20,proposed_050,true,10.531,true,4,10.531,0,0,true,0,correct_route
LV,0.5,S3,1.5,20,proposed_mode,true,10.531,true,4,10.531,0,0,true,0,correct_route
LV,0.5,S3,1.5,20,an_080,true,10.531,true,4,10.531,0,0,true,0,correct_route
LV,0.5,S3,1.5,20,an_mode,true,10.531,true,4,10.531,0,0,true,0,correct_route
LV,0.5,S3,1.5,21,distance,true,3.6688,true,7,1.5022,278.78,0.9,false,-59.055,unsafe_route
LV,0.5,S3,1.5,21,proposed_050,true,3.6688,true,5,3.6688,0,0,true,0,correct_route
LV,0.5,S3,1.5,21,proposed_mode,true,3.6688,true,5,3.6688,0,0,true,0,correct_route
LV,0.5,S3,1.5,21,an_080,true,3.6688,true,5,3.6688,0,0,true,0,correct_route
LV,0.5,S3,1.5,21,an_mode,true,3.6688,true,5,3.6688,0,0,true,0,correct_route
LV,0.5,S3,1.5,22,distance,true,4.7098,true,7,2.2373,315.992,0.9,false,-52.496,unsafe_route
LV,0.5,S3,1.5,22,proposed_050,true,4.7098,true,4,4.7098,0,0,true,0,correct_route
LV,0.5,S3,1.5,22,proposed_mode,true,4.7098,true,4,4.7098,0,0,true,0,correct_route
LV,0.5,S3,1.5,22,an_080,true,4.7098,true,4,4.7098,0,0,true,0,correct_route
LV,0.5,S3,1.5,22,an_mode,true,4.7098,true,4,4.7098,0,0,true,0,correct_route
LV,0.5,S3,1.5,23,distance,true,6.9948,true,7,5.7136,353.074,0.9,false,-18.316,unsafe_route
LV,0.5,S3,1.5,23,proposed_050,true,6.9948,true,4,6.9948,0,0,true,0,correct_route
LV,0.5,S3,1.5,23,proposed_mode,true,6.9948,true,4,6.9948,0,0,true,0,correct_route
LV,0.5,S3,1.5,23,an_080,true,6.9948,true,4,6.9948,0,0,true,0,correct_route
LV,0.5,S3,1.5,23,an_mode,true,6.9948,true,4,6.9948,0,0,true,0,correct_route
LV,0.5,S3,1.5,24,distance,true,7.2459,true,7,3.7965,353.074,0.9,false,-47.604,unsafe_route
LV,0.5,S3,1.5,24,proposed_050,true,7.2459,true,4,7.2459,0,0,true,0,correct_route
LV,0.5,S3,1.5,24,proposed_mode,true,7.2459,true,4,7.2459,0,0,true,0,correct_route
LV,0.5,S3,1.5,24,an_080,true,7.2459,true,4,7.2459,0,0,true,0,correct_route
LV,0.5,S3,1.5,24,an_mode,true,7.2459,true,4,7.2459,0,0,true,0,correct_route
LV,0.5,S3,1.5,25,distance,true,2.019,true,5,2.019,0,0,true,0,correct_route
LV,0.5,S3,1.5,25,proposed_050,true,2.019,true,5,2.019,0,0,true,0,correct_route
LV,0.5,S3,1.5,25,proposed_mode,true,2.019,true,5,2.019,0,0,true,0,correct_route
LV,0.5,S3,1.5,25,an_080,true,2.019,true,5,2.019,0,0,true,0,correct_route
LV,0.5,S3,1.5,25,an_mode,true,2.019,true,5,2.019,0,0,true,0,correct_route
LV,0.5,S3,1.5,26,distance,true,1.0687,true,5,1.0687,0,0,true,0,correct_route
LV,0.5,S3,1.5,26,proposed_050,true,1.0687,true,5,1.0687,0,0,true,0,correct_route
LV,0.5,S3,1.5,26,proposed_mode,true,1.0687,true,5,1.0687,0,0,true,0,correct_route
LV,0.5,S3,1.5,26,an_080,true,1.0687,true,5,1.0687,0,0,true,0,correct_route
LV,0.5,S3,1.5,26,an_mode,true,1.0687,true,5,1.0687,0,0,true,0,correct_route
LV,0.5,S3,1.5,27,distance,true,2.187,true,3,2.187,0,0,true,0,correct_route
LV,0.5,S3,1.5,27,proposed_050,true,2.187,true,3,2.187,0,0,true,0,correct_route
LV,0.5,S3,1.5,27,proposed_mode,true,2.187,true,3,2.187,0,0,true,0,correct_route
LV,0.5,S3,1.5,27,an_080,true,2.187,true,3,2.187,0,0,true,0,correct_route
LV,0.5,S3,1.5,27,an_mode,true,2.187,true,3,2.187,0,0,true,0,correct_route
LV,0.5,S3,1.5,28,distance,true,3.8719,true,7,3.3577,273.569,0.9,false,-13.279,unsafe_route
LV,0.5,S3,1.5,28,proposed_050,true,3.8719,true,3,3.8719,0,0,true,0,correct_route
LV,0.5,S3,1.5,28,proposed_mode,true,3.8719,true,3,3.8719,0,0,true,0,correct_route
LV,0.5,S3,1.5,28,an_080,true,3.8719,true,3,3.8719,0,0,true,0,correct_route
LV,0.5,S3,1.5,28,an_mode,true,3.8719,true,3,3.8719,0,0,true,0,correct_route
LV,0.5,S3,1.5,29,distance,true,8.6823,true,7,5.5354,353.074,0.9,false,-36.246,unsafe_route
LV,0.5,S3,1.5,29,proposed_050,true,8.6823,true,4,8.6823,0,0,true,0,correct_route
LV,0.5,S3,1.5,29,proposed_mode,true,8.6823,true,4,8.6823,0,0,true,0,correct_route
LV,0.5,S3,1.5,29,an_080,true,8.6823,true,4,8.6823,0,0,true,0,correct_route
LV,0.5,S3,1.5,29,an_mode,true,8.6823,true,4,8.6823,0,0,true,0,correct_route
LV,0.5,S3,1.5,30,distance,true,2.6793,true,3,2.6793,0,0,true,0,correct_route
LV,0.5,S3,1.5,30,proposed_050,true,2.6793,true,3,2.6793,0,0,true,0,correct_route
LV,0.5,S3,1.5,30,proposed_mode,true,2.6793,true,3,2.6793,0,0,true,0,correct_route
LV,0.5,S3,1.5,30,an_080,true,2.6793,true,3,2.6793,0,0,true,0,correct_route
LV,0.5,S3,1.5,30,an_mode,true,2.6793,true,3,2.6793,0,0,true,0,correct_route
LV,0.5,S3,1.5,31,distance,true,7.7515,true,7,3.5175,353.074,0.9,false,-54.622,unsafe_route
LV,0.5,S3,1.5,31,proposed_050,true,7.7515,true,4,7.7515,0,0,true,0,correct_route
LV,0.5,S3,1.5,31,proposed_mode,true,7.7515,true,4,7.7515,0,0,true,0,correct_route
LV,0.5,S3,1.5,31,an_080,true,7.7515,true,4,7.7515,0,0,true,0,correct_route
LV,0.5,S3,1.5,31,an_mode,true,7.7515,true,4,7.7515,0,0,true,0,correct_route
LV,0.5,S3,1.5,32,distance,true,1.5916,true,3,1.5916,0,0,true,0,correct_route
LV,0.5,S3,1.5,32,proposed_050,true,1.5916,true,3,1.5916,0,0,true,0,correct_route
LV,0.5,S3,1.5,32,proposed_mode,true,1.5916,true,3,1.5916,0,0,true,0,correct_route
LV,0.5,S3,1.5,32,an_080,true,1.5916,true,3,1.5916,0,0,true,0,correct_route
LV,0.5,S3,1.5,32,an_mode,true,1.5916,true,3,1.5916,0,0,true,0,correct_route
LV,0.5,S3,1.5,33,distance,true,6.7764,true,7,2.2529,353.074,0.9,false,-66.753,unsafe_route
LV,0.5,S3,1.5,33,proposed_050,true,6.7764,true,4,6.7764,0,0,true,0,correct_route
LV,0.5,S3,1.5,33,proposed_mode,true,6.7764,true,4,6.7764,0,0,true,0,correct_route
LV,0.5,S3,1.5,33,an_080,true,6.7764,true,4,6.7764,0,0,true,0,correct_route
LV,0.5,S3,1.5,33,an_mode,true,6.7764,true,4,6.7764,0,0,true,0,correct_route
LV,0.5,S3,1.5,34,distance,true,5.4997,true,7,1.9227,273.569,0.9,false,-65.041,unsafe_route
LV,0.5,S3,1.5,34,proposed_050,true,5.4997,true,5,5.4997,0,0,true,0,correct_route
LV,0.5,S3,1.5,34,proposed_mode,true,5.4997,true,5,5.4997,0,0,true,0,correct_route
LV,0.5,S3,1.5,34,an_080,true,5.4997,true,5,5.4997,0,0,true,0,correct_route
LV,0.5,S3,1.5,34,an_mode,true,5.4997,true,5,5.4997,0,0,true,0,correct_route
LV,0.5,S3,1.5,35,distance,true,7.1902,true,7,3.6916,263.913,0.9,false,-48.657,unsafe_route
LV,0.5,S3,1.5,35,proposed_050,true,7.1902,true,5,7.1902,0,0,true,0,correct_route
LV,0.5,S3,1.5,35,proposed_mode,true,7.1902,true,5,7.1902,0,0,true,0,correct_route
LV,0.5,S3,1.5,35,an_080,true,7.1902,true,5,7.1902,0,0,true,0,correct_route
LV,0.5,S3,1.5,35,an_mode,true,7.1902,true,5,7.1902,0,0,true,0,correct_route
LV,0.5,S3,1.5,36,distance,true,8.7856,true,7,4.5516,353.074,0.9,false,-48.193,unsafe_route
LV,0.5,S3,1.5,36,proposed_050,true,8.7856,true,4,8.7856,0,0,true,0,correct_route
LV,0.5,S3,1.5,36,proposed_mode,true,8.7856,true,4,8.7856,0,0,true,0,correct_route
LV,0.5,S3,1.5,36,an_080,true,8.7856,true,4,8.7856,0,0,true,0,correct_route
LV,0.5,S3,1.5,36,an_mode,true,8.7856,true,4,8.7856,0,0,true,0,correct_route
LV,0.5,S3,1.5,37,distance,true,8.226,true,7,3.7026,353.074,0.9,false,-54.989,unsafe_route
LV,0.5,S3,1.5,37,proposed_050,true,8.226,true,4,8.226,0,0,true,0,correct_route
LV,0.5,S3,1.5,37,proposed_mode,true,8.226,true,4,8.226,0,0,true,0,correct_route
LV,0.5,S3,1.5,37,an_080,true,8.226,true,4,8.226,0,0,true,0,correct_route
LV,0.5,S3,1.5,37,an_mode,true,8.226,true,4,8.226,0,0,true,0,correct_route
LV,0.5,S3,1.5,38,distance,true,6.107,true,7,4.8669,273.569,0.9,false,-20.305,unsafe_route
LV,0.5,S3,1.5,38,proposed_050,true,6.107,true,5,6.107,0,0,true,0,correct_route
LV,0.5,S3,1.5,38,proposed_mode,true,6.107,true,5,6.107,0,0,true,0,correct_route
LV,0.5,S3,1.5,38,an_080,true,6.107,true,5,6.107,0,0,true,0,correct_route
LV,0.5,S3,1.5,38,an_mode,true,6.107,true,5,6.107,0,0,true,0,correct_route
LV,0.5,S3,1.5,39,distance,true,3.8945,true,3,3.8945,0,0,true,0,correct_route
LV,0.5,S3,1.5,39,proposed_050,true,3.8945,true,3,3.8945,0,0,true,0,correct_route
LV,0.5,S3,1.5,39,proposed_mode,true,3.8945,true,3,3.8945,0,0,true,0,correct_route
LV,0.5,S3,1.5,39,an_080,true,3.8945,true,3,3.8945,0,0,true,0,correct_route
LV,0.5,S3,1.5,39,an_mode,true,3.8945,true,3,3.8945,0,0,true,0,correct_route
LV,0.5,S3,1.5,40,distance,true,4.2719,true,3,4.2719,0,0,true,0,correct_route
LV,0.5,S3,1.5,40,proposed_050,true,4.2719,true,3,4.2719,0,0,true,0,correct_route
LV,0.5,S3,1.5,40,proposed_mode,true,4.2719,true,3,4.2719,0,0,true,0,correct_route
LV,0.5,S3,1.5,40,an_080,true,4.2719,true,3,4.2719,0,0,true,0,correct_route
LV,0.5,S3,1.5,40,an_mode,true,4.2719,true,3,4.2719,0,0,true,0,correct_route
AD,1.2,S3,1.5,1,distance,true,3.5648,true,9,3.5648,0,0,true,0,correct_route
AD,1.2,S3,1.5,1,proposed_050,true,3.5648,true,9,3.5648,0,0,true,0,correct_route
AD,1.2,S3,1.5,1,proposed_mode,true,3.5648,true,9,3.5648,0,0,true,0,correct_route
AD,1.2,S3,1.5,1,an_080,true,3.5648,true,9,3.5648,0,0,true,0,correct_route
AD,1.2,S3,1.5,1,an_mode,true,3.5648,true,9,3.5648,0,0,true,0,correct_route
AD,1.2,S3,1.5,2,distance,true,4.4419,true,4,4.4419,0,0,true,0,correct_route
AD,1.2,S3,1.5,2,proposed_050,true,4.4419,true,4,4.4419,0,0,true,0,correct_route
AD,1.2,S3,1.5,2,proposed_mode,true,4.4419,true,4,4.4419,0,0,true,0,correct_route
AD,1.2,S3,1.5,2,an_080,true,4.4419,true,4,4.4419,0,0,true,0,correct_route
AD,1.2,S3,1.5,2,an_mode,true,4.4419,true,4,4.4419,0,0,true,0,correct_route
AD,1.2,S3,1.5,3,distance,true,2.6507,true,9,2.6507,0,0,true,0,correct_route
AD,1.2,S3,1.5,3,proposed_050,true,2.6507,true,9,2.6507,0,0,true,0,correct_route
AD,1.2,S3,1.5,3,proposed_mode,true,2.6507,true,9,2.6507,0,0,true,0,correct_route
AD,1.2,S3,1.5,3,an_080,true,2.6507,true,9,2.6507,0,0,true,0,correct_route
AD,1.2,S3,1.5,3,an_mode,true,2.6507,true,9,2.6507,0,0,true,0,correct_route
AD,1.2,S3,1.5,4,distance,true,4.3464,true,4,4.3464,0,0,true,0,correct_route
AD,1.2,S3,1.5,4,proposed_050,true,4.3464,true,4,4.3464,0,0,true,0,correct_route
AD,1.2,S3,1.5,4,proposed_mode,true,4.3464,true,4,4.3464,0,0,true,0,correct_route
AD,1.2,S3,1.5,4,an_080,true,4.3464,true,4,4.3464,0,0,true,0,correct_route
AD,1.2,S3,1.5,4,an_mode,true,4.3464,true,4,4.3464,0,0,true,0,correct_route
AD,1.2,S3,1.5,5,distance,true,4.4419,true,4,4.4419,0,0,true,0,correct_route
AD,1.2,S3,1.5,5,proposed_050,true,4.4419,true,4,4.4419,0,0,true,0,correct_route
AD,1.2,S3,1.5,5,proposed_mode,true,4.4419,true,4,4.4419,0,0,true,0,correct_route
AD,1.2,S3,1.5,5,an_080,true,4.4419,true,4,4.4419,0,0,true,0,correct_route
AD,1.2,S3,1.5,5,an_mode,true,4.4419,true,4,4.4419,0,0,true,0,correct_route
AD,1.2,S3,1.5,6,distance,true,0.7045,true,4,0.7045,0,0,true,0,correct_route
AD,1.2,S3,1.5,6,proposed_050,true,0.7045,true,4,0.7045,0,0,true,0,correct_route
AD,1.2,S3,1.5,6,proposed_mode,true,0.7045,true,4,0.7045,0,0,true,0,correct_route
AD,1.2,S3,1.5,6,an_080,true,0.7045,true,4,0.7045,0,0,true,0,correct_route
AD,1.2,S3,1.5,6,an_mode,true,0.7045,true,4,0.7045,0,0,true,0,correct_route
AD,1.2,S3,1.5,7,distance,true,2.4584,true,8,2.4584,0,0,true,0,correct_route
AD,1.2,S3,1.5,7,proposed_050,true,2.4584,true,8,2.4584,0,0,true,0,correct_route
AD,1.2,S3,1.5,7,proposed_mode,true,2.4584,true,8,2.4584,0,0,true,0,correct_route
AD,1.2,S3,1.5,7,an_080,true,2.4584,true,8,2.4584,0,0,true,0,correct_route
AD,1.2,S3,1.5,7,an_mode,true,2.4584,true,8,2.4584,0,0,true,0,correct_route
AD,1.2,S3,1.5,8,distance,true,2.2256,true,4,2.2256,0,0,true,0,correct_route
AD,1.2,S3,1.5,8,proposed_050,true,2.2256,true,4,2.2256,0,0,true,0,correct_route
AD,1.2,S3,1.5,8,proposed_mode,true,2.2256,true,4,2.2256,0,0,true,0,correct_route
AD,1.2,S3,1.5,8,an_080,true,2.2256,true,4,2.2256,0,0,true,0,correct_route
AD,1.2,S3,1.5,8,an_mode,true,2.2256,true,4,2.2256,0,0,true,0,correct_route
AD,1.2,S3,1.5,9,distance,true,2.2269,true,8,2.2269,0,0,true,0,correct_route
AD,1.2,S3,1.5,9,proposed_050,true,2.2269,true,8,2.2269,0,0,true,0,correct_route
AD,1.2,S3,1.5,9,proposed_mode,true,2.2269,true,8,2.2269,0,0,true,0,correct_route
AD,1.2,S3,1.5,9,an_080,true,2.2269,true,8,2.2269,0,0,true,0,correct_route
AD,1.2,S3,1.5,9,an_mode,true,2.2269,true,8,2.2269,0,0,true,0,correct_route
AD,1.2,S3,1.5,10,distance,true,0.7573,true,9,0.7573,0,0,true,0,correct_route
AD,1.2,S3,1.5,10,proposed_050,true,0.7573,true,9,0.7573,0,0,true,0,correct_route
AD,1.2,S3,1.5,10,proposed_mode,true,0.7573,true,9,0.7573,0,0,true,0,correct_route
AD,1.2,S3,1.5,10,an_080,true,0.7573,true,9,0.7573,0,0,true,0,correct_route
AD,1.2,S3,1.5,10,an_mode,true,0.7573,true,9,0.7573,0,0,true,0,correct_route
AD,1.2,S3,1.5,11,distance,true,5.077,true,4,5.077,0,0,true,0,correct_route
AD,1.2,S3,1.5,11,proposed_050,true,5.077,true,4,5.077,0,0,true,0,correct_route
AD,1.2,S3,1.5,11,proposed_mode,true,5.077,true,4,5.077,0,0,true,0,correct_route
AD,1.2,S3,1.5,11,an_080,true,5.077,true,4,5.077,0,0,true,0,correct_route
AD,1.2,S3,1.5,11,an_mode,true,5.077,true,4,5.077,0,0,true,0,correct_route
AD,1.2,S3,1.5,12,distance,true,4.8102,true,8,4.8102,0,0,true,0,correct_route
AD,1.2,S3,1.5,12,proposed_050,true,4.8102,true,8,4.8102,0,0,true,0,correct_route
AD,1.2,S3,1.5,12,proposed_mode,true,4.8102,true,8,4.8102,0,0,true,0,correct_route
AD,1.2,S3,1.5,12,an_080,true,4.8102,true,8,4.8102,0,0,true,0,correct_route
AD,1.2,S3,1.5,12,an_mode,true,4.8102,true,8,4.8102,0,0,true,0,correct_route
AD,1.2,S3,1.5,13,distance,true,5.3483,true,4,5.3483,0,0,true,0,correct_route
AD,1.2,S3,1.5,13,proposed_050,true,5.3483,true,4,5.3483,0,0,true,0,correct_route
AD,1.2,S3,1.5,13,proposed_mode,true,5.3483,true,4,5.3483,0,0,true,0,correct_route
AD,1.2,S3,1.5,13,an_080,true,5.3483,true,4,5.3483,0,0,true,0,correct_route
AD,1.2,S3,1.5,13,an_mode,true,5.3483,true,4,5.3483,0,0,true,0,correct_route
AD,1.2,S3,1.5,14,distance,true,2.2619,true,4,2.2619,0,0,true,0,correct_route
AD,1.2,S3,1.5,14,proposed_050,true,2.2619,true,4,2.2619,0,0,true,0,correct_route
AD,1.2,S3,1.5,14,proposed_mode,true,2.2619,true,4,2.2619,0,0,true,0,correct_route
AD,1.2,S3,1.5,14,an_080,true,2.2619,true,4,2.2619,0,0,true,0,correct_route
AD,1.2,S3,1.5,14,an_mode,true,2.2619,true,4,2.2619,0,0,true,0,correct_route
AD,1.2,S3,1.5,15,distance,true,3.7294,true,4,3.7294,0,0,true,0,correct_route
AD,1.2,S3,1.5,15,proposed_050,true,3.7294,true,4,3.7294,0,0,true,0,correct_route
AD,1.2,S3,1.5,15,proposed_mode,true,3.7294,true,4,3.7294,0,0,true,0,correct_route
AD,1.2,S3,1.5,15,an_080,true,3.7294,true,4,3.7294,0,0,true,0,correct_route
AD,1.2,S3,1.5,15,an_mode,true,3.7294,true,4,3.7294,0,0,true,0,correct_route
AD,1.2,S3,1.5,16,distance,true,1.4535,true,8,1.4535,0,0,true,0,correct_route
AD,1.2,S3,1.5,16,proposed_050,true,1.4535,true,8,1.4535,0,0,true,0,correct_route
AD,1.2,S3,1.5,16,proposed_mode,true,1.4535,true,8,1.4535,0,0,true,0,correct_route
AD,1.2,S3,1.5,16,an_080,true,1.4535,true,8,1.4535,0,0,true,0,correct_route
AD,1.2,S3,1.5,16,an_mode,true,1.4535,true,8,1.4535,0,0,true,0,correct_route
AD,1.2,S3,1.5,17,distance,true,4.4279,true,8,4.4279,0,0,true,0,correct_route
AD,1.2,S3,1.5,17,proposed_050,true,4.4279,true,8,4.4279,0,0,true,0,correct_route
AD,1.2,S3,1.5,17,proposed_mode,true,4.4279,true,8,4.4279,0,0,true,0,correct_route
AD,1.2,S3,1.5,17,an_080,true,4.4279,true,8,4.4279,0,0,true,0,correct_route
AD,1.2,S3,1.5,17,an_mode,true,4.4279,true,8,4.4279,0,0,true,0,correct_route
AD,1.2,S3,1.5,18,distance,true,2.343,true,8,2.343,0,0,true,0,correct_route
AD,1.2,S3,1.5,18,proposed_050,true,2.343,true,8,2.343,0,0,true,0,correct_route
AD,1.2,S3,1.5,18,proposed_mode,true,2.343,true,8,2.343,0,0,true,0,correct_route
AD,1.2,S3,1.5,18,an_080,true,2.343,true,8,2.343,0,0,true,0,correct_route
AD,1.2,S3,1.5,18,an_mode,true,2.343,true,8,2.343,0,0,true,0,correct_route
AD,1.2,S3,1.5,19,distance,true,2.0721,true,8,2.0721,0,0,true,0,correct_route
AD,1.2,S3,1.5,19,proposed_050,true,2.0721,true,8,2.0721,0,0,true,0,correct_route
AD,1.2,S3,1.5,19,proposed_mode,true,2.0721,true,8,2.0721,0,0,true,0,correct_route
AD,1.2,S3,1.5,19,an_080,true,2.0721,true,8,2.0721,0,0,true,0,correct_route
AD,1.2,S3,1.5,19,an_mode,true,2.0721,true,8,2.0721,0,0,true,0,correct_route
AD,1.2,S3,1.5,20,distance,true,8.4103,true,7,8.4103,353.074,0.9,true,0,correct_route
AD,1.2,S3,1.5,20,proposed_050,true,8.4103,true,4,10.531,0,0,true,25.216,correct_route
AD,1.2,S3,1.5,20,proposed_mode,true,8.4103,true,4,10.531,0,0,true,25.216,correct_route
AD,1.2,S3,1.5,20,an_080,true,8.4103,true,4,10.531,0,0,true,25.216,correct_route
AD,1.2,S3,1.5,20,an_mode,true,8.4103,true,7,8.4103,353.074,0.9,true,0,correct_route
AD,1.2,S3,1.5,21,distance,true,1.5022,true,7,1.5022,278.78,0.9,true,0,correct_route
AD,1.2,S3,1.5,21,proposed_050,true,1.5022,true,5,3.6688,0,0,true,144.228,correct_route
AD,1.2,S3,1.5,21,proposed_mode,true,1.5022,true,5,3.6688,0,0,true,144.228,correct_route
AD,1.2,S3,1.5,21,an_080,true,1.5022,true,5,3.6688,0,0,true,144.228,correct_route
AD,1.2,S3,1.5,21,an_mode,true,1.5022,true,7,1.5022,278.78,0.9,true,0,correct_route
AD,1.2,S3,1.5,22,distance,true,2.2373,true,7,2.2373,315.992,0.9,true,0,correct_route
AD,1.2,S3,1.5,22,proposed_050,true,2.2373,true,4,4.7098,0,0,true,110.51,correct_route
AD,1.2,S3,1.5,22,proposed_mode,true,2.2373,true,4,4.7098,0,0,true,110.51,correct_route
AD,1.2,S3,1.5,22,an_080,true,2.2373,true,4,4.7098,0,0,true,110.51,correct_route
AD,1.2,S3,1.5,22,an_mode,true,2.2373,true,7,2.2373,315.992,0.9,true,0,correct_route
AD,1.2,S3,1.5,23,distance,true,5.7136,true,7,5.7136,353.074,0.9,true,0,correct_route
AD,1.2,S3,1.5,23,proposed_050,true,5.7136,true,4,6.9948,0,0,true,22.424,correct_route
AD,1.2,S3,1.5,23,proposed_mode,true,5.7136,true,4,6.9948,0,0,true,22.424,correct_route
AD,1.2,S3,1.5,23,an_080,true,5.7136,true,4,6.9948,0,0,true,22.424,correct_route
AD,1.2,S3,1.5,23,an_mode,true,5.7136,true,7,5.7136,353.074,0.9,true,0,correct_route
AD,1.2,S3,1.5,24,distance,true,3.7965,true,7,3.7965,353.074,0.9,true,0,correct_route
AD,1.2,S3,1.5,24,proposed_050,true,3.7965,true,4,7.2459,0,0,true,90.855,correct_route
AD,1.2,S3,1.5,24,proposed_mode,true,3.7965,true,7,4.2558,263.913,0.9,true,12.098,correct_route
AD,1.2,S3,1.5,24,an_080,true,3.7965,true,4,7.2459,0,0,true,90.855,correct_route
AD,1.2,S3,1.5,24,an_mode,true,3.7965,true,7,3.7965,353.074,0.9,true,0,correct_route
AD,1.2,S3,1.5,25,distance,true,2.019,true,5,2.019,0,0,true,0,correct_route
AD,1.2,S3,1.5,25,proposed_050,true,2.019,true,5,2.019,0,0,true,0,correct_route
AD,1.2,S3,1.5,25,proposed_mode,true,2.019,true,5,2.019,0,0,true,0,correct_route
AD,1.2,S3,1.5,25,an_080,true,2.019,true,5,2.019,0,0,true,0,correct_route
AD,1.2,S3,1.5,25,an_mode,true,2.019,true,5,2.019,0,0,true,0,correct_route
AD,1.2,S3,1.5,26,distance,true,1.0687,true,5,1.0687,0,0,true,0,correct_route
AD,1.2,S3,1.5,26,proposed_050,true,1.0687,true,5,1.0687,0,0,true,0,correct_route
AD,1.2,S3,1.5,26,proposed_mode,true,1.0687,true,5,1.0687,0,0,true,0,correct_route
AD,1.2,S3,1.5,26,an_080,true,1.0687,true,5,1.0687,0,0,true,0,correct_route
AD,1.2,S3,1.5,26,an_mode,true,1.0687,true,5,1.0687,0,0,true,0,correct_route
AD,1.2,S3,1.5,27,distance,true,2.187,true,3,2.187,0,0,true,0,correct_route
AD,1.2,S3,1.5,27,proposed_050,true,2.187,true,3,2.187,0,0,true,0,correct_route
AD,1.2,S3,1.5,27,proposed_mode,true,2.187,true,3,2.187,0,0,true,0,correct_route
AD,1.2,S3,1.5,27,an_080,true,2.187,true,3,2.187,0,0,true,0,correct_route
AD,1.2,S3,1.5,27,an_mode,true,2.187,true,3,2.187,0,0,true,0,correct_route
AD,1.2,S3,1.5,28,distance,true,3.3577,true,7,3.3577,273.569,0.9,true,0,correct_route
AD,1.2,S3,1.5,28,proposed_050,true,3.3577,true,3,3.8719,0,0,true,15.313,correct_route
AD,1.2,S3,1.5,28,proposed_mode,true,3.3577,true,3,3.8719,0,0,true,15.313,correct_route
AD,1.2,S3,1.5,28,an_080,true,3.3577,true,3,3.8719,0,0,true,15.313,correct_route
AD,1.2,S3,1.5,28,an_mode,true,3.3577,true,7,3.3577,273.569,0.9,true,0,correct_route
AD,1.2,S3,1.5,29,distance,true,5.5354,true,7,5.5354,353.074,0.9,true,0,correct_route
AD,1.2,S3,1.5,29,proposed_050,true,5.5354,true,4,8.6823,0,0,true,56.852,correct_route
AD,1.2,S3,1.5,29,proposed_mode,true,5.5354,true,4,8.6823,0,0,true,56.852,correct_route
AD,1.2,S3,1.5,29,an_080,true,5.5354,true,4,8.6823,0,0,true,56.852,correct_route
AD,1.2,S3,1.5,29,an_mode,true,5.5354,true,7,5.5354,353.074,0.9,true,0,correct_route
AD,1.2,S3,1.5,30,distance,true,2.6793,true,3,2.6793,0,0,true,0,correct_route
AD,1.2,S3,1.5,30,proposed_050,true,2.6793,true,3,2.6793,0,0,true,0,correct_route
AD,1.2,S3,1.5,30,proposed_mode,true,2.6793,true,3,2.6793,0,0,true,0,correct_route
AD,1.2,S3,1.5,30,an_080,true,2.6793,true,3,2.6793,0,0,true,0,correct_route
AD,1.2,S3,1.5,30,an_mode,true,2.6793,true,3,2.6793,0,0,true,0,correct_route
AD,1.2,S3,1.5,31,distance,true,3.5175,true,7,3.5175,353.074,0.9,true,0,correct_route
AD,1.2,S3,1.5,31,proposed_050,true,3.5175,true,4,7.7515,0,0,true,120.369,correct_route
AD,1.2,S3,1.5,31,proposed_mode,true,3.5175,true,7,3.8693,263.913,0.9,true,10,correct_route
AD,1.2,S3,1.5,31,an_080,true,3.5175,true,4,7.7515,0,0,true,120.369,correct_route
AD,1.2,S3,1.5,31,an_mode,true,3.5175,true,7,3.5175,353.074,0.9,true,0,correct_route
AD,1.2,S3,1.5,32,distance,true,1.5916,true,3,1.5916,0,0,true,0,correct_route
AD,1.2,S3,1.5,32,proposed_050,true,1.5916,true,3,1.5916,0,0,true,0,correct_route
AD,1.2,S3,1.5,32,proposed_mode,true,1.5916,true,3,1.5916,0,0,true,0,correct_route
AD,1.2,S3,1.5,32,an_080,true,1.5916,true,3,1.5916,0,0,true,0,correct_route
AD,1.2,S3,1.5,32,an_mode,true,1.5916,true,3,1.5916,0,0,true,0,correct_route
AD,1.2,S3,1.5,33,distance,true,2.2529,true,7,2.2529,353.074,0.9,true,0,correct_route
AD,1.2,S3,1.5,33,proposed_050,true,2.2529,true,4,6.7764,0,0,true,200.781,correct_route
AD,1.2,S3,1.5,33,proposed_mode,true,2.2529,true,7,2.3876,263.913,0.9,true,5.977,correct_route
AD,1.2,S3,1.5,33,an_080,true,2.2529,true,4,6.7764,0,0,true,200.781,correct_route
AD,1.2,S3,1.5,33,an_mode,true,2.2529,true,7,2.2529,353.074,0.9,true,0,correct_route
AD,1.2,S3,1.5,34,distance,true,1.9227,true,7,1.9227,273.569,0.9,true,0,correct_route
AD,1.2,S3,1.5,34,proposed_050,true,1.9227,true,5,5.4997,0,0,true,186.048,correct_route
AD,1.2,S3,1.5,34,proposed_mode,true,1.9227,true,7,1.9227,273.569,0.9,true,0,correct_route
AD,1.2,S3,1.5,34,an_080,true,1.9227,true,5,5.4997,0,0,true,186.048,correct_route
AD,1.2,S3,1.5,34,an_mode,true,1.9227,true,7,1.9227,273.569,0.9,true,0,correct_route
AD,1.2,S3,1.5,35,distance,true,3.6916,true,7,3.6916,263.913,0.9,true,0,correct_route
AD,1.2,S3,1.5,35,proposed_050,true,3.6916,true,5,7.1902,0,0,true,94.77,correct_route
AD,1.2,S3,1.5,35,proposed_mode,true,3.6916,true,7,3.7,273.569,0.9,true,0.226,correct_route
AD,1.2,S3,1.5,35,an_080,true,3.6916,true,5,7.1902,0,0,true,94.77,correct_route
AD,1.2,S3,1.5,35,an_mode,true,3.6916,true,7,3.6916,263.913,0.9,true,0,correct_route
AD,1.2,S3,1.5,36,distance,true,4.5516,true,7,4.5516,353.074,0.9,true,0,correct_route
AD,1.2,S3,1.5,36,proposed_050,true,4.5516,true,4,8.7856,0,0,true,93.023,correct_route
AD,1.2,S3,1.5,36,proposed_mode,true,4.5516,true,7,4.9033,263.913,0.9,true,7.728,correct_route
AD,1.2,S3,1.5,36,an_080,true,4.5516,true,4,8.7856,0,0,true,93.023,correct_route
AD,1.2,S3,1.5,36,an_mode,true,4.5516,true,7,4.5516,353.074,0.9,true,0,correct_route
AD,1.2,S3,1.5,37,distance,true,3.7026,true,7,3.7026,353.074,0.9,true,0,correct_route
AD,1.2,S3,1.5,37,proposed_050,true,3.7026,true,4,8.226,0,0,true,122.17,correct_route
AD,1.2,S3,1.5,37,proposed_mode,true,3.7026,true,7,3.8372,263.913,0.9,true,3.637,correct_route
AD,1.2,S3,1.5,37,an_080,true,3.7026,true,4,8.226,0,0,true,122.17,correct_route
AD,1.2,S3,1.5,37,an_mode,true,3.7026,true,7,3.7026,353.074,0.9,true,0,correct_route
AD,1.2,S3,1.5,38,distance,true,4.8669,true,7,4.8669,273.569,0.9,true,0,correct_route
AD,1.2,S3,1.5,38,proposed_050,true,4.8669,true,5,6.107,0,0,true,25.479,correct_route
AD,1.2,S3,1.5,38,proposed_mode,true,4.8669,true,5,6.107,0,0,true,25.479,correct_route
AD,1.2,S3,1.5,38,an_080,true,4.8669,true,5,6.107,0,0,true,25.479,correct_route
AD,1.2,S3,1.5,38,an_mode,true,4.8669,true,7,4.8669,273.569,0.9,true,0,correct_route
AD,1.2,S3,1.5,39,distance,true,3.8945,true,3,3.8945,0,0,true,0,correct_route
AD,1.2,S3,1.5,39,proposed_050,true,3.8945,true,3,3.8945,0,0,true,0,correct_route
AD,1.2,S3,1.5,39,proposed_mode,true,3.8945,true,3,3.8945,0,0,true,0,correct_route
AD,1.2,S3,1.5,39,an_080,true,3.8945,true,3,3.8945,0,0,true,0,correct_route
AD,1.2,S3,1.5,39,an_mode,true,3.8945,true,3,3.8945,0,0,true,0,correct_route
AD,1.2,S3,1.5,40,distance,true,4.2719,true,3,4.2719,0,0,true,0,correct_route
AD,1.2,S3,1.5,40,proposed_050,true,4.2719,true,3,4.2719,0,0,true,0,correct_route
AD,1.2,S3,1.5,40,proposed_mode,true,4.2719,true,3,4.2719,0,0,true,0,correct_route
AD,1.2,S3,1.5,40,an_080,true,4.2719,true,3,4.2719,0,0,true,0,correct_route
AD,1.2,S3,1.5,40,an_mode,true,4.2719,true,3,4.2719,0,0,true,0,correct_route
SV,0.3,S3,2,1,distance,true,3.5648,true,9,3.5648,0,0,true,0,correct_route
SV,0.3,S3,2,1,proposed_050,true,3.5648,true,9,3.5648,0,0,true,0,correct_route
SV,0.3,S3,2,1,proposed_mode,true,3.5648,true,9,3.5648,0,0,true,0,correct_route
SV,0.3,S3,2,1,an_080,true,3.5648,true,9,3.5648,0,0,true,0,correct_route
SV,0.3,S3,2,1,an_mode,true,3.5648,true,9,3.5648,0,0,true,0,correct_route
SV,0.3,S3,2,2,distance,true,4.4419,true,4,4.4419,0,0,true,0,correct_route
SV,0.3,S3,2,2,proposed_050,true,4.4419,true,4,4.4419,0,0,true,0,correct_route
SV,0.3,S3,2,2,proposed_mode,true,4.4419,true,4,4.4419,0,0,true,0,correct_route
SV,0.3,S3,2,2,an_080,true,4.4419,true,4,4.4419,0,0,true,0,correct_route
SV,0.3,S3,2,2,an_mode,true,4.4419,true,4,4.4419,0,0,true,0,correct_route
SV,0.3,S3,2,3,distance,true,2.6507,true,9,2.6507,0,0,true,0,correct_route
SV,0.3,S3,2,3,proposed_050,true,2.6507,true,9,2.6507,0,0,true,0,correct_route
SV,0.3,S3,2,3,proposed_mode,true,2.6507,true,9,2.6507,0,0,true,0,correct_route
SV,0.3,S3,2,3,an_080,true,2.6507,true,9,2.6507,0,0,true,0,correct_route
SV,0.3,S3,2,3,an_mode,true,2.6507,true,9,2.6507,0,0,true,0,correct_route
SV,0.3,S3,2,4,distance,true,4.3464,true,4,4.3464,0,0,true,0,correct_route
SV,0.3,S3,2,4,proposed_050,true,4.3464,true,4,4.3464,0,0,true,0,correct_route
SV,0.3,S3,2,4,proposed_mode,true,4.3464,true,4,4.3464,0,0,true,0,correct_route
SV,0.3,S3,2,4,an_080,true,4.3464,true,4,4.3464,0,0,true,0,correct_route
SV,0.3,S3,2,4,an_mode,true,4.3464,true,4,4.3464,0,0,true,0,correct_route
SV,0.3,S3,2,5,distance,true,4.4419,true,4,4.4419,0,0,true,0,correct_route
SV,0.3,S3,2,5,proposed_050,true,4.4419,true,4,4.4419,0,0,true,0,correct_route
SV,0.3,S3,2,5,proposed_mode,true,4.4419,true,4,4.4419,0,0,true,0,correct_route
SV,0.3,S3,2,5,an_080,true,4.4419,true,4,4.4419,0,0,true,0,correct_route
SV,0.3,S3,2,5,an_mode,true,4.4419,true,4,4.4419,0,0,true,0,correct_route
SV,0.3,S3,2,6,distance,true,0.7045,true,4,0.7045,0,0,true,0,correct_route
SV,0.3,S3,2,6,proposed_050,true,0.7045,true,4,0.7045,0,0,true,0,correct_route
SV,0.3,S3,2,6,proposed_mode,true,0.7045,true,4,0.7045,0,0,true,0,correct_route
SV,0.3,S3,2,6,an_080,true,0.7045,true,4,0.7045,0,0,true,0,correct_route
SV,0.3,S3,2,6,an_mode,true,0.7045,true,4,0.7045,0,0,true,0,correct_route
SV,0.3,S3,2,7,distance,true,2.4584,true,8,2.4584,0,0,true,0,correct_route
SV,0.3,S3,2,7,proposed_050,true,2.4584,true,8,2.4584,0,0,true,0,correct_route
SV,0.3,S3,2,7,proposed_mode,true,2.4584,true,8,2.4584,0,0,true,0,correct_route
SV,0.3,S3,2,7,an_080,true,2.4584,true,8,2.4584,0,0,true,0,correct_route
SV,0.3,S3,2,7,an_mode,true,2.4584,true,8,2.4584,0,0,true,0,correct_route
SV,0.3,S3,2,8,distance,true,2.2256,true,4,2.2256,0,0,true,0,correct_route
SV,0.3,S3,2,8,proposed_050,true,2.2256,true,4,2.2256,0,0,true,0,correct_route
SV,0.3,S3,2,8,proposed_mode,true,2.2256,true,4,2.2256,0,0,true,0,correct_route
SV,0.3,S3,2,8,an_080,true,2.2256,true,4,2.2256,0,0,true,0,correct_route
SV,0.3,S3,2,8,an_mode,true,2.2256,true,4,2.2256,0,0,true,0,correct_route
SV,0.3,S3,2,9,distance,true,2.2269,true,8,2.2269,0,0,true,0,correct_route
SV,0.3,S3,2,9,proposed_050,true,2.2269,true,8,2.2269,0,0,true,0,correct_route
SV,0.3,S3,2,9,proposed_mode,true,2.2269,true,8,2.2269,0,0,true,0,correct_route
SV,0.3,S3,2,9,an_080,true,2.2269,true,8,2.2269,0,0,true,0,correct_route
SV,0.3,S3,2,9,an_mode,true,2.2269,true,8,2.2269,0,0,true,0,correct_route
SV,0.3,S3,2,10,distance,true,0.7573,true,9,0.7573,0,0,true,0,correct_route
SV,0.3,S3,2,10,proposed_050,true,0.7573,true,9,0.7573,0,0,true,0,correct_route
SV,0.3,S3,2,10,proposed_mode,true,0.7573,true,9,0.7573,0,0,true,0,correct_route
SV,0.3,S3,2,10,an_080,true,0.7573,true,9,0.7573,0,0,true,0,correct_route
SV,0.3,S3,2,10,an_mode,true,0.7573,true,9,0.7573,0,0,true,0,correct_route
SV,0.3,S3,2,11,distance,true,5.077,true,4,5.077,0,0,true,0,correct_route
SV,0.3,S3,2,11,proposed_050,true,5.077,true,4,5.077,0,0,true,0,correct_route
SV,0.3,S3,2,11,proposed_mode,true,5.077,true,4,5.077,0,0,true,0,correct_route
SV,0.3,S3,2,11,an_080,true,5.077,true,4,5.077,0,0,true,0,correct_route
SV,0.3,S3,2,11,an_mode,true,5.077,true,4,5.077,0,0,true,0,correct_route
SV,0.3,S3,2,12,distance,true,4.8102,true,8,4.8102,0,0,true,0,correct_route
SV,0.3,S3,2,12,proposed_050,true,4.8102,true,8,4.8102,0,0,true,0,correct_route
SV,0.3,S3,2,12,proposed_mode,true,4.8102,true,8,4.8102,0,0,true,0,correct_route
SV,0.3,S3,2,12,an_080,true,4.8102,true,8,4.8102,0,0,true,0,correct_route
SV,0.3,S3,2,12,an_mode,true,4.8102,true,8,4.8102,0,0,true,0,correct_route
SV,0.3,S3,2,13,distance,true,5.3483,true,4,5.3483,0,0,true,0,correct_route
SV,0.3,S3,2,13,proposed_050,true,5.3483,true,4,5.3483,0,0,true,0,correct_route
SV,0.3,S3,2,13,proposed_mode,true,5.3483,true,4,5.3483,0,0,true,0,correct_route
SV,0.3,S3,2,13,an_080,true,5.3483,true,4,5.3483,0,0,true,0,correct_route
SV,0.3,S3,2,13,an_mode,true,5.3483,true,4,5.3483,0,0,true,0,correct_route
SV,0.3,S3,2,14,distance,true,2.2619,true,4,2.2619,0,0,true,0,correct_route
SV,0.3,S3,2,14,proposed_050,true,2.2619,true,4,2.2619,0,0,true,0,correct_route
SV,0.3,S3,2,14,proposed_mode,true,2.2619,true,4,2.2619,0,0,true,0,correct_route
SV,0.3,S3,2,14,an_080,true,2.2619,true,4,2.2619,0,0,true,0,correct_route
SV,0.3,S3,2,14,an_mode,true,2.2619,true,4,2.2619,0,0,true,0,correct_route
SV,0.3,S3,2,15,distance,true,3.7294,true,4,3.7294,0,0,true,0,correct_route
SV,0.3,S3,2,15,proposed_050,true,3.7294,true,4,3.7294,0,0,true,0,correct_route
SV,0.3,S3,2,15,proposed_mode,true,3.7294,true,4,3.7294,0,0,true,0,correct_route
SV,0.3,S3,2,15,an_080,true,3.7294,true,4,3.7294,0,0,true,0,correct_route
SV,0.3,S3,2,15,an_mode,true,3.7294,true,4,3.7294,0,0,true,0,correct_route
SV,0.3,S3,2,16,distance,true,1.4535,true,8,1.4535,0,0,true,0,correct_route
SV,0.3,S3,2,16,proposed_050,true,1.4535,true,8,1.4535,0,0,true,0,correct_route
SV,0.3,S3,2,16,proposed_mode,true,1.4535,true,8,1.4535,0,0,true,0,correct_route
SV,0.3,S3,2,16,an_080,true,1.4535,true,8,1.4535,0,0,true,0,correct_route
SV,0.3,S3,2,16,an_mode,true,1.4535,true,8,1.4535,0,0,true,0,correct_route
SV,0.3,S3,2,17,distance,true,4.4279,true,8,4.4279,0,0,true,0,correct_route
SV,0.3,S3,2,17,proposed_050,true,4.4279,true,8,4.4279,0,0,true,0,correct_route
SV,0.3,S3,2,17,proposed_mode,true,4.4279,true,8,4.4279,0,0,true,0,correct_route
SV,0.3,S3,2,17,an_080,true,4.4279,true,8,4.4279,0,0,true,0,correct_route
SV,0.3,S3,2,17,an_mode,true,4.4279,true,8,4.4279,0,0,true,0,correct_route
SV,0.3,S3,2,18,distance,true,2.343,true,8,2.343,0,0,true,0,correct_route
SV,0.3,S3,2,18,proposed_050,true,2.343,true,8,2.343,0,0,true,0,correct_route
SV,0.3,S3,2,18,proposed_mode,true,2.343,true,8,2.343,0,0,true,0,correct_route
SV,0.3,S3,2,18,an_080,true,2.343,true,8,2.343,0,0,true,0,correct_route
SV,0.3,S3,2,18,an_mode,true,2.343,true,8,2.343,0,0,true,0,correct_route
SV,0.3,S3,2,19,distance,true,2.0721,true,8,2.0721,0,0,true,0,correct_route
SV,0.3,S3,2,19,proposed_050,true,2.0721,true,8,2.0721,0,0,true,0,correct_route
SV,0.3,S3,2,19,proposed_mode,true,2.0721,true,8,2.0721,0,0,true,0,correct_route
SV,0.3,S3,2,19,an_080,true,2.0721,true,8,2.0721,0,0,true,0,correct_route
SV,0.3,S3,2,19,an_mode,true,2.0721,true,8,2.0721,0,0,true,0,correct_route
SV,0.3,S3,2,20,distance,true,10.531,true,7,8.4103,470.765,1.2,false,-20.138,unsafe_route
SV,0.3,S3,2,20,proposed_050,true,10.531,true,4,10.531,0,0,true,0,correct_route
SV,0.3,S3,2,20,proposed_mode,true,10.531,true,4,10.531,0,0,true,0,correct_route
SV,0.3,S3,2,20,an_080,true,10.531,true,4,10.531,0,0,true,0,correct_route
SV,0.3,S3,2,20,an_mode,true,10.531,true,4,10.531,0,0,true,0,correct_route
SV,0.3,S3,2,21,distance,true,3.6688,true,7,1.5022,371.707,1.2,false,-59.055,unsafe_route
SV,0.3,S3,2,21,proposed_050,true,3.6688,true,5,3.6688,0,0,true,0,correct_route
SV,0.3,S3,2,21,proposed_mode,true,3.6688,true,5,3.6688,0,0,true,0,correct_route
SV,0.3,S3,2,21,an_080,true,3.6688,true,5,3.6688,0,0,true,0,correct_route
SV,0.3,S3,2,21,an_mode,true,3.6688,true,5,3.6688,0,0,true,0,correct_route
SV,0.3,S3,2,22,distance,true,4.7098,true,7,2.2373,421.323,1.2,false,-52.496,unsafe_route
SV,0.3,S3,2,22,proposed_050,true,4.7098,true,4,4.7098,0,0,true,0,correct_route
SV,0.3,S3,2,22,proposed_mode,true,4.7098,true,4,4.7098,0,0,true,0,correct_route
SV,0.3,S3,2,22,an_080,true,4.7098,true,4,4.7098,0,0,true,0,correct_route
SV,0.3,S3,2,22,an_mode,true,4.7098,true,4,4.7098,0,0,true,0,correct_route
SV,0.3,S3,2,23,distance,true,6.9948,true,7,5.7136,470.765,1.2,false,-18.316,unsafe_route
SV,0.3,S3,2,23,proposed_050,true,6.9948,true,4,6.9948,0,0,true,0,correct_route
SV,0.3,S3,2,23,proposed_mode,true,6.9948,true,4,6.9948,0,0,true,0,correct_route
SV,0.3,S3,2,23,an_080,true,6.9948,true,4,6.9948,0,0,true,0,correct_route
SV,0.3,S3,2,23,an_mode,true,6.9948,true,4,6.9948,0,0,true,0,correct_route
SV,0.3,S3,2,24,distance,true,7.2459,true,7,3.7965,470.765,1.2,false,-47.604,unsafe_route
SV,0.3,S3,2,24,proposed_050,true,7.2459,true,4,7.2459,0,0,true,0,correct_route
SV,0.3,S3,2,24,proposed_mode,true,7.2459,true,4,7.2459,0,0,true,0,correct_route
SV,0.3,S3,2,24,an_080,true,7.2459,true,4,7.2459,0,0,true,0,correct_route
SV,0.3,S3,2,24,an_mode,true,7.2459,true,4,7.2459,0,0,true,0,correct_route
SV,0.3,S3,2,25,distance,true,2.019,true,5,2.019,0,0,true,0,correct_route
SV,0.3,S3,2,25,proposed_050,true,2.019,true,5,2.019,0,0,true,0,correct_route
SV,0.3,S3,2,25,proposed_mode,true,2.019,true,5,2.019,0,0,true,0,correct_route
SV,0.3,S3,2,25,an_080,true,2.019,true,5,2.019,0,0,true,0,correct_route
SV,0.3,S3,2,25,an_mode,true,2.019,true,5,2.019,0,0,true,0,correct_route
SV,0.3,S3,2,26,distance,true,1.0687,true,5,1.0687,0,0,true,0,correct_route
SV,0.3,S3,2,26,proposed_050,true,1.0687,true,5,1.0687,0,0,true,0,correct_route
SV,0.3,S3,2,26,proposed_mode,true,1.0687,true,5,1.0687,0,0,true,0,correct_route
SV,0.3,S3,2,26,an_080,true,1.0687,true,5,1.0687,0,0,true,0,correct_route
SV,0.3,S3,2,26,an_mode,true,1.0687,true,5,1.0687,0,0,true,0,correct_route
SV,0.3,S3,2,27,distance,true,2.187,true,3,2.187,0,0,true,0,correct_route
SV,0.3,S3,2,27,proposed_050,true,2.187,true,3,2.187,0,0,true,0,correct_route
SV,0.3,S3,2,27,proposed_mode,true,2.187,true,3,2.187,0,0,true,0,correct_route
SV,0.3,S3,2,27,an_080,true,2.187,true,3,2.187,0,0,true,0,correct_route
SV,0.3,S3,2,27,an_mode,true,2.187,true,3,2.187,0,0,true,0,correct_route
SV,0.3,S3,2,28,distance,true,3.8719,true,7,3.3577,364.758,1.2,false,-13.279,unsafe_route
SV,0.3,S3,2,28,proposed_050,true,3.8719,true,3,3.8719,0,0,true,0,correct_route
SV,0.3,S3,2,28,proposed_mode,true,3.8719,true,3,3.8719,0,0,true,0,correct_route
SV,0.3,S3,2,28,an_080,true,3.8719,true,3,3.8719,0,0,true,0,correct_route
SV,0.3,S3,2,28,an_mode,true,3.8719,true,3,3.8719,0,0,true,0,correct_route
SV,0.3,S3,2,29,distance,true,8.6823,true,7,5.5354,470.765,1.2,false,-36.246,unsafe_route
SV,0.3,S3,2,29,proposed_050,true,8.6823,true,4,8.6823,0,0,true,0,correct_route
SV,0.3,S3,2,29,proposed_mode,true,8.6823,true,4,8.6823,0,0,true,0,correct_route
SV,0.3,S3,2,29,an_080,true,8.6823,true,4,8.6823,0,0,true,0,correct_route
SV,0.3,S3,2,29,an_mode,true,8.6823,true,4,8.6823,0,0,true,0,correct_route
SV,0.3,S3,2,30,distance,true,2.6793,true,3,2.6793,0,0,true,0,correct_route
SV,0.3,S3,2,30,proposed_050,true,2.6793,true,3,2.6793,0,0,true,0,correct_route
SV,0.3,S3,2,30,proposed_mode,true,2.6793,true,3,2.6793,0,0,true,0,correct_route
SV,0.3,S3,2,30,an_080,true,2.6793,true,3,2.6793,0,0,true,0,correct_route
SV,0.3,S3,2,30,an_mode,true,2.6793,true,3,2.6793,0,0,true,0,correct_route
SV,0.3,S3,2,31,distance,true,7.7515,true,7,3.5175,470.765,1.2,false,-54.622,unsafe_route
SV,0.3,S3,2,31,proposed_050,true,7.7515,true,4,7.7515,0,0,true,0,correct_route
SV,0.3,S3,2,31,proposed_mode,true,7.7515,true,4,7.7515,0,0,true,0,correct_route
SV,0.3,S3,2,31,an_080,true,7.7515,true,4,7.7515,0,0,true,0,correct_route
SV,0.3,S3,2,31,an_mode,true,7.7515,true,4,7.7515,0,0,true,0,correct_route
SV,0.3,S3,2,32,distance,true,1.5916,true,3,1.5916,0,0,true,0,correct_route
SV,0.3,S3,2,32,proposed_050,true,1.5916,true,3,1.5916,0,0,true,0,correct_route
SV,0.3,S3,2,32,proposed_mode,true,1.5916,true,3,1.5916,0,0,true,0,correct_route
SV,0.3,S3,2,32,an_080,true,1.5916,true,3,1.5916,0,0,true,0,correct_route
SV,0.3,S3,2,32,an_mode,true,1.5916,true,3,1.5916,0,0,true,0,correct_route
SV,0.3,S3,2,33,distance,true,6.7764,true,7,2.2529,470.765,1.2,false,-66.753,unsafe_route
SV,0.3,S3,2,33,proposed_050,true,6.7764,true,4,6.7764,0,0,true,0,correct_route
SV,0.3,S3,2,33,proposed_mode,true,6.7764,true,4,6.7764,0,0,true,0,correct_route
SV,0.3,S3,2,33,an_080,true,6.7764,true,4,6.7764,0,0,true,0,correct_route
SV,0.3,S3,2,33,an_mode,true,6.7764,true,4,6.7764,0,0,true,0,correct_route
SV,0.3,S3,2,34,distance,true,5.4997,true,7,1.9227,364.758,1.2,false,-65.041,unsafe_route
SV,0.3,S3,2,34,proposed_050,true,5.4997,true,5,5.4997,0,0,true,0,correct_route
SV,0.3,S3,2,34,proposed_mode,true,5.4997,true,5,5.4997,0,0,true,0,correct_route
SV,0.3,S3,2,34,an_080,true,5.4997,true,5,5.4997,0,0,true,0,correct_route
SV,0.3,S3,2,34,an_mode,true,5.4997,true,5,5.4997,0,0,true,0,correct_route
SV,0.3,S3,2,35,distance,true,7.1902,true,7,3.6916,351.884,1.2,false,-48.657,unsafe_route
SV,0.3,S3,2,35,proposed_050,true,7.1902,true,5,7.1902,0,0,true,0,correct_route
SV,0.3,S3,2,35,proposed_mode,true,7.1902,true,5,7.1902,0,0,true,0,correct_route
SV,0.3,S3,2,35,an_080,true,7.1902,true,5,7.1902,0,0,true,0,correct_route
SV,0.3,S3,2,35,an_mode,true,7.1902,true,5,7.1902,0,0,true,0,correct_route
SV,0.3,S3,2,36,distance,true,8.7856,true,7,4.5516,470.765,1.2,false,-48.193,unsafe_route
SV,0.3,S3,2,36,proposed_050,true,8.7856,true,4,8.7856,0,0,true,0,correct_route
SV,0.3,S3,2,36,proposed_mode,true,8.7856,true,4,8.7856,0,0,true,0,correct_route
SV,0.3,S3,2,36,an_080,true,8.7856,true,4,8.7856,0,0,true,0,correct_route
SV,0.3,S3,2,36,an_mode,true,8.7856,true,4,8.7856,0,0,true,0,correct_route
SV,0.3,S3,2,37,distance,true,8.226,true,7,3.7026,470.765,1.2,false,-54.989,unsafe_route
SV,0.3,S3,2,37,proposed_050,true,8.226,true,4,8.226,0,0,true,0,correct_route
SV,0.3,S3,2,37,proposed_mode,true,8.226,true,4,8.226,0,0,true,0,correct_route
SV,0.3,S3,2,37,an_080,true,8.226,true,4,8.226,0,0,true,0,correct_route
SV,0.3,S3,2,37,an_mode,true,8.226,true,4,8.226,0,0,true,0,correct_route
SV,0.3,S3,2,38,distance,true,6.107,true,7,4.8669,364.758,1.2,false,-20.305,unsafe_route
SV,0.3,S3,2,38,proposed_050,true,6.107,true,5,6.107,0,0,true,0,correct_route
SV,0.3,S3,2,38,proposed_mode,true,6.107,true,5,6.107,0,0,true,0,correct_route
SV,0.3,S3,2,38,an_080,true,6.107,true,5,6.107,0,0,true,0,correct_route
SV,0.3,S3,2,38,an_mode,true,6.107,true,5,6.107,0,0,true,0,correct_route
SV,0.3,S3,2,39,distance,true,3.8945,true,3,3.8945,0,0,true,0,correct_route
SV,0.3,S3,2,39,proposed_050,true,3.8945,true,3,3.8945,0,0,true,0,correct_route
SV,0.3,S3,2,39,proposed_mode,true,3.8945,true,3,3.8945,0,0,true,0,correct_route
SV,0.3,S3,2,39,an_080,true,3.8945,true,3,3.8945,0,0,true,0,correct_route
SV,0.3,S3,2,39,an_mode,true,3.8945,true,3,3.8945,0,0,true,0,correct_route
SV,0.3,S3,2,40,distance,true,4.2719,true,3,4.2719,0,0,true,0,correct_route
SV,0.3,S3,2,40,proposed_050,true,4.2719,true,3,4.2719,0,0,true,0,correct_route
SV,0.3,S3,2,40,proposed_mode,true,4.2719,true,3,4.2719,0,0,true,0,correct_route
SV,0.3,S3,2,40,an_080,true,4.2719,true,3,4.2719,0,0,true,0,correct_route
SV,0.3,S3,2,40,an_mode,true,4.2719,true,3,4.2719,0,0,true,0,correct_route
LV,0.5,S3,2,1,distance,true,3.5648,true,9,3.5648,0,0,true,0,correct_route
LV,0.5,S3,2,1,proposed_050,true,3.5648,true,9,3.5648,0,0,true,0,correct_route
LV,0.5,S3,2,1,proposed_mode,true,3.5648,true,9,3.5648,0,0,true,0,correct_route
LV,0.5,S3,2,1,an_080,true,3.5648,true,9,3.5648,0,0,true,0,correct_route
LV,0.5,S3,2,1,an_mode,true,3.5648,true,9,3.5648,0,0,true,0,correct_route
LV,0.5,S3,2,2,distance,true,4.4419,true,4,4.4419,0,0,true,0,correct_route
LV,0.5,S3,2,2,proposed_050,true,4.4419,true,4,4.4419,0,0,true,0,correct_route
LV,0.5,S3,2,2,proposed_mode,true,4.4419,true,4,4.4419,0,0,true,0,correct_route
LV,0.5,S3,2,2,an_080,true,4.4419,true,4,4.4419,0,0,true,0,correct_route
LV,0.5,S3,2,2,an_mode,true,4.4419,true,4,4.4419,0,0,true,0,correct_route
LV,0.5,S3,2,3,distance,true,2.6507,true,9,2.6507,0,0,true,0,correct_route
LV,0.5,S3,2,3,proposed_050,true,2.6507,true,9,2.6507,0,0,true,0,correct_route
LV,0.5,S3,2,3,proposed_mode,true,2.6507,true,9,2.6507,0,0,true,0,correct_route
LV,0.5,S3,2,3,an_080,true,2.6507,true,9,2.6507,0,0,true,0,correct_route
LV,0.5,S3,2,3,an_mode,true,2.6507,true,9,2.6507,0,0,true,0,correct_route
LV,0.5,S3,2,4,distance,true,4.3464,true,4,4.3464,0,0,true,0,correct_route
LV,0.5,S3,2,4,proposed_050,true,4.3464,true,4,4.3464,0,0,true,0,correct_route
LV,0.5,S3,2,4,proposed_mode,true,4.3464,true,4,4.3464,0,0,true,0,correct_route
LV,0.5,S3,2,4,an_080,true,4.3464,true,4,4.3464,0,0,true,0,correct_route
LV,0.5,S3,2,4,an_mode,true,4.3464,true,4,4.3464,0,0,true,0,correct_route
LV,0.5,S3,2,5,distance,true,4.4419,true,4,4.4419,0,0,true,0,correct_route
LV,0.5,S3,2,5,proposed_050,true,4.4419,true,4,4.4419,0,0,true,0,correct_route
LV,0.5,S3,2,5,proposed_mode,true,4.4419,true,4,4.4419,0,0,true,0,correct_route
LV,0.5,S3,2,5,an_080,true,4.4419,true,4,4.4419,0,0,true,0,correct_route
LV,0.5,S3,2,5,an_mode,true,4.4419,true,4,4.4419,0,0,true,0,correct_route
LV,0.5,S3,2,6,distance,true,0.7045,true,4,0.7045,0,0,true,0,correct_route
LV,0.5,S3,2,6,proposed_050,true,0.7045,true,4,0.7045,0,0,true,0,correct_route
LV,0.5,S3,2,6,proposed_mode,true,0.7045,true,4,0.7045,0,0,true,0,correct_route
LV,0.5,S3,2,6,an_080,true,0.7045,true,4,0.7045,0,0,true,0,correct_route
LV,0.5,S3,2,6,an_mode,true,0.7045,true,4,0.7045,0,0,true,0,correct_route
LV,0.5,S3,2,7,distance,true,2.4584,true,8,2.4584,0,0,true,0,correct_route
LV,0.5,S3,2,7,proposed_050,true,2.4584,true,8,2.4584,0,0,true,0,correct_route
LV,0.5,S3,2,7,proposed_mode,true,2.4584,true,8,2.4584,0,0,true,0,correct_route
LV,0.5,S3,2,7,an_080,true,2.4584,true,8,2.4584,0,0,true,0,correct_route
LV,0.5,S3,2,7,an_mode,true,2.4584,true,8,2.4584,0,0,true,0,correct_route
LV,0.5,S3,2,8,distance,true,2.2256,true,4,2.2256,0,0,true,0,correct_route
LV,0.5,S3,2,8,proposed_050,true,2.2256,true,4,2.2256,0,0,true,0,correct_route
LV,0.5,S3,2,8,proposed_mode,true,2.2256,true,4,2.2256,0,0,true,0,correct_route
LV,0.5,S3,2,8,an_080,true,2.2256,true,4,2.2256,0,0,true,0,correct_route
LV,0.5,S3,2,8,an_mode,true,2.2256,true,4,2.2256,0,0,true,0,correct_route
LV,0.5,S3,2,9,distance,true,2.2269,true,8,2.2269,0,0,true,0,correct_route
LV,0.5,S3,2,9,proposed_050,true,2.2269,true,8,2.2269,0,0,true,0,correct_route
LV,0.5,S3,2,9,proposed_mode,true,2.2269,true,8,2.2269,0,0,true,0,correct_route
LV,0.5,S3,2,9,an_080,true,2.2269,true,8,2.2269,0,0,true,0,correct_route
LV,0.5,S3,2,9,an_mode,true,2.2269,true,8,2.2269,0,0,true,0,correct_route
LV,0.5,S3,2,10,distance,true,0.7573,true,9,0.7573,0,0,true,0,correct_route
LV,0.5,S3,2,10,proposed_050,true,0.7573,true,9,0.7573,0,0,true,0,correct_route
LV,0.5,S3,2,10,proposed_mode,true,0.7573,true,9,0.7573,0,0,true,0,correct_route
LV,0.5,S3,2,10,an_080,true,0.7573,true,9,0.7573,0,0,true,0,correct_route
LV,0.5,S3,2,10,an_mode,true,0.7573,true,9,0.7573,0,0,true,0,correct_route
LV,0.5,S3,2,11,distance,true,5.077,true,4,5.077,0,0,true,0,correct_route
LV,0.5,S3,2,11,proposed_050,true,5.077,true,4,5.077,0,0,true,0,correct_route
LV,0.5,S3,2,11,proposed_mode,true,5.077,true,4,5.077,0,0,true,0,correct_route
LV,0.5,S3,2,11,an_080,true,5.077,true,4,5.077,0,0,true,0,correct_route
LV,0.5,S3,2,11,an_mode,true,5.077,true,4,5.077,0,0,true,0,correct_route
LV,0.5,S3,2,12,distance,true,4.8102,true,8,4.8102,0,0,true,0,correct_route
LV,0.5,S3,2,12,proposed_050,true,4.8102,true,8,4.8102,0,0,true,0,correct_route
LV,0.5,S3,2,12,proposed_mode,true,4.8102,true,8,4.8102,0,0,true,0,correct_route
LV,0.5,S3,2,12,an_080,true,4.8102,true,8,4.8102,0,0,true,0,correct_route
LV,0.5,S3,2,12,an_mode,true,4.8102,true,8,4.8102,0,0,true,0,correct_route
LV,0.5,S3,2,13,distance,true,5.3483,true,4,5.3483,0,0,true,0,correct_route
LV,0.5,S3,2,13,proposed_050,true,5.3483,true,4,5.3483,0,0,true,0,correct_route
LV,0.5,S3,2,13,proposed_mode,true,5.3483,true,4,5.3483,0,0,true,0,correct_route
LV,0.5,S3,2,13,an_080,true,5.3483,true,4,5.3483,0,0,true,0,correct_route
LV,0.5,S3,2,13,an_mode,true,5.3483,true,4,5.3483,0,0,true,0,correct_route
LV,0.5,S3,2,14,distance,true,2.2619,true,4,2.2619,0,0,true,0,correct_route
LV,0.5,S3,2,14,proposed_050,true,2.2619,true,4,2.2619,0,0,true,0,correct_route
LV,0.5,S3,2,14,proposed_mode,true,2.2619,true,4,2.2619,0,0,true,0,correct_route
LV,0.5,S3,2,14,an_080,true,2.2619,true,4,2.2619,0,0,true,0,correct_route
LV,0.5,S3,2,14,an_mode,true,2.2619,true,4,2.2619,0,0,true,0,correct_route
LV,0.5,S3,2,15,distance,true,3.7294,true,4,3.7294,0,0,true,0,correct_route
LV,0.5,S3,2,15,proposed_050,true,3.7294,true,4,3.7294,0,0,true,0,correct_route
LV,0.5,S3,2,15,proposed_mode,true,3.7294,true,4,3.7294,0,0,true,0,correct_route
LV,0.5,S3,2,15,an_080,true,3.7294,true,4,3.7294,0,0,true,0,correct_route
LV,0.5,S3,2,15,an_mode,true,3.7294,true,4,3.7294,0,0,true,0,correct_route
LV,0.5,S3,2,16,distance,true,1.4535,true,8,1.4535,0,0,true,0,correct_route
LV,0.5,S3,2,16,proposed_050,true,1.4535,true,8,1.4535,0,0,true,0,correct_route
LV,0.5,S3,2,16,proposed_mode,true,1.4535,true,8,1.4535,0,0,true,0,correct_route
LV,0.5,S3,2,16,an_080,true,1.4535,true,8,1.4535,0,0,true,0,correct_route
LV,0.5,S3,2,16,an_mode,true,1.4535,true,8,1.4535,0,0,true,0,correct_route
LV,0.5,S3,2,17,distance,true,4.4279,true,8,4.4279,0,0,true,0,correct_route
LV,0.5,S3,2,17,proposed_050,true,4.4279,true,8,4.4279,0,0,true,0,correct_route
LV,0.5,S3,2,17,proposed_mode,true,4.4279,true,8,4.4279,0,0,true,0,correct_route
LV,0.5,S3,2,17,an_080,true,4.4279,true,8,4.4279,0,0,true,0,correct_route
LV,0.5,S3,2,17,an_mode,true,4.4279,true,8,4.4279,0,0,true,0,correct_route
LV,0.5,S3,2,18,distance,true,2.343,true,8,2.343,0,0,true,0,correct_route
LV,0.5,S3,2,18,proposed_050,true,2.343,true,8,2.343,0,0,true,0,correct_route
LV,0.5,S3,2,18,proposed_mode,true,2.343,true,8,2.343,0,0,true,0,correct_route
LV,0.5,S3,2,18,an_080,true,2.343,true,8,2.343,0,0,true,0,correct_route
LV,0.5,S3,2,18,an_mode,true,2.343,true,8,2.343,0,0,true,0,correct_route
LV,0.5,S3,2,19,distance,true,2.0721,true,8,2.0721,0,0,true,0,correct_route
LV,0.5,S3,2,19,proposed_050,true,2.0721,true,8,2.0721,0,0,true,0,correct_route
LV,0.5,S3,2,19,proposed_mode,true,2.0721,true,8,2.0721,0,0,true,0,correct_route
LV,0.5,S3,2,19,an_080,true,2.0721,true,8,2.0721,0,0,true,0,correct_route
LV,0.5,S3,2,19,an_mode,true,2.0721,true,8,2.0721,0,0,true,0,correct_route
LV,0.5,S3,2,20,distance,true,10.531,true,7,8.4103,470.765,1.2,false,-20.138,unsafe_route
LV,0.5,S3,2,20,proposed_050,true,10.531,true,4,10.531,0,0,true,0,correct_route
LV,0.5,S3,2,20,proposed_mode,true,10.531,true,4,10.531,0,0,true,0,correct_route
LV,0.5,S3,2,20,an_080,true,10.531,true,4,10.531,0,0,true,0,correct_route
LV,0.5,S3,2,20,an_mode,true,10.531,true,4,10.531,0,0,true,0,correct_route
LV,0.5,S3,2,21,distance,true,3.6688,true,7,1.5022,371.707,1.2,false,-59.055,unsafe_route
LV,0.5,S3,2,21,proposed_050,true,3.6688,true,5,3.6688,0,0,true,0,correct_route
LV,0.5,S3,2,21,proposed_mode,true,3.6688,true,5,3.6688,0,0,true,0,correct_route
LV,0.5,S3,2,21,an_080,true,3.6688,true,5,3.6688,0,0,true,0,correct_route
LV,0.5,S3,2,21,an_mode,true,3.6688,true,5,3.6688,0,0,true,0,correct_route
LV,0.5,S3,2,22,distance,true,4.7098,true,7,2.2373,421.323,1.2,false,-52.496,unsafe_route
LV,0.5,S3,2,22,proposed_050,true,4.7098,true,4,4.7098,0,0,true,0,correct_route
LV,0.5,S3,2,22,proposed_mode,true,4.7098,true,4,4.7098,0,0,true,0,correct_route
LV,0.5,S3,2,22,an_080,true,4.7098,true,4,4.7098,0,0,true,0,correct_route
LV,0.5,S3,2,22,an_mode,true,4.7098,true,4,4.7098,0,0,true,0,correct_route
LV,0.5,S3,2,23,distance,true,6.9948,true,7,5.7136,470.765,1.2,false,-18.316,unsafe_route
LV,0.5,S3,2,23,proposed_050,true,6.9948,true,4,6.9948,0,0,true,0,correct_route
LV,0.5,S3,2,23,proposed_mode,true,6.9948,true,4,6.9948,0,0,true,0,correct_route
LV,0.5,S3,2,23,an_080,true,6.9948,true,4,6.9948,0,0,true,0,correct_route
LV,0.5,S3,2,23,an_mode,true,6.9948,true,4,6.9948,0,0,true,0,correct_route
LV,0.5,S3,2,24,distance,true,7.2459,true,7,3.7965,470.765,1.2,false,-47.604,unsafe_route
LV,0.5,S3,2,24,proposed_050,true,7.2459,true,4,7.2459,0,0,true,0,correct_route
LV,0.5,S3,2,24,proposed_mode,true,7.2459,true,4,7.2459,0,0,true,0,correct_route
LV,0.5,S3,2,24,an_080,true,7.2459,true,4,7.2459,0,0,true,0,correct_route
LV,0.5,S3,2,24,an_mode,true,7.2459,true,4,7.2459,0,0,true,0,correct_route
LV,0.5,S3,2,25,distance,true,2.019,true,5,2.019,0,0,true,0,correct_route
LV,0.5,S3,2,25,proposed_050,true,2.019,true,5,2.019,0,0,true,0,correct_route
LV,0.5,S3,2,25,proposed_mode,true,2.019,true,5,2.019,0,0,true,0,correct_route
LV,0.5,S3,2,25,an_080,true,2.019,true,5,2.019,0,0,true,0,correct_route
LV,0.5,S3,2,25,an_mode,true,2.019,true,5,2.019,0,0,true,0,correct_route
LV,0.5,S3,2,26,distance,true,1.0687,true,5,1.0687,0,0,true,0,correct_route
LV,0.5,S3,2,26,proposed_050,true,1.0687,true,5,1.0687,0,0,true,0,correct_route
LV,0.5,S3,2,26,proposed_mode,true,1.0687,true,5,1.0687,0,0,true,0,correct_route
LV,0.5,S3,2,26,an_080,true,1.0687,true,5,1.0687,0,0,true,0,correct_route
LV,0.5,S3,2,26,an_mode,true,1.0687,true,5,1.0687,0,0,true,0,correct_route
LV,0.5,S3,2,27,distance,true,2.187,true,3,2.187,0,0,true,0,correct_route
LV,0.5,S3,2,27,proposed_050,true,2.187,true,3,2.187,0,0,true,0,correct_route
LV,0.5,S3,2,27,proposed_mode,true,2.187,true,3,2.187,0,0,true,0,correct_route
LV,0.5,S3,2,27,an_080,true,2.187,true,3,2.187,0,0,true,0,correct_route
LV,0.5,S3,2,27,an_mode,true,2.187,true,3,2.187,0,0,true,0,correct_route
LV,0.5,S3,2,28,distance,true,3.8719,true,7,3.3577,364.758,1.2,false,-13.279,unsafe_route
LV,0.5,S3,2,28,proposed_050,true,3.8719,true,3,3.8719,0,0,true,0,correct_route
LV,0.5,S3,2,28,proposed_mode,true,3.8719,true,3,3.8719,0,0,true,0,correct_route
LV,0.5,S3,2,28,an_080,true,3.8719,true,3,3.8719,0,0,true,0,correct_route
LV,0.5,S3,2,28,an_mode,true,3.8719,true,3,3.8719,0,0,true,0,correct_route
LV,0.5,S3,2,29,distance,true,8.6823,true,7,5.5354,470.765,1.2,false,-36.246,unsafe_route
LV,0.5,S3,2,29,proposed_050,true,8.6823,true,4,8.6823,0,0,true,0,correct_route
LV,0.5,S3,2,29,proposed_mode,true,8.6823,true,4,8.6823,0,0,true,0,correct_route
LV,0.5,S3,2,29,an_080,true,8.6823,true,4,8.6823,0,0,true,0,correct_route
LV,0.5,S3,2,29,an_mode,true,8.6823,true,4,8.6823,0,0,true,0,correct_route
LV,0.5,S3,2,30,distance,true,2.6793,true,3,2.6793,0,0,true,0,correct_route
LV,0.5,S3,2,30,proposed_050,true,2.6793,true,3,2.6793,0,0,true,0,correct_route
LV,0.5,S3,2,30,proposed_mode,true,2.6793,true,3,2.6793,0,0,true,0,correct_route
LV,0.5,S3,2,30,an_080,true,2.6793,true,3,2.6793,0,0,true,0,correct_route
LV,0.5,S3,2,30,an_mode,true,2.6793,true,3,2.6793,0,0,true,0,correct_route
LV,0.5,S3,2,31,distance,true,7.7515,true,7,3.5175,470.765,1.2,false,-54.622,unsafe_route
LV,0.5,S3,2,31,proposed_050,true,7.7515,true,4,7.7515,0,0,true,0,correct_route
LV,0.5,S3,2,31,proposed_mode,true,7.7515,true,4,7.7515,0,0,true,0,correct_route
LV,0.5,S3,2,31,an_080,true,7.7515,true,4,7.7515,0,0,true,0,correct_route
LV,0.5,S3,2,31,an_mode,true,7.7515,true,4,7.7515,0,0,true,0,correct_route
LV,0.5,S3,2,32,distance,true,1.5916,true,3,1.5916,0,0,true,0,correct_route
LV,0.5,S3,2,32,proposed_050,true,1.5916,true,3,1.5916,0,0,true,0,correct_route
LV,0.5,S3,2,32,proposed_mode,true,1.5916,true,3,1.5916,0,0,true,0,correct_route
LV,0.5,S3,2,32,an_080,true,1.5916,true,3,1.5916,0,0,true,0,correct_route
LV,0.5,S3,2,32,an_mode,true,1.5916,true,3,1.5916,0,0,true,0,correct_route
LV,0.5,S3,2,33,distance,true,6.7764,true,7,2.2529,470.765,1.2,false,-66.753,unsafe_route
LV,0.5,S3,2,33,proposed_050,true,6.7764,true,4,6.7764,0,0,true,0,correct_route
LV,0.5,S3,2,33,proposed_mode,true,6.7764,true,4,6.7764,0,0,true,0,correct_route
LV,0.5,S3,2,33,an_080,true,6.7764,true,4,6.7764,0,0,true,0,correct_route
LV,0.5,S3,2,33,an_mode,true,6.7764,true,4,6.7764,0,0,true,0,correct_route
LV,0.5,S3,2,34,distance,true,5.4997,true,7,1.9227,364.758,1.2,false,-65.041,unsafe_route
LV,0.5,S3,2,34,proposed_050,true,5.4997,true,5,5.4997,0,0,true,0,correct_route
LV,0.5,S3,2,34,proposed_mode,true,5.4997,true,5,5.4997,0,0,true,0,correct_route
LV,0.5,S3,2,34,an_080,true,5.4997,true,5,5.4997,0,0,true,0,correct_route
LV,0.5,S3,2,34,an_mode,true,5.4997,true,5,5.4997,0,0,true,0,correct_route
LV,0.5,S3,2,35,distance,true,7.1902,true,7,3.6916,351.884,1.2,false,-48.657,unsafe_route
LV,0.5,S3,2,35,proposed_050,true,7.1902,true,5,7.1902,0,0,true,0,correct_route
LV,0.5,S3,2,35,proposed_mode,true,7.1902,true,5,7.1902,0,0,true,0,correct_route
LV,0.5,S3,2,35,an_080,true,7.1902,true,5,7.1902,0,0,true,0,correct_route
LV,0.5,S3,2,35,an_mode,true,7.1902,true,5,7.1902,0,0,true,0,correct_route
LV,0.5,S3,2,36,distance,true,8.7856,true,7,4.5516,470.765,1.2,false,-48.193,unsafe_route
LV,0.5,S3,2,36,proposed_050,true,8.7856,true,4,8.7856,0,0,true,0,correct_route
LV,0.5,S3,2,36,proposed_mode,true,8.7856,true,4,8.7856,0,0,true,0,correct_route
LV,0.5,S3,2,36,an_080,true,8.7856,true,4,8.7856,0,0,true,0,correct_route
LV,0.5,S3,2,36,an_mode,true,8.7856,true,4,8.7856,0,0,true,0,correct_route
LV,0.5,S3,2,37,distance,true,8.226,true,7,3.7026,470.765,1.2,false,-54.989,unsafe_route
LV,0.5,S3,2,37,proposed_050,true,8.226,true,4,8.226,0,0,true,0,correct_route
LV,0.5,S3,2,37,proposed_mode,true,8.226,true,4,8.226,0,0,true,0,correct_route
LV,0.5,S3,2,37,an_080,true,8.226,true,4,8.226,0,0,true,0,correct_route
LV,0.5,S3,2,37,an_mode,true,8.226,true,4,8.226,0,0,true,0,correct_route
LV,0.5,S3,2,38,distance,true,6.107,true,7,4.8669,364.758,1.2,false,-20.305,unsafe_route
LV,0.5,S3,2,38,proposed_050,true,6.107,true,5,6.107,0,0,true,0,correct_route
LV,0.5,S3,2,38,proposed_mode,true,6.107,true,5,6.107,0,0,true,0,correct_route
LV,0.5,S3,2,38,an_080,true,6.107,true,5,6.107,0,0,true,0,correct_route
LV,0.5,S3,2,38,an_mode,true,6.107,true,5,6.107,0,0,true,0,correct_route
LV,0.5,S3,2,39,distance,true,3.8945,true,3,3.8945,0,0,true,0,correct_route
LV,0.5,S3,2,39,proposed_050,true,3.8945,true,3,3.8945,0,0,true,0,correct_route
LV,0.5,S3,2,39,proposed_mode,true,3.8945,true,3,3.8945,0,0,true,0,correct_route
LV,0.5,S3,2,39,an_080,true,3.8945,true,3,3.8945,0,0,true,0,correct_route
LV,0.5,S3,2,39,an_mode,true,3.8945,true,3,3.8945,0,0,true,0,correct_route
LV,0.5,S3,2,40,distance,true,4.2719,true,3,4.2719,0,0,true,0,correct_route
LV,0.5,S3,2,40,proposed_050,true,4.2719,true,3,4.2719,0,0,true,0,correct_route
LV,0.5,S3,2,40,proposed_mode,true,4.2719,true,3,4.2719,0,0,true,0,correct_route
LV,0.5,S3,2,40,an_080,true,4.2719,true,3,4.2719,0,0,true,0,correct_route
LV,0.5,S3,2,40,an_mode,true,4.2719,true,3,4.2719,0,0,true,0,correct_route
AD,1.2,S3,2,1,distance,true,3.5648,true,9,3.5648,0,0,true,0,correct_route
AD,1.2,S3,2,1,proposed_050,true,3.5648,true,9,3.5648,0,0,true,0,correct_route
AD,1.2,S3,2,1,proposed_mode,true,3.5648,true,9,3.5648,0,0,true,0,correct_route
AD,1.2,S3,2,1,an_080,true,3.5648,true,9,3.5648,0,0,true,0,correct_route
AD,1.2,S3,2,1,an_mode,true,3.5648,true,9,3.5648,0,0,true,0,correct_route
AD,1.2,S3,2,2,distance,true,4.4419,true,4,4.4419,0,0,true,0,correct_route
AD,1.2,S3,2,2,proposed_050,true,4.4419,true,4,4.4419,0,0,true,0,correct_route
AD,1.2,S3,2,2,proposed_mode,true,4.4419,true,4,4.4419,0,0,true,0,correct_route
AD,1.2,S3,2,2,an_080,true,4.4419,true,4,4.4419,0,0,true,0,correct_route
AD,1.2,S3,2,2,an_mode,true,4.4419,true,4,4.4419,0,0,true,0,correct_route
AD,1.2,S3,2,3,distance,true,2.6507,true,9,2.6507,0,0,true,0,correct_route
AD,1.2,S3,2,3,proposed_050,true,2.6507,true,9,2.6507,0,0,true,0,correct_route
AD,1.2,S3,2,3,proposed_mode,true,2.6507,true,9,2.6507,0,0,true,0,correct_route
AD,1.2,S3,2,3,an_080,true,2.6507,true,9,2.6507,0,0,true,0,correct_route
AD,1.2,S3,2,3,an_mode,true,2.6507,true,9,2.6507,0,0,true,0,correct_route
AD,1.2,S3,2,4,distance,true,4.3464,true,4,4.3464,0,0,true,0,correct_route
AD,1.2,S3,2,4,proposed_050,true,4.3464,true,4,4.3464,0,0,true,0,correct_route
AD,1.2,S3,2,4,proposed_mode,true,4.3464,true,4,4.3464,0,0,true,0,correct_route
AD,1.2,S3,2,4,an_080,true,4.3464,true,4,4.3464,0,0,true,0,correct_route
AD,1.2,S3,2,4,an_mode,true,4.3464,true,4,4.3464,0,0,true,0,correct_route
AD,1.2,S3,2,5,distance,true,4.4419,true,4,4.4419,0,0,true,0,correct_route
AD,1.2,S3,2,5,proposed_050,true,4.4419,true,4,4.4419,0,0,true,0,correct_route
AD,1.2,S3,2,5,proposed_mode,true,4.4419,true,4,4.4419,0,0,true,0,correct_route
AD,1.2,S3,2,5,an_080,true,4.4419,true,4,4.4419,0,0,true,0,correct_route
AD,1.2,S3,2,5,an_mode,true,4.4419,true,4,4.4419,0,0,true,0,correct_route
AD,1.2,S3,2,6,distance,true,0.7045,true,4,0.7045,0,0,true,0,correct_route
AD,1.2,S3,2,6,proposed_050,true,0.7045,true,4,0.7045,0,0,true,0,correct_route
AD,1.2,S3,2,6,proposed_mode,true,0.7045,true,4,0.7045,0,0,true,0,correct_route
AD,1.2,S3,2,6,an_080,true,0.7045,true,4,0.7045,0,0,true,0,correct_route
AD,1.2,S3,2,6,an_mode,true,0.7045,true,4,0.7045,0,0,true,0,correct_route
AD,1.2,S3,2,7,distance,true,2.4584,true,8,2.4584,0,0,true,0,correct_route
AD,1.2,S3,2,7,proposed_050,true,2.4584,true,8,2.4584,0,0,true,0,correct_route
AD,1.2,S3,2,7,proposed_mode,true,2.4584,true,8,2.4584,0,0,true,0,correct_route
AD,1.2,S3,2,7,an_080,true,2.4584,true,8,2.4584,0,0,true,0,correct_route
AD,1.2,S3,2,7,an_mode,true,2.4584,true,8,2.4584,0,0,true,0,correct_route
AD,1.2,S3,2,8,distance,true,2.2256,true,4,2.2256,0,0,true,0,correct_route
AD,1.2,S3,2,8,proposed_050,true,2.2256,true,4,2.2256,0,0,true,0,correct_route
AD,1.2,S3,2,8,proposed_mode,true,2.2256,true,4,2.2256,0,0,true,0,correct_route
AD,1.2,S3,2,8,an_080,true,2.2256,true,4,2.2256,0,0,true,0,correct_route
AD,1.2,S3,2,8,an_mode,true,2.2256,true,4,2.2256,0,0,true,0,correct_route
AD,1.2,S3,2,9,distance,true,2.2269,true,8,2.2269,0,0,true,0,correct_route
AD,1.2,S3,2,9,proposed_050,true,2.2269,true,8,2.2269,0,0,true,0,correct_route
AD,1.2,S3,2,9,proposed_mode,true,2.2269,true,8,2.2269,0,0,true,0,correct_route
AD,1.2,S3,2,9,an_080,true,2.2269,true,8,2.2269,0,0,true,0,correct_route
AD,1.2,S3,2,9,an_mode,true,2.2269,true,8,2.2269,0,0,true,0,correct_route
AD,1.2,S3,2,10,distance,true,0.7573,true,9,0.7573,0,0,true,0,correct_route
AD,1.2,S3,2,10,proposed_050,true,0.7573,true,9,0.7573,0,0,true,0,correct_route
AD,1.2,S3,2,10,proposed_mode,true,0.7573,true,9,0.7573,0,0,true,0,correct_route
AD,1.2,S3,2,10,an_080,true,0.7573,true,9,0.7573,0,0,true,0,correct_route
AD,1.2,S3,2,10,an_mode,true,0.7573,true,9,0.7573,0,0,true,0,correct_route
AD,1.2,S3,2,11,distance,true,5.077,true,4,5.077,0,0,true,0,correct_route
AD,1.2,S3,2,11,proposed_050,true,5.077,true,4,5.077,0,0,true,0,correct_route
AD,1.2,S3,2,11,proposed_mode,true,5.077,true,4,5.077,0,0,true,0,correct_route
AD,1.2,S3,2,11,an_080,true,5.077,true,4,5.077,0,0,true,0,correct_route
AD,1.2,S3,2,11,an_mode,true,5.077,true,4,5.077,0,0,true,0,correct_route
AD,1.2,S3,2,12,distance,true,4.8102,true,8,4.8102,0,0,true,0,correct_route
AD,1.2,S3,2,12,proposed_050,true,4.8102,true,8,4.8102,0,0,true,0,correct_route
AD,1.2,S3,2,12,proposed_mode,true,4.8102,true,8,4.8102,0,0,true,0,correct_route
AD,1.2,S3,2,12,an_080,true,4.8102,true,8,4.8102,0,0,true,0,correct_route
AD,1.2,S3,2,12,an_mode,true,4.8102,true,8,4.8102,0,0,true,0,correct_route
AD,1.2,S3,2,13,distance,true,5.3483,true,4,5.3483,0,0,true,0,correct_route
AD,1.2,S3,2,13,proposed_050,true,5.3483,true,4,5.3483,0,0,true,0,correct_route
AD,1.2,S3,2,13,proposed_mode,true,5.3483,true,4,5.3483,0,0,true,0,correct_route
AD,1.2,S3,2,13,an_080,true,5.3483,true,4,5.3483,0,0,true,0,correct_route
AD,1.2,S3,2,13,an_mode,true,5.3483,true,4,5.3483,0,0,true,0,correct_route
AD,1.2,S3,2,14,distance,true,2.2619,true,4,2.2619,0,0,true,0,correct_route
AD,1.2,S3,2,14,proposed_050,true,2.2619,true,4,2.2619,0,0,true,0,correct_route
AD,1.2,S3,2,14,proposed_mode,true,2.2619,true,4,2.2619,0,0,true,0,correct_route
AD,1.2,S3,2,14,an_080,true,2.2619,true,4,2.2619,0,0,true,0,correct_route
AD,1.2,S3,2,14,an_mode,true,2.2619,true,4,2.2619,0,0,true,0,correct_route
AD,1.2,S3,2,15,distance,true,3.7294,true,4,3.7294,0,0,true,0,correct_route
AD,1.2,S3,2,15,proposed_050,true,3.7294,true,4,3.7294,0,0,true,0,correct_route
AD,1.2,S3,2,15,proposed_mode,true,3.7294,true,4,3.7294,0,0,true,0,correct_route
AD,1.2,S3,2,15,an_080,true,3.7294,true,4,3.7294,0,0,true,0,correct_route
AD,1.2,S3,2,15,an_mode,true,3.7294,true,4,3.7294,0,0,true,0,correct_route
AD,1.2,S3,2,16,distance,true,1.4535,true,8,1.4535,0,0,true,0,correct_route
AD,1.2,S3,2,16,proposed_050,true,1.4535,true,8,1.4535,0,0,true,0,correct_route
AD,1.2,S3,2,16,proposed_mode,true,1.4535,true,8,1.4535,0,0,true,0,correct_route
AD,1.2,S3,2,16,an_080,true,1.4535,true,8,1.4535,0,0,true,0,correct_route
AD,1.2,S3,2,16,an_mode,true,1.4535,true,8,1.4535,0,0,true,0,correct_route
AD,1.2,S3,2,17,distance,true,4.4279,true,8,4.4279,0,0,true,0,correct_route
AD,1.2,S3,2,17,proposed_050,true,4.4279,true,8,4.4279,0,0,true,0,correct_route
AD,1.2,S3,2,17,proposed_mode,true,4.4279,true,8,4.4279,0,0,true,0,correct_route
AD,1.2,S3,2,17,an_080,true,4.4279,true,8,4.4279,0,0,true,0,correct_route
AD,1.2,S3,2,17,an_mode,true,4.4279,true,8,4.4279,0,0,true,0,correct_route
AD,1.2,S3,2,18,distance,true,2.343,true,8,2.343,0,0,true,0,correct_route
AD,1.2,S3,2,18,proposed_050,true,2.343,true,8,2.343,0,0,true,0,correct_route
AD,1.2,S3,2,18,proposed_mode,true,2.343,true,8,2.343,0,0,true,0,correct_route
AD,1.2,S3,2,18,an_080,true,2.343,true,8,2.343,0,0,true,0,correct_route
AD,1.2,S3,2,18,an_mode,true,2.343,true,8,2.343,0,0,true,0,correct_route
AD,1.2,S3,2,19,distance,true,2.0721,true,8,2.0721,0,0,true,0,correct_route
AD,1.2,S3,2,19,proposed_050,true,2.0721,true,8,2.0721,0,0,true,0,correct_route
AD,1.2,S3,2,19,proposed_mode,true,2.0721,true,8,2.0721,0,0,true,0,correct_route
AD,1.2,S3,2,19,an_080,true,2.0721,true,8,2.0721,0,0,true,0,correct_route
AD,1.2,S3,2,19,an_mode,true,2.0721,true,8,2.0721,0,0,true,0,correct_route
AD,1.2,S3,2,20,distance,true,8.4103,true,7,8.4103,470.765,1.2,true,0,correct_route
AD,1.2,S3,2,20,proposed_050,true,8.4103,true,4,10.531,0,0,true,25.216,correct_route
AD,1.2,S3,2,20,proposed_mode,true,8.4103,true,4,10.531,0,0,true,25.216,correct_route
AD,1.2,S3,2,20,an_080,true,8.4103,true,4,10.531,0,0,true,25.216,correct_route
AD,1.2,S3,2,20,an_mode,true,8.4103,true,7,8.4103,470.765,1.2,true,0,correct_route
AD,1.2,S3,2,21,distance,true,1.5022,true,7,1.5022,371.707,1.2,true,0,correct_route
AD,1.2,S3,2,21,proposed_050,true,1.5022,true,5,3.6688,0,0,true,144.228,correct_route
AD,1.2,S3,2,21,proposed_mode,true,1.5022,true,5,3.6688,0,0,true,144.228,correct_route
AD,1.2,S3,2,21,an_080,true,1.5022,true,5,3.6688,0,0,true,144.228,correct_route
AD,1.2,S3,2,21,an_mode,true,1.5022,true,7,1.5022,371.707,1.2,true,0,correct_route
AD,1.2,S3,2,22,distance,true,2.2373,true,7,2.2373,421.323,1.2,true,0,correct_route
AD,1.2,S3,2,22,proposed_050,true,2.2373,true,4,4.7098,0,0,true,110.51,correct_route
AD,1.2,S3,2,22,proposed_mode,true,2.2373,true,4,4.7098,0,0,true,110.51,correct_route
AD,1.2,S3,2,22,an_080,true,2.2373,true,4,4.7098,0,0,true,110.51,correct_route
AD,1.2,S3,2,22,an_mode,true,2.2373,true,7,2.2373,421.323,1.2,true,0,correct_route
AD,1.2,S3,2,23,distance,true,5.7136,true,7,5.7136,470.765,1.2,true,0,correct_route
AD,1.2,S3,2,23,proposed_050,true,5.7136,true,4,6.9948,0,0,true,22.424,correct_route
AD,1.2,S3,2,23,proposed_mode,true,5.7136,true,4,6.9948,0,0,true,22.424,correct_route
AD,1.2,S3,2,23,an_080,true,5.7136,true,4,6.9948,0,0,true,22.424,correct_route
AD,1.2,S3,2,23,an_mode,true,5.7136,true,7,5.7136,470.765,1.2,true,0,correct_route
AD,1.2,S3,2,24,distance,true,3.7965,true,7,3.7965,470.765,1.2,true,0,correct_route
AD,1.2,S3,2,24,proposed_050,true,3.7965,true,4,7.2459,0,0,true,90.855,correct_route
AD,1.2,S3,2,24,proposed_mode,true,3.7965,true,7,4.2558,351.884,1.2,true,12.098,correct_route
AD,1.2,S3,2,24,an_080,true,3.7965,true,4,7.2459,0,0,true,90.855,correct_route
AD,1.2,S3,2,24,an_mode,true,3.7965,true,7,3.7965,470.765,1.2,true,0,correct_route
AD,1.2,S3,2,25,distance,true,2.019,true,5,2.019,0,0,true,0,correct_route
AD,1.2,S3,2,25,proposed_050,true,2.019,true,5,2.019,0,0,true,0,correct_route
AD,1.2,S3,2,25,proposed_mode,true,2.019,true,5,2.019,0,0,true,0,correct_route
AD,1.2,S3,2,25,an_080,true,2.019,true,5,2.019,0,0,true,0,correct_route
AD,1.2,S3,2,25,an_mode,true,2.019,true,5,2.019,0,0,true,0,correct_route
AD,1.2,S3,2,26,distance,true,1.0687,true,5,1.0687,0,0,true,0,correct_route
AD,1.2,S3,2,26,proposed_050,true,1.0687,true,5,1.0687,0,0,true,0,correct_route
AD,1.2,S3,2,26,proposed_mode,true,1.0687,true,5,1.0687,0,0,true,0,correct_route
AD,1.2,S3,2,26,an_080,true,1.0687,true,5,1.0687,0,0,true,0,correct_route
AD,1.2,S3,2,26,an_mode,true,1.0687,true,5,1.0687,0,0,true,0,correct_route
AD,1.2,S3,2,27,distance,true,2.187,true,3,2.187,0,0,true,0,correct_route
AD,1.2,S3,2,27,proposed_050,true,2.187,true,3,2.187,0,0,true,0,correct_route
AD,1.2,S3,2,27,proposed_mode,true,2.187,true,3,2.187,0,0,true,0,correct_route
AD,1.2,S3,2,27,an_080,true,2.187,true,3,2.187,0,0,true,0,correct_route
AD,1.2,S3,2,27,an_mode,true,2.187,true,3,2.187,0,0,true,0,correct_route
AD,1.2,S3,2,28,distance,true,3.3577,true,7,3.3577,364.758,1.2,true,0,correct_route
AD,1.2,S3,2,28,proposed_050,true,3.3577,true,3,3.8719,0,0,true,15.313,correct_route
AD,1.2,S3,2,28,proposed_mode,true,3.3577,true,3,3.8719,0,0,true,15.313,correct_route
AD,1.2,S3,2,28,an_080,true,3.3577,true,3,3.8719,0,0,true,15.313,correct_route
AD,1.2,S3,2,28,an_mode,true,3.3577,true,7,3.3577,364.758,1.2,true,0,correct_route
AD,1.2,S3,2,29,distance,true,5.5354,true,7,5.5354,470.765,1.2,true,0,correct_route
AD,1.2,S3,2,29,proposed_050,true,5.5354,true,4,8.6823,0,0,true,56.852,correct_route
AD,1.2,S3,2,29,proposed_mode,true,5.5354,true,4,8.6823,0,0,true,56.852,correct_route
AD,1.2,S3,2,29,an_080,true,5.5354,true,4,8.6823,0,0,true,56.852,correct_route
AD,1.2,S3,2,29,an_mode,true,5.5354,true,7,5.5354,470.765,1.2,true,0,correct_route
AD,1.2,S3,2,30,distance,true,2.6793,true,3,2.6793,0,0,true,0,correct_route
AD,1.2,S3,2,30,proposed_050,true,2.6793,true,3,2.6793,0,0,true,0,correct_route
AD,1.2,S3,2,30,proposed_mode,true,2.6793,true,3,2.6793,0,0,true,0,correct_route
AD,1.2,S3,2,30,an_080,true,2.6793,true,3,2.6793,0,0,true,0,correct_route
AD,1.2,S3,2,30,an_mode,true,2.6793,true,3,2.6793,0,0,true,0,correct_route
AD,1.2,S3,2,31,distance,true,3.5175,true,7,3.5175,470.765,1.2,true,0,correct_route
AD,1.2,S3,2,31,proposed_050,true,3.5175,true,4,7.7515,0,0,true,120.369,correct_route
AD,1.2,S3,2,31,proposed_mode,true,3.5175,true,7,3.8693,351.884,1.2,true,10,correct_route
AD,1.2,S3,2,31,an_080,true,3.5175,true,4,7.7515,0,0,true,120.369,correct_route
AD,1.2,S3,2,31,an_mode,true,3.5175,true,7,3.5175,470.765,1.2,true,0,correct_route
AD,1.2,S3,2,32,distance,true,1.5916,true,3,1.5916,0,0,true,0,correct_route
AD,1.2,S3,2,32,proposed_050,true,1.5916,true,3,1.5916,0,0,true,0,correct_route
AD,1.2,S3,2,32,proposed_mode,true,1.5916,true,3,1.5916,0,0,true,0,correct_route
AD,1.2,S3,2,32,an_080,true,1.5916,true,3,1.5916,0,0,true,0,correct_route
AD,1.2,S3,2,32,an_mode,true,1.5916,true,3,1.5916,0,0,true,0,correct_route
AD,1.2,S3,2,33,distance,true,2.2529,true,7,2.2529,470.765,1.2,true,0,correct_route
AD,1.2,S3,2,33,proposed_050,true,2.2529,true,4,6.7764,0,0,true,200.781,correct_route
AD,1.2,S3,2,33,proposed_mode,true,2.2529,true,7,2.3876,351.884,1.2,true,5.977,correct_route
AD,1.2,S3,2,33,an_080,true,2.2529,true,4,6.7764,0,0,true,200.781,correct_route
AD,1.2,S3,2,33,an_mode,true,2.2529,true,7,2.2529,470.765,1.2,true,0,correct_route
AD,1.2,S3,2,34,distance,true,1.9227,true,7,1.9227,364.758,1.2,true,0,correct_route
AD,1.2,S3,2,34,proposed_050,true,1.9227,true,5,5.4997,0,0,true,186.048,correct_route
AD,1.2,S3,2,34,proposed_mode,true,1.9227,true,7,1.9227,364.758,1.2,true,0,correct_route
AD,1.2,S3,2,34,an_080,true,1.9227,true,5,5.4997,0,0,true,186.048,correct_route
AD,1.2,S3,2,34,an_mode,true,1.9227,true,7,1.9227,364.758,1.2,true,0,correct_route
AD,1.2,S3,2,35,distance,true,3.6916,true,7,3.6916,351.884,1.2,true,0,correct_route
AD,1.2,S3,2,35,proposed_050,true,3.6916,true,5,7.1902,0,0,true,94.77,correct_route
AD,1.2,S3,2,35,proposed_mode,true,3.6916,true,7,3.7,364.758,1.2,true,0.226,correct_route
AD,1.2,S3,2,35,an_080,true,3.6916,true,5,7.1902,0,0,true,94.77,correct_route
AD,1.2,S3,2,35,an_mode,true,3.6916,true,7,3.6916,351.884,1.2,true,0,correct_route
AD,1.2,S3,2,36,distance,true,4.5516,true,7,4.5516,470.765,1.2,true,0,correct_route
AD,1.2,S3,2,36,proposed_050,true,4.5516,true,4,8.7856,0,0,true,93.023,correct_route
AD,1.2,S3,2,36,proposed_mode,true,4.5516,true,7,4.9033,351.884,1.2,true,7.728,correct_route
AD,1.2,S3,2,36,an_080,true,4.5516,true,4,8.7856,0,0,true,93.023,correct_route
AD,1.2,S3,2,36,an_mode,true,4.5516,true,7,4.5516,470.765,1.2,true,0,correct_route
AD,1.2,S3,2,37,distance,true,3.7026,true,7,3.7026,470.765,1.2,true,0,correct_route
AD,1.2,S3,2,37,proposed_050,true,3.7026,true,4,8.226,0,0,true,122.17,correct_route
AD,1.2,S3,2,37,proposed_mode,true,3.7026,true,7,3.8372,351.884,1.2,true,3.637,correct_route
AD,1.2,S3,2,37,an_080,true,3.7026,true,4,8.226,0,0,true,122.17,correct_route
AD,1.2,S3,2,37,an_mode,true,3.7026,true,7,3.7026,470.765,1.2,true,0,correct_route
AD,1.2,S3,2,38,distance,true,4.8669,true,7,4.8669,364.758,1.2,true,0,correct_route
AD,1.2,S3,2,38,proposed_050,true,4.8669,true,5,6.107,0,0,true,25.479,correct_route
AD,1.2,S3,2,38,proposed_mode,true,4.8669,true,5,6.107,0,0,true,25.479,correct_route
AD,1.2,S3,2,38,an_080,true,4.8669,true,5,6.107,0,0,true,25.479,correct_route
AD,1.2,S3,2,38,an_mode,true,4.8669,true,7,4.8669,364.758,1.2,true,0,correct_route
AD,1.2,S3,2,39,distance,true,3.8945,true,3,3.8945,0,0,true,0,correct_route
AD,1.2,S3,2,39,proposed_050,true,3.8945,true,3,3.8945,0,0,true,0,correct_route
AD,1.2,S3,2,39,proposed_mode,true,3.8945,true,3,3.8945,0,0,true,0,correct_route
AD,1.2,S3,2,39,an_080,true,3.8945,true,3,3.8945,0,0,true,0,correct_route
AD,1.2,S3,2,39,an_mode,true,3.8945,true,3,3.8945,0,0,true,0,correct_route
AD,1.2,S3,2,40,distance,true,4.2719,true,3,4.2719,0,0,true,0,correct_route
AD,1.2,S3,2,40,proposed_050,true,4.2719,true,3,4.2719,0,0,true,0,correct_route
AD,1.2,S3,2,40,proposed_mode,true,4.2719,true,3,4.2719,0,0,true,0,correct_route
AD,1.2,S3,2,40,an_080,true,4.2719,true,3,4.2719,0,0,true,0,correct_route
AD,1.2,S3,2,40,an_mode,true,4.2719,true,3,4.2719,0,0,true,0,correct_route
SV,0.3,S4,0.5,1,distance,true,3.5648,true,9,3.5648,0,0,true,0,correct_route
SV,0.3,S4,0.5,1,proposed_050,true,3.5648,true,9,3.5648,0,0,true,0,correct_route
SV,0.3,S4,0.5,1,proposed_mode,true,3.5648,true,9,3.5648,0,0,true,0,correct_route
SV,0.3,S4,0.5,1,an_080,true,3.5648,true,9,3.5648,0,0,true,0,correct_route
SV,0.3,S4,0.5,1,an_mode,true,3.5648,true,9,3.5648,0,0,true,0,correct_route
SV,0.3,S4,0.5,2,distance,true,4.4419,true,4,4.4419,0,0,true,0,correct_route
SV,0.3,S4,0.5,2,proposed_050,true,4.4419,true,4,4.4419,0,0,true,0,correct_route
SV,0.3,S4,0.5,2,proposed_mode,true,4.4419,true,4,4.4419,0,0,true,0,correct_route
SV,0.3,S4,0.5,2,an_080,true,4.4419,true,4,4.4419,0,0,true,0,correct_route
SV,0.3,S4,0.5,2,an_mode,true,4.4419,true,4,4.4419,0,0,true,0,correct_route
SV,0.3,S4,0.5,3,distance,true,2.6507,true,9,2.6507,73.601,0.3,true,0,correct_route
SV,0.3,S4,0.5,3,proposed_050,true,2.6507,true,9,2.722,73.601,0.3,true,2.69,correct_route
SV,0.3,S4,0.5,3,proposed_mode,true,2.6507,true,9,2.722,73.601,0.3,true,2.69,correct_route
SV,0.3,S4,0.5,3,an_080,true,2.6507,true,9,2.6507,73.601,0.3,true,0,correct_route
SV,0.3,S4,0.5,3,an_mode,true,2.6507,true,9,2.6507,73.601,0.3,true,0,correct_route
SV,0.3,S4,0.5,4,distance,true,4.3464,true,4,4.3464,0,0,true,0,correct_route
SV,0.3,S4,0.5,4,proposed_050,true,4.3464,true,4,4.3464,0,0,true,0,correct_route
SV,0.3,S4,0.5,4,proposed_mode,true,4.3464,true,4,4.3464,0,0,true,0,correct_route
SV,0.3,S4,0.5,4,an_080,true,4.3464,true,4,4.3464,0,0,true,0,correct_route
SV,0.3,S4,0.5,4,an_mode,true,4.3464,true,4,4.3464,0,0,true,0,correct_route
SV,0.3,S4,0.5,5,distance,true,4.4419,true,4,4.4419,0,0,true,0,correct_route
SV,0.3,S4,0.5,5,proposed_050,true,4.4419,true,4,4.4419,0,0,true,0,correct_route
SV,0.3,S4,0.5,5,proposed_mode,true,4.4419,true,4,4.4419,0,0,true,0,correct_route
SV,0.3,S4,0.5,5,an_080,true,4.4419,true,4,4.4419,0,0,true,0,correct_route
SV,0.3,S4,0.5,5,an_mode,true,4.4419,true,4,4.4419,0,0,true,0,correct_route
SV,0.3,S4,0.5,6,distance,true,0.7045,true,4,0.7045,0,0,true,0,correct_route
SV,0.3,S4,0.5,6,proposed_050,true,0.7045,true,4,0.7045,0,0,true,0,correct_route
SV,0.3,S4,0.5,6,proposed_mode,true,0.7045,true,4,0.7045,0,0,true,0,correct_route
SV,0.3,S4,0.5,6,an_080,true,0.7045,true,4,0.7045,0,0,true,0,correct_route
SV,0.3,S4,0.5,6,an_mode,true,0.7045,true,4,0.7045,0,0,true,0,correct_route
SV,0.3,S4,0.5,7,distance,true,2.4584,true,8,2.4584,0,0,true,0,correct_route
SV,0.3,S4,0.5,7,proposed_050,true,2.4584,true,8,2.4584,0,0,true,0,correct_route
SV,0.3,S4,0.5,7,proposed_mode,true,2.4584,true,8,2.4584,0,0,true,0,correct_route
SV,0.3,S4,0.5,7,an_080,true,2.4584,true,8,2.4584,0,0,true,0,correct_route
SV,0.3,S4,0.5,7,an_mode,true,2.4584,true,8,2.4584,0,0,true,0,correct_route
SV,0.3,S4,0.5,8,distance,true,2.2256,true,4,2.2256,0,0,true,0,correct_route
SV,0.3,S4,0.5,8,proposed_050,true,2.2256,true,4,2.2256,0,0,true,0,correct_route
SV,0.3,S4,0.5,8,proposed_mode,true,2.2256,true,4,2.2256,0,0,true,0,correct_route
SV,0.3,S4,0.5,8,an_080,true,2.2256,true,4,2.2256,0,0,true,0,correct_route
SV,0.3,S4,0.5,8,an_mode,true,2.2256,true,4,2.2256,0,0,true,0,correct_route
SV,0.3,S4,0.5,9,distance,true,2.2269,true,8,2.2269,0,0,true,0,correct_route
SV,0.3,S4,0.5,9,proposed_050,true,2.2269,true,8,2.2269,0,0,true,0,correct_route
SV,0.3,S4,0.5,9,proposed_mode,true,2.2269,true,8,2.2269,0,0,true,0,correct_route
SV,0.3,S4,0.5,9,an_080,true,2.2269,true,8,2.2269,0,0,true,0,correct_route
SV,0.3,S4,0.5,9,an_mode,true,2.2269,true,8,2.2269,0,0,true,0,correct_route
SV,0.3,S4,0.5,10,distance,true,0.7573,true,9,0.7573,98.171,0.3,true,0,correct_route
SV,0.3,S4,0.5,10,proposed_050,true,0.7573,true,9,0.7573,98.171,0.3,true,0,correct_route
SV,0.3,S4,0.5,10,proposed_mode,true,0.7573,true,9,0.7573,98.171,0.3,true,0,correct_route
SV,0.3,S4,0.5,10,an_080,true,0.7573,true,9,0.7573,98.171,0.3,true,0,correct_route
SV,0.3,S4,0.5,10,an_mode,true,0.7573,true,9,0.7573,98.171,0.3,true,0,correct_route
SV,0.3,S4,0.5,11,distance,true,5.077,true,4,5.077,0,0,true,0,correct_route
SV,0.3,S4,0.5,11,proposed_050,true,5.077,true,4,5.077,0,0,true,0,correct_route
SV,0.3,S4,0.5,11,proposed_mode,true,5.077,true,4,5.077,0,0,true,0,correct_route
SV,0.3,S4,0.5,11,an_080,true,5.077,true,4,5.077,0,0,true,0,correct_route
SV,0.3,S4,0.5,11,an_mode,true,5.077,true,4,5.077,0,0,true,0,correct_route
SV,0.3,S4,0.5,12,distance,true,4.8102,true,8,4.8102,0,0,true,0,correct_route
SV,0.3,S4,0.5,12,proposed_050,true,4.8102,true,8,4.8102,0,0,true,0,correct_route
SV,0.3,S4,0.5,12,proposed_mode,true,4.8102,true,8,4.8102,0,0,true,0,correct_route
SV,0.3,S4,0.5,12,an_080,true,4.8102,true,8,4.8102,0,0,true,0,correct_route
SV,0.3,S4,0.5,12,an_mode,true,4.8102,true,8,4.8102,0,0,true,0,correct_route
SV,0.3,S4,0.5,13,distance,true,5.3483,true,4,5.3483,0,0,true,0,correct_route
SV,0.3,S4,0.5,13,proposed_050,true,5.3483,true,4,5.3483,0,0,true,0,correct_route
SV,0.3,S4,0.5,13,proposed_mode,true,5.3483,true,4,5.3483,0,0,true,0,correct_route
SV,0.3,S4,0.5,13,an_080,true,5.3483,true,4,5.3483,0,0,true,0,correct_route
SV,0.3,S4,0.5,13,an_mode,true,5.3483,true,4,5.3483,0,0,true,0,correct_route
SV,0.3,S4,0.5,14,distance,true,2.2619,true,4,2.2619,0,0,true,0,correct_route
SV,0.3,S4,0.5,14,proposed_050,true,2.2619,true,4,2.2619,0,0,true,0,correct_route
SV,0.3,S4,0.5,14,proposed_mode,true,2.2619,true,4,2.2619,0,0,true,0,correct_route
SV,0.3,S4,0.5,14,an_080,true,2.2619,true,4,2.2619,0,0,true,0,correct_route
SV,0.3,S4,0.5,14,an_mode,true,2.2619,true,4,2.2619,0,0,true,0,correct_route
SV,0.3,S4,0.5,15,distance,true,3.7294,true,4,3.7294,0,0,true,0,correct_route
SV,0.3,S4,0.5,15,proposed_050,true,3.7294,true,4,3.7294,0,0,true,0,correct_route
SV,0.3,S4,0.5,15,proposed_mode,true,3.7294,true,4,3.7294,0,0,true,0,correct_route
SV,0.3,S4,0.5,15,an_080,true,3.7294,true,4,3.7294,0,0,true,0,correct_route
SV,0.3,S4,0.5,15,an_mode,true,3.7294,true,4,3.7294,0,0,true,0,correct_route
SV,0.3,S4,0.5,16,distance,true,1.4535,true,8,1.4535,0,0,true,0,correct_route
SV,0.3,S4,0.5,16,proposed_050,true,1.4535,true,8,1.4535,0,0,true,0,correct_route
SV,0.3,S4,0.5,16,proposed_mode,true,1.4535,true,8,1.4535,0,0,true,0,correct_route
SV,0.3,S4,0.5,16,an_080,true,1.4535,true,8,1.4535,0,0,true,0,correct_route
SV,0.3,S4,0.5,16,an_mode,true,1.4535,true,8,1.4535,0,0,true,0,correct_route
SV,0.3,S4,0.5,17,distance,true,4.4279,true,8,4.4279,58.982,0.3,true,0,correct_route
SV,0.3,S4,0.5,17,proposed_050,true,4.4279,true,8,4.4279,58.982,0.3,true,0,correct_route
SV,0.3,S4,0.5,17,proposed_mode,true,4.4279,true,8,4.4279,58.982,0.3,true,0,correct_route
SV,0.3,S4,0.5,17,an_080,true,4.4279,true,8,4.4279,58.982,0.3,true,0,correct_route
SV,0.3,S4,0.5,17,an_mode,true,4.4279,true,8,4.4279,58.982,0.3,true,0,correct_route
SV,0.3,S4,0.5,18,distance,true,2.343,true,8,2.343,0,0,true,0,correct_route
SV,0.3,S4,0.5,18,proposed_050,true,2.343,true,8,2.343,0,0,true,0,correct_route
SV,0.3,S4,0.5,18,proposed_mode,true,2.343,true,8,2.343,0,0,true,0,correct_route
SV,0.3,S4,0.5,18,an_080,true,2.343,true,8,2.343,0,0,true,0,correct_route
SV,0.3,S4,0.5,18,an_mode,true,2.343,true,8,2.343,0,0,true,0,correct_route
SV,0.3,S4,0.5,19,distance,true,2.0721,true,8,2.0721,0,0,true,0,correct_route
SV,0.3,S4,0.5,19,proposed_050,true,2.0721,true,8,2.0721,0,0,true,0,correct_route
SV,0.3,S4,0.5,19,proposed_mode,true,2.0721,true,8,2.0721,0,0,true,0,correct_route
SV,0.3,S4,0.5,19,an_080,true,2.0721,true,8,2.0721,0,0,true,0,correct_route
SV,0.3,S4,0.5,19,an_mode,true,2.0721,true,8,2.0721,0,0,true,0,correct_route
SV,0.3,S4,0.5,20,distance,true,8.4103,true,7,8.4103,99.115,0.3,true,0,correct_route
SV,0.3,S4,0.5,20,proposed_050,true,8.4103,true,7,9.6348,0,0,true,14.56,correct_route
SV,0.3,S4,0.5,20,proposed_mode,true,8.4103,true,7,9.6348,0,0,true,14.56,correct_route
SV,0.3,S4,0.5,20,an_080,true,8.4103,true,7,8.4103,99.115,0.3,true,0,correct_route
SV,0.3,S4,0.5,20,an_mode,true,8.4103,true,7,8.4103,99.115,0.3,true,0,correct_route
SV,0.3,S4,0.5,21,distance,true,1.5022,true,7,1.5022,0,0,true,0,correct_route
SV,0.3,S4,0.5,21,proposed_050,true,1.5022,true,7,1.5022,0,0,true,0,correct_route
SV,0.3,S4,0.5,21,proposed_mode,true,1.5022,true,7,1.5022,0,0,true,0,correct_route
SV,0.3,S4,0.5,21,an_080,true,1.5022,true,7,1.5022,0,0,true,0,correct_route
SV,0.3,S4,0.5,21,an_mode,true,1.5022,true,7,1.5022,0,0,true,0,correct_route
SV,0.3,S4,0.5,22,distance,true,2.2373,true,7,2.2373,0,0,true,0,correct_route
SV,0.3,S4,0.5,22,proposed_050,true,2.2373,true,7,2.2373,0,0,true,0,correct_route
SV,0.3,S4,0.5,22,proposed_mode,true,2.2373,true,7,2.2373,0,0,true,0,correct_route
SV,0.3,S4,0.5,22,an_080,true,2.2373,true,7,2.2373,0,0,true,0,correct_route
SV,0.3,S4,0.5,22,an_mode,true,2.2373,true,7,2.2373,0,0,true,0,correct_route
SV,0.3,S4,0.5,23,distance,true,5.7136,true,7,5.7136,114.87,0.3,true,0,correct_route
SV,0.3,S4,0.5,23,proposed_050,true,5.7136,true,7,5.7221,118.625,0.3,true,0.148,correct_route
SV,0.3,S4,0.5,23,proposed_mode,true,5.7136,true,7,5.7221,118.625,0.3,true,0.148,correct_route
SV,0.3,S4,0.5,23,an_080,true,5.7136,true,7,5.7221,118.625,0.3,true,0.148,correct_route
SV,0.3,S4,0.5,23,an_mode,true,5.7136,true,7,5.7221,118.625,0.3,true,0.148,correct_route
SV,0.3,S4,0.5,24,distance,true,3.7965,true,7,3.7965,0,0,true,0,correct_route
SV,0.3,S4,0.5,24,proposed_050,true,3.7965,true,7,3.7965,0,0,true,0,correct_route
SV,0.3,S4,0.5,24,proposed_mode,true,3.7965,true,7,3.7965,0,0,true,0,correct_route
SV,0.3,S4,0.5,24,an_080,true,3.7965,true,7,3.7965,0,0,true,0,correct_route
SV,0.3,S4,0.5,24,an_mode,true,3.7965,true,7,3.7965,0,0,true,0,correct_route
SV,0.3,S4,0.5,25,distance,true,2.019,true,5,2.019,0,0,true,0,correct_route
SV,0.3,S4,0.5,25,proposed_050,true,2.019,true,5,2.019,0,0,true,0,correct_route
SV,0.3,S4,0.5,25,proposed_mode,true,2.019,true,5,2.019,0,0,true,0,correct_route
SV,0.3,S4,0.5,25,an_080,true,2.019,true,5,2.019,0,0,true,0,correct_route
SV,0.3,S4,0.5,25,an_mode,true,2.019,true,5,2.019,0,0,true,0,correct_route
SV,0.3,S4,0.5,26,distance,true,1.0687,true,5,1.0687,0,0,true,0,correct_route
SV,0.3,S4,0.5,26,proposed_050,true,1.0687,true,5,1.0687,0,0,true,0,correct_route
SV,0.3,S4,0.5,26,proposed_mode,true,1.0687,true,5,1.0687,0,0,true,0,correct_route
SV,0.3,S4,0.5,26,an_080,true,1.0687,true,5,1.0687,0,0,true,0,correct_route
SV,0.3,S4,0.5,26,an_mode,true,1.0687,true,5,1.0687,0,0,true,0,correct_route
SV,0.3,S4,0.5,27,distance,true,2.187,true,3,2.187,0,0,true,0,correct_route
SV,0.3,S4,0.5,27,proposed_050,true,2.187,true,3,2.187,0,0,true,0,correct_route
SV,0.3,S4,0.5,27,proposed_mode,true,2.187,true,3,2.187,0,0,true,0,correct_route
SV,0.3,S4,0.5,27,an_080,true,2.187,true,3,2.187,0,0,true,0,correct_route
SV,0.3,S4,0.5,27,an_mode,true,2.187,true,3,2.187,0,0,true,0,correct_route
SV,0.3,S4,0.5,28,distance,true,3.3577,true,7,3.3577,0,0,true,0,correct_route
SV,0.3,S4,0.5,28,proposed_050,true,3.3577,true,7,3.3577,0,0,true,0,correct_route
SV,0.3,S4,0.5,28,proposed_mode,true,3.3577,true,7,3.3577,0,0,true,0,correct_route
SV,0.3,S4,0.5,28,an_080,true,3.3577,true,7,3.3577,0,0,true,0,correct_route
SV,0.3,S4,0.5,28,an_mode,true,3.3577,true,7,3.3577,0,0,true,0,correct_route
SV,0.3,S4,0.5,29,distance,true,5.5354,true,7,5.5354,0,0,true,0,correct_route
SV,0.3,S4,0.5,29,proposed_050,true,5.5354,true,7,5.5354,0,0,true,0,correct_route
SV,0.3,S4,0.5,29,proposed_mode,true,5.5354,true,7,5.5354,0,0,true,0,correct_route
SV,0.3,S4,0.5,29,an_080,true,5.5354,true,7,5.5354,0,0,true,0,correct_route
SV,0.3,S4,0.5,29,an_mode,true,5.5354,true,7,5.5354,0,0,true,0,correct_route
SV,0.3,S4,0.5,30,distance,true,2.6793,true,3,2.6793,65.282,0.3,true,0,correct_route
SV,0.3,S4,0.5,30,proposed_050,true,2.6793,true,3,2.6793,65.282,0.3,true,0,correct_route
SV,0.3,S4,0.5,30,proposed_mode,true,2.6793,true,3,2.6793,65.282,0.3,true,0,correct_route
SV,0.3,S4,0.5,30,an_080,true,2.6793,true,3,2.6793,65.282,0.3,true,0,correct_route
SV,0.3,S4,0.5,30,an_mode,true,2.6793,true,3,2.6793,65.282,0.3,true,0,correct_route
SV,0.3,S4,0.5,31,distance,true,3.5175,true,7,3.5175,0,0,true,0,correct_route
SV,0.3,S4,0.5,31,proposed_050,true,3.5175,true,7,3.5175,0,0,true,0,correct_route
SV,0.3,S4,0.5,31,proposed_mode,true,3.5175,true,7,3.5175,0,0,true,0,correct_route
SV,0.3,S4,0.5,31,an_080,true,3.5175,true,7,3.5175,0,0,true,0,correct_route
SV,0.3,S4,0.5,31,an_mode,true,3.5175,true,7,3.5175,0,0,true,0,correct_route
SV,0.3,S4,0.5,32,distance,true,1.5916,true,3,1.5916,0,0,true,0,correct_route
SV,0.3,S4,0.5,32,proposed_050,true,1.5916,true,3,1.5916,0,0,true,0,correct_route
SV,0.3,S4,0.5,32,proposed_mode,true,1.5916,true,3,1.5916,0,0,true,0,correct_route
SV,0.3,S4,0.5,32,an_080,true,1.5916,true,3,1.5916,0,0,true,0,correct_route
SV,0.3,S4,0.5,32,an_mode,true,1.5916,true,3,1.5916,0,0,true,0,correct_route
SV,0.3,S4,0.5,33,distance,true,2.2529,true,7,2.2529,0,0,true,0,correct_route
SV,0.3,S4,0.5,33,proposed_050,true,2.2529,true,7,2.2529,0,0,true,0,correct_route
SV,0.3,S4,0.5,33,proposed_mode,true,2.2529,true,7,2.2529,0,0,true,0,correct_route
SV,0.3,S4,0.5,33,an_080,true,2.2529,true,7,2.2529,0,0,true,0,correct_route
SV,0.3,S4,0.5,33,an_mode,true,2.2529,true,7,2.2529,0,0,true,0,correct_route
SV,0.3,S4,0.5,34,distance,true,1.9227,true,7,1.9227,0,0,true,0,correct_route
SV,0.3,S4,0.5,34,proposed_050,true,1.9227,true,7,1.9227,0,0,true,0,correct_route
SV,0.3,S4,0.5,34,proposed_mode,true,1.9227,true,7,1.9227,0,0,true,0,correct_route
SV,0.3,S4,0.5,34,an_080,true,1.9227,true,7,1.9227,0,0,true,0,correct_route
SV,0.3,S4,0.5,34,an_mode,true,1.9227,true,7,1.9227,0,0,true,0,correct_route
SV,0.3,S4,0.5,35,distance,true,3.6916,true,7,3.6916,0,0,true,0,correct_route
SV,0.3,S4,0.5,35,proposed_050,true,3.6916,true,7,3.6916,0,0,true,0,correct_route
SV,0.3,S4,0.5,35,proposed_mode,true,3.6916,true,7,3.6916,0,0,true,0,correct_route
SV,0.3,S4,0.5,35,an_080,true,3.6916,true,7,3.6916,0,0,true,0,correct_route
SV,0.3,S4,0.5,35,an_mode,true,3.6916,true,7,3.6916,0,0,true,0,correct_route
SV,0.3,S4,0.5,36,distance,true,4.5516,true,7,4.5516,0,0,true,0,correct_route
SV,0.3,S4,0.5,36,proposed_050,true,4.5516,true,7,4.5516,0,0,true,0,correct_route
SV,0.3,S4,0.5,36,proposed_mode,true,4.5516,true,7,4.5516,0,0,true,0,correct_route
SV,0.3,S4,0.5,36,an_080,true,4.5516,true,7,4.5516,0,0,true,0,correct_route
SV,0.3,S4,0.5,36,an_mode,true,4.5516,true,7,4.5516,0,0,true,0,correct_route
SV,0.3,S4,0.5,37,distance,true,3.7026,true,7,3.7026,69.028,0.3,true,0,correct_route
SV,0.3,S4,0.5,37,proposed_050,true,3.7026,true,7,3.7026,69.028,0.3,true,0,correct_route
SV,0.3,S4,0.5,37,proposed_mode,true,3.7026,true,7,3.7026,69.028,0.3,true,0,correct_route
SV,0.3,S4,0.5,37,an_080,true,3.7026,true,7,3.7026,69.028,0.3,true,0,correct_route
SV,0.3,S4,0.5,37,an_mode,true,3.7026,true,7,3.7026,69.028,0.3,true,0,correct_route
SV,0.3,S4,0.5,38,distance,true,4.8669,true,7,4.8669,0,0,true,0,correct_route
SV,0.3,S4,0.5,38,proposed_050,true,4.8669,true,7,4.8669,0,0,true,0,correct_route
SV,0.3,S4,0.5,38,proposed_mode,true,4.8669,true,7,4.8669,0,0,true,0,correct_route
SV,0.3,S4,0.5,38,an_080,true,4.8669,true,7,4.8669,0,0,true,0,correct_route
SV,0.3,S4,0.5,38,an_mode,true,4.8669,true,7,4.8669,0,0,true,0,correct_route
SV,0.3,S4,0.5,39,distance,true,3.8945,true,3,3.8945,0,0,true,0,correct_route
SV,0.3,S4,0.5,39,proposed_050,true,3.8945,true,3,3.8945,0,0,true,0,correct_route
SV,0.3,S4,0.5,39,proposed_mode,true,3.8945,true,3,3.8945,0,0,true,0,correct_route
SV,0.3,S4,0.5,39,an_080,true,3.8945,true,3,3.8945,0,0,true,0,correct_route
SV,0.3,S4,0.5,39,an_mode,true,3.8945,true,3,3.8945,0,0,true,0,correct_route
SV,0.3,S4,0.5,40,distance,true,4.2719,true,3,4.2719,0,0,true,0,correct_route
SV,0.3,S4,0.5,40,proposed_050,true,4.2719,true,3,4.2719,0,0,true,0,correct_route
SV,0.3,S4,0.5,40,proposed_mode,true,4.2719,true,3,4.2719,0,0,true,0,correct_route
SV,0.3,S4,0.5,40,an_080,true,4.2719,true,3,4.2719,0,0,true,0,correct_route
SV,0.3,S4,0.5,40,an_mode,true,4.2719,true,3,4.2719,0,0,true,0,correct_route
LV,0.5,S4,0.5,1,distance,true,3.5648,true,9,3.5648,0,0,true,0,correct_route
LV,0.5,S4,0.5,1,proposed_050,true,3.5648,true,9,3.5648,0,0,true,0,correct_route
LV,0.5,S4,0.5,1,proposed_mode,true,3.5648,true,9,3.5648,0,0,true,0,correct_route
LV,0.5,S4,0.5,1,an_080,true,3.5648,true,9,3.5648,0,0,true,0,correct_route
LV,0.5,S4,0.5,1,an_mode,true,3.5648,true,9,3.5648,0,0,true,0,correct_route
LV,0.5,S4,0.5,2,distance,true,4.4419,true,4,4.4419,0,0,true,0,correct_route
LV,0.5,S4,0.5,2,proposed_050,true,4.4419,true,4,4.4419,0,0,true,0,correct_route
LV,0.5,S4,0.5,2,proposed_mode,true,4.4419,true,4,4.4419,0,0,true,0,correct_route
LV,0.5,S4,0.5,2,an_080,true,4.4419,true,4,4.4419,0,0,true,0,correct_route
LV,0.5,S4,0.5,2,an_mode,true,4.4419,true,4,4.4419,0,0,true,0,correct_route
LV,0.5,S4,0.5,3,distance,true,2.6507,true,9,2.6507,73.601,0.3,true,0,correct_route
LV,0.5,S4,0.5,3,proposed_050,true,2.6507,true,9,2.722,73.601,0.3,true,2.69,correct_route
LV,0.5,S4,0.5,3,proposed_mode,true,2.6507,true,9,2.722,73.601,0.3,true,2.69,correct_route
LV,0.5,S4,0.5,3,an_080,true,2.6507,true,9,2.6507,73.601,0.3,true,0,correct_route
LV,0.5,S4,0.5,3,an_mode,true,2.6507,true,9,2.6507,73.601,0.3,true,0,correct_route
LV,0.5,S4,0.5,4,distance,true,4.3464,true,4,4.3464,0,0,true,0,correct_route
LV,0.5,S4,0.5,4,proposed_050,true,4.3464,true,4,4.3464,0,0,true,0,correct_route
LV,0.5,S4,0.5,4,proposed_mode,true,4.3464,true,4,4.3464,0,0,true,0,correct_route
LV,0.5,S4,0.5,4,an_080,true,4.3464,true,4,4.3464,0,0,true,0,correct_route
LV,0.5,S4,0.5,4,an_mode,true,4.3464,true,4,4.3464,0,0,true,0,correct_route
LV,0.5,S4,0.5,5,distance,true,4.4419,true,4,4.4419,0,0,true,0,correct_route
LV,0.5,S4,0.5,5,proposed_050,true,4.4419,true,4,4.4419,0,0,true,0,correct_route
LV,0.5,S4,0.5,5,proposed_mode,true,4.4419,true,4,4.4419,0,0,true,0,correct_route
LV,0.5,S4,0.5,5,an_080,true,4.4419,true,4,4.4419,0,0,true,0,correct_route
LV,0.5,S4,0.5,5,an_mode,true,4.4419,true,4,4.4419,0,0,true,0,correct_route
LV,0.5,S4,0.5,6,distance,true,0.7045,true,4,0.7045,0,0,true,0,correct_route
LV,0.5,S4,0.5,6,proposed_050,true,0.7045,true,4,0.7045,0,0,true,0,correct_route
LV,0.5,S4,0.5,6,proposed_mode,true,0.7045,true,4,0.7045,0,0,true,0,correct_route
LV,0.5,S4,0.5,6,an_080,true,0.7045,true,4,0.7045,0,0,true,0,correct_route
LV,0.5,S4,0.5,6,an_mode,true,0.7045,true,4,0.7045,0,0,true,0,correct_route
LV,0.5,S4,0.5,7,distance,true,2.4584,true,8,2.4584,0,0,true,0,correct_route
LV,0.5,S4,0.5,7,proposed_050,true,2.4584,true,8,2.4584,0,0,true,0,correct_route
LV,0.5,S4,0.5,7,proposed_mode,true,2.4584,true,8,2.4584,0,0,true,0,correct_route
LV,0.5,S4,0.5,7,an_080,true,2.4584,true,8,2.4584,0,0,true,0,correct_route
LV,0.5,S4,0.5,7,an_mode,true,2.4584,true,8,2.4584,0,0,true,0,correct_route
LV,0.5,S4,0.5,8,distance,true,2.2256,true,4,2.2256,0,0,true,0,correct_route
LV,0.5,S4,0.5,8,proposed_050,true,2.2256,true,4,2.2256,0,0,true,0,correct_route
LV,0.5,S4,0.5,8,proposed_mode,true,2.2256,true,4,2.2256,0,0,true,0,correct_route
LV,0.5,S4,0.5,8,an_080,true,2.2256,true,4,2.2256,0,0,true,0,correct_route
LV,0.5,S4,0.5,8,an_mode,true,2.2256,true,4,2.2256,0,0,true,0,correct_route
LV,0.5,S4,0.5,9,distance,true,2.2269,true,8,2.2269,0,0,true,0,correct_route
LV,0.5,S4,0.5,9,proposed_050,true,2.2269,true,8,2.2269,0,0,true,0,correct_route
LV,0.5,S4,0.5,9,proposed_mode,true,2.2269,true,8,2.2269,0,0,true,0,correct_route
LV,0.5,S4,0.5,9,an_080,true,2.2269,true,8,2.2269,0,0,true,0,correct_route
LV,0.5,S4,0.5,9,an_mode,true,2.2269,true,8,2.2269,0,0,true,0,correct_route
LV,0.5,S4,0.5,10,distance,true,0.7573,true,9,0.7573,98.171,0.3,true,0,correct_route
LV,0.5,S4,0.5,10,proposed_050,true,0.7573,true,9,0.7573,98.171,0.3,true,0,correct_route
LV,0.5,S4,0.5,10,proposed_mode,true,0.7573,true,9,0.7573,98.171,0.3,true,0,correct_route
LV,0.5,S4,0.5,10,an_080,true,0.7573,true,9,0.7573,98.171,0.3,true,0,correct_route
LV,0.5,S4,0.5,10,an_mode,true,0.7573,true,9,0.7573,98.171,0.3,true,0,correct_route
LV,0.5,S4,0.5,11,distance,true,5.077,true,4,5.077,0,0,true,0,correct_route
LV,0.5,S4,0.5,11,proposed_050,true,5.077,true,4,5.077,0,0,true,0,correct_route
LV,0.5,S4,0.5,11,proposed_mode,true,5.077,true,4,5.077,0,0,true,0,correct_route
LV,0.5,S4,0.5,11,an_080,true,5.077,true,4,5.077,0,0,true,0,correct_route
LV,0.5,S4,0.5,11,an_mode,true,5.077,true,4,5.077,0,0,true,0,correct_route
LV,0.5,S4,0.5,12,distance,true,4.8102,true,8,4.8102,0,0,true,0,correct_route
LV,0.5,S4,0.5,12,proposed_050,true,4.8102,true,8,4.8102,0,0,true,0,correct_route
LV,0.5,S4,0.5,12,proposed_mode,true,4.8102,true,8,4.8102,0,0,true,0,correct_route
LV,0.5,S4,0.5,12,an_080,true,4.8102,true,8,4.8102,0,0,true,0,correct_route
LV,0.5,S4,0.5,12,an_mode,true,4.8102,true,8,4.8102,0,0,true,0,correct_route
LV,0.5,S4,0.5,13,distance,true,5.3483,true,4,5.3483,0,0,true,0,correct_route
LV,0.5,S4,0.5,13,proposed_050,true,5.3483,true,4,5.3483,0,0,true,0,correct_route
LV,0.5,S4,0.5,13,proposed_mode,true,5.3483,true,4,5.3483,0,0,true,0,correct_route
LV,0.5,S4,0.5,13,an_080,true,5.3483,true,4,5.3483,0,0,true,0,correct_route
LV,0.5,S4,0.5,13,an_mode,true,5.3483,true,4,5.3483,0,0,true,0,correct_route
LV,0.5,S4,0.5,14,distance,true,2.2619,true,4,2.2619,0,0,true,0,correct_route
LV,0.5,S4,0.5,14,proposed_050,true,2.2619,true,4,2.2619,0,0,true,0,correct_route
LV,0.5,S4,0.5,14,proposed_mode,true,2.2619,true,4,2.2619,0,0,true,0,correct_route
LV,0.5,S4,0.5,14,an_080,true,2.2619,true,4,2.2619,0,0,true,0,correct_route
LV,0.5,S4,0.5,14,an_mode,true,2.2619,true,4,2.2619,0,0,true,0,correct_route
LV,0.5,S4,0.5,15,distance,true,3.7294,true,4,3.7294,0,0,true,0,correct_route
LV,0.5,S4,0.5,15,proposed_050,true,3.7294,true,4,3.7294,0,0,true,0,correct_route
LV,0.5,S4,0.5,15,proposed_mode,true,3.7294,true,4,3.7294,0,0,true,0,correct_route
LV,0.5,S4,0.5,15,an_080,true,3.7294,true,4,3.7294,0,0,true,0,correct_route
LV,0.5,S4,0.5,15,an_mode,true,3.7294,true,4,3.7294,0,0,true,0,correct_route
LV,0.5,S4,0.5,16,distance,true,1.4535,true,8,1.4535,0,0,true,0,correct_route
LV,0.5,S4,0.5,16,proposed_050,true,1.4535,true,8,1.4535,0,0,true,0,correct_route
LV,0.5,S4,0.5,16,proposed_mode,true,1.4535,true,8,1.4535,0,0,true,0,correct_route
LV,0.5,S4,0.5,16,an_080,true,1.4535,true,8,1.4535,0,0,true,0,correct_route
LV,0.5,S4,0.5,16,an_mode,true,1.4535,true,8,1.4535,0,0,true,0,correct_route
LV,0.5,S4,0.5,17,distance,true,4.4279,true,8,4.4279,58.982,0.3,true,0,correct_route
LV,0.5,S4,0.5,17,proposed_050,true,4.4279,true,8,4.4279,58.982,0.3,true,0,correct_route
LV,0.5,S4,0.5,17,proposed_mode,true,4.4279,true,8,4.4279,58.982,0.3,true,0,correct_route
LV,0.5,S4,0.5,17,an_080,true,4.4279,true,8,4.4279,58.982,0.3,true,0,correct_route
LV,0.5,S4,0.5,17,an_mode,true,4.4279,true,8,4.4279,58.982,0.3,true,0,correct_route
LV,0.5,S4,0.5,18,distance,true,2.343,true,8,2.343,0,0,true,0,correct_route
LV,0.5,S4,0.5,18,proposed_050,true,2.343,true,8,2.343,0,0,true,0,correct_route
LV,0.5,S4,0.5,18,proposed_mode,true,2.343,true,8,2.343,0,0,true,0,correct_route
LV,0.5,S4,0.5,18,an_080,true,2.343,true,8,2.343,0,0,true,0,correct_route
LV,0.5,S4,0.5,18,an_mode,true,2.343,true,8,2.343,0,0,true,0,correct_route
LV,0.5,S4,0.5,19,distance,true,2.0721,true,8,2.0721,0,0,true,0,correct_route
LV,0.5,S4,0.5,19,proposed_050,true,2.0721,true,8,2.0721,0,0,true,0,correct_route
LV,0.5,S4,0.5,19,proposed_mode,true,2.0721,true,8,2.0721,0,0,true,0,correct_route
LV,0.5,S4,0.5,19,an_080,true,2.0721,true,8,2.0721,0,0,true,0,correct_route
LV,0.5,S4,0.5,19,an_mode,true,2.0721,true,8,2.0721,0,0,true,0,correct_route
LV,0.5,S4,0.5,20,distance,true,8.4103,true,7,8.4103,99.115,0.3,true,0,correct_route
LV,0.5,S4,0.5,20,proposed_050,true,8.4103,true,7,9.6348,0,0,true,14.56,correct_route
LV,0.5,S4,0.5,20,proposed_mode,true,8.4103,true,7,9.6348,0,0,true,14.56,correct_route
LV,0.5,S4,0.5,20,an_080,true,8.4103,true,7,8.4103,99.115,0.3,true,0,correct_route
LV,0.5,S4,0.5,20,an_mode,true,8.4103,true,7,8.4103,99.115,0.3,true,0,correct_route
LV,0.5,S4,0.5,21,distance,true,1.5022,true,7,1.5022,0,0,true,0,correct_route
LV,0.5,S4,0.5,21,proposed_050,true,1.5022,true,7,1.5022,0,0,true,0,correct_route
LV,0.5,S4,0.5,21,proposed_mode,true,1.5022,true,7,1.5022,0,0,true,0,correct_route
LV,0.5,S4,0.5,21,an_080,true,1.5022,true,7,1.5022,0,0,true,0,correct_route
LV,0.5,S4,0.5,21,an_mode,true,1.5022,true,7,1.5022,0,0,true,0,correct_route
LV,0.5,S4,0.5,22,distance,true,2.2373,true,7,2.2373,0,0,true,0,correct_route
LV,0.5,S4,0.5,22,proposed_050,true,2.2373,true,7,2.2373,0,0,true,0,correct_route
LV,0.5,S4,0.5,22,proposed_mode,true,2.2373,true,7,2.2373,0,0,true,0,correct_route
LV,0.5,S4,0.5,22,an_080,true,2.2373,true,7,2.2373,0,0,true,0,correct_route
LV,0.5,S4,0.5,22,an_mode,true,2.2373,true,7,2.2373,0,0,true,0,correct_route
LV,0.5,S4,0.5,23,distance,true,5.7136,true,7,5.7136,114.87,0.3,true,0,correct_route
LV,0.5,S4,0.5,23,proposed_050,true,5.7136,true,7,5.7221,118.625,0.3,true,0.148,correct_route
LV,0.5,S4,0.5,23,proposed_mode,true,5.7136,true,7,5.7221,118.625,0.3,true,0.148,correct_route
LV,0.5,S4,0.5,23,an_080,true,5.7136,true,7,5.7221,118.625,0.3,true,0.148,correct_route
LV,0.5,S4,0.5,23,an_mode,true,5.7136,true,7,5.7221,118.625,0.3,true,0.148,correct_route
LV,0.5,S4,0.5,24,distance,true,3.7965,true,7,3.7965,0,0,true,0,correct_route
LV,0.5,S4,0.5,24,proposed_050,true,3.7965,true,7,3.7965,0,0,true,0,correct_route
LV,0.5,S4,0.5,24,proposed_mode,true,3.7965,true,7,3.7965,0,0,true,0,correct_route
LV,0.5,S4,0.5,24,an_080,true,3.7965,true,7,3.7965,0,0,true,0,correct_route
LV,0.5,S4,0.5,24,an_mode,true,3.7965,true,7,3.7965,0,0,true,0,correct_route
LV,0.5,S4,0.5,25,distance,true,2.019,true,5,2.019,0,0,true,0,correct_route
LV,0.5,S4,0.5,25,proposed_050,true,2.019,true,5,2.019,0,0,true,0,correct_route
LV,0.5,S4,0.5,25,proposed_mode,true,2.019,true,5,2.019,0,0,true,0,correct_route
LV,0.5,S4,0.5,25,an_080,true,2.019,true,5,2.019,0,0,true,0,correct_route
LV,0.5,S4,0.5,25,an_mode,true,2.019,true,5,2.019,0,0,true,0,correct_route
LV,0.5,S4,0.5,26,distance,true,1.0687,true,5,1.0687,0,0,true,0,correct_route
LV,0.5,S4,0.5,26,proposed_050,true,1.0687,true,5,1.0687,0,0,true,0,correct_route
LV,0.5,S4,0.5,26,proposed_mode,true,1.0687,true,5,1.0687,0,0,true,0,correct_route
LV,0.5,S4,0.5,26,an_080,true,1.0687,true,5,1.0687,0,0,true,0,correct_route
LV,0.5,S4,0.5,26,an_mode,true,1.0687,true,5,1.0687,0,0,true,0,correct_route
LV,0.5,S4,0.5,27,distance,true,2.187,true,3,2.187,0,0,true,0,correct_route
LV,0.5,S4,0.5,27,proposed_050,true,2.187,true,3,2.187,0,0,true,0,correct_route
LV,0.5,S4,0.5,27,proposed_mode,true,2.187,true,3,2.187,0,0,true,0,correct_route
LV,0.5,S4,0.5,27,an_080,true,2.187,true,3,2.187,0,0,true,0,correct_route
LV,0.5,S4,0.5,27,an_mode,true,2.187,true,3,2.187,0,0,true,0,correct_route
LV,0.5,S4,0.5,28,distance,true,3.3577,true,7,3.3577,0,0,true,0,correct_route
LV,0.5,S4,0.5,28,proposed_050,true,3.3577,true,7,3.3577,0,0,true,0,correct_route
LV,0.5,S4,0.5,28,proposed_mode,true,3.3577,true,7,3.3577,0,0,true,0,correct_route
LV,0.5,S4,0.5,28,an_080,true,3.3577,true,7,3.3577,0,0,true,0,correct_route
LV,0.5,S4,0.5,28,an_mode,true,3.3577,true,7,3.3577,0,0,true,0,correct_route
LV,0.5,S4,0.5,29,distance,true,5.5354,true,7,5.5354,0,0,true,0,correct_route
LV,0.5,S4,0.5,29,proposed_050,true,5.5354,true,7,5.5354,0,0,true,0,correct_route
LV,0.5,S4,0.5,29,proposed_mode,true,5.5354,true,7,5.5354,0,0,true,0,correct_route
LV,0.5,S4,0.5,29,an_080,true,5.5354,true,7,5.5354,0,0,true,0,correct_route
LV,0.5,S4,0.5,29,an_mode,true,5.5354,true,7,5.5354,0,0,true,0,correct_route
LV,0.5,S4,0.5,30,distance,true,2.6793,true,3,2.6793,65.282,0.3,true,0,correct_route
LV,0.5,S4,0.5,30,proposed_050,true,2.6793,true,3,2.6793,65.282,0.3,true,0,correct_route
LV,0.5,S4,0.5,30,proposed_mode,true,2.6793,true,3,2.6793,65.282,0.3,true,0,correct_route
LV,0.5,S4,0.5,30,an_080,true,2.6793,true,3,2.6793,65.282,0.3,true,0,correct_route
LV,0.5,S4,0.5,30,an_mode,true,2.6793,true,3,2.6793,65.282,0.3,true,0,correct_route
LV,0.5,S4,0.5,31,distance,true,3.5175,true,7,3.5175,0,0,true,0,correct_route
LV,0.5,S4,0.5,31,proposed_050,true,3.5175,true,7,3.5175,0,0,true,0,correct_route
LV,0.5,S4,0.5,31,proposed_mode,true,3.5175,true,7,3.5175,0,0,true,0,correct_route
LV,0.5,S4,0.5,31,an_080,true,3.5175,true,7,3.5175,0,0,true,0,correct_route
LV,0.5,S4,0.5,31,an_mode,true,3.5175,true,7,3.5175,0,0,true,0,correct_route
LV,0.5,S4,0.5,32,distance,true,1.5916,true,3,1.5916,0,0,true,0,correct_route
LV,0.5,S4,0.5,32,proposed_050,true,1.5916,true,3,1.5916,0,0,true,0,correct_route
LV,0.5,S4,0.5,32,proposed_mode,true,1.5916,true,3,1.5916,0,0,true,0,correct_route
LV,0.5,S4,0.5,32,an_080,true,1.5916,true,3,1.5916,0,0,true,0,correct_route
LV,0.5,S4,0.5,32,an_mode,true,1.5916,true,3,1.5916,0,0,true,0,correct_route
LV,0.5,S4,0.5,33,distance,true,2.2529,true,7,2.2529,0,0,true,0,correct_route
LV,0.5,S4,0.5,33,proposed_050,true,2.2529,true,7,2.2529,0,0,true,0,correct_route
LV,0.5,S4,0.5,33,proposed_mode,true,2.2529,true,7,2.2529,0,0,true,0,correct_route
LV,0.5,S4,0.5,33,an_080,true,2.2529,true,7,2.2529,0,0,true,0,correct_route
LV,0.5,S4,0.5,33,an_mode,true,2.2529,true,7,2.2529,0,0,true,0,correct_route
LV,0.5,S4,0.5,34,distance,true,1.9227,true,7,1.9227,0,0,true,0,correct_route
LV,0.5,S4,0.5,34,proposed_050,true,1.9227,true,7,1.9227,0,0,true,0,correct_route
LV,0.5,S4,0.5,34,proposed_mode,true,1.9227,true,7,1.9227,0,0,true,0,correct_route
LV,0.5,S4,0.5,34,an_080,true,1.9227,true,7,1.9227,0,0,true,0,correct_route
LV,0.5,S4,0.5,34,an_mode,true,1.9227,true,7,1.9227,0,0,true,0,correct_route
LV,0.5,S4,0.5,35,distance,true,3.6916,true,7,3.6916,0,0,true,0,correct_route
LV,0.5,S4,0.5,35,proposed_050,true,3.6916,true,7,3.6916,0,0,true,0,correct_route
LV,0.5,S4,0.5,35,proposed_mode,true,3.6916,true,7,3.6916,0,0,true,0,correct_route
LV,0.5,S4,0.5,35,an_080,true,3.6916,true,7,3.6916,0,0,true,0,correct_route
LV,0.5,S4,0.5,35,an_mode,true,3.6916,true,7,3.6916,0,0,true,0,correct_route
LV,0.5,S4,0.5,36,distance,true,4.5516,true,7,4.5516,0,0,true,0,correct_route
LV,0.5,S4,0.5,36,proposed_050,true,4.5516,true,7,4.5516,0,0,true,0,correct_route
LV,0.5,S4,0.5,36,proposed_mode,true,4.5516,true,7,4.5516,0,0,true,0,correct_route
LV,0.5,S4,0.5,36,an_080,true,4.5516,true,7,4.5516,0,0,true,0,correct_route
LV,0.5,S4,0.5,36,an_mode,true,4.5516,true,7,4.5516,0,0,true,0,correct_route
LV,0.5,S4,0.5,37,distance,true,3.7026,true,7,3.7026,69.028,0.3,true,0,correct_route
LV,0.5,S4,0.5,37,proposed_050,true,3.7026,true,7,3.7026,69.028,0.3,true,0,correct_route
LV,0.5,S4,0.5,37,proposed_mode,true,3.7026,true,7,3.7026,69.028,0.3,true,0,correct_route
LV,0.5,S4,0.5,37,an_080,true,3.7026,true,7,3.7026,69.028,0.3,true,0,correct_route
LV,0.5,S4,0.5,37,an_mode,true,3.7026,true,7,3.7026,69.028,0.3,true,0,correct_route
LV,0.5,S4,0.5,38,distance,true,4.8669,true,7,4.8669,0,0,true,0,correct_route
LV,0.5,S4,0.5,38,proposed_050,true,4.8669,true,7,4.8669,0,0,true,0,correct_route
LV,0.5,S4,0.5,38,proposed_mode,true,4.8669,true,7,4.8669,0,0,true,0,correct_route
LV,0.5,S4,0.5,38,an_080,true,4.8669,true,7,4.8669,0,0,true,0,correct_route
LV,0.5,S4,0.5,38,an_mode,true,4.8669,true,7,4.8669,0,0,true,0,correct_route
LV,0.5,S4,0.5,39,distance,true,3.8945,true,3,3.8945,0,0,true,0,correct_route
LV,0.5,S4,0.5,39,proposed_050,true,3.8945,true,3,3.8945,0,0,true,0,correct_route
LV,0.5,S4,0.5,39,proposed_mode,true,3.8945,true,3,3.8945,0,0,true,0,correct_route
LV,0.5,S4,0.5,39,an_080,true,3.8945,true,3,3.8945,0,0,true,0,correct_route
LV,0.5,S4,0.5,39,an_mode,true,3.8945,true,3,3.8945,0,0,true,0,correct_route
LV,0.5,S4,0.5,40,distance,true,4.2719,true,3,4.2719,0,0,true,0,correct_route
LV,0.5,S4,0.5,40,proposed_050,true,4.2719,true,3,4.2719,0,0,true,0,correct_route
LV,0.5,S4,0.5,40,proposed_mode,true,4.2719,true,3,4.2719,0,0,true,0,correct_route
LV,0.5,S4,0.5,40,an_080,true,4.2719,true,3,4.2719,0,0,true,0,correct_route
LV,0.5,S4,0.5,40,an_mode,true,4.2719,true,3,4.2719,0,0,true,0,correct_route
AD,1.2,S4,0.5,1,distance,true,3.5648,true,9,3.5648,0,0,true,0,correct_route
AD,1.2,S4,0.5,1,proposed_050,true,3.5648,true,9,3.5648,0,0,true,0,correct_route
AD,1.2,S4,0.5,1,proposed_mode,true,3.5648,true,9,3.5648,0,0,true,0,correct_route
AD,1.2,S4,0.5,1,an_080,true,3.5648,true,9,3.5648,0,0,true,0,correct_route
AD,1.2,S4,0.5,1,an_mode,true,3.5648,true,9,3.5648,0,0,true,0,correct_route
AD,1.2,S4,0.5,2,distance,true,4.4419,true,4,4.4419,0,0,true,0,correct_route
AD,1.2,S4,0.5,2,proposed_050,true,4.4419,true,4,4.4419,0,0,true,0,correct_route
AD,1.2,S4,0.5,2,proposed_mode,true,4.4419,true,4,4.4419,0,0,true,0,correct_route
AD,1.2,S4,0.5,2,an_080,true,4.4419,true,4,4.4419,0,0,true,0,correct_route
AD,1.2,S4,0.5,2,an_mode,true,4.4419,true,4,4.4419,0,0,true,0,correct_route
AD,1.2,S4,0.5,3,distance,true,2.6507,true,9,2.6507,73.601,0.3,true,0,correct_route
AD,1.2,S4,0.5,3,proposed_050,true,2.6507,true,9,2.722,73.601,0.3,true,2.69,correct_route
AD,1.2,S4,0.5,3,proposed_mode,true,2.6507,true,9,2.722,73.601,0.3,true,2.69,correct_route
AD,1.2,S4,0.5,3,an_080,true,2.6507,true,9,2.6507,73.601,0.3,true,0,correct_route
AD,1.2,S4,0.5,3,an_mode,true,2.6507,true,9,2.6507,73.601,0.3,true,0,correct_route
AD,1.2,S4,0.5,4,distance,true,4.3464,true,4,4.3464,0,0,true,0,correct_route
AD,1.2,S4,0.5,4,proposed_050,true,4.3464,true,4,4.3464,0,0,true,0,correct_route
AD,1.2,S4,0.5,4,proposed_mode,true,4.3464,true,4,4.3464,0,0,true,0,correct_route
AD,1.2,S4,0.5,4,an_080,true,4.3464,true,4,4.3464,0,0,true,0,correct_route
AD,1.2,S4,0.5,4,an_mode,true,4.3464,true,4,4.3464,0,0,true,0,correct_route
AD,1.2,S4,0.5,5,distance,true,4.4419,true,4,4.4419,0,0,true,0,correct_route
AD,1.2,S4,0.5,5,proposed_050,true,4.4419,true,4,4.4419,0,0,true,0,correct_route
AD,1.2,S4,0.5,5,proposed_mode,true,4.4419,true,4,4.4419,0,0,true,0,correct_route
AD,1.2,S4,0.5,5,an_080,true,4.4419,true,4,4.4419,0,0,true,0,correct_route
AD,1.2,S4,0.5,5,an_mode,true,4.4419,true,4,4.4419,0,0,true,0,correct_route
AD,1.2,S4,0.5,6,distance,true,0.7045,true,4,0.7045,0,0,true,0,correct_route
AD,1.2,S4,0.5,6,proposed_050,true,0.7045,true,4,0.7045,0,0,true,0,correct_route
AD,1.2,S4,0.5,6,proposed_mode,true,0.7045,true,4,0.7045,0,0,true,0,correct_route
AD,1.2,S4,0.5,6,an_080,true,0.7045,true,4,0.7045,0,0,true,0,correct_route
AD,1.2,S4,0.5,6,an_mode,true,0.7045,true,4,0.7045,0,0,true,0,correct_route
AD,1.2,S4,0.5,7,distance,true,2.4584,true,8,2.4584,0,0,true,0,correct_route
AD,1.2,S4,0.5,7,proposed_050,true,2.4584,true,8,2.4584,0,0,true,0,correct_route
AD,1.2,S4,0.5,7,proposed_mode,true,2.4584,true,8,2.4584,0,0,true,0,correct_route
AD,1.2,S4,0.5,7,an_080,true,2.4584,true,8,2.4584,0,0,true,0,correct_route
AD,1.2,S4,0.5,7,an_mode,true,2.4584,true,8,2.4584,0,0,true,0,correct_route
AD,1.2,S4,0.5,8,distance,true,2.2256,true,4,2.2256,0,0,true,0,correct_route
AD,1.2,S4,0.5,8,proposed_050,true,2.2256,true,4,2.2256,0,0,true,0,correct_route
AD,1.2,S4,0.5,8,proposed_mode,true,2.2256,true,4,2.2256,0,0,true,0,correct_route
AD,1.2,S4,0.5,8,an_080,true,2.2256,true,4,2.2256,0,0,true,0,correct_route
AD,1.2,S4,0.5,8,an_mode,true,2.2256,true,4,2.2256,0,0,true,0,correct_route
AD,1.2,S4,0.5,9,distance,true,2.2269,true,8,2.2269,0,0,true,0,correct_route
AD,1.2,S4,0.5,9,proposed_050,true,2.2269,true,8,2.2269,0,0,true,0,correct_route
AD,1.2,S4,0.5,9,proposed_mode,true,2.2269,true,8,2.2269,0,0,true,0,correct_route
AD,1.2,S4,0.5,9,an_080,true,2.2269,true,8,2.2269,0,0,true,0,correct_route
AD,1.2,S4,0.5,9,an_mode,true,2.2269,true,8,2.2269,0,0,true,0,correct_route
AD,1.2,S4,0.5,10,distance,true,0.7573,true,9,0.7573,98.171,0.3,true,0,correct_route
AD,1.2,S4,0.5,10,proposed_050,true,0.7573,true,9,0.7573,98.171,0.3,true,0,correct_route
AD,1.2,S4,0.5,10,proposed_mode,true,0.7573,true,9,0.7573,98.171,0.3,true,0,correct_route
AD,1.2,S4,0.5,10,an_080,true,0.7573,true,9,0.7573,98.171,0.3,true,0,correct_route
AD,1.2,S4,0.5,10,an_mode,true,0.7573,true,9,0.7573,98.171,0.3,true,0,correct_route
AD,1.2,S4,0.5,11,distance,true,5.077,true,4,5.077,0,0,true,0,correct_route
AD,1.2,S4,0.5,11,proposed_050,true,5.077,true,4,5.077,0,0,true,0,correct_route
AD,1.2,S4,0.5,11,proposed_mode,true,5.077,true,4,5.077,0,0,true,0,correct_route
AD,1.2,S4,0.5,11,an_080,true,5.077,true,4,5.077,0,0,true,0,correct_route
AD,1.2,S4,0.5,11,an_mode,true,5.077,true,4,5.077,0,0,true,0,correct_route
AD,1.2,S4,0.5,12,distance,true,4.8102,true,8,4.8102,0,0,true,0,correct_route
AD,1.2,S4,0.5,12,proposed_050,true,4.8102,true,8,4.8102,0,0,true,0,correct_route
AD,1.2,S4,0.5,12,proposed_mode,true,4.8102,true,8,4.8102,0,0,true,0,correct_route
AD,1.2,S4,0.5,12,an_080,true,4.8102,true,8,4.8102,0,0,true,0,correct_route
AD,1.2,S4,0.5,12,an_mode,true,4.8102,true,8,4.8102,0,0,true,0,correct_route
AD,1.2,S4,0.5,13,distance,true,5.3483,true,4,5.3483,0,0,true,0,correct_route
AD,1.2,S4,0.5,13,proposed_050,true,5.3483,true,4,5.3483,0,0,true,0,correct_route
AD,1.2,S4,0.5,13,proposed_mode,true,5.3483,true,4,5.3483,0,0,true,0,correct_route
AD,1.2,S4,0.5,13,an_080,true,5.3483,true,4,5.3483,0,0,true,0,correct_route
AD,1.2,S4,0.5,13,an_mode,true,5.3483,true,4,5.3483,0,0,true,0,correct_route
AD,1.2,S4,0.5,14,distance,true,2.2619,true,4,2.2619,0,0,true,0,correct_route
AD,1.2,S4,0.5,14,proposed_050,true,2.2619,true,4,2.2619,0,0,true,0,correct_route
AD,1.2,S4,0.5,14,proposed_mode,true,2.2619,true,4,2.2619,0,0,true,0,correct_route
AD,1.2,S4,0.5,14,an_080,true,2.2619,true,4,2.2619,0,0,true,0,correct_route
AD,1.2,S4,0.5,14,an_mode,true,2.2619,true,4,2.2619,0,0,true,0,correct_route
AD,1.2,S4,0.5,15,distance,true,3.7294,true,4,3.7294,0,0,true,0,correct_route
AD,1.2,S4,0.5,15,proposed_050,true,3.7294,true,4,3.7294,0,0,true,0,correct_route
AD,1.2,S4,0.5,15,proposed_mode,true,3.7294,true,4,3.7294,0,0,true,0,correct_route
AD,1.2,S4,0.5,15,an_080,true,3.7294,true,4,3.7294,0,0,true,0,correct_route
AD,1.2,S4,0.5,15,an_mode,true,3.7294,true,4,3.7294,0,0,true,0,correct_route
AD,1.2,S4,0.5,16,distance,true,1.4535,true,8,1.4535,0,0,true,0,correct_route
AD,1.2,S4,0.5,16,proposed_050,true,1.4535,true,8,1.4535,0,0,true,0,correct_route
AD,1.2,S4,0.5,16,proposed_mode,true,1.4535,true,8,1.4535,0,0,true,0,correct_route
AD,1.2,S4,0.5,16,an_080,true,1.4535,true,8,1.4535,0,0,true,0,correct_route
AD,1.2,S4,0.5,16,an_mode,true,1.4535,true,8,1.4535,0,0,true,0,correct_route
AD,1.2,S4,0.5,17,distance,true,4.4279,true,8,4.4279,58.982,0.3,true,0,correct_route
AD,1.2,S4,0.5,17,proposed_050,true,4.4279,true,8,4.4279,58.982,0.3,true,0,correct_route
AD,1.2,S4,0.5,17,proposed_mode,true,4.4279,true,8,4.4279,58.982,0.3,true,0,correct_route
AD,1.2,S4,0.5,17,an_080,true,4.4279,true,8,4.4279,58.982,0.3,true,0,correct_route
AD,1.2,S4,0.5,17,an_mode,true,4.4279,true,8,4.4279,58.982,0.3,true,0,correct_route
AD,1.2,S4,0.5,18,distance,true,2.343,true,8,2.343,0,0,true,0,correct_route
AD,1.2,S4,0.5,18,proposed_050,true,2.343,true,8,2.343,0,0,true,0,correct_route
AD,1.2,S4,0.5,18,proposed_mode,true,2.343,true,8,2.343,0,0,true,0,correct_route
AD,1.2,S4,0.5,18,an_080,true,2.343,true,8,2.343,0,0,true,0,correct_route
AD,1.2,S4,0.5,18,an_mode,true,2.343,true,8,2.343,0,0,true,0,correct_route
AD,1.2,S4,0.5,19,distance,true,2.0721,true,8,2.0721,0,0,true,0,correct_route
AD,1.2,S4,0.5,19,proposed_050,true,2.0721,true,8,2.0721,0,0,true,0,correct_route
AD,1.2,S4,0.5,19,proposed_mode,true,2.0721,true,8,2.0721,0,0,true,0,correct_route
AD,1.2,S4,0.5,19,an_080,true,2.0721,true,8,2.0721,0,0,true,0,correct_route
AD,1.2,S4,0.5,19,an_mode,true,2.0721,true,8,2.0721,0,0,true,0,correct_route
AD,1.2,S4,0.5,20,distance,true,8.4103,true,7,8.4103,99.115,0.3,true,0,correct_route
AD,1.2,S4,0.5,20,proposed_050,true,8.4103,true,7,9.6348,0,0,true,14.56,correct_route
AD,1.2,S4,0.5,20,proposed_mode,true,8.4103,true,7,9.6348,0,0,true,14.56,correct_route
AD,1.2,S4,0.5,20,an_080,true,8.4103,true,7,8.4103,99.115,0.3,true,0,correct_route
AD,1.2,S4,0.5,20,an_mode,true,8.4103,true,7,8.4103,99.115,0.3,true,0,correct_route
AD,1.2,S4,0.5,21,distance,true,1.5022,true,7,1.5022,0,0,true,0,correct_route
AD,1.2,S4,0.5,21,proposed_050,true,1.5022,true,7,1.5022,0,0,true,0,correct_route
AD,1.2,S4,0.5,21,proposed_mode,true,1.5022,true,7,1.5022,0,0,true,0,correct_route
AD,1.2,S4,0.5,21,an_080,true,1.5022,true,7,1.5022,0,0,true,0,correct_route
AD,1.2,S4,0.5,21,an_mode,true,1.5022,true,7,1.5022,0,0,true,0,correct_route
AD,1.2,S4,0.5,22,distance,true,2.2373,true,7,2.2373,0,0,true,0,correct_route
AD,1.2,S4,0.5,22,proposed_050,true,2.2373,true,7,2.2373,0,0,true,0,correct_route
AD,1.2,S4,0.5,22,proposed_mode,true,2.2373,true,7,2.2373,0,0,true,0,correct_route
AD,1.2,S4,0.5,22,an_080,true,2.2373,true,7,2.2373,0,0,true,0,correct_route
AD,1.2,S4,0.5,22,an_mode,true,2.2373,true,7,2.2373,0,0,true,0,correct_route
AD,1.2,S4,0.5,23,distance,true,5.7136,true,7,5.7136,114.87,0.3,true,0,correct_route
AD,1.2,S4,0.5,23,proposed_050,true,5.7136,true,7,5.7221,118.625,0.3,true,0.148,correct_route
AD,1.2,S4,0.5,23,proposed_mode,true,5.7136,true,7,5.7221,118.625,0.3,true,0.148,correct_route
AD,1.2,S4,0.5,23,an_080,true,5.7136,true,7,5.7221,118.625,0.3,true,0.148,correct_route
AD,1.2,S4,0.5,23,an_mode,true,5.7136,true,7,5.7221,118.625,0.3,true,0.148,correct_route
AD,1.2,S4,0.5,24,distance,true,3.7965,true,7,3.7965,0,0,true,0,correct_route
AD,1.2,S4,0.5,24,proposed_050,true,3.7965,true,7,3.7965,0,0,true,0,correct_route
AD,1.2,S4,0.5,24,proposed_mode,true,3.7965,true,7,3.7965,0,0,true,0,correct_route
AD,1.2,S4,0.5,24,an_080,true,3.7965,true,7,3.7965,0,0,true,0,correct_route
AD,1.2,S4,0.5,24,an_mode,true,3.7965,true,7,3.7965,0,0,true,0,correct_route
AD,1.2,S4,0.5,25,distance,true,2.019,true,5,2.019,0,0,true,0,correct_route
AD,1.2,S4,0.5,25,proposed_050,true,2.019,true,5,2.019,0,0,true,0,correct_route
AD,1.2,S4,0.5,25,proposed_mode,true,2.019,true,5,2.019,0,0,true,0,correct_route
AD,1.2,S4,0.5,25,an_080,true,2.019,true,5,2.019,0,0,true,0,correct_route
AD,1.2,S4,0.5,25,an_mode,true,2.019,true,5,2.019,0,0,true,0,correct_route
AD,1.2,S4,0.5,26,distance,true,1.0687,true,5,1.0687,0,0,true,0,correct_route
AD,1.2,S4,0.5,26,proposed_050,true,1.0687,true,5,1.0687,0,0,true,0,correct_route
AD,1.2,S4,0.5,26,proposed_mode,true,1.0687,true,5,1.0687,0,0,true,0,correct_route
AD,1.2,S4,0.5,26,an_080,true,1.0687,true,5,1.0687,0,0,true,0,correct_route
AD,1.2,S4,0.5,26,an_mode,true,1.0687,true,5,1.0687,0,0,true,0,correct_route
AD,1.2,S4,0.5,27,distance,true,2.187,true,3,2.187,0,0,true,0,correct_route
AD,1.2,S4,0.5,27,proposed_050,true,2.187,true,3,2.187,0,0,true,0,correct_route
AD,1.2,S4,0.5,27,proposed_mode,true,2.187,true,3,2.187,0,0,true,0,correct_route
AD,1.2,S4,0.5,27,an_080,true,2.187,true,3,2.187,0,0,true,0,correct_route
AD,1.2,S4,0.5,27,an_mode,true,2.187,true,3,2.187,0,0,true,0,correct_route
AD,1.2,S4,0.5,28,distance,true,3.3577,true,7,3.3577,0,0,true,0,correct_route
AD,1.2,S4,0.5,28,proposed_050,true,3.3577,true,7,3.3577,0,0,true,0,correct_route
AD,1.2,S4,0.5,28,proposed_mode,true,3.3577,true,7,3.3577,0,0,true,0,correct_route
AD,1.2,S4,0.5,28,an_080,true,3.3577,true,7,3.3577,0,0,true,0,correct_route
AD,1.2,S4,0.5,28,an_mode,true,3.3577,true,7,3.3577,0,0,true,0,correct_route
AD,1.2,S4,0.5,29,distance,true,5.5354,true,7,5.5354,0,0,true,0,correct_route
AD,1.2,S4,0.5,29,proposed_050,true,5.5354,true,7,5.5354,0,0,true,0,correct_route
AD,1.2,S4,0.5,29,proposed_mode,true,5.5354,true,7,5.5354,0,0,true,0,correct_route
AD,1.2,S4,0.5,29,an_080,true,5.5354,true,7,5.5354,0,0,true,0,correct_route
AD,1.2,S4,0.5,29,an_mode,true,5.5354,true,7,5.5354,0,0,true,0,correct_route
AD,1.2,S4,0.5,30,distance,true,2.6793,true,3,2.6793,65.282,0.3,true,0,correct_route
AD,1.2,S4,0.5,30,proposed_050,true,2.6793,true,3,2.6793,65.282,0.3,true,0,correct_route
AD,1.2,S4,0.5,30,proposed_mode,true,2.6793,true,3,2.6793,65.282,0.3,true,0,correct_route
AD,1.2,S4,0.5,30,an_080,true,2.6793,true,3,2.6793,65.282,0.3,true,0,correct_route
AD,1.2,S4,0.5,30,an_mode,true,2.6793,true,3,2.6793,65.282,0.3,true,0,correct_route
AD,1.2,S4,0.5,31,distance,true,3.5175,true,7,3.5175,0,0,true,0,correct_route
AD,1.2,S4,0.5,31,proposed_050,true,3.5175,true,7,3.5175,0,0,true,0,correct_route
AD,1.2,S4,0.5,31,proposed_mode,true,3.5175,true,7,3.5175,0,0,true,0,correct_route
AD,1.2,S4,0.5,31,an_080,true,3.5175,true,7,3.5175,0,0,true,0,correct_route
AD,1.2,S4,0.5,31,an_mode,true,3.5175,true,7,3.5175,0,0,true,0,correct_route
AD,1.2,S4,0.5,32,distance,true,1.5916,true,3,1.5916,0,0,true,0,correct_route
AD,1.2,S4,0.5,32,proposed_050,true,1.5916,true,3,1.5916,0,0,true,0,correct_route
AD,1.2,S4,0.5,32,proposed_mode,true,1.5916,true,3,1.5916,0,0,true,0,correct_route
AD,1.2,S4,0.5,32,an_080,true,1.5916,true,3,1.5916,0,0,true,0,correct_route
AD,1.2,S4,0.5,32,an_mode,true,1.5916,true,3,1.5916,0,0,true,0,correct_route
AD,1.2,S4,0.5,33,distance,true,2.2529,true,7,2.2529,0,0,true,0,correct_route
AD,1.2,S4,0.5,33,proposed_050,true,2.2529,true,7,2.2529,0,0,true,0,correct_route
AD,1.2,S4,0.5,33,proposed_mode,true,2.2529,true,7,2.2529,0,0,true,0,correct_route
AD,1.2,S4,0.5,33,an_080,true,2.2529,true,7,2.2529,0,0,true,0,correct_route
AD,1.2,S4,0.5,33,an_mode,true,2.2529,true,7,2.2529,0,0,true,0,correct_route
AD,1.2,S4,0.5,34,distance,true,1.9227,true,7,1.9227,0,0,true,0,correct_route
AD,1.2,S4,0.5,34,proposed_050,true,1.9227,true,7,1.9227,0,0,true,0,correct_route
AD,1.2,S4,0.5,34,proposed_mode,true,1.9227,true,7,1.9227,0,0,true,0,correct_route
AD,1.2,S4,0.5,34,an_080,true,1.9227,true,7,1.9227,0,0,true,0,correct_route
AD,1.2,S4,0.5,34,an_mode,true,1.9227,true,7,1.9227,0,0,true,0,correct_route
AD,1.2,S4,0.5,35,distance,true,3.6916,true,7,3.6916,0,0,true,0,correct_route
AD,1.2,S4,0.5,35,proposed_050,true,3.6916,true,7,3.6916,0,0,true,0,correct_route
AD,1.2,S4,0.5,35,proposed_mode,true,3.6916,true,7,3.6916,0,0,true,0,correct_route
AD,1.2,S4,0.5,35,an_080,true,3.6916,true,7,3.6916,0,0,true,0,correct_route
AD,1.2,S4,0.5,35,an_mode,true,3.6916,true,7,3.6916,0,0,true,0,correct_route
AD,1.2,S4,0.5,36,distance,true,4.5516,true,7,4.5516,0,0,true,0,correct_route
AD,1.2,S4,0.5,36,proposed_050,true,4.5516,true,7,4.5516,0,0,true,0,correct_route
AD,1.2,S4,0.5,36,proposed_mode,true,4.5516,true,7,4.5516,0,0,true,0,correct_route
AD,1.2,S4,0.5,36,an_080,true,4.5516,true,7,4.5516,0,0,true,0,correct_route
AD,1.2,S4,0.5,36,an_mode,true,4.5516,true,7,4.5516,0,0,true,0,correct_route
AD,1.2,S4,0.5,37,distance,true,3.7026,true,7,3.7026,69.028,0.3,true,0,correct_route
AD,1.2,S4,0.5,37,proposed_050,true,3.7026,true,7,3.7026,69.028,0.3,true,0,correct_route
AD,1.2,S4,0.5,37,proposed_mode,true,3.7026,true,7,3.7026,69.028,0.3,true,0,correct_route
AD,1.2,S4,0.5,37,an_080,true,3.7026,true,7,3.7026,69.028,0.3,true,0,correct_route
AD,1.2,S4,0.5,37,an_mode,true,3.7026,true,7,3.7026,69.028,0.3,true,0,correct_route
AD,1.2,S4,0.5,38,distance,true,4.8669,true,7,4.8669,0,0,true,0,correct_route
AD,1.2,S4,0.5,38,proposed_050,true,4.8669,true,7,4.8669,0,0,true,0,correct_route
AD,1.2,S4,0.5,38,proposed_mode,true,4.8669,true,7,4.8669,0,0,true,0,correct_route
AD,1.2,S4,0.5,38,an_080,true,4.8669,true,7,4.8669,0,0,true,0,correct_route
AD,1.2,S4,0.5,38,an_mode,true,4.8669,true,7,4.8669,0,0,true,0,correct_route
AD,1.2,S4,0.5,39,distance,true,3.8945,true,3,3.8945,0,0,true,0,correct_route
AD,1.2,S4,0.5,39,proposed_050,true,3.8945,true,3,3.8945,0,0,true,0,correct_route
AD,1.2,S4,0.5,39,proposed_mode,true,3.8945,true,3,3.8945,0,0,true,0,correct_route
AD,1.2,S4,0.5,39,an_080,true,3.8945,true,3,3.8945,0,0,true,0,correct_route
AD,1.2,S4,0.5,39,an_mode,true,3.8945,true,3,3.8945,0,0,true,0,correct_route
AD,1.2,S4,0.5,40,distance,true,4.2719,true,3,4.2719,0,0,true,0,correct_route
AD,1.2,S4,0.5,40,proposed_050,true,4.2719,true,3,4.2719,0,0,true,0,correct_route
AD,1.2,S4,0.5,40,proposed_mode,true,4.2719,true,3,4.2719,0,0,true,0,correct_route
AD,1.2,S4,0.5,40,an_080,true,4.2719,true,3,4.2719,0,0,true,0,correct_route
AD,1.2,S4,0.5,40,an_mode,true,4.2719,true,3,4.2719,0,0,true,0,correct_route
SV,0.3,S4,0.75,1,distance,true,3.5648,true,9,3.5648,0,0,true,0,correct_route
SV,0.3,S4,0.75,1,proposed_050,true,3.5648,true,9,3.5648,0,0,true,0,correct_route
SV,0.3,S4,0.75,1,proposed_mode,true,3.5648,true,9,3.5648,0,0,true,0,correct_route
SV,0.3,S4,0.75,1,an_080,true,3.5648,true,9,3.5648,0,0,true,0,correct_route
SV,0.3,S4,0.75,1,an_mode,true,3.5648,true,9,3.5648,0,0,true,0,correct_route
SV,0.3,S4,0.75,2,distance,true,4.4419,true,4,4.4419,0,0,true,0,correct_route
SV,0.3,S4,0.75,2,proposed_050,true,4.4419,true,4,4.4419,0,0,true,0,correct_route
SV,0.3,S4,0.75,2,proposed_mode,true,4.4419,true,4,4.4419,0,0,true,0,correct_route
SV,0.3,S4,0.75,2,an_080,true,4.4419,true,4,4.4419,0,0,true,0,correct_route
SV,0.3,S4,0.75,2,an_mode,true,4.4419,true,4,4.4419,0,0,true,0,correct_route
SV,0.3,S4,0.75,3,distance,false,,true,9,2.6507,110.401,0.45,false,,missed_isolation
SV,0.3,S4,0.75,3,proposed_050,false,,true,9,2.722,110.401,0.45,false,,missed_isolation
SV,0.3,S4,0.75,3,proposed_mode,false,,false,,,,,false,,correct_isolation
SV,0.3,S4,0.75,3,an_080,false,,true,9,2.6507,110.401,0.45,false,,missed_isolation
SV,0.3,S4,0.75,3,an_mode,false,,false,,,,,false,,correct_isolation
SV,0.3,S4,0.75,4,distance,true,4.3464,true,4,4.3464,0,0,true,0,correct_route
SV,0.3,S4,0.75,4,proposed_050,true,4.3464,true,4,4.3464,0,0,true,0,correct_route
SV,0.3,S4,0.75,4,proposed_mode,true,4.3464,true,4,4.3464,0,0,true,0,correct_route
SV,0.3,S4,0.75,4,an_080,true,4.3464,true,4,4.3464,0,0,true,0,correct_route
SV,0.3,S4,0.75,4,an_mode,true,4.3464,true,4,4.3464,0,0,true,0,correct_route
SV,0.3,S4,0.75,5,distance,true,4.4419,true,4,4.4419,0,0,true,0,correct_route
SV,0.3,S4,0.75,5,proposed_050,true,4.4419,true,4,4.4419,0,0,true,0,correct_route
SV,0.3,S4,0.75,5,proposed_mode,true,4.4419,true,4,4.4419,0,0,true,0,correct_route
SV,0.3,S4,0.75,5,an_080,true,4.4419,true,4,4.4419,0,0,true,0,correct_route
SV,0.3,S4,0.75,5,an_mode,true,4.4419,true,4,4.4419,0,0,true,0,correct_route
SV,0.3,S4,0.75,6,distance,true,0.7045,true,4,0.7045,0,0,true,0,correct_route
SV,0.3,S4,0.75,6,proposed_050,true,0.7045,true,4,0.7045,0,0,true,0,correct_route
SV,0.3,S4,0.75,6,proposed_mode,true,0.7045,true,4,0.7045,0,0,true,0,correct_route
SV,0.3,S4,0.75,6,an_080,true,0.7045,true,4,0.7045,0,0,true,0,correct_route
SV,0.3,S4,0.75,6,an_mode,true,0.7045,true,4,0.7045,0,0,true,0,correct_route
SV,0.3,S4,0.75,7,distance,true,2.4584,true,8,2.4584,0,0,true,0,correct_route
SV,0.3,S4,0.75,7,proposed_050,true,2.4584,true,8,2.4584,0,0,true,0,correct_route
SV,0.3,S4,0.75,7,proposed_mode,true,2.4584,true,8,2.4584,0,0,true,0,correct_route
SV,0.3,S4,0.75,7,an_080,true,2.4584,true,8,2.4584,0,0,true,0,correct_route
SV,0.3,S4,0.75,7,an_mode,true,2.4584,true,8,2.4584,0,0,true,0,correct_route
SV,0.3,S4,0.75,8,distance,true,2.2256,true,4,2.2256,0,0,true,0,correct_route
SV,0.3,S4,0.75,8,proposed_050,true,2.2256,true,4,2.2256,0,0,true,0,correct_route
SV,0.3,S4,0.75,8,proposed_mode,true,2.2256,true,4,2.2256,0,0,true,0,correct_route
SV,0.3,S4,0.75,8,an_080,true,2.2256,true,4,2.2256,0,0,true,0,correct_route
SV,0.3,S4,0.75,8,an_mode,true,2.2256,true,4,2.2256,0,0,true,0,correct_route
SV,0.3,S4,0.75,9,distance,true,2.2269,true,8,2.2269,0,0,true,0,correct_route
SV,0.3,S4,0.75,9,proposed_050,true,2.2269,true,8,2.2269,0,0,true,0,correct_route
SV,0.3,S4,0.75,9,proposed_mode,true,2.2269,true,8,2.2269,0,0,true,0,correct_route
SV,0.3,S4,0.75,9,an_080,true,2.2269,true,8,2.2269,0,0,true,0,correct_route
SV,0.3,S4,0.75,9,an_mode,true,2.2269,true,8,2.2269,0,0,true,0,correct_route
SV,0.3,S4,0.75,10,distance,false,,true,9,0.7573,147.257,0.45,false,,missed_isolation
SV,0.3,S4,0.75,10,proposed_050,false,,true,9,0.7573,147.257,0.45,false,,missed_isolation
SV,0.3,S4,0.75,10,proposed_mode,false,,false,,,,,false,,correct_isolation
SV,0.3,S4,0.75,10,an_080,false,,true,9,0.7573,147.257,0.45,false,,missed_isolation
SV,0.3,S4,0.75,10,an_mode,false,,false,,,,,false,,correct_isolation
SV,0.3,S4,0.75,11,distance,true,5.077,true,4,5.077,0,0,true,0,correct_route
SV,0.3,S4,0.75,11,proposed_050,true,5.077,true,4,5.077,0,0,true,0,correct_route
SV,0.3,S4,0.75,11,proposed_mode,true,5.077,true,4,5.077,0,0,true,0,correct_route
SV,0.3,S4,0.75,11,an_080,true,5.077,true,4,5.077,0,0,true,0,correct_route
SV,0.3,S4,0.75,11,an_mode,true,5.077,true,4,5.077,0,0,true,0,correct_route
SV,0.3,S4,0.75,12,distance,true,4.8102,true,8,4.8102,0,0,true,0,correct_route
SV,0.3,S4,0.75,12,proposed_050,true,4.8102,true,8,4.8102,0,0,true,0,correct_route
SV,0.3,S4,0.75,12,proposed_mode,true,4.8102,true,8,4.8102,0,0,true,0,correct_route
SV,0.3,S4,0.75,12,an_080,true,4.8102,true,8,4.8102,0,0,true,0,correct_route
SV,0.3,S4,0.75,12,an_mode,true,4.8102,true,8,4.8102,0,0,true,0,correct_route
SV,0.3,S4,0.75,13,distance,true,5.3483,true,4,5.3483,0,0,true,0,correct_route
SV,0.3,S4,0.75,13,proposed_050,true,5.3483,true,4,5.3483,0,0,true,0,correct_route
SV,0.3,S4,0.75,13,proposed_mode,true,5.3483,true,4,5.3483,0,0,true,0,correct_route
SV,0.3,S4,0.75,13,an_080,true,5.3483,true,4,5.3483,0,0,true,0,correct_route
SV,0.3,S4,0.75,13,an_mode,true,5.3483,true,4,5.3483,0,0,true,0,correct_route
SV,0.3,S4,0.75,14,distance,true,2.2619,true,4,2.2619,0,0,true,0,correct_route
SV,0.3,S4,0.75,14,proposed_050,true,2.2619,true,4,2.2619,0,0,true,0,correct_route
SV,0.3,S4,0.75,14,proposed_mode,true,2.2619,true,4,2.2619,0,0,true,0,correct_route
SV,0.3,S4,0.75,14,an_080,true,2.2619,true,4,2.2619,0,0,true,0,correct_route
SV,0.3,S4,0.75,14,an_mode,true,2.2619,true,4,2.2619,0,0,true,0,correct_route
SV,0.3,S4,0.75,15,distance,true,3.7294,true,4,3.7294,0,0,true,0,correct_route
SV,0.3,S4,0.75,15,proposed_050,true,3.7294,true,4,3.7294,0,0,true,0,correct_route
SV,0.3,S4,0.75,15,proposed_mode,true,3.7294,true,4,3.7294,0,0,true,0,correct_route
SV,0.3,S4,0.75,15,an_080,true,3.7294,true,4,3.7294,0,0,true,0,correct_route
SV,0.3,S4,0.75,15,an_mode,true,3.7294,true,4,3.7294,0,0,true,0,correct_route
SV,0.3,S4,0.75,16,distance,true,1.4535,true,8,1.4535,0,0,true,0,correct_route
SV,0.3,S4,0.75,16,proposed_050,true,1.4535,true,8,1.4535,0,0,true,0,correct_route
SV,0.3,S4,0.75,16,proposed_mode,true,1.4535,true,8,1.4535,0,0,true,0,correct_route
SV,0.3,S4,0.75,16,an_080,true,1.4535,true,8,1.4535,0,0,true,0,correct_route
SV,0.3,S4,0.75,16,an_mode,true,1.4535,true,8,1.4535,0,0,true,0,correct_route
SV,0.3,S4,0.75,17,distance,false,,true,8,4.4279,88.473,0.45,false,,missed_isolation
SV,0.3,S4,0.75,17,proposed_050,false,,true,8,4.4279,88.473,0.45,false,,missed_isolation
SV,0.3,S4,0.75,17,proposed_mode,false,,false,,,,,false,,correct_isolation
SV,0.3,S4,0.75,17,an_080,false,,true,8,4.4279,88.473,0.45,false,,missed_isolation
SV,0.3,S4,0.75,17,an_mode,false,,false,,,,,false,,correct_isolation
SV,0.3,S4,0.75,18,distance,true,2.343,true,8,2.343,0,0,true,0,correct_route
SV,0.3,S4,0.75,18,proposed_050,true,2.343,true,8,2.343,0,0,true,0,correct_route
SV,0.3,S4,0.75,18,proposed_mode,true,2.343,true,8,2.343,0,0,true,0,correct_route
SV,0.3,S4,0.75,18,an_080,true,2.343,true,8,2.343,0,0,true,0,correct_route
SV,0.3,S4,0.75,18,an_mode,true,2.343,true,8,2.343,0,0,true,0,correct_route
SV,0.3,S4,0.75,19,distance,true,2.0721,true,8,2.0721,0,0,true,0,correct_route
SV,0.3,S4,0.75,19,proposed_050,true,2.0721,true,8,2.0721,0,0,true,0,correct_route
SV,0.3,S4,0.75,19,proposed_mode,true,2.0721,true,8,2.0721,0,0,true,0,correct_route
SV,0.3,S4,0.75,19,an_080,true,2.0721,true,8,2.0721,0,0,true,0,correct_route
SV,0.3,S4,0.75,19,an_mode,true,2.0721,true,8,2.0721,0,0,true,0,correct_route
SV,0.3,S4,0.75,20,distance,true,9.6348,true,7,8.4103,148.673,0.45,false,-12.709,unsafe_route
SV,0.3,S4,0.75,20,proposed_050,true,9.6348,true,7,9.6348,0,0,true,0,correct_route
SV,0.3,S4,0.75,20,proposed_mode,true,9.6348,true,7,9.6348,0,0,true,0,correct_route
SV,0.3,S4,0.75,20,an_080,true,9.6348,true,7,8.4103,148.673,0.45,false,-12.709,unsafe_route
SV,0.3,S4,0.75,20,an_mode,true,9.6348,true,7,9.6348,0,0,true,0,correct_route
SV,0.3,S4,0.75,21,distance,true,1.5022,true,7,1.5022,0,0,true,0,correct_route
SV,0.3,S4,0.75,21,proposed_050,true,1.5022,true,7,1.5022,0,0,true,0,correct_route
SV,0.3,S4,0.75,21,proposed_mode,true,1.5022,true,7,1.5022,0,0,true,0,correct_route
SV,0.3,S4,0.75,21,an_080,true,1.5022,true,7,1.5022,0,0,true,0,correct_route
SV,0.3,S4,0.75,21,an_mode,true,1.5022,true,7,1.5022,0,0,true,0,correct_route
SV,0.3,S4,0.75,22,distance,true,2.2373,true,7,2.2373,0,0,true,0,correct_route
SV,0.3,S4,0.75,22,proposed_050,true,2.2373,true,7,2.2373,0,0,true,0,correct_route
SV,0.3,S4,0.75,22,proposed_mode,true,2.2373,true,7,2.2373,0,0,true,0,correct_route
SV,0.3,S4,0.75,22,an_080,true,2.2373,true,7,2.2373,0,0,true,0,correct_route
SV,0.3,S4,0.75,22,an_mode,true,2.2373,true,7,2.2373,0,0,true,0,correct_route
SV,0.3,S4,0.75,23,distance,false,,true,7,5.7136,172.306,0.45,false,,missed_isolation
SV,0.3,S4,0.75,23,proposed_050,false,,true,7,5.7221,177.937,0.45,false,,missed_isolation
SV,0.3,S4,0.75,23,proposed_mode,false,,false,,,,,false,,correct_isolation
SV,0.3,S4,0.75,23,an_080,false,,true,7,5.7221,177.937,0.45,false,,missed_isolation
SV,0.3,S4,0.75,23,an_mode,false,,false,,,,,false,,correct_isolation
SV,0.3,S4,0.75,24,distance,true,3.7965,true,7,3.7965,0,0,true,0,correct_route
SV,0.3,S4,0.75,24,proposed_050,true,3.7965,true,7,3.7965,0,0,true,0,correct_route
SV,0.3,S4,0.75,24,proposed_mode,true,3.7965,true,7,3.7965,0,0,true,0,correct_route
SV,0.3,S4,0.75,24,an_080,true,3.7965,true,7,3.7965,0,0,true,0,correct_route
SV,0.3,S4,0.75,24,an_mode,true,3.7965,true,7,3.7965,0,0,true,0,correct_route
SV,0.3,S4,0.75,25,distance,true,2.019,true,5,2.019,0,0,true,0,correct_route
SV,0.3,S4,0.75,25,proposed_050,true,2.019,true,5,2.019,0,0,true,0,correct_route
SV,0.3,S4,0.75,25,proposed_mode,true,2.019,true,5,2.019,0,0,true,0,correct_route
SV,0.3,S4,0.75,25,an_080,true,2.019,true,5,2.019,0,0,true,0,correct_route
SV,0.3,S4,0.75,25,an_mode,true,2.019,true,5,2.019,0,0,true,0,correct_route
SV,0.3,S4,0.75,26,distance,true,1.0687,true,5,1.0687,0,0,true,0,correct_route
SV,0.3,S4,0.75,26,proposed_050,true,1.0687,true,5,1.0687,0,0,true,0,correct_route
SV,0.3,S4,0.75,26,proposed_mode,true,1.0687,true,5,1.0687,0,0,true,0,correct_route
SV,0.3,S4,0.75,26,an_080,true,1.0687,true,5,1.0687,0,0,true,0,correct_route
SV,0.3,S4,0.75,26,an_mode,true,1.0687,true,5,1.0687,0,0,true,0,correct_route
SV,0.3,S4,0.75,27,distance,true,2.187,true,3,2.187,0,0,true,0,correct_route
SV,0.3,S4,0.75,27,proposed_050,true,2.187,true,3,2.187,0,0,true,0,correct_route
SV,0.3,S4,0.75,27,proposed_mode,true,2.187,true,3,2.187,0,0,true,0,correct_route
SV,0.3,S4,0.75,27,an_080,true,2.187,true,3,2.187,0,0,true,0,correct_route
SV,0.3,S4,0.75,27,an_mode,true,2.187,true,3,2.187,0,0,true,0,correct_route
SV,0.3,S4,0.75,28,distance,true,3.3577,true,7,3.3577,0,0,true,0,correct_route
SV,0.3,S4,0.75,28,proposed_050,true,3.3577,true,7,3.3577,0,0,true,0,correct_route
SV,0.3,S4,0.75,28,proposed_mode,true,3.3577,true,7,3.3577,0,0,true,0,correct_route
SV,0.3,S4,0.75,28,an_080,true,3.3577,true,7,3.3577,0,0,true,0,correct_route
SV,0.3,S4,0.75,28,an_mode,true,3.3577,true,7,3.3577,0,0,true,0,correct_route
SV,0.3,S4,0.75,29,distance,true,5.5354,true,7,5.5354,0,0,true,0,correct_route
SV,0.3,S4,0.75,29,proposed_050,true,5.5354,true,7,5.5354,0,0,true,0,correct_route
SV,0.3,S4,0.75,29,proposed_mode,true,5.5354,true,7,5.5354,0,0,true,0,correct_route
SV,0.3,S4,0.75,29,an_080,true,5.5354,true,7,5.5354,0,0,true,0,correct_route
SV,0.3,S4,0.75,29,an_mode,true,5.5354,true,7,5.5354,0,0,true,0,correct_route
SV,0.3,S4,0.75,30,distance,false,,true,3,2.6793,97.922,0.45,false,,missed_isolation
SV,0.3,S4,0.75,30,proposed_050,false,,true,3,2.6793,97.922,0.45,false,,missed_isolation
SV,0.3,S4,0.75,30,proposed_mode,false,,false,,,,,false,,correct_isolation
SV,0.3,S4,0.75,30,an_080,false,,true,3,2.6793,97.922,0.45,false,,missed_isolation
SV,0.3,S4,0.75,30,an_mode,false,,false,,,,,false,,correct_isolation
SV,0.3,S4,0.75,31,distance,true,3.5175,true,7,3.5175,0,0,true,0,correct_route
SV,0.3,S4,0.75,31,proposed_050,true,3.5175,true,7,3.5175,0,0,true,0,correct_route
SV,0.3,S4,0.75,31,proposed_mode,true,3.5175,true,7,3.5175,0,0,true,0,correct_route
SV,0.3,S4,0.75,31,an_080,true,3.5175,true,7,3.5175,0,0,true,0,correct_route
SV,0.3,S4,0.75,31,an_mode,true,3.5175,true,7,3.5175,0,0,true,0,correct_route
SV,0.3,S4,0.75,32,distance,true,1.5916,true,3,1.5916,0,0,true,0,correct_route
SV,0.3,S4,0.75,32,proposed_050,true,1.5916,true,3,1.5916,0,0,true,0,correct_route
SV,0.3,S4,0.75,32,proposed_mode,true,1.5916,true,3,1.5916,0,0,true,0,correct_route
SV,0.3,S4,0.75,32,an_080,true,1.5916,true,3,1.5916,0,0,true,0,correct_route
SV,0.3,S4,0.75,32,an_mode,true,1.5916,true,3,1.5916,0,0,true,0,correct_route
SV,0.3,S4,0.75,33,distance,true,2.2529,true,7,2.2529,0,0,true,0,correct_route
SV,0.3,S4,0.75,33,proposed_050,true,2.2529,true,7,2.2529,0,0,true,0,correct_route
SV,0.3,S4,0.75,33,proposed_mode,true,2.2529,true,7,2.2529,0,0,true,0,correct_route
SV,0.3,S4,0.75,33,an_080,true,2.2529,true,7,2.2529,0,0,true,0,correct_route
SV,0.3,S4,0.75,33,an_mode,true,2.2529,true,7,2.2529,0,0,true,0,correct_route
SV,0.3,S4,0.75,34,distance,true,1.9227,true,7,1.9227,0,0,true,0,correct_route
SV,0.3,S4,0.75,34,proposed_050,true,1.9227,true,7,1.9227,0,0,true,0,correct_route
SV,0.3,S4,0.75,34,proposed_mode,true,1.9227,true,7,1.9227,0,0,true,0,correct_route
SV,0.3,S4,0.75,34,an_080,true,1.9227,true,7,1.9227,0,0,true,0,correct_route
SV,0.3,S4,0.75,34,an_mode,true,1.9227,true,7,1.9227,0,0,true,0,correct_route
SV,0.3,S4,0.75,35,distance,true,3.6916,true,7,3.6916,0,0,true,0,correct_route
SV,0.3,S4,0.75,35,proposed_050,true,3.6916,true,7,3.6916,0,0,true,0,correct_route
SV,0.3,S4,0.75,35,proposed_mode,true,3.6916,true,7,3.6916,0,0,true,0,correct_route
SV,0.3,S4,0.75,35,an_080,true,3.6916,true,7,3.6916,0,0,true,0,correct_route
SV,0.3,S4,0.75,35,an_mode,true,3.6916,true,7,3.6916,0,0,true,0,correct_route
SV,0.3,S4,0.75,36,distance,true,4.5516,true,7,4.5516,0,0,true,0,correct_route
SV,0.3,S4,0.75,36,proposed_050,true,4.5516,true,7,4.5516,0,0,true,0,correct_route
SV,0.3,S4,0.75,36,proposed_mode,true,4.5516,true,7,4.5516,0,0,true,0,correct_route
SV,0.3,S4,0.75,36,an_080,true,4.5516,true,7,4.5516,0,0,true,0,correct_route
SV,0.3,S4,0.75,36,an_mode,true,4.5516,true,7,4.5516,0,0,true,0,correct_route
SV,0.3,S4,0.75,37,distance,false,,true,7,3.7026,103.541,0.45,false,,missed_isolation
SV,0.3,S4,0.75,37,proposed_050,false,,true,7,3.7026,103.541,0.45,false,,missed_isolation
SV,0.3,S4,0.75,37,proposed_mode,false,,false,,,,,false,,correct_isolation
SV,0.3,S4,0.75,37,an_080,false,,true,7,3.7026,103.541,0.45,false,,missed_isolation
SV,0.3,S4,0.75,37,an_mode,false,,false,,,,,false,,correct_isolation
SV,0.3,S4,0.75,38,distance,true,4.8669,true,7,4.8669,0,0,true,0,correct_route
SV,0.3,S4,0.75,38,proposed_050,true,4.8669,true,7,4.8669,0,0,true,0,correct_route
SV,0.3,S4,0.75,38,proposed_mode,true,4.8669,true,7,4.8669,0,0,true,0,correct_route
SV,0.3,S4,0.75,38,an_080,true,4.8669,true,7,4.8669,0,0,true,0,correct_route
SV,0.3,S4,0.75,38,an_mode,true,4.8669,true,7,4.8669,0,0,true,0,correct_route
SV,0.3,S4,0.75,39,distance,true,3.8945,true,3,3.8945,0,0,true,0,correct_route
SV,0.3,S4,0.75,39,proposed_050,true,3.8945,true,3,3.8945,0,0,true,0,correct_route
SV,0.3,S4,0.75,39,proposed_mode,true,3.8945,true,3,3.8945,0,0,true,0,correct_route
SV,0.3,S4,0.75,39,an_080,true,3.8945,true,3,3.8945,0,0,true,0,correct_route
SV,0.3,S4,0.75,39,an_mode,true,3.8945,true,3,3.8945,0,0,true,0,correct_route
SV,0.3,S4,0.75,40,distance,true,4.2719,true,3,4.2719,0,0,true,0,correct_route
SV,0.3,S4,0.75,40,proposed_050,true,4.2719,true,3,4.2719,0,0,true,0,correct_route
SV,0.3,S4,0.75,40,proposed_mode,true,4.2719,true,3,4.2719,0,0,true,0,correct_route
SV,0.3,S4,0.75,40,an_080,true,4.2719,true,3,4.2719,0,0,true,0,correct_route
SV,0.3,S4,0.75,40,an_mode,true,4.2719,true,3,4.2719,0,0,true,0,correct_route
LV,0.5,S4,0.75,1,distance,true,3.5648,true,9,3.5648,0,0,true,0,correct_route
LV,0.5,S4,0.75,1,proposed_050,true,3.5648,true,9,3.5648,0,0,true,0,correct_route
LV,0.5,S4,0.75,1,proposed_mode,true,3.5648,true,9,3.5648,0,0,true,0,correct_route
LV,0.5,S4,0.75,1,an_080,true,3.5648,true,9,3.5648,0,0,true,0,correct_route
LV,0.5,S4,0.75,1,an_mode,true,3.5648,true,9,3.5648,0,0,true,0,correct_route
LV,0.5,S4,0.75,2,distance,true,4.4419,true,4,4.4419,0,0,true,0,correct_route
LV,0.5,S4,0.75,2,proposed_050,true,4.4419,true,4,4.4419,0,0,true,0,correct_route
LV,0.5,S4,0.75,2,proposed_mode,true,4.4419,true,4,4.4419,0,0,true,0,correct_route
LV,0.5,S4,0.75,2,an_080,true,4.4419,true,4,4.4419,0,0,true,0,correct_route
LV,0.5,S4,0.75,2,an_mode,true,4.4419,true,4,4.4419,0,0,true,0,correct_route
LV,0.5,S4,0.75,3,distance,true,2.6507,true,9,2.6507,110.401,0.45,true,0,correct_route
LV,0.5,S4,0.75,3,proposed_050,true,2.6507,true,9,2.722,110.401,0.45,true,2.69,correct_route
LV,0.5,S4,0.75,3,proposed_mode,true,2.6507,true,9,2.722,110.401,0.45,true,2.69,correct_route
LV,0.5,S4,0.75,3,an_080,true,2.6507,true,9,2.6507,110.401,0.45,true,0,correct_route
LV,0.5,S4,0.75,3,an_mode,true,2.6507,true,9,2.6507,110.401,0.45,true,0,correct_route
LV,0.5,S4,0.75,4,distance,true,4.3464,true,4,4.3464,0,0,true,0,correct_route
LV,0.5,S4,0.75,4,proposed_050,true,4.3464,true,4,4.3464,0,0,true,0,correct_route
LV,0.5,S4,0.75,4,proposed_mode,true,4.3464,true,4,4.3464,0,0,true,0,correct_route
LV,0.5,S4,0.75,4,an_080,true,4.3464,true,4,4.3464,0,0,true,0,correct_route
LV,0.5,S4,0.75,4,an_mode,true,4.3464,true,4,4.3464,0,0,true,0,correct_route
LV,0.5,S4,0.75,5,distance,true,4.4419,true,4,4.4419,0,0,true,0,correct_route
LV,0.5,S4,0.75,5,proposed_050,true,4.4419,true,4,4.4419,0,0,true,0,correct_route
LV,0.5,S4,0.75,5,proposed_mode,true,4.4419,true,4,4.4419,0,0,true,0,correct_route
LV,0.5,S4,0.75,5,an_080,true,4.4419,true,4,4.4419,0,0,true,0,correct_route
LV,0.5,S4,0.75,5,an_mode,true,4.4419,true,4,4.4419,0,0,true,0,correct_route
LV,0.5,S4,0.75,6,distance,true,0.7045,true,4,0.7045,0,0,true,0,correct_route
LV,0.5,S4,0.75,6,proposed_050,true,0.7045,true,4,0.7045,0,0,true,0,correct_route
LV,0.5,S4,0.75,6,proposed_mode,true,0.7045,true,4,0.7045,0,0,true,0,correct_route
LV,0.5,S4,0.75,6,an_080,true,0.7045,true,4,0.7045,0,0,true,0,correct_route
LV,0.5,S4,0.75,6,an_mode,true,0.7045,true,4,0.7045,0,0,true,0,correct_route
LV,0.5,S4,0.75,7,distance,true,2.4584,true,8,2.4584,0,0,true,0,correct_route
LV,0.5,S4,0.75,7,proposed_050,true,2.4584,true,8,2.4584,0,0,true,0,correct_route
LV,0.5,S4,0.75,7,proposed_mode,true,2.4584,true,8,2.4584,0,0,true,0,correct_route
LV,0.5,S4,0.75,7,an_080,true,2.4584,true,8,2.4584,0,0,true,0,correct_route
LV,0.5,S4,0.75,7,an_mode,true,2.4584,true,8,2.4584,0,0,true,0,correct_route
LV,0.5,S4,0.75,8,distance,true,2.2256,true,4,2.2256,0,0,true,0,correct_route
LV,0.5,S4,0.75,8,proposed_050,true,2.2256,true,4,2.2256,0,0,true,0,correct_route
LV,0.5,S4,0.75,8,proposed_mode,true,2.2256,true,4,2.2256,0,0,true,0,correct_route
LV,0.5,S4,0.75,8,an_080,true,2.2256,true,4,2.2256,0,0,true,0,correct_route
LV,0.5,S4,0.75,8,an_mode,true,2.2256,true,4,2.2256,0,0,true,0,correct_route
LV,0.5,S4,0.75,9,distance,true,2.2269,true,8,2.2269,0,0,true,0,correct_route
LV,0.5,S4,0.75,9,proposed_050,true,2.2269,true,8,2.2269,0,0,true,0,correct_route
LV,0.5,S4,0.75,9,proposed_mode,true,2.2269,true,8,2.2269,0,0,true,0,correct_route
LV,0.5,S4,0.75,9,an_080,true,2.2269,true,8,2.2269,0,0,true,0,correct_route
LV,0.5,S4,0.75,9,an_mode,true,2.2269,true,8,2.2269,0,0,true,0,correct_route
LV,0.5,S4,0.75,10,distance,true,0.7573,true,9,0.7573,147.257,0.45,true,0,correct_route
LV,0.5,S4,0.75,10,proposed_050,true,0.7573,true,9,0.7573,147.257,0.45,true,0,correct_route
LV,0.5,S4,0.75,10,proposed_mode,true,0.7573,true,9,0.7573,147.257,0.45,true,0,correct_route
LV,0.5,S4,0.75,10,an_080,true,0.7573,true,9,0.7573,147.257,0.45,true,0,correct_route
LV,0.5,S4,0.75,10,an_mode,true,0.7573,true,9,0.7573,147.257,0.45,true,0,correct_route
LV,0.5,S4,0.75,11,distance,true,5.077,true,4,5.077,0,0,true,0,correct_route
LV,0.5,S4,0.75,11,proposed_050,true,5.077,true,4,5.077,0,0,true,0,correct_route
LV,0.5,S4,0.75,11,proposed_mode,true,5.077,true,4,5.077,0,0,true,0,correct_route
LV,0.5,S4,0.75,11,an_080,true,5.077,true,4,5.077,0,0,true,0,correct_route
LV,0.5,S4,0.75,11,an_mode,true,5.077,true,4,5.077,0,0,true,0,correct_route
LV,0.5,S4,0.75,12,distance,true,4.8102,true,8,4.8102,0,0,true,0,correct_route
LV,0.5,S4,0.75,12,proposed_050,true,4.8102,true,8,4.8102,0,0,true,0,correct_route
LV,0.5,S4,0.75,12,proposed_mode,true,4.8102,true,8,4.8102,0,0,true,0,correct_route
LV,0.5,S4,0.75,12,an_080,true,4.8102,true,8,4.8102,0,0,true,0,correct_route
LV,0.5,S4,0.75,12,an_mode,true,4.8102,true,8,4.8102,0,0,true,0,correct_route
LV,0.5,S4,0.75,13,distance,true,5.3483,true,4,5.3483,0,0,true,0,correct_route
LV,0.5,S4,0.75,13,proposed_050,true,5.3483,true,4,5.3483,0,0,true,0,correct_route
LV,0.5,S4,0.75,13,proposed_mode,true,5.3483,true,4,5.3483,0,0,true,0,correct_route
LV,0.5,S4,0.75,13,an_080,true,5.3483,true,4,5.3483,0,0,true,0,correct_route
LV,0.5,S4,0.75,13,an_mode,true,5.3483,true,4,5.3483,0,0,true,0,correct_route
LV,0.5,S4,0.75,14,distance,true,2.2619,true,4,2.2619,0,0,true,0,correct_route
LV,0.5,S4,0.75,14,proposed_050,true,2.2619,true,4,2.2619,0,0,true,0,correct_route
LV,0.5,S4,0.75,14,proposed_mode,true,2.2619,true,4,2.2619,0,0,true,0,correct_route
LV,0.5,S4,0.75,14,an_080,true,2.2619,true,4,2.2619,0,0,true,0,correct_route
LV,0.5,S4,0.75,14,an_mode,true,2.2619,true,4,2.2619,0,0,true,0,correct_route
LV,0.5,S4,0.75,15,distance,true,3.7294,true,4,3.7294,0,0,true,0,correct_route
LV,0.5,S4,0.75,15,proposed_050,true,3.7294,true,4,3.7294,0,0,true,0,correct_route
LV,0.5,S4,0.75,15,proposed_mode,true,3.7294,true,4,3.7294,0,0,true,0,correct_route
LV,0.5,S4,0.75,15,an_080,true,3.7294,true,4,3.7294,0,0,true,0,correct_route
LV,0.5,S4,0.75,15,an_mode,true,3.7294,true,4,3.7294,0,0,true,0,correct_route
LV,0.5,S4,0.75,16,distance,true,1.4535,true,8,1.4535,0,0,true,0,correct_route
LV,0.5,S4,0.75,16,proposed_050,true,1.4535,true,8,1.4535,0,0,true,0,correct_route
LV,0.5,S4,0.75,16,proposed_mode,true,1.4535,true,8,1.4535,0,0,true,0,correct_route
LV,0.5,S4,0.75,16,an_080,true,1.4535,true,8,1.4535,0,0,true,0,correct_route
LV,0.5,S4,0.75,16,an_mode,true,1.4535,true,8,1.4535,0,0,true,0,correct_route
LV,0.5,S4,0.75,17,distance,true,4.4279,true,8,4.4279,88.473,0.45,true,0,correct_route
LV,0.5,S4,0.75,17,proposed_050,true,4.4279,true,8,4.4279,88.473,0.45,true,0,correct_route
LV,0.5,S4,0.75,17,proposed_mode,true,4.4279,true,8,4.4279,88.473,0.45,true,0,correct_route
LV,0.5,S4,0.75,17,an_080,true,4.4279,true,8,4.4279,88.473,0.45,true,0,correct_route
LV,0.5,S4,0.75,17,an_mode,true,4.4279,true,8,4.4279,88.473,0.45,true,0,correct_route
LV,0.5,S4,0.75,18,distance,true,2.343,true,8,2.343,0,0,true,0,correct_route
LV,0.5,S4,0.75,18,proposed_050,true,2.343,true,8,2.343,0,0,true,0,correct_route
LV,0.5,S4,0.75,18,proposed_mode,true,2.343,true,8,2.343,0,0,true,0,correct_route
LV,0.5,S4,0.75,18,an_080,true,2.343,true,8,2.343,0,0,true,0,correct_route
LV,0.5,S4,0.75,18,an_mode,true,2.343,true,8,2.343,0,0,true,0,correct_route
LV,0.5,S4,0.75,19,distance,true,2.0721,true,8,2.0721,0,0,true,0,correct_route
LV,0.5,S4,0.75,19,proposed_050,true,2.0721,true,8,2.0721,0,0,true,0,correct_route
LV,0.5,S4,0.75,19,proposed_mode,true,2.0721,true,8,2.0721,0,0,true,0,correct_route
LV,0.5,S4,0.75,19,an_080,true,2.0721,true,8,2.0721,0,0,true,0,correct_route
LV,0.5,S4,0.75,19,an_mode,true,2.0721,true,8,2.0721,0,0,true,0,correct_route
LV,0.5,S4,0.75,20,distance,true,8.4103,true,7,8.4103,148.673,0.45,true,0,correct_route
LV,0.5,S4,0.75,20,proposed_050,true,8.4103,true,7,9.6348,0,0,true,14.56,correct_route
LV,0.5,S4,0.75,20,proposed_mode,true,8.4103,true,7,9.6348,0,0,true,14.56,correct_route
LV,0.5,S4,0.75,20,an_080,true,8.4103,true,7,8.4103,148.673,0.45,true,0,correct_route
LV,0.5,S4,0.75,20,an_mode,true,8.4103,true,7,8.4103,148.673,0.45,true,0,correct_route
LV,0.5,S4,0.75,21,distance,true,1.5022,true,7,1.5022,0,0,true,0,correct_route
LV,0.5,S4,0.75,21,proposed_050,true,1.5022,true,7,1.5022,0,0,true,0,correct_route
LV,0.5,S4,0.75,21,proposed_mode,true,1.5022,true,7,1.5022,0,0,true,0,correct_route
LV,0.5,S4,0.75,21,an_080,true,1.5022,true,7,1.5022,0,0,true,0,correct_route
LV,0.5,S4,0.75,21,an_mode,true,1.5022,true,7,1.5022,0,0,true,0,correct_route
LV,0.5,S4,0.75,22,distance,true,2.2373,true,7,2.2373,0,0,true,0,correct_route
LV,0.5,S4,0.75,22,proposed_050,true,2.2373,true,7,2.2373,0,0,true,0,correct_route
LV,0.5,S4,0.75,22,proposed_mode,true,2.2373,true,7,2.2373,0,0,true,0,correct_route
LV,0.5,S4,0.75,22,an_080,true,2.2373,true,7,2.2373,0,0,true,0,correct_route
LV,0.5,S4,0.75,22,an_mode,true,2.2373,true,7,2.2373,0,0,true,0,correct_route
LV,0.5,S4,0.75,23,distance,true,5.7136,true,7,5.7136,172.306,0.45,true,0,correct_route
LV,0.5,S4,0.75,23,proposed_050,true,5.7136,true,7,5.7221,177.937,0.45,true,0.148,correct_route
LV,0.5,S4,0.75,23,proposed_mode,true,5.7136,true,7,5.7221,177.937,0.45,true,0.148,correct_route
LV,0.5,S4,0.75,23,an_080,true,5.7136,true,7,5.7221,177.937,0.45,true,0.148,correct_route
LV,0.5,S4,0.75,23,an_mode,true,5.7136,true,7,5.7221,177.937,0.45,true,0.148,correct_route
LV,0.5,S4,0.75,24,distance,true,3.7965,true,7,3.7965,0,0,true,0,correct_route
LV,0.5,S4,0.75,24,proposed_050,true,3.7965,true,7,3.7965,0,0,true,0,correct_route
LV,0.5,S4,0.75,24,proposed_mode,true,3.7965,true,7,3.7965,0,0,true,0,correct_route
LV,0.5,S4,0.75,24,an_080,true,3.7965,true,7,3.7965,0,0,true,0,correct_route
LV,0.5,S4,0.75,24,an_mode,true,3.7965,true,7,3.7965,0,0,true,0,correct_route
LV,0.5,S4,0.75,25,distance,true,2.019,true,5,2.019,0,0,true,0,correct_route
LV,0.5,S4,0.75,25,proposed_050,true,2.019,true,5,2.019,0,0,true,0,correct_route
LV,0.5,S4,0.75,25,proposed_mode,true,2.019,true,5,2.019,0,0,true,0,correct_route
LV,0.5,S4,0.75,25,an_080,true,2.019,true,5,2.019,0,0,true,0,correct_route
LV,0.5,S4,0.75,25,an_mode,true,2.019,true,5,2.019,0,0,true,0,correct_route
LV,0.5,S4,0.75,26,distance,true,1.0687,true,5,1.0687,0,0,true,0,correct_route
LV,0.5,S4,0.75,26,proposed_050,true,1.0687,true,5,1.0687,0,0,true,0,correct_route
LV,0.5,S4,0.75,26,proposed_mode,true,1.0687,true,5,1.0687,0,0,true,0,correct_route
LV,0.5,S4,0.75,26,an_080,true,1.0687,true,5,1.0687,0,0,true,0,correct_route
LV,0.5,S4,0.75,26,an_mode,true,1.0687,true,5,1.0687,0,0,true,0,correct_route
LV,0.5,S4,0.75,27,distance,true,2.187,true,3,2.187,0,0,true,0,correct_route
LV,0.5,S4,0.75,27,proposed_050,true,2.187,true,3,2.187,0,0,true,0,correct_route
LV,0.5,S4,0.75,27,proposed_mode,true,2.187,true,3,2.187,0,0,true,0,correct_route
LV,0.5,S4,0.75,27,an_080,true,2.187,true,3,2.187,0,0,true,0,correct_route
LV,0.5,S4,0.75,27,an_mode,true,2.187,true,3,2.187,0,0,true,0,correct_route
LV,0.5,S4,0.75,28,distance,true,3.3577,true,7,3.3577,0,0,true,0,correct_route
LV,0.5,S4,0.75,28,proposed_050,true,3.3577,true,7,3.3577,0,0,true,0,correct_route
LV,0.5,S4,0.75,28,proposed_mode,true,3.3577,true,7,3.3577,0,0,true,0,correct_route
LV,0.5,S4,0.75,28,an_080,true,3.3577,true,7,3.3577,0,0,true,0,correct_route
LV,0.5,S4,0.75,28,an_mode,true,3.3577,true,7,3.3577,0,0,true,0,correct_route
LV,0.5,S4,0.75,29,distance,true,5.5354,true,7,5.5354,0,0,true,0,correct_route
LV,0.5,S4,0.75,29,proposed_050,true,5.5354,true,7,5.5354,0,0,true,0,correct_route
LV,0.5,S4,0.75,29,proposed_mode,true,5.5354,true,7,5.5354,0,0,true,0,correct_route
LV,0.5,S4,0.75,29,an_080,true,5.5354,true,7,5.5354,0,0,true,0,correct_route
LV,0.5,S4,0.75,29,an_mode,true,5.5354,true,7,5.5354,0,0,true,0,correct_route
LV,0.5,S4,0.75,30,distance,true,2.6793,true,3,2.6793,97.922,0.45,true,0,correct_route
LV,0.5,S4,0.75,30,proposed_050,true,2.6793,true,3,2.6793,97.922,0.45,true,0,correct_route
LV,0.5,S4,0.75,30,proposed_mode,true,2.6793,true,3,2.6793,97.922,0.45,true,0,correct_route
LV,0.5,S4,0.75,30,an_080,true,2.6793,true,3,2.6793,97.922,0.45,true,0,correct_route
LV,0.5,S4,0.75,30,an_mode,true,2.6793,true,3,2.6793,97.922,0.45,true,0,correct_route
LV,0.5,S4,0.75,31,distance,true,3.5175,true,7,3.5175,0,0,true,0,correct_route
LV,0.5,S4,0.75,31,proposed_050,true,3.5175,true,7,3.5175,0,0,true,0,correct_route
LV,0.5,S4,0.75,31,proposed_mode,true,3.5175,true,7,3.5175,0,0,true,0,correct_route
LV,0.5,S4,0.75,31,an_080,true,3.5175,true,7,3.5175,0,0,true,0,correct_route
LV,0.5,S4,0.75,31,an_mode,true,3.5175,true,7,3.5175,0,0,true,0,correct_route
LV,0.5,S4,0.75,32,distance,true,1.5916,true,3,1.5916,0,0,true,0,correct_route
LV,0.5,S4,0.75,32,proposed_050,true,1.5916,true,3,1.5916,0,0,true,0,correct_route
LV,0.5,S4,0.75,32,proposed_mode,true,1.5916,true,3,1.5916,0,0,true,0,correct_route
LV,0.5,S4,0.75,32,an_080,true,1.5916,true,3,1.5916,0,0,true,0,correct_route
LV,0.5,S4,0.75,32,an_mode,true,1.5916,true,3,1.5916,0,0,true,0,correct_route
LV,0.5,S4,0.75,33,distance,true,2.2529,true,7,2.2529,0,0,true,0,correct_route
LV,0.5,S4,0.75,33,proposed_050,true,2.2529,true,7,2.2529,0,0,true,0,correct_route
LV,0.5,S4,0.75,33,proposed_mode,true,2.2529,true,7,2.2529,0,0,true,0,correct_route
LV,0.5,S4,0.75,33,an_080,true,2.2529,true,7,2.2529,0,0,true,0,correct_route
LV,0.5,S4,0.75,33,an_mode,true,2.2529,true,7,2.2529,0,0,true,0,correct_route
LV,0.5,S4,0.75,34,distance,true,1.9227,true,7,1.9227,0,0,true,0,correct_route
LV,0.5,S4,0.75,34,proposed_050,true,1.9227,true,7,1.9227,0,0,true,0,correct_route
LV,0.5,S4,0.75,34,proposed_mode,true,1.9227,true,7,1.9227,0,0,true,0,correct_route
LV,0.5,S4,0.75,34,an_080,true,1.9227,true,7,1.9227,0,0,true,0,correct_route
LV,0.5,S4,0.75,34,an_mode,true,1.9227,true,7,1.9227,0,0,true,0,correct_route
LV,0.5,S4,0.75,35,distance,true,3.6916,true,7,3.6916,0,0,true,0,correct_route
LV,0.5,S4,0.75,35,proposed_050,true,3.6916,true,7,3.6916,0,0,true,0,correct_route
LV,0.5,S4,0.75,35,proposed_mode,true,3.6916,true,7,3.6916,0,0,true,0,correct_route
LV,0.5,S4,0.75,35,an_080,true,3.6916,true,7,3.6916,0,0,true,0,correct_route
LV,0.5,S4,0.75,35,an_mode,true,3.6916,true,7,3.6916,0,0,true,0,correct_route
LV,0.5,S4,0.75,36,distance,true,4.5516,true,7,4.5516,0,0,true,0,correct_route
LV,0.5,S4,0.75,36,proposed_050,true,4.5516,true,7,4.5516,0,0,true,0,correct_route
LV,0.5,S4,0.75,36,proposed_mode,true,4.5516,true,7,4.5516,0,0,true,0,correct_route
LV,0.5,S4,0.75,36,an_080,true,4.5516,true,7,4.5516,0,0,true,0,correct_route
LV,0.5,S4,0.75,36,an_mode,true,4.5516,true,7,4.5516,0,0,true,0,correct_route
LV,0.5,S4,0.75,37,distance,true,3.7026,true,7,3.7026,103.541,0.45,true,0,correct_route
LV,0.5,S4,0.75,37,proposed_050,true,3.7026,true,7,3.7026,103.541,0.45,true,0,correct_route
LV,0.5,S4,0.75,37,proposed_mode,true,3.7026,true,7,3.7026,103.541,0.45,true,0,correct_route
LV,0.5,S4,0.75,37,an_080,true,3.7026,true,7,3.7026,103.541,0.45,true,0,correct_route
LV,0.5,S4,0.75,37,an_mode,true,3.7026,true,7,3.7026,103.541,0.45,true,0,correct_route
LV,0.5,S4,0.75,38,distance,true,4.8669,true,7,4.8669,0,0,true,0,correct_route
LV,0.5,S4,0.75,38,proposed_050,true,4.8669,true,7,4.8669,0,0,true,0,correct_route
LV,0.5,S4,0.75,38,proposed_mode,true,4.8669,true,7,4.8669,0,0,true,0,correct_route
LV,0.5,S4,0.75,38,an_080,true,4.8669,true,7,4.8669,0,0,true,0,correct_route
LV,0.5,S4,0.75,38,an_mode,true,4.8669,true,7,4.8669,0,0,true,0,correct_route
LV,0.5,S4,0.75,39,distance,true,3.8945,true,3,3.8945,0,0,true,0,correct_route
LV,0.5,S4,0.75,39,proposed_050,true,3.8945,true,3,3.8945,0,0,true,0,correct_route
LV,0.5,S4,0.75,39,proposed_mode,true,3.8945,true,3,3.8945,0,0,true,0,correct_route
LV,0.5,S4,0.75,39,an_080,true,3.8945,true,3,3.8945,0,0,true,0,correct_route
LV,0.5,S4,0.75,39,an_mode,true,3.8945,true,3,3.8945,0,0,true,0,correct_route
LV,0.5,S4,0.75,40,distance,true,4.2719,true,3,4.2719,0,0,true,0,correct_route
LV,0.5,S4,0.75,40,proposed_050,true,4.2719,true,3,4.2719,0,0,true,0,correct_route
LV,0.5,S4,0.75,40,proposed_mode,true,4.2719,true,3,4.2719,0,0,true,0,correct_route
LV,0.5,S4,0.75,40,an_080,true,4.2719,true,3,4.2719,0,0,true,0,correct_route
LV,0.5,S4,0.75,40,an_mode,true,4.2719,true,3,4.2719,0,0,true,0,correct_route
AD,1.2,S4,0.75,1,distance,true,3.5648,true,9,3.5648,0,0,true,0,correct_route
AD,1.2,S4,0.75,1,proposed_050,true,3.5648,true,9,3.5648,0,0,true,0,correct_route
AD,1.2,S4,0.75,1,proposed_mode,true,3.5648,true,9,3.5648,0,0,true,0,correct_route
AD,1.2,S4,0.75,1,an_080,true,3.5648,true,9,3.5648,0,0,true,0,correct_route
AD,1.2,S4,0.75,1,an_mode,true,3.5648,true,9,3.5648,0,0,true,0,correct_route
AD,1.2,S4,0.75,2,distance,true,4.4419,true,4,4.4419,0,0,true,0,correct_route
AD,1.2,S4,0.75,2,proposed_050,true,4.4419,true,4,4.4419,0,0,true,0,correct_route
AD,1.2,S4,0.75,2,proposed_mode,true,4.4419,true,4,4.4419,0,0,true,0,correct_route
AD,1.2,S4,0.75,2,an_080,true,4.4419,true,4,4.4419,0,0,true,0,correct_route
AD,1.2,S4,0.75,2,an_mode,true,4.4419,true,4,4.4419,0,0,true,0,correct_route
AD,1.2,S4,0.75,3,distance,true,2.6507,true,9,2.6507,110.401,0.45,true,0,correct_route
AD,1.2,S4,0.75,3,proposed_050,true,2.6507,true,9,2.722,110.401,0.45,true,2.69,correct_route
AD,1.2,S4,0.75,3,proposed_mode,true,2.6507,true,9,2.722,110.401,0.45,true,2.69,correct_route
AD,1.2,S4,0.75,3,an_080,true,2.6507,true,9,2.6507,110.401,0.45,true,0,correct_route
AD,1.2,S4,0.75,3,an_mode,true,2.6507,true,9,2.6507,110.401,0.45,true,0,correct_route
AD,1.2,S4,0.75,4,distance,true,4.3464,true,4,4.3464,0,0,true,0,correct_route
AD,1.2,S4,0.75,4,proposed_050,true,4.3464,true,4,4.3464,0,0,true,0,correct_route
AD,1.2,S4,0.75,4,proposed_mode,true,4.3464,true,4,4.3464,0,0,true,0,correct_route
AD,1.2,S4,0.75,4,an_080,true,4.3464,true,4,4.3464,0,0,true,0,correct_route
AD,1.2,S4,0.75,4,an_mode,true,4.3464,true,4,4.3464,0,0,true,0,correct_route
AD,1.2,S4,0.75,5,distance,true,4.4419,true,4,4.4419,0,0,true,0,correct_route
AD,1.2,S4,0.75,5,proposed_050,true,4.4419,true,4,4.4419,0,0,true,0,correct_route
AD,1.2,S4,0.75,5,proposed_mode,true,4.4419,true,4,4.4419,0,0,true,0,correct_route
AD,1.2,S4,0.75,5,an_080,true,4.4419,true,4,4.4419,0,0,true,0,correct_route
AD,1.2,S4,0.75,5,an_mode,true,4.4419,true,4,4.4419,0,0,true,0,correct_route
AD,1.2,S4,0.75,6,distance,true,0.7045,true,4,0.7045,0,0,true,0,correct_route
AD,1.2,S4,0.75,6,proposed_050,true,0.7045,true,4,0.7045,0,0,true,0,correct_route
AD,1.2,S4,0.75,6,proposed_mode,true,0.7045,true,4,0.7045,0,0,true,0,correct_route
AD,1.2,S4,0.75,6,an_080,true,0.7045,true,4,0.7045,0,0,true,0,correct_route
AD,1.2,S4,0.75,6,an_mode,true,0.7045,true,4,0.7045,0,0,true,0,correct_route
AD,1.2,S4,0.75,7,distance,true,2.4584,true,8,2.4584,0,0,true,0,correct_route
AD,1.2,S4,0.75,7,proposed_050,true,2.4584,true,8,2.4584,0,0,true,0,correct_route
AD,1.2,S4,0.75,7,proposed_mode,true,2.4584,true,8,2.4584,0,0,true,0,correct_route
AD,1.2,S4,0.75,7,an_080,true,2.4584,true,8,2.4584,0,0,true,0,correct_route
AD,1.2,S4,0.75,7,an_mode,true,2.4584,true,8,2.4584,0,0,true,0,correct_route
AD,1.2,S4,0.75,8,distance,true,2.2256,true,4,2.2256,0,0,true,0,correct_route
AD,1.2,S4,0.75,8,proposed_050,true,2.2256,true,4,2.2256,0,0,true,0,correct_route
AD,1.2,S4,0.75,8,proposed_mode,true,2.2256,true,4,2.2256,0,0,true,0,correct_route
AD,1.2,S4,0.75,8,an_080,true,2.2256,true,4,2.2256,0,0,true,0,correct_route
AD,1.2,S4,0.75,8,an_mode,true,2.2256,true,4,2.2256,0,0,true,0,correct_route
AD,1.2,S4,0.75,9,distance,true,2.2269,true,8,2.2269,0,0,true,0,correct_route
AD,1.2,S4,0.75,9,proposed_050,true,2.2269,true,8,2.2269,0,0,true,0,correct_route
AD,1.2,S4,0.75,9,proposed_mode,true,2.2269,true,8,2.2269,0,0,true,0,correct_route
AD,1.2,S4,0.75,9,an_080,true,2.2269,true,8,2.2269,0,0,true,0,correct_route
AD,1.2,S4,0.75,9,an_mode,true,2.2269,true,8,2.2269,0,0,true,0,correct_route
AD,1.2,S4,0.75,10,distance,true,0.7573,true,9,0.7573,147.257,0.45,true,0,correct_route
AD,1.2,S4,0.75,10,proposed_050,true,0.7573,true,9,0.7573,147.257,0.45,true,0,correct_route
AD,1.2,S4,0.75,10,proposed_mode,true,0.7573,true,9,0.7573,147.257,0.45,true,0,correct_route
AD,1.2,S4,0.75,10,an_080,true,0.7573,true,9,0.7573,147.257,0.45,true,0,correct_route
AD,1.2,S4,0.75,10,an_mode,true,0.7573,true,9,0.7573,147.257,0.45,true,0,correct_route
AD,1.2,S4,0.75,11,distance,true,5.077,true,4,5.077,0,0,true,0,correct_route
AD,1.2,S4,0.75,11,proposed_050,true,5.077,true,4,5.077,0,0,true,0,correct_route
AD,1.2,S4,0.75,11,proposed_mode,true,5.077,true,4,5.077,0,0,true,0,correct_route
AD,1.2,S4,0.75,11,an_080,true,5.077,true,4,5.077,0,0,true,0,correct_route
AD,1.2,S4,0.75,11,an_mode,true,5.077,true,4,5.077,0,0,true,0,correct_route
AD,1.2,S4,0.75,12,distance,true,4.8102,true,8,4.8102,0,0,true,0,correct_route
AD,1.2,S4,0.75,12,proposed_050,true,4.8102,true,8,4.8102,0,0,true,0,correct_route
AD,1.2,S4,0.75,12,proposed_mode,true,4.8102,true,8,4.8102,0,0,true,0,correct_route
AD,1.2,S4,0.75,12,an_080,true,4.8102,true,8,4.8102,0,0,true,0,correct_route
AD,1.2,S4,0.75,12,an_mode,true,4.8102,true,8,4.8102,0,0,true,0,correct_route
AD,1.2,S4,0.75,13,distance,true,5.3483,true,4,5.3483,0,0,true,0,correct_route
AD,1.2,S4,0.75,13,proposed_050,true,5.3483,true,4,5.3483,0,0,true,0,correct_route
AD,1.2,S4,0.75,13,proposed_mode,true,5.3483,true,4,5.3483,0,0,true,0,correct_route
AD,1.2,S4,0.75,13,an_080,true,5.3483,true,4,5.3483,0,0,true,0,correct_route
AD,1.2,S4,0.75,13,an_mode,true,5.3483,true,4,5.3483,0,0,true,0,correct_route
AD,1.2,S4,0.75,14,distance,true,2.2619,true,4,2.2619,0,0,true,0,correct_route
AD,1.2,S4,0.75,14,proposed_050,true,2.2619,true,4,2.2619,0,0,true,0,correct_route
AD,1.2,S4,0.75,14,proposed_mode,true,2.2619,true,4,2.2619,0,0,true,0,correct_route
AD,1.2,S4,0.75,14,an_080,true,2.2619,true,4,2.2619,0,0,true,0,correct_route
AD,1.2,S4,0.75,14,an_mode,true,2.2619,true,4,2.2619,0,0,true,0,correct_route
AD,1.2,S4,0.75,15,distance,true,3.7294,true,4,3.7294,0,0,true,0,correct_route
AD,1.2,S4,0.75,15,proposed_050,true,3.7294,true,4,3.7294,0,0,true,0,correct_route
AD,1.2,S4,0.75,15,proposed_mode,true,3.7294,true,4,3.7294,0,0,true,0,correct_route
AD,1.2,S4,0.75,15,an_080,true,3.7294,true,4,3.7294,0,0,true,0,correct_route
AD,1.2,S4,0.75,15,an_mode,true,3.7294,true,4,3.7294,0,0,true,0,correct_route
AD,1.2,S4,0.75,16,distance,true,1.4535,true,8,1.4535,0,0,true,0,correct_route
AD,1.2,S4,0.75,16,proposed_050,true,1.4535,true,8,1.4535,0,0,true,0,correct_route
AD,1.2,S4,0.75,16,proposed_mode,true,1.4535,true,8,1.4535,0,0,true,0,correct_route
AD,1.2,S4,0.75,16,an_080,true,1.4535,true,8,1.4535,0,0,true,0,correct_route
AD,1.2,S4,0.75,16,an_mode,true,1.4535,true,8,1.4535,0,0,true,0,correct_route
AD,1.2,S4,0.75,17,distance,true,4.4279,true,8,4.4279,88.473,0.45,true,0,correct_route
AD,1.2,S4,0.75,17,proposed_050,true,4.4279,true,8,4.4279,88.473,0.45,true,0,correct_route
AD,1.2,S4,0.75,17,proposed_mode,true,4.4279,true,8,4.4279,88.473,0.45,true,0,correct_route
AD,1.2,S4,0.75,17,an_080,true,4.4279,true,8,4.4279,88.473,0.45,true,0,correct_route
AD,1.2,S4,0.75,17,an_mode,true,4.4279,true,8,4.4279,88.473,0.45,true,0,correct_route
AD,1.2,S4,0.75,18,distance,true,2.343,true,8,2.343,0,0,true,0,correct_route
AD,1.2,S4,0.75,18,proposed_050,true,2.343,true,8,2.343,0,0,true,0,correct_route
AD,1.2,S4,0.75,18,proposed_mode,true,2.343,true,8,2.343,0,0,true,0,correct_route
AD,1.2,S4,0.75,18,an_080,true,2.343,true,8,2.343,0,0,true,0,correct_route
AD,1.2,S4,0.75,18,an_mode,true,2.343,true,8,2.343,0,0,true,0,correct_route
AD,1.2,S4,0.75,19,distance,true,2.0721,true,8,2.0721,0,0,true,0,correct_route
AD,1.2,S4,0.75,19,proposed_050,true,2.0721,true,8,2.0721,0,0,true,0,correct_route
AD,1.2,S4,0.75,19,proposed_mode,true,2.0721,true,8,2.0721,0,0,true,0,correct_route
AD,1.2,S4,0.75,19,an_080,true,2.0721,true,8,2.0721,0,0,true,0,correct_route
AD,1.2,S4,0.75,19,an_mode,true,2.0721,true,8,2.0721,0,0,true,0,correct_route
AD,1.2,S4,0.75,20,distance,true,8.4103,true,7,8.4103,148.673,0.45,true,0,correct_route
AD,1.2,S4,0.75,20,proposed_050,true,8.4103,true,7,9.6348,0,0,true,14.56,correct_route
AD,1.2,S4,0.75,20,proposed_mode,true,8.4103,true,7,9.6348,0,0,true,14.56,correct_route
AD,1.2,S4,0.75,20,an_080,true,8.4103,true,7,8.4103,148.673,0.45,true,0,correct_route
AD,1.2,S4,0.75,20,an_mode,true,8.4103,true,7,8.4103,148.673,0.45,true,0,correct_route
AD,1.2,S4,0.75,21,distance,true,1.5022,true,7,1.5022,0,0,true,0,correct_route
AD,1.2,S4,0.75,21,proposed_050,true,1.5022,true,7,1.5022,0,0,true,0,correct_route
AD,1.2,S4,0.75,21,proposed_mode,true,1.5022,true,7,1.5022,0,0,true,0,correct_route
AD,1.2,S4,0.75,21,an_080,true,1.5022,true,7,1.5022,0,0,true,0,correct_route
AD,1.2,S4,0.75,21,an_mode,true,1.5022,true,7,1.5022,0,0,true,0,correct_route
AD,1.2,S4,0.75,22,distance,true,2.2373,true,7,2.2373,0,0,true,0,correct_route
AD,1.2,S4,0.75,22,proposed_050,true,2.2373,true,7,2.2373,0,0,true,0,correct_route
AD,1.2,S4,0.75,22,proposed_mode,true,2.2373,true,7,2.2373,0,0,true,0,correct_route
AD,1.2,S4,0.75,22,an_080,true,2.2373,true,7,2.2373,0,0,true,0,correct_route
AD,1.2,S4,0.75,22,an_mode,true,2.2373,true,7,2.2373,0,0,true,0,correct_route
AD,1.2,S4,0.75,23,distance,true,5.7136,true,7,5.7136,172.306,0.45,true,0,correct_route
AD,1.2,S4,0.75,23,proposed_050,true,5.7136,true,7,5.7221,177.937,0.45,true,0.148,correct_route
AD,1.2,S4,0.75,23,proposed_mode,true,5.7136,true,7,5.7221,177.937,0.45,true,0.148,correct_route
AD,1.2,S4,0.75,23,an_080,true,5.7136,true,7,5.7221,177.937,0.45,true,0.148,correct_route
AD,1.2,S4,0.75,23,an_mode,true,5.7136,true,7,5.7221,177.937,0.45,true,0.148,correct_route
AD,1.2,S4,0.75,24,distance,true,3.7965,true,7,3.7965,0,0,true,0,correct_route
AD,1.2,S4,0.75,24,proposed_050,true,3.7965,true,7,3.7965,0,0,true,0,correct_route
AD,1.2,S4,0.75,24,proposed_mode,true,3.7965,true,7,3.7965,0,0,true,0,correct_route
AD,1.2,S4,0.75,24,an_080,true,3.7965,true,7,3.7965,0,0,true,0,correct_route
AD,1.2,S4,0.75,24,an_mode,true,3.7965,true,7,3.7965,0,0,true,0,correct_route
AD,1.2,S4,0.75,25,distance,true,2.019,true,5,2.019,0,0,true,0,correct_route
AD,1.2,S4,0.75,25,proposed_050,true,2.019,true,5,2.019,0,0,true,0,correct_route
AD,1.2,S4,0.75,25,proposed_mode,true,2.019,true,5,2.019,0,0,true,0,correct_route
AD,1.2,S4,0.75,25,an_080,true,2.019,true,5,2.019,0,0,true,0,correct_route
AD,1.2,S4,0.75,25,an_mode,true,2.019,true,5,2.019,0,0,true,0,correct_route
AD,1.2,S4,0.75,26,distance,true,1.0687,true,5,1.0687,0,0,true,0,correct_route
AD,1.2,S4,0.75,26,proposed_050,true,1.0687,true,5,1.0687,0,0,true,0,correct_route
AD,1.2,S4,0.75,26,proposed_mode,true,1.0687,true,5,1.0687,0,0,true,0,correct_route
AD,1.2,S4,0.75,26,an_080,true,1.0687,true,5,1.0687,0,0,true,0,correct_route
AD,1.2,S4,0.75,26,an_mode,true,1.0687,true,5,1.0687,0,0,true,0,correct_route
AD,1.2,S4,0.75,27,distance,true,2.187,true,3,2.187,0,0,true,0,correct_route
AD,1.2,S4,0.75,27,proposed_050,true,2.187,true,3,2.187,0,0,true,0,correct_route
AD,1.2,S4,0.75,27,proposed_mode,true,2.187,true,3,2.187,0,0,true,0,correct_route
AD,1.2,S4,0.75,27,an_080,true,2.187,true,3,2.187,0,0,true,0,correct_route
AD,1.2,S4,0.75,27,an_mode,true,2.187,true,3,2.187,0,0,true,0,correct_route
AD,1.2,S4,0.75,28,distance,true,3.3577,true,7,3.3577,0,0,true,0,correct_route
AD,1.2,S4,0.75,28,proposed_050,true,3.3577,true,7,3.3577,0,0,true,0,correct_route
AD,1.2,S4,0.75,28,proposed_mode,true,3.3577,true,7,3.3577,0,0,true,0,correct_route
AD,1.2,S4,0.75,28,an_080,true,3.3577,true,7,3.3577,0,0,true,0,correct_route
AD,1.2,S4,0.75,28,an_mode,true,3.3577,true,7,3.3577,0,0,true,0,correct_route
AD,1.2,S4,0.75,29,distance,true,5.5354,true,7,5.5354,0,0,true,0,correct_route
AD,1.2,S4,0.75,29,proposed_050,true,5.5354,true,7,5.5354,0,0,true,0,correct_route
AD,1.2,S4,0.75,29,proposed_mode,true,5.5354,true,7,5.5354,0,0,true,0,correct_route
AD,1.2,S4,0.75,29,an_080,true,5.5354,true,7,5.5354,0,0,true,0,correct_route
AD,1.2,S4,0.75,29,an_mode,true,5.5354,true,7,5.5354,0,0,true,0,correct_route
AD,1.2,S4,0.75,30,distance,true,2.6793,true,3,2.6793,97.922,0.45,true,0,correct_route
AD,1.2,S4,0.75,30,proposed_050,true,2.6793,true,3,2.6793,97.922,0.45,true,0,correct_route
AD,1.2,S4,0.75,30,proposed_mode,true,2.6793,true,3,2.6793,97.922,0.45,true,0,correct_route
AD,1.2,S4,0.75,30,an_080,true,2.6793,true,3,2.6793,97.922,0.45,true,0,correct_route
AD,1.2,S4,0.75,30,an_mode,true,2.6793,true,3,2.6793,97.922,0.45,true,0,correct_route
AD,1.2,S4,0.75,31,distance,true,3.5175,true,7,3.5175,0,0,true,0,correct_route
AD,1.2,S4,0.75,31,proposed_050,true,3.5175,true,7,3.5175,0,0,true,0,correct_route
AD,1.2,S4,0.75,31,proposed_mode,true,3.5175,true,7,3.5175,0,0,true,0,correct_route
AD,1.2,S4,0.75,31,an_080,true,3.5175,true,7,3.5175,0,0,true,0,correct_route
AD,1.2,S4,0.75,31,an_mode,true,3.5175,true,7,3.5175,0,0,true,0,correct_route
AD,1.2,S4,0.75,32,distance,true,1.5916,true,3,1.5916,0,0,true,0,correct_route
AD,1.2,S4,0.75,32,proposed_050,true,1.5916,true,3,1.5916,0,0,true,0,correct_route
AD,1.2,S4,0.75,32,proposed_mode,true,1.5916,true,3,1.5916,0,0,true,0,correct_route
AD,1.2,S4,0.75,32,an_080,true,1.5916,true,3,1.5916,0,0,true,0,correct_route
AD,1.2,S4,0.75,32,an_mode,true,1.5916,true,3,1.5916,0,0,true,0,correct_route
AD,1.2,S4,0.75,33,distance,true,2.2529,true,7,2.2529,0,0,true,0,correct_route
AD,1.2,S4,0.75,33,proposed_050,true,2.2529,true,7,2.2529,0,0,true,0,correct_route
AD,1.2,S4,0.75,33,proposed_mode,true,2.2529,true,7,2.2529,0,0,true,0,correct_route
AD,1.2,S4,0.75,33,an_080,true,2.2529,true,7,2.2529,0,0,true,0,correct_route
AD,1.2,S4,0.75,33,an_mode,true,2.2529,true,7,2.2529,0,0,true,0,correct_route
AD,1.2,S4,0.75,34,distance,true,1.9227,true,7,1.9227,0,0,true,0,correct_route
AD,1.2,S4,0.75,34,proposed_050,true,1.9227,true,7,1.9227,0,0,true,0,correct_route
AD,1.2,S4,0.75,34,proposed_mode,true,1.9227,true,7,1.9227,0,0,true,0,correct_route
AD,1.2,S4,0.75,34,an_080,true,1.9227,true,7,1.9227,0,0,true,0,correct_route
AD,1.2,S4,0.75,34,an_mode,true,1.9227,true,7,1.9227,0,0,true,0,correct_route
AD,1.2,S4,0.75,35,distance,true,3.6916,true,7,3.6916,0,0,true,0,correct_route
AD,1.2,S4,0.75,35,proposed_050,true,3.6916,true,7,3.6916,0,0,true,0,correct_route
AD,1.2,S4,0.75,35,proposed_mode,true,3.6916,true,7,3.6916,0,0,true,0,correct_route
AD,1.2,S4,0.75,35,an_080,true,3.6916,true,7,3.6916,0,0,true,0,correct_route
AD,1.2,S4,0.75,35,an_mode,true,3.6916,true,7,3.6916,0,0,true,0,correct_route
AD,1.2,S4,0.75,36,distance,true,4.5516,true,7,4.5516,0,0,true,0,correct_route
AD,1.2,S4,0.75,36,proposed_050,true,4.5516,true,7,4.5516,0,0,true,0,correct_route
AD,1.2,S4,0.75,36,proposed_mode,true,4.5516,true,7,4.5516,0,0,true,0,correct_route
AD,1.2,S4,0.75,36,an_080,true,4.5516,true,7,4.5516,0,0,true,0,correct_route
AD,1.2,S4,0.75,36,an_mode,true,4.5516,true,7,4.5516,0,0,true,0,correct_route
AD,1.2,S4,0.75,37,distance,true,3.7026,true,7,3.7026,103.541,0.45,true,0,correct_route
AD,1.2,S4,0.75,37,proposed_050,true,3.7026,true,7,3.7026,103.541,0.45,true,0,correct_route
AD,1.2,S4,0.75,37,proposed_mode,true,3.7026,true,7,3.7026,103.541,0.45,true,0,correct_route
AD,1.2,S4,0.75,37,an_080,true,3.7026,true,7,3.7026,103.541,0.45,true,0,correct_route
AD,1.2,S4,0.75,37,an_mode,true,3.7026,true,7,3.7026,103.541,0.45,true,0,correct_route
AD,1.2,S4,0.75,38,distance,true,4.8669,true,7,4.8669,0,0,true,0,correct_route
AD,1.2,S4,0.75,38,proposed_050,true,4.8669,true,7,4.8669,0,0,true,0,correct_route
AD,1.2,S4,0.75,38,proposed_mode,true,4.8669,true,7,4.8669,0,0,true,0,correct_route
AD,1.2,S4,0.75,38,an_080,true,4.8669,true,7,4.8669,0,0,true,0,correct_route
AD,1.2,S4,0.75,38,an_mode,true,4.8669,true,7,4.8669,0,0,true,0,correct_route
AD,1.2,S4,0.75,39,distance,true,3.8945,true,3,3.8945,0,0,true,0,correct_route
AD,1.2,S4,0.75,39,proposed_050,true,3.8945,true,3,3.8945,0,0,true,0,correct_route
AD,1.2,S4,0.75,39,proposed_mode,true,3.8945,true,3,3.8945,0,0,true,0,correct_route
AD,1.2,S4,0.75,39,an_080,true,3.8945,true,3,3.8945,0,0,true,0,correct_route
AD,1.2,S4,0.75,39,an_mode,true,3.8945,true,3,3.8945,0,0,true,0,correct_route
AD,1.2,S4,0.75,40,distance,true,4.2719,true,3,4.2719,0,0,true,0,correct_route
AD,1.2,S4,0.75,40,proposed_050,true,4.2719,true,3,4.2719,0,0,true,0,correct_route
AD,1.2,S4,0.75,40,proposed_mode,true,4.2719,true,3,4.2719,0,0,true,0,correct_route
AD,1.2,S4,0.75,40,an_080,true,4.2719,true,3,4.2719,0,0,true,0,correct_route
AD,1.2,S4,0.75,40,an_mode,true,4.2719,true,3,4.2719,0,0,true,0,correct_route
SV,0.3,S4,1,1,distance,true,3.5648,true,9,3.5648,0,0,true,0,correct_route
SV,0.3,S4,1,1,proposed_050,true,3.5648,true,9,3.5648,0,0,true,0,correct_route
SV,0.3,S4,1,1,proposed_mode,true,3.5648,true,9,3.5648,0,0,true,0,correct_route
SV,0.3,S4,1,1,an_080,true,3.5648,true,9,3.5648,0,0,true,0,correct_route
SV,0.3,S4,1,1,an_mode,true,3.5648,true,9,3.5648,0,0,true,0,correct_route
SV,0.3,S4,1,2,distance,true,4.4419,true,4,4.4419,0,0,true,0,correct_route
SV,0.3,S4,1,2,proposed_050,true,4.4419,true,4,4.4419,0,0,true,0,correct_route
SV,0.3,S4,1,2,proposed_mode,true,4.4419,true,4,4.4419,0,0,true,0,correct_route
SV,0.3,S4,1,2,an_080,true,4.4419,true,4,4.4419,0,0,true,0,correct_route
SV,0.3,S4,1,2,an_mode,true,4.4419,true,4,4.4419,0,0,true,0,correct_route
SV,0.3,S4,1,3,distance,false,,true,9,2.6507,147.202,0.6,false,,missed_isolation
SV,0.3,S4,1,3,proposed_050,false,,false,,,,,false,,correct_isolation
SV,0.3,S4,1,3,proposed_mode,false,,false,,,,,false,,correct_isolation
SV,0.3,S4,1,3,an_080,false,,true,9,2.6507,147.202,0.6,false,,missed_isolation
SV,0.3,S4,1,3,an_mode,false,,false,,,,,false,,correct_isolation
SV,0.3,S4,1,4,distance,true,4.3464,true,4,4.3464,0,0,true,0,correct_route
SV,0.3,S4,1,4,proposed_050,true,4.3464,true,4,4.3464,0,0,true,0,correct_route
SV,0.3,S4,1,4,proposed_mode,true,4.3464,true,4,4.3464,0,0,true,0,correct_route
SV,0.3,S4,1,4,an_080,true,4.3464,true,4,4.3464,0,0,true,0,correct_route
SV,0.3,S4,1,4,an_mode,true,4.3464,true,4,4.3464,0,0,true,0,correct_route
SV,0.3,S4,1,5,distance,true,4.4419,true,4,4.4419,0,0,true,0,correct_route
SV,0.3,S4,1,5,proposed_050,true,4.4419,true,4,4.4419,0,0,true,0,correct_route
SV,0.3,S4,1,5,proposed_mode,true,4.4419,true,4,4.4419,0,0,true,0,correct_route
SV,0.3,S4,1,5,an_080,true,4.4419,true,4,4.4419,0,0,true,0,correct_route
SV,0.3,S4,1,5,an_mode,true,4.4419,true,4,4.4419,0,0,true,0,correct_route
SV,0.3,S4,1,6,distance,true,0.7045,true,4,0.7045,0,0,true,0,correct_route
SV,0.3,S4,1,6,proposed_050,true,0.7045,true,4,0.7045,0,0,true,0,correct_route
SV,0.3,S4,1,6,proposed_mode,true,0.7045,true,4,0.7045,0,0,true,0,correct_route
SV,0.3,S4,1,6,an_080,true,0.7045,true,4,0.7045,0,0,true,0,correct_route
SV,0.3,S4,1,6,an_mode,true,0.7045,true,4,0.7045,0,0,true,0,correct_route
SV,0.3,S4,1,7,distance,true,2.4584,true,8,2.4584,0,0,true,0,correct_route
SV,0.3,S4,1,7,proposed_050,true,2.4584,true,8,2.4584,0,0,true,0,correct_route
SV,0.3,S4,1,7,proposed_mode,true,2.4584,true,8,2.4584,0,0,true,0,correct_route
SV,0.3,S4,1,7,an_080,true,2.4584,true,8,2.4584,0,0,true,0,correct_route
SV,0.3,S4,1,7,an_mode,true,2.4584,true,8,2.4584,0,0,true,0,correct_route
SV,0.3,S4,1,8,distance,true,2.2256,true,4,2.2256,0,0,true,0,correct_route
SV,0.3,S4,1,8,proposed_050,true,2.2256,true,4,2.2256,0,0,true,0,correct_route
SV,0.3,S4,1,8,proposed_mode,true,2.2256,true,4,2.2256,0,0,true,0,correct_route
SV,0.3,S4,1,8,an_080,true,2.2256,true,4,2.2256,0,0,true,0,correct_route
SV,0.3,S4,1,8,an_mode,true,2.2256,true,4,2.2256,0,0,true,0,correct_route
SV,0.3,S4,1,9,distance,true,2.2269,true,8,2.2269,0,0,true,0,correct_route
SV,0.3,S4,1,9,proposed_050,true,2.2269,true,8,2.2269,0,0,true,0,correct_route
SV,0.3,S4,1,9,proposed_mode,true,2.2269,true,8,2.2269,0,0,true,0,correct_route
SV,0.3,S4,1,9,an_080,true,2.2269,true,8,2.2269,0,0,true,0,correct_route
SV,0.3,S4,1,9,an_mode,true,2.2269,true,8,2.2269,0,0,true,0,correct_route
SV,0.3,S4,1,10,distance,false,,true,9,0.7573,196.343,0.6,false,,missed_isolation
SV,0.3,S4,1,10,proposed_050,false,,false,,,,,false,,correct_isolation
SV,0.3,S4,1,10,proposed_mode,false,,false,,,,,false,,correct_isolation
SV,0.3,S4,1,10,an_080,false,,true,9,0.7573,196.343,0.6,false,,missed_isolation
SV,0.3,S4,1,10,an_mode,false,,false,,,,,false,,correct_isolation
SV,0.3,S4,1,11,distance,true,5.077,true,4,5.077,0,0,true,0,correct_route
SV,0.3,S4,1,11,proposed_050,true,5.077,true,4,5.077,0,0,true,0,correct_route
SV,0.3,S4,1,11,proposed_mode,true,5.077,true,4,5.077,0,0,true,0,correct_route
SV,0.3,S4,1,11,an_080,true,5.077,true,4,5.077,0,0,true,0,correct_route
SV,0.3,S4,1,11,an_mode,true,5.077,true,4,5.077,0,0,true,0,correct_route
SV,0.3,S4,1,12,distance,true,4.8102,true,8,4.8102,0,0,true,0,correct_route
SV,0.3,S4,1,12,proposed_050,true,4.8102,true,8,4.8102,0,0,true,0,correct_route
SV,0.3,S4,1,12,proposed_mode,true,4.8102,true,8,4.8102,0,0,true,0,correct_route
SV,0.3,S4,1,12,an_080,true,4.8102,true,8,4.8102,0,0,true,0,correct_route
SV,0.3,S4,1,12,an_mode,true,4.8102,true,8,4.8102,0,0,true,0,correct_route
SV,0.3,S4,1,13,distance,true,5.3483,true,4,5.3483,0,0,true,0,correct_route
SV,0.3,S4,1,13,proposed_050,true,5.3483,true,4,5.3483,0,0,true,0,correct_route
SV,0.3,S4,1,13,proposed_mode,true,5.3483,true,4,5.3483,0,0,true,0,correct_route
SV,0.3,S4,1,13,an_080,true,5.3483,true,4,5.3483,0,0,true,0,correct_route
SV,0.3,S4,1,13,an_mode,true,5.3483,true,4,5.3483,0,0,true,0,correct_route
SV,0.3,S4,1,14,distance,true,2.2619,true,4,2.2619,0,0,true,0,correct_route
SV,0.3,S4,1,14,proposed_050,true,2.2619,true,4,2.2619,0,0,true,0,correct_route
SV,0.3,S4,1,14,proposed_mode,true,2.2619,true,4,2.2619,0,0,true,0,correct_route
SV,0.3,S4,1,14,an_080,true,2.2619,true,4,2.2619,0,0,true,0,correct_route
SV,0.3,S4,1,14,an_mode,true,2.2619,true,4,2.2619,0,0,true,0,correct_route
SV,0.3,S4,1,15,distance,true,3.7294,true,4,3.7294,0,0,true,0,correct_route
SV,0.3,S4,1,15,proposed_050,true,3.7294,true,4,3.7294,0,0,true,0,correct_route
SV,0.3,S4,1,15,proposed_mode,true,3.7294,true,4,3.7294,0,0,true,0,correct_route
SV,0.3,S4,1,15,an_080,true,3.7294,true,4,3.7294,0,0,true,0,correct_route
SV,0.3,S4,1,15,an_mode,true,3.7294,true,4,3.7294,0,0,true,0,correct_route
SV,0.3,S4,1,16,distance,true,1.4535,true,8,1.4535,0,0,true,0,correct_route
SV,0.3,S4,1,16,proposed_050,true,1.4535,true,8,1.4535,0,0,true,0,correct_route
SV,0.3,S4,1,16,proposed_mode,true,1.4535,true,8,1.4535,0,0,true,0,correct_route
SV,0.3,S4,1,16,an_080,true,1.4535,true,8,1.4535,0,0,true,0,correct_route
SV,0.3,S4,1,16,an_mode,true,1.4535,true,8,1.4535,0,0,true,0,correct_route
SV,0.3,S4,1,17,distance,false,,true,8,4.4279,117.964,0.6,false,,missed_isolation
SV,0.3,S4,1,17,proposed_050,false,,false,,,,,false,,correct_isolation
SV,0.3,S4,1,17,proposed_mode,false,,false,,,,,false,,correct_isolation
SV,0.3,S4,1,17,an_080,false,,true,8,4.4279,117.964,0.6,false,,missed_isolation
SV,0.3,S4,1,17,an_mode,false,,false,,,,,false,,correct_isolation
SV,0.3,S4,1,18,distance,true,2.343,true,8,2.343,0,0,true,0,correct_route
SV,0.3,S4,1,18,proposed_050,true,2.343,true,8,2.343,0,0,true,0,correct_route
SV,0.3,S4,1,18,proposed_mode,true,2.343,true,8,2.343,0,0,true,0,correct_route
SV,0.3,S4,1,18,an_080,true,2.343,true,8,2.343,0,0,true,0,correct_route
SV,0.3,S4,1,18,an_mode,true,2.343,true,8,2.343,0,0,true,0,correct_route
SV,0.3,S4,1,19,distance,true,2.0721,true,8,2.0721,0,0,true,0,correct_route
SV,0.3,S4,1,19,proposed_050,true,2.0721,true,8,2.0721,0,0,true,0,correct_route
SV,0.3,S4,1,19,proposed_mode,true,2.0721,true,8,2.0721,0,0,true,0,correct_route
SV,0.3,S4,1,19,an_080,true,2.0721,true,8,2.0721,0,0,true,0,correct_route
SV,0.3,S4,1,19,an_mode,true,2.0721,true,8,2.0721,0,0,true,0,correct_route
SV,0.3,S4,1,20,distance,true,9.6348,true,7,8.4103,198.23,0.6,false,-12.709,unsafe_route
SV,0.3,S4,1,20,proposed_050,true,9.6348,true,7,9.6348,0,0,true,0,correct_route
SV,0.3,S4,1,20,proposed_mode,true,9.6348,true,7,9.6348,0,0,true,0,correct_route
SV,0.3,S4,1,20,an_080,true,9.6348,true,7,8.4103,198.23,0.6,false,-12.709,unsafe_route
SV,0.3,S4,1,20,an_mode,true,9.6348,true,7,9.6348,0,0,true,0,correct_route
SV,0.3,S4,1,21,distance,true,1.5022,true,7,1.5022,0,0,true,0,correct_route
SV,0.3,S4,1,21,proposed_050,true,1.5022,true,7,1.5022,0,0,true,0,correct_route
SV,0.3,S4,1,21,proposed_mode,true,1.5022,true,7,1.5022,0,0,true,0,correct_route
SV,0.3,S4,1,21,an_080,true,1.5022,true,7,1.5022,0,0,true,0,correct_route
SV,0.3,S4,1,21,an_mode,true,1.5022,true,7,1.5022,0,0,true,0,correct_route
SV,0.3,S4,1,22,distance,true,2.2373,true,7,2.2373,0,0,true,0,correct_route
SV,0.3,S4,1,22,proposed_050,true,2.2373,true,7,2.2373,0,0,true,0,correct_route
SV,0.3,S4,1,22,proposed_mode,true,2.2373,true,7,2.2373,0,0,true,0,correct_route
SV,0.3,S4,1,22,an_080,true,2.2373,true,7,2.2373,0,0,true,0,correct_route
SV,0.3,S4,1,22,an_mode,true,2.2373,true,7,2.2373,0,0,true,0,correct_route
SV,0.3,S4,1,23,distance,false,,true,7,5.7136,229.741,0.6,false,,missed_isolation
SV,0.3,S4,1,23,proposed_050,false,,false,,,,,false,,correct_isolation
SV,0.3,S4,1,23,proposed_mode,false,,false,,,,,false,,correct_isolation
SV,0.3,S4,1,23,an_080,false,,true,7,5.7221,237.249,0.6,false,,missed_isolation
SV,0.3,S4,1,23,an_mode,false,,false,,,,,false,,correct_isolation
SV,0.3,S4,1,24,distance,true,3.7965,true,7,3.7965,0,0,true,0,correct_route
SV,0.3,S4,1,24,proposed_050,true,3.7965,true,7,3.7965,0,0,true,0,correct_route
SV,0.3,S4,1,24,proposed_mode,true,3.7965,true,7,3.7965,0,0,true,0,correct_route
SV,0.3,S4,1,24,an_080,true,3.7965,true,7,3.7965,0,0,true,0,correct_route
SV,0.3,S4,1,24,an_mode,true,3.7965,true,7,3.7965,0,0,true,0,correct_route
SV,0.3,S4,1,25,distance,true,2.019,true,5,2.019,0,0,true,0,correct_route
SV,0.3,S4,1,25,proposed_050,true,2.019,true,5,2.019,0,0,true,0,correct_route
SV,0.3,S4,1,25,proposed_mode,true,2.019,true,5,2.019,0,0,true,0,correct_route
SV,0.3,S4,1,25,an_080,true,2.019,true,5,2.019,0,0,true,0,correct_route
SV,0.3,S4,1,25,an_mode,true,2.019,true,5,2.019,0,0,true,0,correct_route
SV,0.3,S4,1,26,distance,true,1.0687,true,5,1.0687,0,0,true,0,correct_route
SV,0.3,S4,1,26,proposed_050,true,1.0687,true,5,1.0687,0,0,true,0,correct_route
SV,0.3,S4,1,26,proposed_mode,true,1.0687,true,5,1.0687,0,0,true,0,correct_route
SV,0.3,S4,1,26,an_080,true,1.0687,true,5,1.0687,0,0,true,0,correct_route
SV,0.3,S4,1,26,an_mode,true,1.0687,true,5,1.0687,0,0,true,0,correct_route
SV,0.3,S4,1,27,distance,true,2.187,true,3,2.187,0,0,true,0,correct_route
SV,0.3,S4,1,27,proposed_050,true,2.187,true,3,2.187,0,0,true,0,correct_route
SV,0.3,S4,1,27,proposed_mode,true,2.187,true,3,2.187,0,0,true,0,correct_route
SV,0.3,S4,1,27,an_080,true,2.187,true,3,2.187,0,0,true,0,correct_route
SV,0.3,S4,1,27,an_mode,true,2.187,true,3,2.187,0,0,true,0,correct_route
SV,0.3,S4,1,28,distance,true,3.3577,true,7,3.3577,0,0,true,0,correct_route
SV,0.3,S4,1,28,proposed_050,true,3.3577,true,7,3.3577,0,0,true,0,correct_route
SV,0.3,S4,1,28,proposed_mode,true,3.3577,true,7,3.3577,0,0,true,0,correct_route
SV,0.3,S4,1,28,an_080,true,3.3577,true,7,3.3577,0,0,true,0,correct_route
SV,0.3,S4,1,28,an_mode,true,3.3577,true,7,3.3577,0,0,true,0,correct_route
SV,0.3,S4,1,29,distance,true,5.5354,true,7,5.5354,0,0,true,0,correct_route
SV,0.3,S4,1,29,proposed_050,true,5.5354,true,7,5.5354,0,0,true,0,correct_route
SV,0.3,S4,1,29,proposed_mode,true,5.5354,true,7,5.5354,0,0,true,0,correct_route
SV,0.3,S4,1,29,an_080,true,5.5354,true,7,5.5354,0,0,true,0,correct_route
SV,0.3,S4,1,29,an_mode,true,5.5354,true,7,5.5354,0,0,true,0,correct_route
SV,0.3,S4,1,30,distance,false,,true,3,2.6793,130.563,0.6,false,,missed_isolation
SV,0.3,S4,1,30,proposed_050,false,,false,,,,,false,,correct_isolation
SV,0.3,S4,1,30,proposed_mode,false,,false,,,,,false,,correct_isolation
SV,0.3,S4,1,30,an_080,false,,true,3,2.6793,130.563,0.6,false,,missed_isolation
SV,0.3,S4,1,30,an_mode,false,,false,,,,,false,,correct_isolation
SV,0.3,S4,1,31,distance,true,3.5175,true,7,3.5175,0,0,true,0,correct_route
SV,0.3,S4,1,31,proposed_050,true,3.5175,true,7,3.5175,0,0,true,0,correct_route
SV,0.3,S4,1,31,proposed_mode,true,3.5175,true,7,3.5175,0,0,true,0,correct_route
SV,0.3,S4,1,31,an_080,true,3.5175,true,7,3.5175,0,0,true,0,correct_route
SV,0.3,S4,1,31,an_mode,true,3.5175,true,7,3.5175,0,0,true,0,correct_route
SV,0.3,S4,1,32,distance,true,1.5916,true,3,1.5916,0,0,true,0,correct_route
SV,0.3,S4,1,32,proposed_050,true,1.5916,true,3,1.5916,0,0,true,0,correct_route
SV,0.3,S4,1,32,proposed_mode,true,1.5916,true,3,1.5916,0,0,true,0,correct_route
SV,0.3,S4,1,32,an_080,true,1.5916,true,3,1.5916,0,0,true,0,correct_route
SV,0.3,S4,1,32,an_mode,true,1.5916,true,3,1.5916,0,0,true,0,correct_route
SV,0.3,S4,1,33,distance,true,2.2529,true,7,2.2529,0,0,true,0,correct_route
SV,0.3,S4,1,33,proposed_050,true,2.2529,true,7,2.2529,0,0,true,0,correct_route
SV,0.3,S4,1,33,proposed_mode,true,2.2529,true,7,2.2529,0,0,true,0,correct_route
SV,0.3,S4,1,33,an_080,true,2.2529,true,7,2.2529,0,0,true,0,correct_route
SV,0.3,S4,1,33,an_mode,true,2.2529,true,7,2.2529,0,0,true,0,correct_route
SV,0.3,S4,1,34,distance,true,1.9227,true,7,1.9227,0,0,true,0,correct_route
SV,0.3,S4,1,34,proposed_050,true,1.9227,true,7,1.9227,0,0,true,0,correct_route
SV,0.3,S4,1,34,proposed_mode,true,1.9227,true,7,1.9227,0,0,true,0,correct_route
SV,0.3,S4,1,34,an_080,true,1.9227,true,7,1.9227,0,0,true,0,correct_route
SV,0.3,S4,1,34,an_mode,true,1.9227,true,7,1.9227,0,0,true,0,correct_route
SV,0.3,S4,1,35,distance,true,3.6916,true,7,3.6916,0,0,true,0,correct_route
SV,0.3,S4,1,35,proposed_050,true,3.6916,true,7,3.6916,0,0,true,0,correct_route
SV,0.3,S4,1,35,proposed_mode,true,3.6916,true,7,3.6916,0,0,true,0,correct_route
SV,0.3,S4,1,35,an_080,true,3.6916,true,7,3.6916,0,0,true,0,correct_route
SV,0.3,S4,1,35,an_mode,true,3.6916,true,7,3.6916,0,0,true,0,correct_route
SV,0.3,S4,1,36,distance,true,4.5516,true,7,4.5516,0,0,true,0,correct_route
SV,0.3,S4,1,36,proposed_050,true,4.5516,true,7,4.5516,0,0,true,0,correct_route
SV,0.3,S4,1,36,proposed_mode,true,4.5516,true,7,4.5516,0,0,true,0,correct_route
SV,0.3,S4,1,36,an_080,true,4.5516,true,7,4.5516,0,0,true,0,correct_route
SV,0.3,S4,1,36,an_mode,true,4.5516,true,7,4.5516,0,0,true,0,correct_route
SV,0.3,S4,1,37,distance,false,,true,7,3.7026,138.055,0.6,false,,missed_isolation
SV,0.3,S4,1,37,proposed_050,false,,false,,,,,false,,correct_isolation
SV,0.3,S4,1,37,proposed_mode,false,,false,,,,,false,,correct_isolation
SV,0.3,S4,1,37,an_080,false,,true,7,3.7026,138.055,0.6,false,,missed_isolation
SV,0.3,S4,1,37,an_mode,false,,false,,,,,false,,correct_isolation
SV,0.3,S4,1,38,distance,true,4.8669,true,7,4.8669,0,0,true,0,correct_route
SV,0.3,S4,1,38,proposed_050,true,4.8669,true,7,4.8669,0,0,true,0,correct_route
SV,0.3,S4,1,38,proposed_mode,true,4.8669,true,7,4.8669,0,0,true,0,correct_route
SV,0.3,S4,1,38,an_080,true,4.8669,true,7,4.8669,0,0,true,0,correct_route
SV,0.3,S4,1,38,an_mode,true,4.8669,true,7,4.8669,0,0,true,0,correct_route
SV,0.3,S4,1,39,distance,true,3.8945,true,3,3.8945,0,0,true,0,correct_route
SV,0.3,S4,1,39,proposed_050,true,3.8945,true,3,3.8945,0,0,true,0,correct_route
SV,0.3,S4,1,39,proposed_mode,true,3.8945,true,3,3.8945,0,0,true,0,correct_route
SV,0.3,S4,1,39,an_080,true,3.8945,true,3,3.8945,0,0,true,0,correct_route
SV,0.3,S4,1,39,an_mode,true,3.8945,true,3,3.8945,0,0,true,0,correct_route
SV,0.3,S4,1,40,distance,true,4.2719,true,3,4.2719,0,0,true,0,correct_route
SV,0.3,S4,1,40,proposed_050,true,4.2719,true,3,4.2719,0,0,true,0,correct_route
SV,0.3,S4,1,40,proposed_mode,true,4.2719,true,3,4.2719,0,0,true,0,correct_route
SV,0.3,S4,1,40,an_080,true,4.2719,true,3,4.2719,0,0,true,0,correct_route
SV,0.3,S4,1,40,an_mode,true,4.2719,true,3,4.2719,0,0,true,0,correct_route
LV,0.5,S4,1,1,distance,true,3.5648,true,9,3.5648,0,0,true,0,correct_route
LV,0.5,S4,1,1,proposed_050,true,3.5648,true,9,3.5648,0,0,true,0,correct_route
LV,0.5,S4,1,1,proposed_mode,true,3.5648,true,9,3.5648,0,0,true,0,correct_route
LV,0.5,S4,1,1,an_080,true,3.5648,true,9,3.5648,0,0,true,0,correct_route
LV,0.5,S4,1,1,an_mode,true,3.5648,true,9,3.5648,0,0,true,0,correct_route
LV,0.5,S4,1,2,distance,true,4.4419,true,4,4.4419,0,0,true,0,correct_route
LV,0.5,S4,1,2,proposed_050,true,4.4419,true,4,4.4419,0,0,true,0,correct_route
LV,0.5,S4,1,2,proposed_mode,true,4.4419,true,4,4.4419,0,0,true,0,correct_route
LV,0.5,S4,1,2,an_080,true,4.4419,true,4,4.4419,0,0,true,0,correct_route
LV,0.5,S4,1,2,an_mode,true,4.4419,true,4,4.4419,0,0,true,0,correct_route
LV,0.5,S4,1,3,distance,false,,true,9,2.6507,147.202,0.6,false,,missed_isolation
LV,0.5,S4,1,3,proposed_050,false,,false,,,,,false,,correct_isolation
LV,0.5,S4,1,3,proposed_mode,false,,false,,,,,false,,correct_isolation
LV,0.5,S4,1,3,an_080,false,,true,9,2.6507,147.202,0.6,false,,missed_isolation
LV,0.5,S4,1,3,an_mode,false,,false,,,,,false,,correct_isolation
LV,0.5,S4,1,4,distance,true,4.3464,true,4,4.3464,0,0,true,0,correct_route
LV,0.5,S4,1,4,proposed_050,true,4.3464,true,4,4.3464,0,0,true,0,correct_route
LV,0.5,S4,1,4,proposed_mode,true,4.3464,true,4,4.3464,0,0,true,0,correct_route
LV,0.5,S4,1,4,an_080,true,4.3464,true,4,4.3464,0,0,true,0,correct_route
LV,0.5,S4,1,4,an_mode,true,4.3464,true,4,4.3464,0,0,true,0,correct_route
LV,0.5,S4,1,5,distance,true,4.4419,true,4,4.4419,0,0,true,0,correct_route
LV,0.5,S4,1,5,proposed_050,true,4.4419,true,4,4.4419,0,0,true,0,correct_route
LV,0.5,S4,1,5,proposed_mode,true,4.4419,true,4,4.4419,0,0,true,0,correct_route
LV,0.5,S4,1,5,an_080,true,4.4419,true,4,4.4419,0,0,true,0,correct_route
LV,0.5,S4,1,5,an_mode,true,4.4419,true,4,4.4419,0,0,true,0,correct_route
LV,0.5,S4,1,6,distance,true,0.7045,true,4,0.7045,0,0,true,0,correct_route
LV,0.5,S4,1,6,proposed_050,true,0.7045,true,4,0.7045,0,0,true,0,correct_route
LV,0.5,S4,1,6,proposed_mode,true,0.7045,true,4,0.7045,0,0,true,0,correct_route
LV,0.5,S4,1,6,an_080,true,0.7045,true,4,0.7045,0,0,true,0,correct_route
LV,0.5,S4,1,6,an_mode,true,0.7045,true,4,0.7045,0,0,true,0,correct_route
LV,0.5,S4,1,7,distance,true,2.4584,true,8,2.4584,0,0,true,0,correct_route
LV,0.5,S4,1,7,proposed_050,true,2.4584,true,8,2.4584,0,0,true,0,correct_route
LV,0.5,S4,1,7,proposed_mode,true,2.4584,true,8,2.4584,0,0,true,0,correct_route
LV,0.5,S4,1,7,an_080,true,2.4584,true,8,2.4584,0,0,true,0,correct_route
LV,0.5,S4,1,7,an_mode,true,2.4584,true,8,2.4584,0,0,true,0,correct_route
LV,0.5,S4,1,8,distance,true,2.2256,true,4,2.2256,0,0,true,0,correct_route
LV,0.5,S4,1,8,proposed_050,true,2.2256,true,4,2.2256,0,0,true,0,correct_route
LV,0.5,S4,1,8,proposed_mode,true,2.2256,true,4,2.2256,0,0,true,0,correct_route
LV,0.5,S4,1,8,an_080,true,2.2256,true,4,2.2256,0,0,true,0,correct_route
LV,0.5,S4,1,8,an_mode,true,2.2256,true,4,2.2256,0,0,true,0,correct_route
LV,0.5,S4,1,9,distance,true,2.2269,true,8,2.2269,0,0,true,0,correct_route
LV,0.5,S4,1,9,proposed_050,true,2.2269,true,8,2.2269,0,0,true,0,correct_route
LV,0.5,S4,1,9,proposed_mode,true,2.2269,true,8,2.2269,0,0,true,0,correct_route
LV,0.5,S4,1,9,an_080,true,2.2269,true,8,2.2269,0,0,true,0,correct_route
LV,0.5,S4,1,9,an_mode,true,2.2269,true,8,2.2269,0,0,true,0,correct_route
LV,0.5,S4,1,10,distance,false,,true,9,0.7573,196.343,0.6,false,,missed_isolation
LV,0.5,S4,1,10,proposed_050,false,,false,,,,,false,,correct_isolation
LV,0.5,S4,1,10,proposed_mode,false,,false,,,,,false,,correct_isolation
LV,0.5,S4,1,10,an_080,false,,true,9,0.7573,196.343,0.6,false,,missed_isolation
LV,0.5,S4,1,10,an_mode,false,,false,,,,,false,,correct_isolation
LV,0.5,S4,1,11,distance,true,5.077,true,4,5.077,0,0,true,0,correct_route
LV,0.5,S4,1,11,proposed_050,true,5.077,true,4,5.077,0,0,true,0,correct_route
LV,0.5,S4,1,11,proposed_mode,true,5.077,true,4,5.077,0,0,true,0,correct_route
LV,0.5,S4,1,11,an_080,true,5.077,true,4,5.077,0,0,true,0,correct_route
LV,0.5,S4,1,11,an_mode,true,5.077,true,4,5.077,0,0,true,0,correct_route
LV,0.5,S4,1,12,distance,true,4.8102,true,8,4.8102,0,0,true,0,correct_route
LV,0.5,S4,1,12,proposed_050,true,4.8102,true,8,4.8102,0,0,true,0,correct_route
LV,0.5,S4,1,12,proposed_mode,true,4.8102,true,8,4.8102,0,0,true,0,correct_route
LV,0.5,S4,1,12,an_080,true,4.8102,true,8,4.8102,0,0,true,0,correct_route
LV,0.5,S4,1,12,an_mode,true,4.8102,true,8,4.8102,0,0,true,0,correct_route
LV,0.5,S4,1,13,distance,true,5.3483,true,4,5.3483,0,0,true,0,correct_route
LV,0.5,S4,1,13,proposed_050,true,5.3483,true,4,5.3483,0,0,true,0,correct_route
LV,0.5,S4,1,13,proposed_mode,true,5.3483,true,4,5.3483,0,0,true,0,correct_route
LV,0.5,S4,1,13,an_080,true,5.3483,true,4,5.3483,0,0,true,0,correct_route
LV,0.5,S4,1,13,an_mode,true,5.3483,true,4,5.3483,0,0,true,0,correct_route
LV,0.5,S4,1,14,distance,true,2.2619,true,4,2.2619,0,0,true,0,correct_route
LV,0.5,S4,1,14,proposed_050,true,2.2619,true,4,2.2619,0,0,true,0,correct_route
LV,0.5,S4,1,14,proposed_mode,true,2.2619,true,4,2.2619,0,0,true,0,correct_route
LV,0.5,S4,1,14,an_080,true,2.2619,true,4,2.2619,0,0,true,0,correct_route
LV,0.5,S4,1,14,an_mode,true,2.2619,true,4,2.2619,0,0,true,0,correct_route
LV,0.5,S4,1,15,distance,true,3.7294,true,4,3.7294,0,0,true,0,correct_route
LV,0.5,S4,1,15,proposed_050,true,3.7294,true,4,3.7294,0,0,true,0,correct_route
LV,0.5,S4,1,15,proposed_mode,true,3.7294,true,4,3.7294,0,0,true,0,correct_route
LV,0.5,S4,1,15,an_080,true,3.7294,true,4,3.7294,0,0,true,0,correct_route
LV,0.5,S4,1,15,an_mode,true,3.7294,true,4,3.7294,0,0,true,0,correct_route
LV,0.5,S4,1,16,distance,true,1.4535,true,8,1.4535,0,0,true,0,correct_route
LV,0.5,S4,1,16,proposed_050,true,1.4535,true,8,1.4535,0,0,true,0,correct_route
LV,0.5,S4,1,16,proposed_mode,true,1.4535,true,8,1.4535,0,0,true,0,correct_route
LV,0.5,S4,1,16,an_080,true,1.4535,true,8,1.4535,0,0,true,0,correct_route
LV,0.5,S4,1,16,an_mode,true,1.4535,true,8,1.4535,0,0,true,0,correct_route
LV,0.5,S4,1,17,distance,false,,true,8,4.4279,117.964,0.6,false,,missed_isolation
LV,0.5,S4,1,17,proposed_050,false,,false,,,,,false,,correct_isolation
LV,0.5,S4,1,17,proposed_mode,false,,false,,,,,false,,correct_isolation
LV,0.5,S4,1,17,an_080,false,,true,8,4.4279,117.964,0.6,false,,missed_isolation
LV,0.5,S4,1,17,an_mode,false,,false,,,,,false,,correct_isolation
LV,0.5,S4,1,18,distance,true,2.343,true,8,2.343,0,0,true,0,correct_route
LV,0.5,S4,1,18,proposed_050,true,2.343,true,8,2.343,0,0,true,0,correct_route
LV,0.5,S4,1,18,proposed_mode,true,2.343,true,8,2.343,0,0,true,0,correct_route
LV,0.5,S4,1,18,an_080,true,2.343,true,8,2.343,0,0,true,0,correct_route
LV,0.5,S4,1,18,an_mode,true,2.343,true,8,2.343,0,0,true,0,correct_route
LV,0.5,S4,1,19,distance,true,2.0721,true,8,2.0721,0,0,true,0,correct_route
LV,0.5,S4,1,19,proposed_050,true,2.0721,true,8,2.0721,0,0,true,0,correct_route
LV,0.5,S4,1,19,proposed_mode,true,2.0721,true,8,2.0721,0,0,true,0,correct_route
LV,0.5,S4,1,19,an_080,true,2.0721,true,8,2.0721,0,0,true,0,correct_route
LV,0.5,S4,1,19,an_mode,true,2.0721,true,8,2.0721,0,0,true,0,correct_route
LV,0.5,S4,1,20,distance,true,9.6348,true,7,8.4103,198.23,0.6,false,-12.709,unsafe_route
LV,0.5,S4,1,20,proposed_050,true,9.6348,true,7,9.6348,0,0,true,0,correct_route
LV,0.5,S4,1,20,proposed_mode,true,9.6348,true,7,9.6348,0,0,true,0,correct_route
LV,0.5,S4,1,20,an_080,true,9.6348,true,7,8.4103,198.23,0.6,false,-12.709,unsafe_route
LV,0.5,S4,1,20,an_mode,true,9.6348,true,7,9.6348,0,0,true,0,correct_route
LV,0.5,S4,1,21,distance,true,1.5022,true,7,1.5022,0,0,true,0,correct_route
LV,0.5,S4,1,21,proposed_050,true,1.5022,true,7,1.5022,0,0,true,0,correct_route
LV,0.5,S4,1,21,proposed_mode,true,1.5022,true,7,1.5022,0,0,true,0,correct_route
LV,0.5,S4,1,21,an_080,true,1.5022,true,7,1.5022,0,0,true,0,correct_route
LV,0.5,S4,1,21,an_mode,true,1.5022,true,7,1.5022,0,0,true,0,correct_route
LV,0.5,S4,1,22,distance,true,2.2373,true,7,2.2373,0,0,true,0,correct_route
LV,0.5,S4,1,22,proposed_050,true,2.2373,true,7,2.2373,0,0,true,0,correct_route
LV,0.5,S4,1,22,proposed_mode,true,2.2373,true,7,2.2373,0,0,true,0,correct_route
LV,0.5,S4,1,22,an_080,true,2.2373,true,7,2.2373,0,0,true,0,correct_route
LV,0.5,S4,1,22,an_mode,true,2.2373,true,7,2.2373,0,0,true,0,correct_route
LV,0.5,S4,1,23,distance,false,,true,7,5.7136,229.741,0.6,false,,missed_isolation
LV,0.5,S4,1,23,proposed_050,false,,false,,,,,false,,correct_isolation
LV,0.5,S4,1,23,proposed_mode,false,,false,,,,,false,,correct_isolation
LV,0.5,S4,1,23,an_080,false,,true,7,5.7221,237.249,0.6,false,,missed_isolation
LV,0.5,S4,1,23,an_mode,false,,false,,,,,false,,correct_isolation
LV,0.5,S4,1,24,distance,true,3.7965,true,7,3.7965,0,0,true,0,correct_route
LV,0.5,S4,1,24,proposed_050,true,3.7965,true,7,3.7965,0,0,true,0,correct_route
LV,0.5,S4,1,24,proposed_mode,true,3.7965,true,7,3.7965,0,0,true,0,correct_route
LV,0.5,S4,1,24,an_080,true,3.7965,true,7,3.7965,0,0,true,0,correct_route
LV,0.5,S4,1,24,an_mode,true,3.7965,true,7,3.7965,0,0,true,0,correct_route
LV,0.5,S4,1,25,distance,true,2.019,true,5,2.019,0,0,true,0,correct_route
LV,0.5,S4,1,25,proposed_050,true,2.019,true,5,2.019,0,0,true,0,correct_route
LV,0.5,S4,1,25,proposed_mode,true,2.019,true,5,2.019,0,0,true,0,correct_route
LV,0.5,S4,1,25,an_080,true,2.019,true,5,2.019,0,0,true,0,correct_route
LV,0.5,S4,1,25,an_mode,true,2.019,true,5,2.019,0,0,true,0,correct_route
LV,0.5,S4,1,26,distance,true,1.0687,true,5,1.0687,0,0,true,0,correct_route
LV,0.5,S4,1,26,proposed_050,true,1.0687,true,5,1.0687,0,0,true,0,correct_route
LV,0.5,S4,1,26,proposed_mode,true,1.0687,true,5,1.0687,0,0,true,0,correct_route
LV,0.5,S4,1,26,an_080,true,1.0687,true,5,1.0687,0,0,true,0,correct_route
LV,0.5,S4,1,26,an_mode,true,1.0687,true,5,1.0687,0,0,true,0,correct_route
LV,0.5,S4,1,27,distance,true,2.187,true,3,2.187,0,0,true,0,correct_route
LV,0.5,S4,1,27,proposed_050,true,2.187,true,3,2.187,0,0,true,0,correct_route
LV,0.5,S4,1,27,proposed_mode,true,2.187,true,3,2.187,0,0,true,0,correct_route
LV,0.5,S4,1,27,an_080,true,2.187,true,3,2.187,0,0,true,0,correct_route
LV,0.5,S4,1,27,an_mode,true,2.187,true,3,2.187,0,0,true,0,correct_route
LV,0.5,S4,1,28,distance,true,3.3577,true,7,3.3577,0,0,true,0,correct_route
LV,0.5,S4,1,28,proposed_050,true,3.3577,true,7,3.3577,0,0,true,0,correct_route
LV,0.5,S4,1,28,proposed_mode,true,3.3577,true,7,3.3577,0,0,true,0,correct_route
LV,0.5,S4,1,28,an_080,true,3.3577,true,7,3.3577,0,0,true,0,correct_route
LV,0.5,S4,1,28,an_mode,true,3.3577,true,7,3.3577,0,0,true,0,correct_route
LV,0.5,S4,1,29,distance,true,5.5354,true,7,5.5354,0,0,true,0,correct_route
LV,0.5,S4,1,29,proposed_050,true,5.5354,true,7,5.5354,0,0,true,0,correct_route
LV,0.5,S4,1,29,proposed_mode,true,5.5354,true,7,5.5354,0,0,true,0,correct_route
LV,0.5,S4,1,29,an_080,true,5.5354,true,7,5.5354,0,0,true,0,correct_route
LV,0.5,S4,1,29,an_mode,true,5.5354,true,7,5.5354,0,0,true,0,correct_route
LV,0.5,S4,1,30,distance,false,,true,3,2.6793,130.563,0.6,false,,missed_isolation
LV,0.5,S4,1,30,proposed_050,false,,false,,,,,false,,correct_isolation
LV,0.5,S4,1,30,proposed_mode,false,,false,,,,,false,,correct_isolation
LV,0.5,S4,1,30,an_080,false,,true,3,2.6793,130.563,0.6,false,,missed_isolation
LV,0.5,S4,1,30,an_mode,false,,false,,,,,false,,correct_isolation
LV,0.5,S4,1,31,distance,true,3.5175,true,7,3.5175,0,0,true,0,correct_route
LV,0.5,S4,1,31,proposed_050,true,3.5175,true,7,3.5175,0,0,true,0,correct_route
LV,0.5,S4,1,31,proposed_mode,true,3.5175,true,7,3.5175,0,0,true,0,correct_route
LV,0.5,S4,1,31,an_080,true,3.5175,true,7,3.5175,0,0,true,0,correct_route
LV,0.5,S4,1,31,an_mode,true,3.5175,true,7,3.5175,0,0,true,0,correct_route
LV,0.5,S4,1,32,distance,true,1.5916,true,3,1.5916,0,0,true,0,correct_route
LV,0.5,S4,1,32,proposed_050,true,1.5916,true,3,1.5916,0,0,true,0,correct_route
LV,0.5,S4,1,32,proposed_mode,true,1.5916,true,3,1.5916,0,0,true,0,correct_route
LV,0.5,S4,1,32,an_080,true,1.5916,true,3,1.5916,0,0,true,0,correct_route
LV,0.5,S4,1,32,an_mode,true,1.5916,true,3,1.5916,0,0,true,0,correct_route
LV,0.5,S4,1,33,distance,true,2.2529,true,7,2.2529,0,0,true,0,correct_route
LV,0.5,S4,1,33,proposed_050,true,2.2529,true,7,2.2529,0,0,true,0,correct_route
LV,0.5,S4,1,33,proposed_mode,true,2.2529,true,7,2.2529,0,0,true,0,correct_route
LV,0.5,S4,1,33,an_080,true,2.2529,true,7,2.2529,0,0,true,0,correct_route
LV,0.5,S4,1,33,an_mode,true,2.2529,true,7,2.2529,0,0,true,0,correct_route
LV,0.5,S4,1,34,distance,true,1.9227,true,7,1.9227,0,0,true,0,correct_route
LV,0.5,S4,1,34,proposed_050,true,1.9227,true,7,1.9227,0,0,true,0,correct_route
LV,0.5,S4,1,34,proposed_mode,true,1.9227,true,7,1.9227,0,0,true,0,correct_route
LV,0.5,S4,1,34,an_080,true,1.9227,true,7,1.9227,0,0,true,0,correct_route
LV,0.5,S4,1,34,an_mode,true,1.9227,true,7,1.9227,0,0,true,0,correct_route
LV,0.5,S4,1,35,distance,true,3.6916,true,7,3.6916,0,0,true,0,correct_route
LV,0.5,S4,1,35,proposed_050,true,3.6916,true,7,3.6916,0,0,true,0,correct_route
LV,0.5,S4,1,35,proposed_mode,true,3.6916,true,7,3.6916,0,0,true,0,correct_route
LV,0.5,S4,1,35,an_080,true,3.6916,true,7,3.6916,0,0,true,0,correct_route
LV,0.5,S4,1,35,an_mode,true,3.6916,true,7,3.6916,0,0,true,0,correct_route
LV,0.5,S4,1,36,distance,true,4.5516,true,7,4.5516,0,0,true,0,correct_route
LV,0.5,S4,1,36,proposed_050,true,4.5516,true,7,4.5516,0,0,true,0,correct_route
LV,0.5,S4,1,36,proposed_mode,true,4.5516,true,7,4.5516,0,0,true,0,correct_route
LV,0.5,S4,1,36,an_080,true,4.5516,true,7,4.5516,0,0,true,0,correct_route
LV,0.5,S4,1,36,an_mode,true,4.5516,true,7,4.5516,0,0,true,0,correct_route
LV,0.5,S4,1,37,distance,false,,true,7,3.7026,138.055,0.6,false,,missed_isolation
LV,0.5,S4,1,37,proposed_050,false,,false,,,,,false,,correct_isolation
LV,0.5,S4,1,37,proposed_mode,false,,false,,,,,false,,correct_isolation
LV,0.5,S4,1,37,an_080,false,,true,7,3.7026,138.055,0.6,false,,missed_isolation
LV,0.5,S4,1,37,an_mode,false,,false,,,,,false,,correct_isolation
LV,0.5,S4,1,38,distance,true,4.8669,true,7,4.8669,0,0,true,0,correct_route
LV,0.5,S4,1,38,proposed_050,true,4.8669,true,7,4.8669,0,0,true,0,correct_route
LV,0.5,S4,1,38,proposed_mode,true,4.8669,true,7,4.8669,0,0,true,0,correct_route
LV,0.5,S4,1,38,an_080,true,4.8669,true,7,4.8669,0,0,true,0,correct_route
LV,0.5,S4,1,38,an_mode,true,4.8669,true,7,4.8669,0,0,true,0,correct_route
LV,0.5,S4,1,39,distance,true,3.8945,true,3,3.8945,0,0,true,0,correct_route
LV,0.5,S4,1,39,proposed_050,true,3.8945,true,3,3.8945,0,0,true,0,correct_route
LV,0.5,S4,1,39,proposed_mode,true,3.8945,true,3,3.8945,0,0,true,0,correct_route
LV,0.5,S4,1,39,an_080,true,3.8945,true,3,3.8945,0,0,true,0,correct_route
LV,0.5,S4,1,39,an_mode,true,3.8945,true,3,3.8945,0,0,true,0,correct_route
LV,0.5,S4,1,40,distance,true,4.2719,true,3,4.2719,0,0,true,0,correct_route
LV,0.5,S4,1,40,proposed_050,true,4.2719,true,3,4.2719,0,0,true,0,correct_route
LV,0.5,S4,1,40,proposed_mode,true,4.2719,true,3,4.2719,0,0,true,0,correct_route
LV,0.5,S4,1,40,an_080,true,4.2719,true,3,4.2719,0,0,true,0,correct_route
LV,0.5,S4,1,40,an_mode,true,4.2719,true,3,4.2719,0,0,true,0,correct_route
AD,1.2,S4,1,1,distance,true,3.5648,true,9,3.5648,0,0,true,0,correct_route
AD,1.2,S4,1,1,proposed_050,true,3.5648,true,9,3.5648,0,0,true,0,correct_route
AD,1.2,S4,1,1,proposed_mode,true,3.5648,true,9,3.5648,0,0,true,0,correct_route
AD,1.2,S4,1,1,an_080,true,3.5648,true,9,3.5648,0,0,true,0,correct_route
AD,1.2,S4,1,1,an_mode,true,3.5648,true,9,3.5648,0,0,true,0,correct_route
AD,1.2,S4,1,2,distance,true,4.4419,true,4,4.4419,0,0,true,0,correct_route
AD,1.2,S4,1,2,proposed_050,true,4.4419,true,4,4.4419,0,0,true,0,correct_route
AD,1.2,S4,1,2,proposed_mode,true,4.4419,true,4,4.4419,0,0,true,0,correct_route
AD,1.2,S4,1,2,an_080,true,4.4419,true,4,4.4419,0,0,true,0,correct_route
AD,1.2,S4,1,2,an_mode,true,4.4419,true,4,4.4419,0,0,true,0,correct_route
AD,1.2,S4,1,3,distance,true,2.6507,true,9,2.6507,147.202,0.6,true,0,correct_route
AD,1.2,S4,1,3,proposed_050,true,2.6507,false,,,,,false,,false_refusal
AD,1.2,S4,1,3,proposed_mode,true,2.6507,true,9,2.722,147.202,0.6,true,2.69,correct_route
AD,1.2,S4,1,3,an_080,true,2.6507,true,9,2.6507,147.202,0.6,true,0,correct_route
AD,1.2,S4,1,3,an_mode,true,2.6507,true,9,2.6507,147.202,0.6,true,0,correct_route
AD,1.2,S4,1,4,distance,true,4.3464,true,4,4.3464,0,0,true,0,correct_route
AD,1.2,S4,1,4,proposed_050,true,4.3464,true,4,4.3464,0,0,true,0,correct_route
AD,1.2,S4,1,4,proposed_mode,true,4.3464,true,4,4.3464,0,0,true,0,correct_route
AD,1.2,S4,1,4,an_080,true,4.3464,true,4,4.3464,0,0,true,0,correct_route
AD,1.2,S4,1,4,an_mode,true,4.3464,true,4,4.3464,0,0,true,0,correct_route
AD,1.2,S4,1,5,distance,true,4.4419,true,4,4.4419,0,0,true,0,correct_route
AD,1.2,S4,1,5,proposed_050,true,4.4419,true,4,4.4419,0,0,true,0,correct_route
AD,1.2,S4,1,5,proposed_mode,true,4.4419,true,4,4.4419,0,0,true,0,correct_route
AD,1.2,S4,1,5,an_080,true,4.4419,true,4,4.4419,0,0,true,0,correct_route
AD,1.2,S4,1,5,an_mode,true,4.4419,true,4,4.4419,0,0,true,0,correct_route
AD,1.2,S4,1,6,distance,true,0.7045,true,4,0.7045,0,0,true,0,correct_route
AD,1.2,S4,1,6,proposed_050,true,0.7045,true,4,0.7045,0,0,true,0,correct_route
AD,1.2,S4,1,6,proposed_mode,true,0.7045,true,4,0.7045,0,0,true,0,correct_route
AD,1.2,S4,1,6,an_080,true,0.7045,true,4,0.7045,0,0,true,0,correct_route
AD,1.2,S4,1,6,an_mode,true,0.7045,true,4,0.7045,0,0,true,0,correct_route
AD,1.2,S4,1,7,distance,true,2.4584,true,8,2.4584,0,0,true,0,correct_route
AD,1.2,S4,1,7,proposed_050,true,2.4584,true,8,2.4584,0,0,true,0,correct_route
AD,1.2,S4,1,7,proposed_mode,true,2.4584,true,8,2.4584,0,0,true,0,correct_route
AD,1.2,S4,1,7,an_080,true,2.4584,true,8,2.4584,0,0,true,0,correct_route
AD,1.2,S4,1,7,an_mode,true,2.4584,true,8,2.4584,0,0,true,0,correct_route
AD,1.2,S4,1,8,distance,true,2.2256,true,4,2.2256,0,0,true,0,correct_route
AD,1.2,S4,1,8,proposed_050,true,2.2256,true,4,2.2256,0,0,true,0,correct_route
AD,1.2,S4,1,8,proposed_mode,true,2.2256,true,4,2.2256,0,0,true,0,correct_route
AD,1.2,S4,1,8,an_080,true,2.2256,true,4,2.2256,0,0,true,0,correct_route
AD,1.2,S4,1,8,an_mode,true,2.2256,true,4,2.2256,0,0,true,0,correct_route
AD,1.2,S4,1,9,distance,true,2.2269,true,8,2.2269,0,0,true,0,correct_route
AD,1.2,S4,1,9,proposed_050,true,2.2269,true,8,2.2269,0,0,true,0,correct_route
AD,1.2,S4,1,9,proposed_mode,true,2.2269,true,8,2.2269,0,0,true,0,correct_route
AD,1.2,S4,1,9,an_080,true,2.2269,true,8,2.2269,0,0,true,0,correct_route
AD,1.2,S4,1,9,an_mode,true,2.2269,true,8,2.2269,0,0,true,0,correct_route
AD,1.2,S4,1,10,distance,true,0.7573,true,9,0.7573,196.343,0.6,true,0,correct_route
AD,1.2,S4,1,10,proposed_050,true,0.7573,false,,,,,false,,false_refusal
AD,1.2,S4,1,10,proposed_mode,true,0.7573,true,9,0.7573,196.343,0.6,true,0,correct_route
AD,1.2,S4,1,10,an_080,true,0.7573,true,9,0.7573,196.343,0.6,true,0,correct_route
AD,1.2,S4,1,10,an_mode,true,0.7573,true,9,0.7573,196.343,0.6,true,0,correct_route
AD,1.2,S4,1,11,distance,true,5.077,true,4,5.077,0,0,true,0,correct_route
AD,1.2,S4,1,11,proposed_050,true,5.077,true,4,5.077,0,0,true,0,correct_route
AD,1.2,S4,1,11,proposed_mode,true,5.077,true,4,5.077,0,0,true,0,correct_route
AD,1.2,S4,1,11,an_080,true,5.077,true,4,5.077,0,0,true,0,correct_route
AD,1.2,S4,1,11,an_mode,true,5.077,true,4,5.077,0,0,true,0,correct_route
AD,1.2,S4,1,12,distance,true,4.8102,true,8,4.8102,0,0,true,0,correct_route
AD,1.2,S4,1,12,proposed_050,true,4.8102,true,8,4.8102,0,0,true,0,correct_route
AD,1.2,S4,1,12,proposed_mode,true,4.8102,true,8,4.8102,0,0,true,0,correct_route
AD,1.2,S4,1,12,an_080,true,4.8102,true,8,4.8102,0,0,true,0,correct_route
AD,1.2,S4,1,12,an_mode,true,4.8102,true,8,4.8102,0,0,true,0,correct_route
AD,1.2,S4,1,13,distance,true,5.3483,true,4,5.3483,0,0,true,0,correct_route
AD,1.2,S4,1,13,proposed_050,true,5.3483,true,4,5.3483,0,0,true,0,correct_route
AD,1.2,S4,1,13,proposed_mode,true,5.3483,true,4,5.3483,0,0,true,0,correct_route
AD,1.2,S4,1,13,an_080,true,5.3483,true,4,5.3483,0,0,true,0,correct_route
AD,1.2,S4,1,13,an_mode,true,5.3483,true,4,5.3483,0,0,true,0,correct_route
AD,1.2,S4,1,14,distance,true,2.2619,true,4,2.2619,0,0,true,0,correct_route
AD,1.2,S4,1,14,proposed_050,true,2.2619,true,4,2.2619,0,0,true,0,correct_route
AD,1.2,S4,1,14,proposed_mode,true,2.2619,true,4,2.2619,0,0,true,0,correct_route
AD,1.2,S4,1,14,an_080,true,2.2619,true,4,2.2619,0,0,true,0,correct_route
AD,1.2,S4,1,14,an_mode,true,2.2619,true,4,2.2619,0,0,true,0,correct_route
AD,1.2,S4,1,15,distance,true,3.7294,true,4,3.7294,0,0,true,0,correct_route
AD,1.2,S4,1,15,proposed_050,true,3.7294,true,4,3.7294,0,0,true,0,correct_route
AD,1.2,S4,1,15,proposed_mode,true,3.7294,true,4,3.7294,0,0,true,0,correct_route
AD,1.2,S4,1,15,an_080,true,3.7294,true,4,3.7294,0,0,true,0,correct_route
AD,1.2,S4,1,15,an_mode,true,3.7294,true,4,3.7294,0,0,true,0,correct_route
AD,1.2,S4,1,16,distance,true,1.4535,true,8,1.4535,0,0,true,0,correct_route
AD,1.2,S4,1,16,proposed_050,true,1.4535,true,8,1.4535,0,0,true,0,correct_route
AD,1.2,S4,1,16,proposed_mode,true,1.4535,true,8,1.4535,0,0,true,0,correct_route
AD,1.2,S4,1,16,an_080,true,1.4535,true,8,1.4535,0,0,true,0,correct_route
AD,1.2,S4,1,16,an_mode,true,1.4535,true,8,1.4535,0,0,true,0,correct_route
AD,1.2,S4,1,17,distance,true,4.4279,true,8,4.4279,117.964,0.6,true,0,correct_route
AD,1.2,S4,1,17,proposed_050,true,4.4279,false,,,,,false,,false_refusal
AD,1.2,S4,1,17,proposed_mode,true,4.4279,true,8,4.4279,117.964,0.6,true,0,correct_route
AD,1.2,S4,1,17,an_080,true,4.4279,true,8,4.4279,117.964,0.6,true,0,correct_route
AD,1.2,S4,1,17,an_mode,true,4.4279,true,8,4.4279,117.964,0.6,true,0,correct_route
AD,1.2,S4,1,18,distance,true,2.343,true,8,2.343,0,0,true,0,correct_route
AD,1.2,S4,1,18,proposed_050,true,2.343,true,8,2.343,0,0,true,0,correct_route
AD,1.2,S4,1,18,proposed_mode,true,2.343,true,8,2.343,0,0,true,0,correct_route
AD,1.2,S4,1,18,an_080,true,2.343,true,8,2.343,0,0,true,0,correct_route
AD,1.2,S4,1,18,an_mode,true,2.343,true,8,2.343,0,0,true,0,correct_route
AD,1.2,S4,1,19,distance,true,2.0721,true,8,2.0721,0,0,true,0,correct_route
AD,1.2,S4,1,19,proposed_050,true,2.0721,true,8,2.0721,0,0,true,0,correct_route
AD,1.2,S4,1,19,proposed_mode,true,2.0721,true,8,2.0721,0,0,true,0,correct_route
AD,1.2,S4,1,19,an_080,true,2.0721,true,8,2.0721,0,0,true,0,correct_route
AD,1.2,S4,1,19,an_mode,true,2.0721,true,8,2.0721,0,0,true,0,correct_route
AD,1.2,S4,1,20,distance,true,8.4103,true,7,8.4103,198.23,0.6,true,0,correct_route
AD,1.2,S4,1,20,proposed_050,true,8.4103,true,7,9.6348,0,0,true,14.56,correct_route
AD,1.2,S4,1,20,proposed_mode,true,8.4103,true,7,9.6348,0,0,true,14.56,correct_route
AD,1.2,S4,1,20,an_080,true,8.4103,true,7,8.4103,198.23,0.6,true,0,correct_route
AD,1.2,S4,1,20,an_mode,true,8.4103,true,7,8.4103,198.23,0.6,true,0,correct_route
AD,1.2,S4,1,21,distance,true,1.5022,true,7,1.5022,0,0,true,0,correct_route
AD,1.2,S4,1,21,proposed_050,true,1.5022,true,7,1.5022,0,0,true,0,correct_route
AD,1.2,S4,1,21,proposed_mode,true,1.5022,true,7,1.5022,0,0,true,0,correct_route
AD,1.2,S4,1,21,an_080,true,1.5022,true,7,1.5022,0,0,true,0,correct_route
AD,1.2,S4,1,21,an_mode,true,1.5022,true,7,1.5022,0,0,true,0,correct_route
AD,1.2,S4,1,22,distance,true,2.2373,true,7,2.2373,0,0,true,0,correct_route
AD,1.2,S4,1,22,proposed_050,true,2.2373,true,7,2.2373,0,0,true,0,correct_route
AD,1.2,S4,1,22,proposed_mode,true,2.2373,true,7,2.2373,0,0,true,0,correct_route
AD,1.2,S4,1,22,an_080,true,2.2373,true,7,2.2373,0,0,true,0,correct_route
AD,1.2,S4,1,22,an_mode,true,2.2373,true,7,2.2373,0,0,true,0,correct_route
AD,1.2,S4,1,23,distance,true,5.7136,true,7,5.7136,229.741,0.6,true,0,correct_route
AD,1.2,S4,1,23,proposed_050,true,5.7136,false,,,,,false,,false_refusal
AD,1.2,S4,1,23,proposed_mode,true,5.7136,true,7,5.7221,237.249,0.6,true,0.148,correct_route
AD,1.2,S4,1,23,an_080,true,5.7136,true,7,5.7221,237.249,0.6,true,0.148,correct_route
AD,1.2,S4,1,23,an_mode,true,5.7136,true,7,5.7221,237.249,0.6,true,0.148,correct_route
AD,1.2,S4,1,24,distance,true,3.7965,true,7,3.7965,0,0,true,0,correct_route
AD,1.2,S4,1,24,proposed_050,true,3.7965,true,7,3.7965,0,0,true,0,correct_route
AD,1.2,S4,1,24,proposed_mode,true,3.7965,true,7,3.7965,0,0,true,0,correct_route
AD,1.2,S4,1,24,an_080,true,3.7965,true,7,3.7965,0,0,true,0,correct_route
AD,1.2,S4,1,24,an_mode,true,3.7965,true,7,3.7965,0,0,true,0,correct_route
AD,1.2,S4,1,25,distance,true,2.019,true,5,2.019,0,0,true,0,correct_route
AD,1.2,S4,1,25,proposed_050,true,2.019,true,5,2.019,0,0,true,0,correct_route
AD,1.2,S4,1,25,proposed_mode,true,2.019,true,5,2.019,0,0,true,0,correct_route
AD,1.2,S4,1,25,an_080,true,2.019,true,5,2.019,0,0,true,0,correct_route
AD,1.2,S4,1,25,an_mode,true,2.019,true,5,2.019,0,0,true,0,correct_route
AD,1.2,S4,1,26,distance,true,1.0687,true,5,1.0687,0,0,true,0,correct_route
AD,1.2,S4,1,26,proposed_050,true,1.0687,true,5,1.0687,0,0,true,0,correct_route
AD,1.2,S4,1,26,proposed_mode,true,1.0687,true,5,1.0687,0,0,true,0,correct_route
AD,1.2,S4,1,26,an_080,true,1.0687,true,5,1.0687,0,0,true,0,correct_route
AD,1.2,S4,1,26,an_mode,true,1.0687,true,5,1.0687,0,0,true,0,correct_route
AD,1.2,S4,1,27,distance,true,2.187,true,3,2.187,0,0,true,0,correct_route
AD,1.2,S4,1,27,proposed_050,true,2.187,true,3,2.187,0,0,true,0,correct_route
AD,1.2,S4,1,27,proposed_mode,true,2.187,true,3,2.187,0,0,true,0,correct_route
AD,1.2,S4,1,27,an_080,true,2.187,true,3,2.187,0,0,true,0,correct_route
AD,1.2,S4,1,27,an_mode,true,2.187,true,3,2.187,0,0,true,0,correct_route
AD,1.2,S4,1,28,distance,true,3.3577,true,7,3.3577,0,0,true,0,correct_route
AD,1.2,S4,1,28,proposed_050,true,3.3577,true,7,3.3577,0,0,true,0,correct_route
AD,1.2,S4,1,28,proposed_mode,true,3.3577,true,7,3.3577,0,0,true,0,correct_route
AD,1.2,S4,1,28,an_080,true,3.3577,true,7,3.3577,0,0,true,0,correct_route
AD,1.2,S4,1,28,an_mode,true,3.3577,true,7,3.3577,0,0,true,0,correct_route
AD,1.2,S4,1,29,distance,true,5.5354,true,7,5.5354,0,0,true,0,correct_route
AD,1.2,S4,1,29,proposed_050,true,5.5354,true,7,5.5354,0,0,true,0,correct_route
AD,1.2,S4,1,29,proposed_mode,true,5.5354,true,7,5.5354,0,0,true,0,correct_route
AD,1.2,S4,1,29,an_080,true,5.5354,true,7,5.5354,0,0,true,0,correct_route
AD,1.2,S4,1,29,an_mode,true,5.5354,true,7,5.5354,0,0,true,0,correct_route
AD,1.2,S4,1,30,distance,true,2.6793,true,3,2.6793,130.563,0.6,true,0,correct_route
AD,1.2,S4,1,30,proposed_050,true,2.6793,false,,,,,false,,false_refusal
AD,1.2,S4,1,30,proposed_mode,true,2.6793,true,3,2.6793,130.563,0.6,true,0,correct_route
AD,1.2,S4,1,30,an_080,true,2.6793,true,3,2.6793,130.563,0.6,true,0,correct_route
AD,1.2,S4,1,30,an_mode,true,2.6793,true,3,2.6793,130.563,0.6,true,0,correct_route
AD,1.2,S4,1,31,distance,true,3.5175,true,7,3.5175,0,0,true,0,correct_route
AD,1.2,S4,1,31,proposed_050,true,3.5175,true,7,3.5175,0,0,true,0,correct_route
AD,1.2,S4,1,31,proposed_mode,true,3.5175,true,7,3.5175,0,0,true,0,correct_route
AD,1.2,S4,1,31,an_080,true,3.5175,true,7,3.5175,0,0,true,0,correct_route
AD,1.2,S4,1,31,an_mode,true,3.5175,true,7,3.5175,0,0,true,0,correct_route
AD,1.2,S4,1,32,distance,true,1.5916,true,3,1.5916,0,0,true,0,correct_route
AD,1.2,S4,1,32,proposed_050,true,1.5916,true,3,1.5916,0,0,true,0,correct_route
AD,1.2,S4,1,32,proposed_mode,true,1.5916,true,3,1.5916,0,0,true,0,correct_route
AD,1.2,S4,1,32,an_080,true,1.5916,true,3,1.5916,0,0,true,0,correct_route
AD,1.2,S4,1,32,an_mode,true,1.5916,true,3,1.5916,0,0,true,0,correct_route
AD,1.2,S4,1,33,distance,true,2.2529,true,7,2.2529,0,0,true,0,correct_route
AD,1.2,S4,1,33,proposed_050,true,2.2529,true,7,2.2529,0,0,true,0,correct_route
AD,1.2,S4,1,33,proposed_mode,true,2.2529,true,7,2.2529,0,0,true,0,correct_route
AD,1.2,S4,1,33,an_080,true,2.2529,true,7,2.2529,0,0,true,0,correct_route
AD,1.2,S4,1,33,an_mode,true,2.2529,true,7,2.2529,0,0,true,0,correct_route
AD,1.2,S4,1,34,distance,true,1.9227,true,7,1.9227,0,0,true,0,correct_route
AD,1.2,S4,1,34,proposed_050,true,1.9227,true,7,1.9227,0,0,true,0,correct_route
AD,1.2,S4,1,34,proposed_mode,true,1.9227,true,7,1.9227,0,0,true,0,correct_route
AD,1.2,S4,1,34,an_080,true,1.9227,true,7,1.9227,0,0,true,0,correct_route
AD,1.2,S4,1,34,an_mode,true,1.9227,true,7,1.9227,0,0,true,0,correct_route
AD,1.2,S4,1,35,distance,true,3.6916,true,7,3.6916,0,0,true,0,correct_route
AD,1.2,S4,1,35,proposed_050,true,3.6916,true,7,3.6916,0,0,true,0,correct_route
AD,1.2,S4,1,35,proposed_mode,true,3.6916,true,7,3.6916,0,0,true,0,correct_route
AD,1.2,S4,1,35,an_080,true,3.6916,true,7,3.6916,0,0,true,0,correct_route
AD,1.2,S4,1,35,an_mode,true,3.6916,true,7,3.6916,0,0,true,0,correct_route
AD,1.2,S4,1,36,distance,true,4.5516,true,7,4.5516,0,0,true,0,correct_route
AD,1.2,S4,1,36,proposed_050,true,4.5516,true,7,4.5516,0,0,true,0,correct_route
AD,1.2,S4,1,36,proposed_mode,true,4.5516,true,7,4.5516,0,0,true,0,correct_route
AD,1.2,S4,1,36,an_080,true,4.5516,true,7,4.5516,0,0,true,0,correct_route
AD,1.2,S4,1,36,an_mode,true,4.5516,true,7,4.5516,0,0,true,0,correct_route
AD,1.2,S4,1,37,distance,true,3.7026,true,7,3.7026,138.055,0.6,true,0,correct_route
AD,1.2,S4,1,37,proposed_050,true,3.7026,false,,,,,false,,false_refusal
AD,1.2,S4,1,37,proposed_mode,true,3.7026,true,7,3.7026,138.055,0.6,true,0,correct_route
AD,1.2,S4,1,37,an_080,true,3.7026,true,7,3.7026,138.055,0.6,true,0,correct_route
AD,1.2,S4,1,37,an_mode,true,3.7026,true,7,3.7026,138.055,0.6,true,0,correct_route
AD,1.2,S4,1,38,distance,true,4.8669,true,7,4.8669,0,0,true,0,correct_route
AD,1.2,S4,1,38,proposed_050,true,4.8669,true,7,4.8669,0,0,true,0,correct_route
AD,1.2,S4,1,38,proposed_mode,true,4.8669,true,7,4.8669,0,0,true,0,correct_route
AD,1.2,S4,1,38,an_080,true,4.8669,true,7,4.8669,0,0,true,0,correct_route
AD,1.2,S4,1,38,an_mode,true,4.8669,true,7,4.8669,0,0,true,0,correct_route
AD,1.2,S4,1,39,distance,true,3.8945,true,3,3.8945,0,0,true,0,correct_route
AD,1.2,S4,1,39,proposed_050,true,3.8945,true,3,3.8945,0,0,true,0,correct_route
AD,1.2,S4,1,39,proposed_mode,true,3.8945,true,3,3.8945,0,0,true,0,correct_route
AD,1.2,S4,1,39,an_080,true,3.8945,true,3,3.8945,0,0,true,0,correct_route
AD,1.2,S4,1,39,an_mode,true,3.8945,true,3,3.8945,0,0,true,0,correct_route
AD,1.2,S4,1,40,distance,true,4.2719,true,3,4.2719,0,0,true,0,correct_route
AD,1.2,S4,1,40,proposed_050,true,4.2719,true,3,4.2719,0,0,true,0,correct_route
AD,1.2,S4,1,40,proposed_mode,true,4.2719,true,3,4.2719,0,0,true,0,correct_route
AD,1.2,S4,1,40,an_080,true,4.2719,true,3,4.2719,0,0,true,0,correct_route
AD,1.2,S4,1,40,an_mode,true,4.2719,true,3,4.2719,0,0,true,0,correct_route
SV,0.3,S4,1.5,1,distance,true,3.5648,true,9,3.5648,0,0,true,0,correct_route
SV,0.3,S4,1.5,1,proposed_050,true,3.5648,true,9,3.5648,0,0,true,0,correct_route
SV,0.3,S4,1.5,1,proposed_mode,true,3.5648,true,9,3.5648,0,0,true,0,correct_route
SV,0.3,S4,1.5,1,an_080,true,3.5648,true,9,3.5648,0,0,true,0,correct_route
SV,0.3,S4,1.5,1,an_mode,true,3.5648,true,9,3.5648,0,0,true,0,correct_route
SV,0.3,S4,1.5,2,distance,true,4.4419,true,4,4.4419,0,0,true,0,correct_route
SV,0.3,S4,1.5,2,proposed_050,true,4.4419,true,4,4.4419,0,0,true,0,correct_route
SV,0.3,S4,1.5,2,proposed_mode,true,4.4419,true,4,4.4419,0,0,true,0,correct_route
SV,0.3,S4,1.5,2,an_080,true,4.4419,true,4,4.4419,0,0,true,0,correct_route
SV,0.3,S4,1.5,2,an_mode,true,4.4419,true,4,4.4419,0,0,true,0,correct_route
SV,0.3,S4,1.5,3,distance,false,,true,9,2.6507,220.803,0.9,false,,missed_isolation
SV,0.3,S4,1.5,3,proposed_050,false,,false,,,,,false,,correct_isolation
SV,0.3,S4,1.5,3,proposed_mode,false,,false,,,,,false,,correct_isolation
SV,0.3,S4,1.5,3,an_080,false,,false,,,,,false,,correct_isolation
SV,0.3,S4,1.5,3,an_mode,false,,false,,,,,false,,correct_isolation
SV,0.3,S4,1.5,4,distance,true,4.3464,true,4,4.3464,0,0,true,0,correct_route
SV,0.3,S4,1.5,4,proposed_050,true,4.3464,true,4,4.3464,0,0,true,0,correct_route
SV,0.3,S4,1.5,4,proposed_mode,true,4.3464,true,4,4.3464,0,0,true,0,correct_route
SV,0.3,S4,1.5,4,an_080,true,4.3464,true,4,4.3464,0,0,true,0,correct_route
SV,0.3,S4,1.5,4,an_mode,true,4.3464,true,4,4.3464,0,0,true,0,correct_route
SV,0.3,S4,1.5,5,distance,true,4.4419,true,4,4.4419,0,0,true,0,correct_route
SV,0.3,S4,1.5,5,proposed_050,true,4.4419,true,4,4.4419,0,0,true,0,correct_route
SV,0.3,S4,1.5,5,proposed_mode,true,4.4419,true,4,4.4419,0,0,true,0,correct_route
SV,0.3,S4,1.5,5,an_080,true,4.4419,true,4,4.4419,0,0,true,0,correct_route
SV,0.3,S4,1.5,5,an_mode,true,4.4419,true,4,4.4419,0,0,true,0,correct_route
SV,0.3,S4,1.5,6,distance,true,0.7045,true,4,0.7045,0,0,true,0,correct_route
SV,0.3,S4,1.5,6,proposed_050,true,0.7045,true,4,0.7045,0,0,true,0,correct_route
SV,0.3,S4,1.5,6,proposed_mode,true,0.7045,true,4,0.7045,0,0,true,0,correct_route
SV,0.3,S4,1.5,6,an_080,true,0.7045,true,4,0.7045,0,0,true,0,correct_route
SV,0.3,S4,1.5,6,an_mode,true,0.7045,true,4,0.7045,0,0,true,0,correct_route
SV,0.3,S4,1.5,7,distance,true,2.4584,true,8,2.4584,0,0,true,0,correct_route
SV,0.3,S4,1.5,7,proposed_050,true,2.4584,true,8,2.4584,0,0,true,0,correct_route
SV,0.3,S4,1.5,7,proposed_mode,true,2.4584,true,8,2.4584,0,0,true,0,correct_route
SV,0.3,S4,1.5,7,an_080,true,2.4584,true,8,2.4584,0,0,true,0,correct_route
SV,0.3,S4,1.5,7,an_mode,true,2.4584,true,8,2.4584,0,0,true,0,correct_route
SV,0.3,S4,1.5,8,distance,true,2.2256,true,4,2.2256,0,0,true,0,correct_route
SV,0.3,S4,1.5,8,proposed_050,true,2.2256,true,4,2.2256,0,0,true,0,correct_route
SV,0.3,S4,1.5,8,proposed_mode,true,2.2256,true,4,2.2256,0,0,true,0,correct_route
SV,0.3,S4,1.5,8,an_080,true,2.2256,true,4,2.2256,0,0,true,0,correct_route
SV,0.3,S4,1.5,8,an_mode,true,2.2256,true,4,2.2256,0,0,true,0,correct_route
SV,0.3,S4,1.5,9,distance,true,2.2269,true,8,2.2269,0,0,true,0,correct_route
SV,0.3,S4,1.5,9,proposed_050,true,2.2269,true,8,2.2269,0,0,true,0,correct_route
SV,0.3,S4,1.5,9,proposed_mode,true,2.2269,true,8,2.2269,0,0,true,0,correct_route
SV,0.3,S4,1.5,9,an_080,true,2.2269,true,8,2.2269,0,0,true,0,correct_route
SV,0.3,S4,1.5,9,an_mode,true,2.2269,true,8,2.2269,0,0,true,0,correct_route
SV,0.3,S4,1.5,10,distance,false,,true,9,0.7573,294.514,0.9,false,,missed_isolation
SV,0.3,S4,1.5,10,proposed_050,false,,false,,,,,false,,correct_isolation
SV,0.3,S4,1.5,10,proposed_mode,false,,false,,,,,false,,correct_isolation
SV,0.3,S4,1.5,10,an_080,false,,false,,,,,false,,correct_isolation
SV,0.3,S4,1.5,10,an_mode,false,,false,,,,,false,,correct_isolation
SV,0.3,S4,1.5,11,distance,true,5.077,true,4,5.077,0,0,true,0,correct_route
SV,0.3,S4,1.5,11,proposed_050,true,5.077,true,4,5.077,0,0,true,0,correct_route
SV,0.3,S4,1.5,11,proposed_mode,true,5.077,true,4,5.077,0,0,true,0,correct_route
SV,0.3,S4,1.5,11,an_080,true,5.077,true,4,5.077,0,0,true,0,correct_route
SV,0.3,S4,1.5,11,an_mode,true,5.077,true,4,5.077,0,0,true,0,correct_route
SV,0.3,S4,1.5,12,distance,true,4.8102,true,8,4.8102,0,0,true,0,correct_route
SV,0.3,S4,1.5,12,proposed_050,true,4.8102,true,8,4.8102,0,0,true,0,correct_route
SV,0.3,S4,1.5,12,proposed_mode,true,4.8102,true,8,4.8102,0,0,true,0,correct_route
SV,0.3,S4,1.5,12,an_080,true,4.8102,true,8,4.8102,0,0,true,0,correct_route
SV,0.3,S4,1.5,12,an_mode,true,4.8102,true,8,4.8102,0,0,true,0,correct_route
SV,0.3,S4,1.5,13,distance,true,5.3483,true,4,5.3483,0,0,true,0,correct_route
SV,0.3,S4,1.5,13,proposed_050,true,5.3483,true,4,5.3483,0,0,true,0,correct_route
SV,0.3,S4,1.5,13,proposed_mode,true,5.3483,true,4,5.3483,0,0,true,0,correct_route
SV,0.3,S4,1.5,13,an_080,true,5.3483,true,4,5.3483,0,0,true,0,correct_route
SV,0.3,S4,1.5,13,an_mode,true,5.3483,true,4,5.3483,0,0,true,0,correct_route
SV,0.3,S4,1.5,14,distance,true,2.2619,true,4,2.2619,0,0,true,0,correct_route
SV,0.3,S4,1.5,14,proposed_050,true,2.2619,true,4,2.2619,0,0,true,0,correct_route
SV,0.3,S4,1.5,14,proposed_mode,true,2.2619,true,4,2.2619,0,0,true,0,correct_route
SV,0.3,S4,1.5,14,an_080,true,2.2619,true,4,2.2619,0,0,true,0,correct_route
SV,0.3,S4,1.5,14,an_mode,true,2.2619,true,4,2.2619,0,0,true,0,correct_route
SV,0.3,S4,1.5,15,distance,true,3.7294,true,4,3.7294,0,0,true,0,correct_route
SV,0.3,S4,1.5,15,proposed_050,true,3.7294,true,4,3.7294,0,0,true,0,correct_route
SV,0.3,S4,1.5,15,proposed_mode,true,3.7294,true,4,3.7294,0,0,true,0,correct_route
SV,0.3,S4,1.5,15,an_080,true,3.7294,true,4,3.7294,0,0,true,0,correct_route
SV,0.3,S4,1.5,15,an_mode,true,3.7294,true,4,3.7294,0,0,true,0,correct_route
SV,0.3,S4,1.5,16,distance,true,1.4535,true,8,1.4535,0,0,true,0,correct_route
SV,0.3,S4,1.5,16,proposed_050,true,1.4535,true,8,1.4535,0,0,true,0,correct_route
SV,0.3,S4,1.5,16,proposed_mode,true,1.4535,true,8,1.4535,0,0,true,0,correct_route
SV,0.3,S4,1.5,16,an_080,true,1.4535,true,8,1.4535,0,0,true,0,correct_route
SV,0.3,S4,1.5,16,an_mode,true,1.4535,true,8,1.4535,0,0,true,0,correct_route
SV,0.3,S4,1.5,17,distance,false,,true,8,4.4279,176.946,0.9,false,,missed_isolation
SV,0.3,S4,1.5,17,proposed_050,false,,false,,,,,false,,correct_isolation
SV,0.3,S4,1.5,17,proposed_mode,false,,false,,,,,false,,correct_isolation
SV,0.3,S4,1.5,17,an_080,false,,false,,,,,false,,correct_isolation
SV,0.3,S4,1.5,17,an_mode,false,,false,,,,,false,,correct_isolation
SV,0.3,S4,1.5,18,distance,true,2.343,true,8,2.343,0,0,true,0,correct_route
SV,0.3,S4,1.5,18,proposed_050,true,2.343,true,8,2.343,0,0,true,0,correct_route
SV,0.3,S4,1.5,18,proposed_mode,true,2.343,true,8,2.343,0,0,true,0,correct_route
SV,0.3,S4,1.5,18,an_080,true,2.343,true,8,2.343,0,0,true,0,correct_route
SV,0.3,S4,1.5,18,an_mode,true,2.343,true,8,2.343,0,0,true,0,correct_route
SV,0.3,S4,1.5,19,distance,true,2.0721,true,8,2.0721,0,0,true,0,correct_route
SV,0.3,S4,1.5,19,proposed_050,true,2.0721,true,8,2.0721,0,0,true,0,correct_route
SV,0.3,S4,1.5,19,proposed_mode,true,2.0721,true,8,2.0721,0,0,true,0,correct_route
SV,0.3,S4,1.5,19,an_080,true,2.0721,true,8,2.0721,0,0,true,0,correct_route
SV,0.3,S4,1.5,19,an_mode,true,2.0721,true,8,2.0721,0,0,true,0,correct_route
SV,0.3,S4,1.5,20,distance,true,9.6348,true,7,8.4103,297.345,0.9,false,-12.709,unsafe_route
SV,0.3,S4,1.5,20,proposed_050,true,9.6348,true,7,9.6348,0,0,true,0,correct_route
SV,0.3,S4,1.5,20,proposed_mode,true,9.6348,true,7,9.6348,0,0,true,0,correct_route
SV,0.3,S4,1.5,20,an_080,true,9.6348,true,7,9.6348,0,0,true,0,correct_route
SV,0.3,S4,1.5,20,an_mode,true,9.6348,true,7,9.6348,0,0,true,0,correct_route
SV,0.3,S4,1.5,21,distance,true,1.5022,true,7,1.5022,0,0,true,0,correct_route
SV,0.3,S4,1.5,21,proposed_050,true,1.5022,true,7,1.5022,0,0,true,0,correct_route
SV,0.3,S4,1.5,21,proposed_mode,true,1.5022,true,7,1.5022,0,0,true,0,correct_route
SV,0.3,S4,1.5,21,an_080,true,1.5022,true,7,1.5022,0,0,true,0,correct_route
SV,0.3,S4,1.5,21,an_mode,true,1.5022,true,7,1.5022,0,0,true,0,correct_route
SV,0.3,S4,1.5,22,distance,true,2.2373,true,7,2.2373,0,0,true,0,correct_route
SV,0.3,S4,1.5,22,proposed_050,true,2.2373,true,7,2.2373,0,0,true,0,correct_route
SV,0.3,S4,1.5,22,proposed_mode,true,2.2373,true,7,2.2373,0,0,true,0,correct_route
SV,0.3,S4,1.5,22,an_080,true,2.2373,true,7,2.2373,0,0,true,0,correct_route
SV,0.3,S4,1.5,22,an_mode,true,2.2373,true,7,2.2373,0,0,true,0,correct_route
SV,0.3,S4,1.5,23,distance,false,,true,7,5.7136,344.611,0.9,false,,missed_isolation
SV,0.3,S4,1.5,23,proposed_050,false,,false,,,,,false,,correct_isolation
SV,0.3,S4,1.5,23,proposed_mode,false,,false,,,,,false,,correct_isolation
SV,0.3,S4,1.5,23,an_080,false,,false,,,,,false,,correct_isolation
SV,0.3,S4,1.5,23,an_mode,false,,false,,,,,false,,correct_isolation
SV,0.3,S4,1.5,24,distance,true,3.7965,true,7,3.7965,0,0,true,0,correct_route
SV,0.3,S4,1.5,24,proposed_050,true,3.7965,true,7,3.7965,0,0,true,0,correct_route
SV,0.3,S4,1.5,24,proposed_mode,true,3.7965,true,7,3.7965,0,0,true,0,correct_route
SV,0.3,S4,1.5,24,an_080,true,3.7965,true,7,3.7965,0,0,true,0,correct_route
SV,0.3,S4,1.5,24,an_mode,true,3.7965,true,7,3.7965,0,0,true,0,correct_route
SV,0.3,S4,1.5,25,distance,true,2.019,true,5,2.019,0,0,true,0,correct_route
SV,0.3,S4,1.5,25,proposed_050,true,2.019,true,5,2.019,0,0,true,0,correct_route
SV,0.3,S4,1.5,25,proposed_mode,true,2.019,true,5,2.019,0,0,true,0,correct_route
SV,0.3,S4,1.5,25,an_080,true,2.019,true,5,2.019,0,0,true,0,correct_route
SV,0.3,S4,1.5,25,an_mode,true,2.019,true,5,2.019,0,0,true,0,correct_route
SV,0.3,S4,1.5,26,distance,true,1.0687,true,5,1.0687,0,0,true,0,correct_route
SV,0.3,S4,1.5,26,proposed_050,true,1.0687,true,5,1.0687,0,0,true,0,correct_route
SV,0.3,S4,1.5,26,proposed_mode,true,1.0687,true,5,1.0687,0,0,true,0,correct_route
SV,0.3,S4,1.5,26,an_080,true,1.0687,true,5,1.0687,0,0,true,0,correct_route
SV,0.3,S4,1.5,26,an_mode,true,1.0687,true,5,1.0687,0,0,true,0,correct_route
SV,0.3,S4,1.5,27,distance,true,2.187,true,3,2.187,0,0,true,0,correct_route
SV,0.3,S4,1.5,27,proposed_050,true,2.187,true,3,2.187,0,0,true,0,correct_route
SV,0.3,S4,1.5,27,proposed_mode,true,2.187,true,3,2.187,0,0,true,0,correct_route
SV,0.3,S4,1.5,27,an_080,true,2.187,true,3,2.187,0,0,true,0,correct_route
SV,0.3,S4,1.5,27,an_mode,true,2.187,true,3,2.187,0,0,true,0,correct_route
SV,0.3,S4,1.5,28,distance,true,3.3577,true,7,3.3577,0,0,true,0,correct_route
SV,0.3,S4,1.5,28,proposed_050,true,3.3577,true,7,3.3577,0,0,true,0,correct_route
SV,0.3,S4,1.5,28,proposed_mode,true,3.3577,true,7,3.3577,0,0,true,0,correct_route
SV,0.3,S4,1.5,28,an_080,true,3.3577,true,7,3.3577,0,0,true,0,correct_route
SV,0.3,S4,1.5,28,an_mode,true,3.3577,true,7,3.3577,0,0,true,0,correct_route
SV,0.3,S4,1.5,29,distance,true,5.5354,true,7,5.5354,0,0,true,0,correct_route
SV,0.3,S4,1.5,29,proposed_050,true,5.5354,true,7,5.5354,0,0,true,0,correct_route
SV,0.3,S4,1.5,29,proposed_mode,true,5.5354,true,7,5.5354,0,0,true,0,correct_route
SV,0.3,S4,1.5,29,an_080,true,5.5354,true,7,5.5354,0,0,true,0,correct_route
SV,0.3,S4,1.5,29,an_mode,true,5.5354,true,7,5.5354,0,0,true,0,correct_route
SV,0.3,S4,1.5,30,distance,false,,true,3,2.6793,195.845,0.9,false,,missed_isolation
SV,0.3,S4,1.5,30,proposed_050,false,,false,,,,,false,,correct_isolation
SV,0.3,S4,1.5,30,proposed_mode,false,,false,,,,,false,,correct_isolation
SV,0.3,S4,1.5,30,an_080,false,,false,,,,,false,,correct_isolation
SV,0.3,S4,1.5,30,an_mode,false,,false,,,,,false,,correct_isolation
SV,0.3,S4,1.5,31,distance,true,3.5175,true,7,3.5175,0,0,true,0,correct_route
SV,0.3,S4,1.5,31,proposed_050,true,3.5175,true,7,3.5175,0,0,true,0,correct_route
SV,0.3,S4,1.5,31,proposed_mode,true,3.5175,true,7,3.5175,0,0,true,0,correct_route
SV,0.3,S4,1.5,31,an_080,true,3.5175,true,7,3.5175,0,0,true,0,correct_route
SV,0.3,S4,1.5,31,an_mode,true,3.5175,true,7,3.5175,0,0,true,0,correct_route
SV,0.3,S4,1.5,32,distance,true,1.5916,true,3,1.5916,0,0,true,0,correct_route
SV,0.3,S4,1.5,32,proposed_050,true,1.5916,true,3,1.5916,0,0,true,0,correct_route
SV,0.3,S4,1.5,32,proposed_mode,true,1.5916,true,3,1.5916,0,0,true,0,correct_route
SV,0.3,S4,1.5,32,an_080,true,1.5916,true,3,1.5916,0,0,true,0,correct_route
SV,0.3,S4,1.5,32,an_mode,true,1.5916,true,3,1.5916,0,0,true,0,correct_route
SV,0.3,S4,1.5,33,distance,true,2.2529,true,7,2.2529,0,0,true,0,correct_route
SV,0.3,S4,1.5,33,proposed_050,true,2.2529,true,7,2.2529,0,0,true,0,correct_route
SV,0.3,S4,1.5,33,proposed_mode,true,2.2529,true,7,2.2529,0,0,true,0,correct_route
SV,0.3,S4,1.5,33,an_080,true,2.2529,true,7,2.2529,0,0,true,0,correct_route
SV,0.3,S4,1.5,33,an_mode,true,2.2529,true,7,2.2529,0,0,true,0,correct_route
SV,0.3,S4,1.5,34,distance,true,1.9227,true,7,1.9227,0,0,true,0,correct_route
SV,0.3,S4,1.5,34,proposed_050,true,1.9227,true,7,1.9227,0,0,true,0,correct_route
SV,0.3,S4,1.5,34,proposed_mode,true,1.9227,true,7,1.9227,0,0,true,0,correct_route
SV,0.3,S4,1.5,34,an_080,true,1.9227,true,7,1.9227,0,0,true,0,correct_route
SV,0.3,S4,1.5,34,an_mode,true,1.9227,true,7,1.9227,0,0,true,0,correct_route
SV,0.3,S4,1.5,35,distance,true,3.6916,true,7,3.6916,0,0,true,0,correct_route
SV,0.3,S4,1.5,35,proposed_050,true,3.6916,true,7,3.6916,0,0,true,0,correct_route
SV,0.3,S4,1.5,35,proposed_mode,true,3.6916,true,7,3.6916,0,0,true,0,correct_route
SV,0.3,S4,1.5,35,an_080,true,3.6916,true,7,3.6916,0,0,true,0,correct_route
SV,0.3,S4,1.5,35,an_mode,true,3.6916,true,7,3.6916,0,0,true,0,correct_route
SV,0.3,S4,1.5,36,distance,true,4.5516,true,7,4.5516,0,0,true,0,correct_route
SV,0.3,S4,1.5,36,proposed_050,true,4.5516,true,7,4.5516,0,0,true,0,correct_route
SV,0.3,S4,1.5,36,proposed_mode,true,4.5516,true,7,4.5516,0,0,true,0,correct_route
SV,0.3,S4,1.5,36,an_080,true,4.5516,true,7,4.5516,0,0,true,0,correct_route
SV,0.3,S4,1.5,36,an_mode,true,4.5516,true,7,4.5516,0,0,true,0,correct_route
SV,0.3,S4,1.5,37,distance,false,,true,7,3.7026,207.083,0.9,false,,missed_isolation
SV,0.3,S4,1.5,37,proposed_050,false,,false,,,,,false,,correct_isolation
SV,0.3,S4,1.5,37,proposed_mode,false,,false,,,,,false,,correct_isolation
SV,0.3,S4,1.5,37,an_080,false,,false,,,,,false,,correct_isolation
SV,0.3,S4,1.5,37,an_mode,false,,false,,,,,false,,correct_isolation
SV,0.3,S4,1.5,38,distance,true,4.8669,true,7,4.8669,0,0,true,0,correct_route
SV,0.3,S4,1.5,38,proposed_050,true,4.8669,true,7,4.8669,0,0,true,0,correct_route
SV,0.3,S4,1.5,38,proposed_mode,true,4.8669,true,7,4.8669,0,0,true,0,correct_route
SV,0.3,S4,1.5,38,an_080,true,4.8669,true,7,4.8669,0,0,true,0,correct_route
SV,0.3,S4,1.5,38,an_mode,true,4.8669,true,7,4.8669,0,0,true,0,correct_route
SV,0.3,S4,1.5,39,distance,true,3.8945,true,3,3.8945,0,0,true,0,correct_route
SV,0.3,S4,1.5,39,proposed_050,true,3.8945,true,3,3.8945,0,0,true,0,correct_route
SV,0.3,S4,1.5,39,proposed_mode,true,3.8945,true,3,3.8945,0,0,true,0,correct_route
SV,0.3,S4,1.5,39,an_080,true,3.8945,true,3,3.8945,0,0,true,0,correct_route
SV,0.3,S4,1.5,39,an_mode,true,3.8945,true,3,3.8945,0,0,true,0,correct_route
SV,0.3,S4,1.5,40,distance,true,4.2719,true,3,4.2719,0,0,true,0,correct_route
SV,0.3,S4,1.5,40,proposed_050,true,4.2719,true,3,4.2719,0,0,true,0,correct_route
SV,0.3,S4,1.5,40,proposed_mode,true,4.2719,true,3,4.2719,0,0,true,0,correct_route
SV,0.3,S4,1.5,40,an_080,true,4.2719,true,3,4.2719,0,0,true,0,correct_route
SV,0.3,S4,1.5,40,an_mode,true,4.2719,true,3,4.2719,0,0,true,0,correct_route
LV,0.5,S4,1.5,1,distance,true,3.5648,true,9,3.5648,0,0,true,0,correct_route
LV,0.5,S4,1.5,1,proposed_050,true,3.5648,true,9,3.5648,0,0,true,0,correct_route
LV,0.5,S4,1.5,1,proposed_mode,true,3.5648,true,9,3.5648,0,0,true,0,correct_route
LV,0.5,S4,1.5,1,an_080,true,3.5648,true,9,3.5648,0,0,true,0,correct_route
LV,0.5,S4,1.5,1,an_mode,true,3.5648,true,9,3.5648,0,0,true,0,correct_route
LV,0.5,S4,1.5,2,distance,true,4.4419,true,4,4.4419,0,0,true,0,correct_route
LV,0.5,S4,1.5,2,proposed_050,true,4.4419,true,4,4.4419,0,0,true,0,correct_route
LV,0.5,S4,1.5,2,proposed_mode,true,4.4419,true,4,4.4419,0,0,true,0,correct_route
LV,0.5,S4,1.5,2,an_080,true,4.4419,true,4,4.4419,0,0,true,0,correct_route
LV,0.5,S4,1.5,2,an_mode,true,4.4419,true,4,4.4419,0,0,true,0,correct_route
LV,0.5,S4,1.5,3,distance,false,,true,9,2.6507,220.803,0.9,false,,missed_isolation
LV,0.5,S4,1.5,3,proposed_050,false,,false,,,,,false,,correct_isolation
LV,0.5,S4,1.5,3,proposed_mode,false,,false,,,,,false,,correct_isolation
LV,0.5,S4,1.5,3,an_080,false,,false,,,,,false,,correct_isolation
LV,0.5,S4,1.5,3,an_mode,false,,false,,,,,false,,correct_isolation
LV,0.5,S4,1.5,4,distance,true,4.3464,true,4,4.3464,0,0,true,0,correct_route
LV,0.5,S4,1.5,4,proposed_050,true,4.3464,true,4,4.3464,0,0,true,0,correct_route
LV,0.5,S4,1.5,4,proposed_mode,true,4.3464,true,4,4.3464,0,0,true,0,correct_route
LV,0.5,S4,1.5,4,an_080,true,4.3464,true,4,4.3464,0,0,true,0,correct_route
LV,0.5,S4,1.5,4,an_mode,true,4.3464,true,4,4.3464,0,0,true,0,correct_route
LV,0.5,S4,1.5,5,distance,true,4.4419,true,4,4.4419,0,0,true,0,correct_route
LV,0.5,S4,1.5,5,proposed_050,true,4.4419,true,4,4.4419,0,0,true,0,correct_route
LV,0.5,S4,1.5,5,proposed_mode,true,4.4419,true,4,4.4419,0,0,true,0,correct_route
LV,0.5,S4,1.5,5,an_080,true,4.4419,true,4,4.4419,0,0,true,0,correct_route
LV,0.5,S4,1.5,5,an_mode,true,4.4419,true,4,4.4419,0,0,true,0,correct_route
LV,0.5,S4,1.5,6,distance,true,0.7045,true,4,0.7045,0,0,true,0,correct_route
LV,0.5,S4,1.5,6,proposed_050,true,0.7045,true,4,0.7045,0,0,true,0,correct_route
LV,0.5,S4,1.5,6,proposed_mode,true,0.7045,true,4,0.7045,0,0,true,0,correct_route
LV,0.5,S4,1.5,6,an_080,true,0.7045,true,4,0.7045,0,0,true,0,correct_route
LV,0.5,S4,1.5,6,an_mode,true,0.7045,true,4,0.7045,0,0,true,0,correct_route
LV,0.5,S4,1.5,7,distance,true,2.4584,true,8,2.4584,0,0,true,0,correct_route
LV,0.5,S4,1.5,7,proposed_050,true,2.4584,true,8,2.4584,0,0,true,0,correct_route
LV,0.5,S4,1.5,7,proposed_mode,true,2.4584,true,8,2.4584,0,0,true,0,correct_route
LV,0.5,S4,1.5,7,an_080,true,2.4584,true,8,2.4584,0,0,true,0,correct_route
LV,0.5,S4,1.5,7,an_mode,true,2.4584,true,8,2.4584,0,0,true,0,correct_route
LV,0.5,S4,1.5,8,distance,true,2.2256,true,4,2.2256,0,0,true,0,correct_route
LV,0.5,S4,1.5,8,proposed_050,true,2.2256,true,4,2.2256,0,0,true,0,correct_route
LV,0.5,S4,1.5,8,proposed_mode,true,2.2256,true,4,2.2256,0,0,true,0,correct_route
LV,0.5,S4,1.5,8,an_080,true,2.2256,true,4,2.2256,0,0,true,0,correct_route
LV,0.5,S4,1.5,8,an_mode,true,2.2256,true,4,2.2256,0,0,true,0,correct_route
LV,0.5,S4,1.5,9,distance,true,2.2269,true,8,2.2269,0,0,true,0,correct_route
LV,0.5,S4,1.5,9,proposed_050,true,2.2269,true,8,2.2269,0,0,true,0,correct_route
LV,0.5,S4,1.5,9,proposed_mode,true,2.2269,true,8,2.2269,0,0,true,0,correct_route
LV,0.5,S4,1.5,9,an_080,true,2.2269,true,8,2.2269,0,0,true,0,correct_route
LV,0.5,S4,1.5,9,an_mode,true,2.2269,true,8,2.2269,0,0,true,0,correct_route
LV,0.5,S4,1.5,10,distance,false,,true,9,0.7573,294.514,0.9,false,,missed_isolation
LV,0.5,S4,1.5,10,proposed_050,false,,false,,,,,false,,correct_isolation
LV,0.5,S4,1.5,10,proposed_mode,false,,false,,,,,false,,correct_isolation
LV,0.5,S4,1.5,10,an_080,false,,false,,,,,false,,correct_isolation
LV,0.5,S4,1.5,10,an_mode,false,,false,,,,,false,,correct_isolation
LV,0.5,S4,1.5,11,distance,true,5.077,true,4,5.077,0,0,true,0,correct_route
LV,0.5,S4,1.5,11,proposed_050,true,5.077,true,4,5.077,0,0,true,0,correct_route
LV,0.5,S4,1.5,11,proposed_mode,true,5.077,true,4,5.077,0,0,true,0,correct_route
LV,0.5,S4,1.5,11,an_080,true,5.077,true,4,5.077,0,0,true,0,correct_route
LV,0.5,S4,1.5,11,an_mode,true,5.077,true,4,5.077,0,0,true,0,correct_route
LV,0.5,S4,1.5,12,distance,true,4.8102,true,8,4.8102,0,0,true,0,correct_route
LV,0.5,S4,1.5,12,proposed_050,true,4.8102,true,8,4.8102,0,0,true,0,correct_route
LV,0.5,S4,1.5,12,proposed_mode,true,4.8102,true,8,4.8102,0,0,true,0,correct_route
LV,0.5,S4,1.5,12,an_080,true,4.8102,true,8,4.8102,0,0,true,0,correct_route
LV,0.5,S4,1.5,12,an_mode,true,4.8102,true,8,4.8102,0,0,true,0,correct_route
LV,0.5,S4,1.5,13,distance,true,5.3483,true,4,5.3483,0,0,true,0,correct_route
LV,0.5,S4,1.5,13,proposed_050,true,5.3483,true,4,5.3483,0,0,true,0,correct_route
LV,0.5,S4,1.5,13,proposed_mode,true,5.3483,true,4,5.3483,0,0,true,0,correct_route
LV,0.5,S4,1.5,13,an_080,true,5.3483,true,4,5.3483,0,0,true,0,correct_route
LV,0.5,S4,1.5,13,an_mode,true,5.3483,true,4,5.3483,0,0,true,0,correct_route
LV,0.5,S4,1.5,14,distance,true,2.2619,true,4,2.2619,0,0,true,0,correct_route
LV,0.5,S4,1.5,14,proposed_050,true,2.2619,true,4,2.2619,0,0,true,0,correct_route
LV,0.5,S4,1.5,14,proposed_mode,true,2.2619,true,4,2.2619,0,0,true,0,correct_route
LV,0.5,S4,1.5,14,an_080,true,2.2619,true,4,2.2619,0,0,true,0,correct_route
LV,0.5,S4,1.5,14,an_mode,true,2.2619,true,4,2.2619,0,0,true,0,correct_route
LV,0.5,S4,1.5,15,distance,true,3.7294,true,4,3.7294,0,0,true,0,correct_route
LV,0.5,S4,1.5,15,proposed_050,true,3.7294,true,4,3.7294,0,0,true,0,correct_route
LV,0.5,S4,1.5,15,proposed_mode,true,3.7294,true,4,3.7294,0,0,true,0,correct_route
LV,0.5,S4,1.5,15,an_080,true,3.7294,true,4,3.7294,0,0,true,0,correct_route
LV,0.5,S4,1.5,15,an_mode,true,3.7294,true,4,3.7294,0,0,true,0,correct_route
LV,0.5,S4,1.5,16,distance,true,1.4535,true,8,1.4535,0,0,true,0,correct_route
LV,0.5,S4,1.5,16,proposed_050,true,1.4535,true,8,1.4535,0,0,true,0,correct_route
LV,0.5,S4,1.5,16,proposed_mode,true,1.4535,true,8,1.4535,0,0,true,0,correct_route
LV,0.5,S4,1.5,16,an_080,true,1.4535,true,8,1.4535,0,0,true,0,correct_route
LV,0.5,S4,1.5,16,an_mode,true,1.4535,true,8,1.4535,0,0,true,0,correct_route
LV,0.5,S4,1.5,17,distance,false,,true,8,4.4279,176.946,0.9,false,,missed_isolation
LV,0.5,S4,1.5,17,proposed_050,false,,false,,,,,false,,correct_isolation
LV,0.5,S4,1.5,17,proposed_mode,false,,false,,,,,false,,correct_isolation
LV,0.5,S4,1.5,17,an_080,false,,false,,,,,false,,correct_isolation
LV,0.5,S4,1.5,17,an_mode,false,,false,,,,,false,,correct_isolation
LV,0.5,S4,1.5,18,distance,true,2.343,true,8,2.343,0,0,true,0,correct_route
LV,0.5,S4,1.5,18,proposed_050,true,2.343,true,8,2.343,0,0,true,0,correct_route
LV,0.5,S4,1.5,18,proposed_mode,true,2.343,true,8,2.343,0,0,true,0,correct_route
LV,0.5,S4,1.5,18,an_080,true,2.343,true,8,2.343,0,0,true,0,correct_route
LV,0.5,S4,1.5,18,an_mode,true,2.343,true,8,2.343,0,0,true,0,correct_route
LV,0.5,S4,1.5,19,distance,true,2.0721,true,8,2.0721,0,0,true,0,correct_route
LV,0.5,S4,1.5,19,proposed_050,true,2.0721,true,8,2.0721,0,0,true,0,correct_route
LV,0.5,S4,1.5,19,proposed_mode,true,2.0721,true,8,2.0721,0,0,true,0,correct_route
LV,0.5,S4,1.5,19,an_080,true,2.0721,true,8,2.0721,0,0,true,0,correct_route
LV,0.5,S4,1.5,19,an_mode,true,2.0721,true,8,2.0721,0,0,true,0,correct_route
LV,0.5,S4,1.5,20,distance,true,9.6348,true,7,8.4103,297.345,0.9,false,-12.709,unsafe_route
LV,0.5,S4,1.5,20,proposed_050,true,9.6348,true,7,9.6348,0,0,true,0,correct_route
LV,0.5,S4,1.5,20,proposed_mode,true,9.6348,true,7,9.6348,0,0,true,0,correct_route
LV,0.5,S4,1.5,20,an_080,true,9.6348,true,7,9.6348,0,0,true,0,correct_route
LV,0.5,S4,1.5,20,an_mode,true,9.6348,true,7,9.6348,0,0,true,0,correct_route
LV,0.5,S4,1.5,21,distance,true,1.5022,true,7,1.5022,0,0,true,0,correct_route
LV,0.5,S4,1.5,21,proposed_050,true,1.5022,true,7,1.5022,0,0,true,0,correct_route
LV,0.5,S4,1.5,21,proposed_mode,true,1.5022,true,7,1.5022,0,0,true,0,correct_route
LV,0.5,S4,1.5,21,an_080,true,1.5022,true,7,1.5022,0,0,true,0,correct_route
LV,0.5,S4,1.5,21,an_mode,true,1.5022,true,7,1.5022,0,0,true,0,correct_route
LV,0.5,S4,1.5,22,distance,true,2.2373,true,7,2.2373,0,0,true,0,correct_route
LV,0.5,S4,1.5,22,proposed_050,true,2.2373,true,7,2.2373,0,0,true,0,correct_route
LV,0.5,S4,1.5,22,proposed_mode,true,2.2373,true,7,2.2373,0,0,true,0,correct_route
LV,0.5,S4,1.5,22,an_080,true,2.2373,true,7,2.2373,0,0,true,0,correct_route
LV,0.5,S4,1.5,22,an_mode,true,2.2373,true,7,2.2373,0,0,true,0,correct_route
LV,0.5,S4,1.5,23,distance,false,,true,7,5.7136,344.611,0.9,false,,missed_isolation
LV,0.5,S4,1.5,23,proposed_050,false,,false,,,,,false,,correct_isolation
LV,0.5,S4,1.5,23,proposed_mode,false,,false,,,,,false,,correct_isolation
LV,0.5,S4,1.5,23,an_080,false,,false,,,,,false,,correct_isolation
LV,0.5,S4,1.5,23,an_mode,false,,false,,,,,false,,correct_isolation
LV,0.5,S4,1.5,24,distance,true,3.7965,true,7,3.7965,0,0,true,0,correct_route
LV,0.5,S4,1.5,24,proposed_050,true,3.7965,true,7,3.7965,0,0,true,0,correct_route
LV,0.5,S4,1.5,24,proposed_mode,true,3.7965,true,7,3.7965,0,0,true,0,correct_route
LV,0.5,S4,1.5,24,an_080,true,3.7965,true,7,3.7965,0,0,true,0,correct_route
LV,0.5,S4,1.5,24,an_mode,true,3.7965,true,7,3.7965,0,0,true,0,correct_route
LV,0.5,S4,1.5,25,distance,true,2.019,true,5,2.019,0,0,true,0,correct_route
LV,0.5,S4,1.5,25,proposed_050,true,2.019,true,5,2.019,0,0,true,0,correct_route
LV,0.5,S4,1.5,25,proposed_mode,true,2.019,true,5,2.019,0,0,true,0,correct_route
LV,0.5,S4,1.5,25,an_080,true,2.019,true,5,2.019,0,0,true,0,correct_route
LV,0.5,S4,1.5,25,an_mode,true,2.019,true,5,2.019,0,0,true,0,correct_route
LV,0.5,S4,1.5,26,distance,true,1.0687,true,5,1.0687,0,0,true,0,correct_route
LV,0.5,S4,1.5,26,proposed_050,true,1.0687,true,5,1.0687,0,0,true,0,correct_route
LV,0.5,S4,1.5,26,proposed_mode,true,1.0687,true,5,1.0687,0,0,true,0,correct_route
LV,0.5,S4,1.5,26,an_080,true,1.0687,true,5,1.0687,0,0,true,0,correct_route
LV,0.5,S4,1.5,26,an_mode,true,1.0687,true,5,1.0687,0,0,true,0,correct_route
LV,0.5,S4,1.5,27,distance,true,2.187,true,3,2.187,0,0,true,0,correct_route
LV,0.5,S4,1.5,27,proposed_050,true,2.187,true,3,2.187,0,0,true,0,correct_route
LV,0.5,S4,1.5,27,proposed_mode,true,2.187,true,3,2.187,0,0,true,0,correct_route
LV,0.5,S4,1.5,27,an_080,true,2.187,true,3,2.187,0,0,true,0,correct_route
LV,0.5,S4,1.5,27,an_mode,true,2.187,true,3,2.187,0,0,true,0,correct_route
LV,0.5,S4,1.5,28,distance,true,3.3577,true,7,3.3577,0,0,true,0,correct_route
LV,0.5,S4,1.5,28,proposed_050,true,3.3577,true,7,3.3577,0,0,true,0,correct_route
LV,0.5,S4,1.5,28,proposed_mode,true,3.3577,true,7,3.3577,0,0,true,0,correct_route
LV,0.5,S4,1.5,28,an_080,true,3.3577,true,7,3.3577,0,0,true,0,correct_route
LV,0.5,S4,1.5,28,an_mode,true,3.3577,true,7,3.3577,0,0,true,0,correct_route
LV,0.5,S4,1.5,29,distance,true,5.5354,true,7,5.5354,0,0,true,0,correct_route
LV,0.5,S4,1.5,29,proposed_050,true,5.5354,true,7,5.5354,0,0,true,0,correct_route
LV,0.5,S4,1.5,29,proposed_mode,true,5.5354,true,7,5.5354,0,0,true,0,correct_route
LV,0.5,S4,1.5,29,an_080,true,5.5354,true,7,5.5354,0,0,true,0,correct_route
LV,0.5,S4,1.5,29,an_mode,true,5.5354,true,7,5.5354,0,0,true,0,correct_route
LV,0.5,S4,1.5,30,distance,false,,true,3,2.6793,195.845,0.9,false,,missed_isolation
LV,0.5,S4,1.5,30,proposed_050,false,,false,,,,,false,,correct_isolation
LV,0.5,S4,1.5,30,proposed_mode,false,,false,,,,,false,,correct_isolation
LV,0.5,S4,1.5,30,an_080,false,,false,,,,,false,,correct_isolation
LV,0.5,S4,1.5,30,an_mode,false,,false,,,,,false,,correct_isolation
LV,0.5,S4,1.5,31,distance,true,3.5175,true,7,3.5175,0,0,true,0,correct_route
LV,0.5,S4,1.5,31,proposed_050,true,3.5175,true,7,3.5175,0,0,true,0,correct_route
LV,0.5,S4,1.5,31,proposed_mode,true,3.5175,true,7,3.5175,0,0,true,0,correct_route
LV,0.5,S4,1.5,31,an_080,true,3.5175,true,7,3.5175,0,0,true,0,correct_route
LV,0.5,S4,1.5,31,an_mode,true,3.5175,true,7,3.5175,0,0,true,0,correct_route
LV,0.5,S4,1.5,32,distance,true,1.5916,true,3,1.5916,0,0,true,0,correct_route
LV,0.5,S4,1.5,32,proposed_050,true,1.5916,true,3,1.5916,0,0,true,0,correct_route
LV,0.5,S4,1.5,32,proposed_mode,true,1.5916,true,3,1.5916,0,0,true,0,correct_route
LV,0.5,S4,1.5,32,an_080,true,1.5916,true,3,1.5916,0,0,true,0,correct_route
LV,0.5,S4,1.5,32,an_mode,true,1.5916,true,3,1.5916,0,0,true,0,correct_route
LV,0.5,S4,1.5,33,distance,true,2.2529,true,7,2.2529,0,0,true,0,correct_route
LV,0.5,S4,1.5,33,proposed_050,true,2.2529,true,7,2.2529,0,0,true,0,correct_route
LV,0.5,S4,1.5,33,proposed_mode,true,2.2529,true,7,2.2529,0,0,true,0,correct_route
LV,0.5,S4,1.5,33,an_080,true,2.2529,true,7,2.2529,0,0,true,0,correct_route
LV,0.5,S4,1.5,33,an_mode,true,2.2529,true,7,2.2529,0,0,true,0,correct_route
LV,0.5,S4,1.5,34,distance,true,1.9227,true,7,1.9227,0,0,true,0,correct_route
LV,0.5,S4,1.5,34,proposed_050,true,1.9227,true,7,1.9227,0,0,true,0,correct_route
LV,0.5,S4,1.5,34,proposed_mode,true,1.9227,true,7,1.9227,0,0,true,0,correct_route
LV,0.5,S4,1.5,34,an_080,true,1.9227,true,7,1.9227,0,0,true,0,correct_route
LV,0.5,S4,1.5,34,an_mode,true,1.9227,true,7,1.9227,0,0,true,0,correct_route
LV,0.5,S4,1.5,35,distance,true,3.6916,true,7,3.6916,0,0,true,0,correct_route
LV,0.5,S4,1.5,35,proposed_050,true,3.6916,true,7,3.6916,0,0,true,0,correct_route
LV,0.5,S4,1.5,35,proposed_mode,true,3.6916,true,7,3.6916,0,0,true,0,correct_route
LV,0.5,S4,1.5,35,an_080,true,3.6916,true,7,3.6916,0,0,true,0,correct_route
LV,0.5,S4,1.5,35,an_mode,true,3.6916,true,7,3.6916,0,0,true,0,correct_route
LV,0.5,S4,1.5,36,distance,true,4.5516,true,7,4.5516,0,0,true,0,correct_route
LV,0.5,S4,1.5,36,proposed_050,true,4.5516,true,7,4.5516,0,0,true,0,correct_route
LV,0.5,S4,1.5,36,proposed_mode,true,4.5516,true,7,4.5516,0,0,true,0,correct_route
LV,0.5,S4,1.5,36,an_080,true,4.5516,true,7,4.5516,0,0,true,0,correct_route
LV,0.5,S4,1.5,36,an_mode,true,4.5516,true,7,4.5516,0,0,true,0,correct_route
LV,0.5,S4,1.5,37,distance,false,,true,7,3.7026,207.083,0.9,false,,missed_isolation
LV,0.5,S4,1.5,37,proposed_050,false,,false,,,,,false,,correct_isolation
LV,0.5,S4,1.5,37,proposed_mode,false,,false,,,,,false,,correct_isolation
LV,0.5,S4,1.5,37,an_080,false,,false,,,,,false,,correct_isolation
LV,0.5,S4,1.5,37,an_mode,false,,false,,,,,false,,correct_isolation
LV,0.5,S4,1.5,38,distance,true,4.8669,true,7,4.8669,0,0,true,0,correct_route
LV,0.5,S4,1.5,38,proposed_050,true,4.8669,true,7,4.8669,0,0,true,0,correct_route
LV,0.5,S4,1.5,38,proposed_mode,true,4.8669,true,7,4.8669,0,0,true,0,correct_route
LV,0.5,S4,1.5,38,an_080,true,4.8669,true,7,4.8669,0,0,true,0,correct_route
LV,0.5,S4,1.5,38,an_mode,true,4.8669,true,7,4.8669,0,0,true,0,correct_route
LV,0.5,S4,1.5,39,distance,true,3.8945,true,3,3.8945,0,0,true,0,correct_route
LV,0.5,S4,1.5,39,proposed_050,true,3.8945,true,3,3.8945,0,0,true,0,correct_route
LV,0.5,S4,1.5,39,proposed_mode,true,3.8945,true,3,3.8945,0,0,true,0,correct_route
LV,0.5,S4,1.5,39,an_080,true,3.8945,true,3,3.8945,0,0,true,0,correct_route
LV,0.5,S4,1.5,39,an_mode,true,3.8945,true,3,3.8945,0,0,true,0,correct_route
LV,0.5,S4,1.5,40,distance,true,4.2719,true,3,4.2719,0,0,true,0,correct_route
LV,0.5,S4,1.5,40,proposed_050,true,4.2719,true,3,4.2719,0,0,true,0,correct_route
LV,0.5,S4,1.5,40,proposed_mode,true,4.2719,true,3,4.2719,0,0,true,0,correct_route
LV,0.5,S4,1.5,40,an_080,true,4.2719,true,3,4.2719,0,0,true,0,correct_route
LV,0.5,S4,1.5,40,an_mode,true,4.2719,true,3,4.2719,0,0,true,0,correct_route
AD,1.2,S4,1.5,1,distance,true,3.5648,true,9,3.5648,0,0,true,0,correct_route
AD,1.2,S4,1.5,1,proposed_050,true,3.5648,true,9,3.5648,0,0,true,0,correct_route
AD,1.2,S4,1.5,1,proposed_mode,true,3.5648,true,9,3.5648,0,0,true,0,correct_route
AD,1.2,S4,1.5,1,an_080,true,3.5648,true,9,3.5648,0,0,true,0,correct_route
AD,1.2,S4,1.5,1,an_mode,true,3.5648,true,9,3.5648,0,0,true,0,correct_route
AD,1.2,S4,1.5,2,distance,true,4.4419,true,4,4.4419,0,0,true,0,correct_route
AD,1.2,S4,1.5,2,proposed_050,true,4.4419,true,4,4.4419,0,0,true,0,correct_route
AD,1.2,S4,1.5,2,proposed_mode,true,4.4419,true,4,4.4419,0,0,true,0,correct_route
AD,1.2,S4,1.5,2,an_080,true,4.4419,true,4,4.4419,0,0,true,0,correct_route
AD,1.2,S4,1.5,2,an_mode,true,4.4419,true,4,4.4419,0,0,true,0,correct_route
AD,1.2,S4,1.5,3,distance,true,2.6507,true,9,2.6507,220.803,0.9,true,0,correct_route
AD,1.2,S4,1.5,3,proposed_050,true,2.6507,false,,,,,false,,false_refusal
AD,1.2,S4,1.5,3,proposed_mode,true,2.6507,true,9,2.722,220.803,0.9,true,2.69,correct_route
AD,1.2,S4,1.5,3,an_080,true,2.6507,false,,,,,false,,false_refusal
AD,1.2,S4,1.5,3,an_mode,true,2.6507,true,9,2.6507,220.803,0.9,true,0,correct_route
AD,1.2,S4,1.5,4,distance,true,4.3464,true,4,4.3464,0,0,true,0,correct_route
AD,1.2,S4,1.5,4,proposed_050,true,4.3464,true,4,4.3464,0,0,true,0,correct_route
AD,1.2,S4,1.5,4,proposed_mode,true,4.3464,true,4,4.3464,0,0,true,0,correct_route
AD,1.2,S4,1.5,4,an_080,true,4.3464,true,4,4.3464,0,0,true,0,correct_route
AD,1.2,S4,1.5,4,an_mode,true,4.3464,true,4,4.3464,0,0,true,0,correct_route
AD,1.2,S4,1.5,5,distance,true,4.4419,true,4,4.4419,0,0,true,0,correct_route
AD,1.2,S4,1.5,5,proposed_050,true,4.4419,true,4,4.4419,0,0,true,0,correct_route
AD,1.2,S4,1.5,5,proposed_mode,true,4.4419,true,4,4.4419,0,0,true,0,correct_route
AD,1.2,S4,1.5,5,an_080,true,4.4419,true,4,4.4419,0,0,true,0,correct_route
AD,1.2,S4,1.5,5,an_mode,true,4.4419,true,4,4.4419,0,0,true,0,correct_route
AD,1.2,S4,1.5,6,distance,true,0.7045,true,4,0.7045,0,0,true,0,correct_route
AD,1.2,S4,1.5,6,proposed_050,true,0.7045,true,4,0.7045,0,0,true,0,correct_route
AD,1.2,S4,1.5,6,proposed_mode,true,0.7045,true,4,0.7045,0,0,true,0,correct_route
AD,1.2,S4,1.5,6,an_080,true,0.7045,true,4,0.7045,0,0,true,0,correct_route
AD,1.2,S4,1.5,6,an_mode,true,0.7045,true,4,0.7045,0,0,true,0,correct_route
AD,1.2,S4,1.5,7,distance,true,2.4584,true,8,2.4584,0,0,true,0,correct_route
AD,1.2,S4,1.5,7,proposed_050,true,2.4584,true,8,2.4584,0,0,true,0,correct_route
AD,1.2,S4,1.5,7,proposed_mode,true,2.4584,true,8,2.4584,0,0,true,0,correct_route
AD,1.2,S4,1.5,7,an_080,true,2.4584,true,8,2.4584,0,0,true,0,correct_route
AD,1.2,S4,1.5,7,an_mode,true,2.4584,true,8,2.4584,0,0,true,0,correct_route
AD,1.2,S4,1.5,8,distance,true,2.2256,true,4,2.2256,0,0,true,0,correct_route
AD,1.2,S4,1.5,8,proposed_050,true,2.2256,true,4,2.2256,0,0,true,0,correct_route
AD,1.2,S4,1.5,8,proposed_mode,true,2.2256,true,4,2.2256,0,0,true,0,correct_route
AD,1.2,S4,1.5,8,an_080,true,2.2256,true,4,2.2256,0,0,true,0,correct_route
AD,1.2,S4,1.5,8,an_mode,true,2.2256,true,4,2.2256,0,0,true,0,correct_route
AD,1.2,S4,1.5,9,distance,true,2.2269,true,8,2.2269,0,0,true,0,correct_route
AD,1.2,S4,1.5,9,proposed_050,true,2.2269,true,8,2.2269,0,0,true,0,correct_route
AD,1.2,S4,1.5,9,proposed_mode,true,2.2269,true,8,2.2269,0,0,true,0,correct_route
AD,1.2,S4,1.5,9,an_080,true,2.2269,true,8,2.2269,0,0,true,0,correct_route
AD,1.2,S4,1.5,9,an_mode,true,2.2269,true,8,2.2269,0,0,true,0,correct_route
AD,1.2,S4,1.5,10,distance,true,0.7573,true,9,0.7573,294.514,0.9,true,0,correct_route
AD,1.2,S4,1.5,10,proposed_050,true,0.7573,false,,,,,false,,false_refusal
AD,1.2,S4,1.5,10,proposed_mode,true,0.7573,true,9,0.7573,294.514,0.9,true,0,correct_route
AD,1.2,S4,1.5,10,an_080,true,0.7573,false,,,,,false,,false_refusal
AD,1.2,S4,1.5,10,an_mode,true,0.7573,true,9,0.7573,294.514,0.9,true,0,correct_route
AD,1.2,S4,1.5,11,distance,true,5.077,true,4,5.077,0,0,true,0,correct_route
AD,1.2,S4,1.5,11,proposed_050,true,5.077,true,4,5.077,0,0,true,0,correct_route
AD,1.2,S4,1.5,11,proposed_mode,true,5.077,true,4,5.077,0,0,true,0,correct_route
AD,1.2,S4,1.5,11,an_080,true,5.077,true,4,5.077,0,0,true,0,correct_route
AD,1.2,S4,1.5,11,an_mode,true,5.077,true,4,5.077,0,0,true,0,correct_route
AD,1.2,S4,1.5,12,distance,true,4.8102,true,8,4.8102,0,0,true,0,correct_route
AD,1.2,S4,1.5,12,proposed_050,true,4.8102,true,8,4.8102,0,0,true,0,correct_route
AD,1.2,S4,1.5,12,proposed_mode,true,4.8102,true,8,4.8102,0,0,true,0,correct_route
AD,1.2,S4,1.5,12,an_080,true,4.8102,true,8,4.8102,0,0,true,0,correct_route
AD,1.2,S4,1.5,12,an_mode,true,4.8102,true,8,4.8102,0,0,true,0,correct_route
AD,1.2,S4,1.5,13,distance,true,5.3483,true,4,5.3483,0,0,true,0,correct_route
AD,1.2,S4,1.5,13,proposed_050,true,5.3483,true,4,5.3483,0,0,true,0,correct_route
AD,1.2,S4,1.5,13,proposed_mode,true,5.3483,true,4,5.3483,0,0,true,0,correct_route
AD,1.2,S4,1.5,13,an_080,true,5.3483,true,4,5.3483,0,0,true,0,correct_route
AD,1.2,S4,1.5,13,an_mode,true,5.3483,true,4,5.3483,0,0,true,0,correct_route
AD,1.2,S4,1.5,14,distance,true,2.2619,true,4,2.2619,0,0,true,0,correct_route
AD,1.2,S4,1.5,14,proposed_050,true,2.2619,true,4,2.2619,0,0,true,0,correct_route
AD,1.2,S4,1.5,14,proposed_mode,true,2.2619,true,4,2.2619,0,0,true,0,correct_route
AD,1.2,S4,1.5,14,an_080,true,2.2619,true,4,2.2619,0,0,true,0,correct_route
AD,1.2,S4,1.5,14,an_mode,true,2.2619,true,4,2.2619,0,0,true,0,correct_route
AD,1.2,S4,1.5,15,distance,true,3.7294,true,4,3.7294,0,0,true,0,correct_route
AD,1.2,S4,1.5,15,proposed_050,true,3.7294,true,4,3.7294,0,0,true,0,correct_route
AD,1.2,S4,1.5,15,proposed_mode,true,3.7294,true,4,3.7294,0,0,true,0,correct_route
AD,1.2,S4,1.5,15,an_080,true,3.7294,true,4,3.7294,0,0,true,0,correct_route
AD,1.2,S4,1.5,15,an_mode,true,3.7294,true,4,3.7294,0,0,true,0,correct_route
AD,1.2,S4,1.5,16,distance,true,1.4535,true,8,1.4535,0,0,true,0,correct_route
AD,1.2,S4,1.5,16,proposed_050,true,1.4535,true,8,1.4535,0,0,true,0,correct_route
AD,1.2,S4,1.5,16,proposed_mode,true,1.4535,true,8,1.4535,0,0,true,0,correct_route
AD,1.2,S4,1.5,16,an_080,true,1.4535,true,8,1.4535,0,0,true,0,correct_route
AD,1.2,S4,1.5,16,an_mode,true,1.4535,true,8,1.4535,0,0,true,0,correct_route
AD,1.2,S4,1.5,17,distance,true,4.4279,true,8,4.4279,176.946,0.9,true,0,correct_route
AD,1.2,S4,1.5,17,proposed_050,true,4.4279,false,,,,,false,,false_refusal
AD,1.2,S4,1.5,17,proposed_mode,true,4.4279,true,8,4.4279,176.946,0.9,true,0,correct_route
AD,1.2,S4,1.5,17,an_080,true,4.4279,false,,,,,false,,false_refusal
AD,1.2,S4,1.5,17,an_mode,true,4.4279,true,8,4.4279,176.946,0.9,true,0,correct_route
AD,1.2,S4,1.5,18,distance,true,2.343,true,8,2.343,0,0,true,0,correct_route
AD,1.2,S4,1.5,18,proposed_050,true,2.343,true,8,2.343,0,0,true,0,correct_route
AD,1.2,S4,1.5,18,proposed_mode,true,2.343,true,8,2.343,0,0,true,0,correct_route
AD,1.2,S4,1.5,18,an_080,true,2.343,true,8,2.343,0,0,true,0,correct_route
AD,1.2,S4,1.5,18,an_mode,true,2.343,true,8,2.343,0,0,true,0,correct_route
AD,1.2,S4,1.5,19,distance,true,2.0721,true,8,2.0721,0,0,true,0,correct_route
AD,1.2,S4,1.5,19,proposed_050,true,2.0721,true,8,2.0721,0,0,true,0,correct_route
AD,1.2,S4,1.5,19,proposed_mode,true,2.0721,true,8,2.0721,0,0,true,0,correct_route
AD,1.2,S4,1.5,19,an_080,true,2.0721,true,8,2.0721,0,0,true,0,correct_route
AD,1.2,S4,1.5,19,an_mode,true,2.0721,true,8,2.0721,0,0,true,0,correct_route
AD,1.2,S4,1.5,20,distance,true,8.4103,true,7,8.4103,297.345,0.9,true,0,correct_route
AD,1.2,S4,1.5,20,proposed_050,true,8.4103,true,7,9.6348,0,0,true,14.56,correct_route
AD,1.2,S4,1.5,20,proposed_mode,true,8.4103,true,7,9.6348,0,0,true,14.56,correct_route
AD,1.2,S4,1.5,20,an_080,true,8.4103,true,7,9.6348,0,0,true,14.56,correct_route
AD,1.2,S4,1.5,20,an_mode,true,8.4103,true,7,8.4103,297.345,0.9,true,0,correct_route
AD,1.2,S4,1.5,21,distance,true,1.5022,true,7,1.5022,0,0,true,0,correct_route
AD,1.2,S4,1.5,21,proposed_050,true,1.5022,true,7,1.5022,0,0,true,0,correct_route
AD,1.2,S4,1.5,21,proposed_mode,true,1.5022,true,7,1.5022,0,0,true,0,correct_route
AD,1.2,S4,1.5,21,an_080,true,1.5022,true,7,1.5022,0,0,true,0,correct_route
AD,1.2,S4,1.5,21,an_mode,true,1.5022,true,7,1.5022,0,0,true,0,correct_route
AD,1.2,S4,1.5,22,distance,true,2.2373,true,7,2.2373,0,0,true,0,correct_route
AD,1.2,S4,1.5,22,proposed_050,true,2.2373,true,7,2.2373,0,0,true,0,correct_route
AD,1.2,S4,1.5,22,proposed_mode,true,2.2373,true,7,2.2373,0,0,true,0,correct_route
AD,1.2,S4,1.5,22,an_080,true,2.2373,true,7,2.2373,0,0,true,0,correct_route
AD,1.2,S4,1.5,22,an_mode,true,2.2373,true,7,2.2373,0,0,true,0,correct_route
AD,1.2,S4,1.5,23,distance,true,5.7136,true,7,5.7136,344.611,0.9,true,0,correct_route
AD,1.2,S4,1.5,23,proposed_050,true,5.7136,false,,,,,false,,false_refusal
AD,1.2,S4,1.5,23,proposed_mode,true,5.7136,true,7,5.7221,355.874,0.9,true,0.148,correct_route
AD,1.2,S4,1.5,23,an_080,true,5.7136,false,,,,,false,,false_refusal
AD,1.2,S4,1.5,23,an_mode,true,5.7136,true,7,5.7221,355.874,0.9,true,0.148,correct_route
AD,1.2,S4,1.5,24,distance,true,3.7965,true,7,3.7965,0,0,true,0,correct_route
AD,1.2,S4,1.5,24,proposed_050,true,3.7965,true,7,3.7965,0,0,true,0,correct_route
AD,1.2,S4,1.5,24,proposed_mode,true,3.7965,true,7,3.7965,0,0,true,0,correct_route
AD,1.2,S4,1.5,24,an_080,true,3.7965,true,7,3.7965,0,0,true,0,correct_route
AD,1.2,S4,1.5,24,an_mode,true,3.7965,true,7,3.7965,0,0,true,0,correct_route
AD,1.2,S4,1.5,25,distance,true,2.019,true,5,2.019,0,0,true,0,correct_route
AD,1.2,S4,1.5,25,proposed_050,true,2.019,true,5,2.019,0,0,true,0,correct_route
AD,1.2,S4,1.5,25,proposed_mode,true,2.019,true,5,2.019,0,0,true,0,correct_route
AD,1.2,S4,1.5,25,an_080,true,2.019,true,5,2.019,0,0,true,0,correct_route
AD,1.2,S4,1.5,25,an_mode,true,2.019,true,5,2.019,0,0,true,0,correct_route
AD,1.2,S4,1.5,26,distance,true,1.0687,true,5,1.0687,0,0,true,0,correct_route
AD,1.2,S4,1.5,26,proposed_050,true,1.0687,true,5,1.0687,0,0,true,0,correct_route
AD,1.2,S4,1.5,26,proposed_mode,true,1.0687,true,5,1.0687,0,0,true,0,correct_route
AD,1.2,S4,1.5,26,an_080,true,1.0687,true,5,1.0687,0,0,true,0,correct_route
AD,1.2,S4,1.5,26,an_mode,true,1.0687,true,5,1.0687,0,0,true,0,correct_route
AD,1.2,S4,1.5,27,distance,true,2.187,true,3,2.187,0,0,true,0,correct_route
AD,1.2,S4,1.5,27,proposed_050,true,2.187,true,3,2.187,0,0,true,0,correct_route
AD,1.2,S4,1.5,27,proposed_mode,true,2.187,true,3,2.187,0,0,true,0,correct_route
AD,1.2,S4,1.5,27,an_080,true,2.187,true,3,2.187,0,0,true,0,correct_route
AD,1.2,S4,1.5,27,an_mode,true,2.187,true,3,2.187,0,0,true,0,correct_route
AD,1.2,S4,1.5,28,distance,true,3.3577,true,7,3.3577,0,0,true,0,correct_route
AD,1.2,S4,1.5,28,proposed_050,true,3.3577,true,7,3.3577,0,0,true,0,correct_route
AD,1.2,S4,1.5,28,proposed_mode,true,3.3577,true,7,3.3577,0,0,true,0,correct_route
AD,1.2,S4,1.5,28,an_080,true,3.3577,true,7,3.3577,0,0,true,0,correct_route
AD,1.2,S4,1.5,28,an_mode,true,3.3577,true,7,3.3577,0,0,true,0,correct_route
AD,1.2,S4,1.5,29,distance,true,5.5354,true,7,5.5354,0,0,true,0,correct_route
AD,1.2,S4,1.5,29,proposed_050,true,5.5354,true,7,5.5354,0,0,true,0,correct_route
AD,1.2,S4,1.5,29,proposed_mode,true,5.5354,true,7,5.5354,0,0,true,0,correct_route
AD,1.2,S4,1.5,29,an_080,true,5.5354,true,7,5.5354,0,0,true,0,correct_route
AD,1.2,S4,1.5,29,an_mode,true,5.5354,true,7,5.5354,0,0,true,0,correct_route
AD,1.2,S4,1.5,30,distance,true,2.6793,true,3,2.6793,195.845,0.9,true,0,correct_route
AD,1.2,S4,1.5,30,proposed_050,true,2.6793,false,,,,,false,,false_refusal
AD,1.2,S4,1.5,30,proposed_mode,true,2.6793,true,3,2.6793,195.845,0.9,true,0,correct_route
AD,1.2,S4,1.5,30,an_080,true,2.6793,false,,,,,false,,false_refusal
AD,1.2,S4,1.5,30,an_mode,true,2.6793,true,3,2.6793,195.845,0.9,true,0,correct_route
AD,1.2,S4,1.5,31,distance,true,3.5175,true,7,3.5175,0,0,true,0,correct_route
AD,1.2,S4,1.5,31,proposed_050,true,3.5175,true,7,3.5175,0,0,true,0,correct_route
AD,1.2,S4,1.5,31,proposed_mode,true,3.5175,true,7,3.5175,0,0,true,0,correct_route
AD,1.2,S4,1.5,31,an_080,true,3.5175,true,7,3.5175,0,0,true,0,correct_route
AD,1.2,S4,1.5,31,an_mode,true,3.5175,true,7,3.5175,0,0,true,0,correct_route
AD,1.2,S4,1.5,32,distance,true,1.5916,true,3,1.5916,0,0,true,0,correct_route
AD,1.2,S4,1.5,32,proposed_050,true,1.5916,true,3,1.5916,0,0,true,0,correct_route
AD,1.2,S4,1.5,32,proposed_mode,true,1.5916,true,3,1.5916,0,0,true,0,correct_route
AD,1.2,S4,1.5,32,an_080,true,1.5916,true,3,1.5916,0,0,true,0,correct_route
AD,1.2,S4,1.5,32,an_mode,true,1.5916,true,3,1.5916,0,0,true,0,correct_route
AD,1.2,S4,1.5,33,distance,true,2.2529,true,7,2.2529,0,0,true,0,correct_route
AD,1.2,S4,1.5,33,proposed_050,true,2.2529,true,7,2.2529,0,0,true,0,correct_route
AD,1.2,S4,1.5,33,proposed_mode,true,2.2529,true,7,2.2529,0,0,true,0,correct_route
AD,1.2,S4,1.5,33,an_080,true,2.2529,true,7,2.2529,0,0,true,0,correct_route
AD,1.2,S4,1.5,33,an_mode,true,2.2529,true,7,2.2529,0,0,true,0,correct_route
AD,1.2,S4,1.5,34,distance,true,1.9227,true,7,1.9227,0,0,true,0,correct_route
AD,1.2,S4,1.5,34,proposed_050,true,1.9227,true,7,1.9227,0,0,true,0,correct_route
AD,1.2,S4,1.5,34,proposed_mode,true,1.9227,true,7,1.9227,0,0,true,0,correct_route
AD,1.2,S4,1.5,34,an_080,true,1.9227,true,7,1.9227,0,0,true,0,correct_route
AD,1.2,S4,1.5,34,an_mode,true,1.9227,true,7,1.9227,0,0,true,0,correct_route
AD,1.2,S4,1.5,35,distance,true,3.6916,true,7,3.6916,0,0,true,0,correct_route
AD,1.2,S4,1.5,35,proposed_050,true,3.6916,true,7,3.6916,0,0,true,0,correct_route
AD,1.2,S4,1.5,35,proposed_mode,true,3.6916,true,7,3.6916,0,0,true,0,correct_route
AD,1.2,S4,1.5,35,an_080,true,3.6916,true,7,3.6916,0,0,true,0,correct_route
AD,1.2,S4,1.5,35,an_mode,true,3.6916,true,7,3.6916,0,0,true,0,correct_route
AD,1.2,S4,1.5,36,distance,true,4.5516,true,7,4.5516,0,0,true,0,correct_route
AD,1.2,S4,1.5,36,proposed_050,true,4.5516,true,7,4.5516,0,0,true,0,correct_route
AD,1.2,S4,1.5,36,proposed_mode,true,4.5516,true,7,4.5516,0,0,true,0,correct_route
AD,1.2,S4,1.5,36,an_080,true,4.5516,true,7,4.5516,0,0,true,0,correct_route
AD,1.2,S4,1.5,36,an_mode,true,4.5516,true,7,4.5516,0,0,true,0,correct_route
AD,1.2,S4,1.5,37,distance,true,3.7026,true,7,3.7026,207.083,0.9,true,0,correct_route
AD,1.2,S4,1.5,37,proposed_050,true,3.7026,false,,,,,false,,false_refusal
AD,1.2,S4,1.5,37,proposed_mode,true,3.7026,true,7,3.7026,207.083,0.9,true,0,correct_route
AD,1.2,S4,1.5,37,an_080,true,3.7026,false,,,,,false,,false_refusal
AD,1.2,S4,1.5,37,an_mode,true,3.7026,true,7,3.7026,207.083,0.9,true,0,correct_route
AD,1.2,S4,1.5,38,distance,true,4.8669,true,7,4.8669,0,0,true,0,correct_route
AD,1.2,S4,1.5,38,proposed_050,true,4.8669,true,7,4.8669,0,0,true,0,correct_route
AD,1.2,S4,1.5,38,proposed_mode,true,4.8669,true,7,4.8669,0,0,true,0,correct_route
AD,1.2,S4,1.5,38,an_080,true,4.8669,true,7,4.8669,0,0,true,0,correct_route
AD,1.2,S4,1.5,38,an_mode,true,4.8669,true,7,4.8669,0,0,true,0,correct_route
AD,1.2,S4,1.5,39,distance,true,3.8945,true,3,3.8945,0,0,true,0,correct_route
AD,1.2,S4,1.5,39,proposed_050,true,3.8945,true,3,3.8945,0,0,true,0,correct_route
AD,1.2,S4,1.5,39,proposed_mode,true,3.8945,true,3,3.8945,0,0,true,0,correct_route
AD,1.2,S4,1.5,39,an_080,true,3.8945,true,3,3.8945,0,0,true,0,correct_route
AD,1.2,S4,1.5,39,an_mode,true,3.8945,true,3,3.8945,0,0,true,0,correct_route
AD,1.2,S4,1.5,40,distance,true,4.2719,true,3,4.2719,0,0,true,0,correct_route
AD,1.2,S4,1.5,40,proposed_050,true,4.2719,true,3,4.2719,0,0,true,0,correct_route
AD,1.2,S4,1.5,40,proposed_mode,true,4.2719,true,3,4.2719,0,0,true,0,correct_route
AD,1.2,S4,1.5,40,an_080,true,4.2719,true,3,4.2719,0,0,true,0,correct_route
AD,1.2,S4,1.5,40,an_mode,true,4.2719,true,3,4.2719,0,0,true,0,correct_route
SV,0.3,S4,2,1,distance,true,3.5648,true,9,3.5648,0,0,true,0,correct_route
SV,0.3,S4,2,1,proposed_050,true,3.5648,true,9,3.5648,0,0,true,0,correct_route
SV,0.3,S4,2,1,proposed_mode,true,3.5648,true,9,3.5648,0,0,true,0,correct_route
SV,0.3,S4,2,1,an_080,true,3.5648,true,9,3.5648,0,0,true,0,correct_route
SV,0.3,S4,2,1,an_mode,true,3.5648,true,9,3.5648,0,0,true,0,correct_route
SV,0.3,S4,2,2,distance,true,4.4419,true,4,4.4419,0,0,true,0,correct_route
SV,0.3,S4,2,2,proposed_050,true,4.4419,true,4,4.4419,0,0,true,0,correct_route
SV,0.3,S4,2,2,proposed_mode,true,4.4419,true,4,4.4419,0,0,true,0,correct_route
SV,0.3,S4,2,2,an_080,true,4.4419,true,4,4.4419,0,0,true,0,correct_route
SV,0.3,S4,2,2,an_mode,true,4.4419,true,4,4.4419,0,0,true,0,correct_route
SV,0.3,S4,2,3,distance,false,,true,9,2.6507,294.404,1.2,false,,missed_isolation
SV,0.3,S4,2,3,proposed_050,false,,false,,,,,false,,correct_isolation
SV,0.3,S4,2,3,proposed_mode,false,,false,,,,,false,,correct_isolation
SV,0.3,S4,2,3,an_080,false,,false,,,,,false,,correct_isolation
SV,0.3,S4,2,3,an_mode,false,,false,,,,,false,,correct_isolation
SV,0.3,S4,2,4,distance,true,4.3464,true,4,4.3464,0,0,true,0,correct_route
SV,0.3,S4,2,4,proposed_050,true,4.3464,true,4,4.3464,0,0,true,0,correct_route
SV,0.3,S4,2,4,proposed_mode,true,4.3464,true,4,4.3464,0,0,true,0,correct_route
SV,0.3,S4,2,4,an_080,true,4.3464,true,4,4.3464,0,0,true,0,correct_route
SV,0.3,S4,2,4,an_mode,true,4.3464,true,4,4.3464,0,0,true,0,correct_route
SV,0.3,S4,2,5,distance,true,4.4419,true,4,4.4419,0,0,true,0,correct_route
SV,0.3,S4,2,5,proposed_050,true,4.4419,true,4,4.4419,0,0,true,0,correct_route
SV,0.3,S4,2,5,proposed_mode,true,4.4419,true,4,4.4419,0,0,true,0,correct_route
SV,0.3,S4,2,5,an_080,true,4.4419,true,4,4.4419,0,0,true,0,correct_route
SV,0.3,S4,2,5,an_mode,true,4.4419,true,4,4.4419,0,0,true,0,correct_route
SV,0.3,S4,2,6,distance,true,0.7045,true,4,0.7045,0,0,true,0,correct_route
SV,0.3,S4,2,6,proposed_050,true,0.7045,true,4,0.7045,0,0,true,0,correct_route
SV,0.3,S4,2,6,proposed_mode,true,0.7045,true,4,0.7045,0,0,true,0,correct_route
SV,0.3,S4,2,6,an_080,true,0.7045,true,4,0.7045,0,0,true,0,correct_route
SV,0.3,S4,2,6,an_mode,true,0.7045,true,4,0.7045,0,0,true,0,correct_route
SV,0.3,S4,2,7,distance,true,2.4584,true,8,2.4584,0,0,true,0,correct_route
SV,0.3,S4,2,7,proposed_050,true,2.4584,true,8,2.4584,0,0,true,0,correct_route
SV,0.3,S4,2,7,proposed_mode,true,2.4584,true,8,2.4584,0,0,true,0,correct_route
SV,0.3,S4,2,7,an_080,true,2.4584,true,8,2.4584,0,0,true,0,correct_route
SV,0.3,S4,2,7,an_mode,true,2.4584,true,8,2.4584,0,0,true,0,correct_route
SV,0.3,S4,2,8,distance,true,2.2256,true,4,2.2256,0,0,true,0,correct_route
SV,0.3,S4,2,8,proposed_050,true,2.2256,true,4,2.2256,0,0,true,0,correct_route
SV,0.3,S4,2,8,proposed_mode,true,2.2256,true,4,2.2256,0,0,true,0,correct_route
SV,0.3,S4,2,8,an_080,true,2.2256,true,4,2.2256,0,0,true,0,correct_route
SV,0.3,S4,2,8,an_mode,true,2.2256,true,4,2.2256,0,0,true,0,correct_route
SV,0.3,S4,2,9,distance,true,2.2269,true,8,2.2269,0,0,true,0,correct_route
SV,0.3,S4,2,9,proposed_050,true,2.2269,true,8,2.2269,0,0,true,0,correct_route
SV,0.3,S4,2,9,proposed_mode,true,2.2269,true,8,2.2269,0,0,true,0,correct_route
SV,0.3,S4,2,9,an_080,true,2.2269,true,8,2.2269,0,0,true,0,correct_route
SV,0.3,S4,2,9,an_mode,true,2.2269,true,8,2.2269,0,0,true,0,correct_route
SV,0.3,S4,2,10,distance,false,,true,9,0.7573,392.685,1.2,false,,missed_isolation
SV,0.3,S4,2,10,proposed_050,false,,false,,,,,false,,correct_isolation
SV,0.3,S4,2,10,proposed_mode,false,,false,,,,,false,,correct_isolation
SV,0.3,S4,2,10,an_080,false,,false,,,,,false,,correct_isolation
SV,0.3,S4,2,10,an_mode,false,,false,,,,,false,,correct_isolation
SV,0.3,S4,2,11,distance,true,5.077,true,4,5.077,0,0,true,0,correct_route
SV,0.3,S4,2,11,proposed_050,true,5.077,true,4,5.077,0,0,true,0,correct_route
SV,0.3,S4,2,11,proposed_mode,true,5.077,true,4,5.077,0,0,true,0,correct_route
SV,0.3,S4,2,11,an_080,true,5.077,true,4,5.077,0,0,true,0,correct_route
SV,0.3,S4,2,11,an_mode,true,5.077,true,4,5.077,0,0,true,0,correct_route
SV,0.3,S4,2,12,distance,true,4.8102,true,8,4.8102,0,0,true,0,correct_route
SV,0.3,S4,2,12,proposed_050,true,4.8102,true,8,4.8102,0,0,true,0,correct_route
SV,0.3,S4,2,12,proposed_mode,true,4.8102,true,8,4.8102,0,0,true,0,correct_route
SV,0.3,S4,2,12,an_080,true,4.8102,true,8,4.8102,0,0,true,0,correct_route
SV,0.3,S4,2,12,an_mode,true,4.8102,true,8,4.8102,0,0,true,0,correct_route
SV,0.3,S4,2,13,distance,true,5.3483,true,4,5.3483,0,0,true,0,correct_route
SV,0.3,S4,2,13,proposed_050,true,5.3483,true,4,5.3483,0,0,true,0,correct_route
SV,0.3,S4,2,13,proposed_mode,true,5.3483,true,4,5.3483,0,0,true,0,correct_route
SV,0.3,S4,2,13,an_080,true,5.3483,true,4,5.3483,0,0,true,0,correct_route
SV,0.3,S4,2,13,an_mode,true,5.3483,true,4,5.3483,0,0,true,0,correct_route
SV,0.3,S4,2,14,distance,true,2.2619,true,4,2.2619,0,0,true,0,correct_route
SV,0.3,S4,2,14,proposed_050,true,2.2619,true,4,2.2619,0,0,true,0,correct_route
SV,0.3,S4,2,14,proposed_mode,true,2.2619,true,4,2.2619,0,0,true,0,correct_route
SV,0.3,S4,2,14,an_080,true,2.2619,true,4,2.2619,0,0,true,0,correct_route
SV,0.3,S4,2,14,an_mode,true,2.2619,true,4,2.2619,0,0,true,0,correct_route
SV,0.3,S4,2,15,distance,true,3.7294,true,4,3.7294,0,0,true,0,correct_route
SV,0.3,S4,2,15,proposed_050,true,3.7294,true,4,3.7294,0,0,true,0,correct_route
SV,0.3,S4,2,15,proposed_mode,true,3.7294,true,4,3.7294,0,0,true,0,correct_route
SV,0.3,S4,2,15,an_080,true,3.7294,true,4,3.7294,0,0,true,0,correct_route
SV,0.3,S4,2,15,an_mode,true,3.7294,true,4,3.7294,0,0,true,0,correct_route
SV,0.3,S4,2,16,distance,true,1.4535,true,8,1.4535,0,0,true,0,correct_route
SV,0.3,S4,2,16,proposed_050,true,1.4535,true,8,1.4535,0,0,true,0,correct_route
SV,0.3,S4,2,16,proposed_mode,true,1.4535,true,8,1.4535,0,0,true,0,correct_route
SV,0.3,S4,2,16,an_080,true,1.4535,true,8,1.4535,0,0,true,0,correct_route
SV,0.3,S4,2,16,an_mode,true,1.4535,true,8,1.4535,0,0,true,0,correct_route
SV,0.3,S4,2,17,distance,false,,true,8,4.4279,235.928,1.2,false,,missed_isolation
SV,0.3,S4,2,17,proposed_050,false,,false,,,,,false,,correct_isolation
SV,0.3,S4,2,17,proposed_mode,false,,false,,,,,false,,correct_isolation
SV,0.3,S4,2,17,an_080,false,,false,,,,,false,,correct_isolation
SV,0.3,S4,2,17,an_mode,false,,false,,,,,false,,correct_isolation
SV,0.3,S4,2,18,distance,true,2.343,true,8,2.343,0,0,true,0,correct_route
SV,0.3,S4,2,18,proposed_050,true,2.343,true,8,2.343,0,0,true,0,correct_route
SV,0.3,S4,2,18,proposed_mode,true,2.343,true,8,2.343,0,0,true,0,correct_route
SV,0.3,S4,2,18,an_080,true,2.343,true,8,2.343,0,0,true,0,correct_route
SV,0.3,S4,2,18,an_mode,true,2.343,true,8,2.343,0,0,true,0,correct_route
SV,0.3,S4,2,19,distance,true,2.0721,true,8,2.0721,0,0,true,0,correct_route
SV,0.3,S4,2,19,proposed_050,true,2.0721,true,8,2.0721,0,0,true,0,correct_route
SV,0.3,S4,2,19,proposed_mode,true,2.0721,true,8,2.0721,0,0,true,0,correct_route
SV,0.3,S4,2,19,an_080,true,2.0721,true,8,2.0721,0,0,true,0,correct_route
SV,0.3,S4,2,19,an_mode,true,2.0721,true,8,2.0721,0,0,true,0,correct_route
SV,0.3,S4,2,20,distance,true,9.6348,true,7,8.4103,396.46,1.2,false,-12.709,unsafe_route
SV,0.3,S4,2,20,proposed_050,true,9.6348,true,7,9.6348,0,0,true,0,correct_route
SV,0.3,S4,2,20,proposed_mode,true,9.6348,true,7,9.6348,0,0,true,0,correct_route
SV,0.3,S4,2,20,an_080,true,9.6348,true,7,9.6348,0,0,true,0,correct_route
SV,0.3,S4,2,20,an_mode,true,9.6348,true,7,9.6348,0,0,true,0,correct_route
SV,0.3,S4,2,21,distance,true,1.5022,true,7,1.5022,0,0,true,0,correct_route
SV,0.3,S4,2,21,proposed_050,true,1.5022,true,7,1.5022,0,0,true,0,correct_route
SV,0.3,S4,2,21,proposed_mode,true,1.5022,true,7,1.5022,0,0,true,0,correct_route
SV,0.3,S4,2,21,an_080,true,1.5022,true,7,1.5022,0,0,true,0,correct_route
SV,0.3,S4,2,21,an_mode,true,1.5022,true,7,1.5022,0,0,true,0,correct_route
SV,0.3,S4,2,22,distance,true,2.2373,true,7,2.2373,0,0,true,0,correct_route
SV,0.3,S4,2,22,proposed_050,true,2.2373,true,7,2.2373,0,0,true,0,correct_route
SV,0.3,S4,2,22,proposed_mode,true,2.2373,true,7,2.2373,0,0,true,0,correct_route
SV,0.3,S4,2,22,an_080,true,2.2373,true,7,2.2373,0,0,true,0,correct_route
SV,0.3,S4,2,22,an_mode,true,2.2373,true,7,2.2373,0,0,true,0,correct_route
SV,0.3,S4,2,23,distance,false,,true,7,5.7136,459.482,1.2,false,,missed_isolation
SV,0.3,S4,2,23,proposed_050,false,,false,,,,,false,,correct_isolation
SV,0.3,S4,2,23,proposed_mode,false,,false,,,,,false,,correct_isolation
SV,0.3,S4,2,23,an_080,false,,false,,,,,false,,correct_isolation
SV,0.3,S4,2,23,an_mode,false,,false,,,,,false,,correct_isolation
SV,0.3,S4,2,24,distance,true,3.7965,true,7,3.7965,0,0,true,0,correct_route
SV,0.3,S4,2,24,proposed_050,true,3.7965,true,7,3.7965,0,0,true,0,correct_route
SV,0.3,S4,2,24,proposed_mode,true,3.7965,true,7,3.7965,0,0,true,0,correct_route
SV,0.3,S4,2,24,an_080,true,3.7965,true,7,3.7965,0,0,true,0,correct_route
SV,0.3,S4,2,24,an_mode,true,3.7965,true,7,3.7965,0,0,true,0,correct_route
SV,0.3,S4,2,25,distance,true,2.019,true,5,2.019,0,0,true,0,correct_route
SV,0.3,S4,2,25,proposed_050,true,2.019,true,5,2.019,0,0,true,0,correct_route
SV,0.3,S4,2,25,proposed_mode,true,2.019,true,5,2.019,0,0,true,0,correct_route
SV,0.3,S4,2,25,an_080,true,2.019,true,5,2.019,0,0,true,0,correct_route
SV,0.3,S4,2,25,an_mode,true,2.019,true,5,2.019,0,0,true,0,correct_route
SV,0.3,S4,2,26,distance,true,1.0687,true,5,1.0687,0,0,true,0,correct_route
SV,0.3,S4,2,26,proposed_050,true,1.0687,true,5,1.0687,0,0,true,0,correct_route
SV,0.3,S4,2,26,proposed_mode,true,1.0687,true,5,1.0687,0,0,true,0,correct_route
SV,0.3,S4,2,26,an_080,true,1.0687,true,5,1.0687,0,0,true,0,correct_route
SV,0.3,S4,2,26,an_mode,true,1.0687,true,5,1.0687,0,0,true,0,correct_route
SV,0.3,S4,2,27,distance,true,2.187,true,3,2.187,0,0,true,0,correct_route
SV,0.3,S4,2,27,proposed_050,true,2.187,true,3,2.187,0,0,true,0,correct_route
SV,0.3,S4,2,27,proposed_mode,true,2.187,true,3,2.187,0,0,true,0,correct_route
SV,0.3,S4,2,27,an_080,true,2.187,true,3,2.187,0,0,true,0,correct_route
SV,0.3,S4,2,27,an_mode,true,2.187,true,3,2.187,0,0,true,0,correct_route
SV,0.3,S4,2,28,distance,true,3.3577,true,7,3.3577,0,0,true,0,correct_route
SV,0.3,S4,2,28,proposed_050,true,3.3577,true,7,3.3577,0,0,true,0,correct_route
SV,0.3,S4,2,28,proposed_mode,true,3.3577,true,7,3.3577,0,0,true,0,correct_route
SV,0.3,S4,2,28,an_080,true,3.3577,true,7,3.3577,0,0,true,0,correct_route
SV,0.3,S4,2,28,an_mode,true,3.3577,true,7,3.3577,0,0,true,0,correct_route
SV,0.3,S4,2,29,distance,true,5.5354,true,7,5.5354,0,0,true,0,correct_route
SV,0.3,S4,2,29,proposed_050,true,5.5354,true,7,5.5354,0,0,true,0,correct_route
SV,0.3,S4,2,29,proposed_mode,true,5.5354,true,7,5.5354,0,0,true,0,correct_route
SV,0.3,S4,2,29,an_080,true,5.5354,true,7,5.5354,0,0,true,0,correct_route
SV,0.3,S4,2,29,an_mode,true,5.5354,true,7,5.5354,0,0,true,0,correct_route
SV,0.3,S4,2,30,distance,false,,true,3,2.6793,261.127,1.2,false,,missed_isolation
SV,0.3,S4,2,30,proposed_050,false,,false,,,,,false,,correct_isolation
SV,0.3,S4,2,30,proposed_mode,false,,false,,,,,false,,correct_isolation
SV,0.3,S4,2,30,an_080,false,,false,,,,,false,,correct_isolation
SV,0.3,S4,2,30,an_mode,false,,false,,,,,false,,correct_isolation
SV,0.3,S4,2,31,distance,true,3.5175,true,7,3.5175,0,0,true,0,correct_route
SV,0.3,S4,2,31,proposed_050,true,3.5175,true,7,3.5175,0,0,true,0,correct_route
SV,0.3,S4,2,31,proposed_mode,true,3.5175,true,7,3.5175,0,0,true,0,correct_route
SV,0.3,S4,2,31,an_080,true,3.5175,true,7,3.5175,0,0,true,0,correct_route
SV,0.3,S4,2,31,an_mode,true,3.5175,true,7,3.5175,0,0,true,0,correct_route
SV,0.3,S4,2,32,distance,true,1.5916,true,3,1.5916,0,0,true,0,correct_route
SV,0.3,S4,2,32,proposed_050,true,1.5916,true,3,1.5916,0,0,true,0,correct_route
SV,0.3,S4,2,32,proposed_mode,true,1.5916,true,3,1.5916,0,0,true,0,correct_route
SV,0.3,S4,2,32,an_080,true,1.5916,true,3,1.5916,0,0,true,0,correct_route
SV,0.3,S4,2,32,an_mode,true,1.5916,true,3,1.5916,0,0,true,0,correct_route
SV,0.3,S4,2,33,distance,true,2.2529,true,7,2.2529,0,0,true,0,correct_route
SV,0.3,S4,2,33,proposed_050,true,2.2529,true,7,2.2529,0,0,true,0,correct_route
SV,0.3,S4,2,33,proposed_mode,true,2.2529,true,7,2.2529,0,0,true,0,correct_route
SV,0.3,S4,2,33,an_080,true,2.2529,true,7,2.2529,0,0,true,0,correct_route
SV,0.3,S4,2,33,an_mode,true,2.2529,true,7,2.2529,0,0,true,0,correct_route
SV,0.3,S4,2,34,distance,true,1.9227,true,7,1.9227,0,0,true,0,correct_route
SV,0.3,S4,2,34,proposed_050,true,1.9227,true,7,1.9227,0,0,true,0,correct_route
SV,0.3,S4,2,34,proposed_mode,true,1.9227,true,7,1.9227,0,0,true,0,correct_route
SV,0.3,S4,2,34,an_080,true,1.9227,true,7,1.9227,0,0,true,0,correct_route
SV,0.3,S4,2,34,an_mode,true,1.9227,true,7,1.9227,0,0,true,0,correct_route
SV,0.3,S4,2,35,distance,true,3.6916,true,7,3.6916,0,0,true,0,correct_route
SV,0.3,S4,2,35,proposed_050,true,3.6916,true,7,3.6916,0,0,true,0,correct_route
SV,0.3,S4,2,35,proposed_mode,true,3.6916,true,7,3.6916,0,0,true,0,correct_route
SV,0.3,S4,2,35,an_080,true,3.6916,true,7,3.6916,0,0,true,0,correct_route
SV,0.3,S4,2,35,an_mode,true,3.6916,true,7,3.6916,0,0,true,0,correct_route
SV,0.3,S4,2,36,distance,true,4.5516,true,7,4.5516,0,0,true,0,correct_route
SV,0.3,S4,2,36,proposed_050,true,4.5516,true,7,4.5516,0,0,true,0,correct_route
SV,0.3,S4,2,36,proposed_mode,true,4.5516,true,7,4.5516,0,0,true,0,correct_route
SV,0.3,S4,2,36,an_080,true,4.5516,true,7,4.5516,0,0,true,0,correct_route
SV,0.3,S4,2,36,an_mode,true,4.5516,true,7,4.5516,0,0,true,0,correct_route
SV,0.3,S4,2,37,distance,false,,true,7,3.7026,276.11,1.2,false,,missed_isolation
SV,0.3,S4,2,37,proposed_050,false,,false,,,,,false,,correct_isolation
SV,0.3,S4,2,37,proposed_mode,false,,false,,,,,false,,correct_isolation
SV,0.3,S4,2,37,an_080,false,,false,,,,,false,,correct_isolation
SV,0.3,S4,2,37,an_mode,false,,false,,,,,false,,correct_isolation
SV,0.3,S4,2,38,distance,true,4.8669,true,7,4.8669,0,0,true,0,correct_route
SV,0.3,S4,2,38,proposed_050,true,4.8669,true,7,4.8669,0,0,true,0,correct_route
SV,0.3,S4,2,38,proposed_mode,true,4.8669,true,7,4.8669,0,0,true,0,correct_route
SV,0.3,S4,2,38,an_080,true,4.8669,true,7,4.8669,0,0,true,0,correct_route
SV,0.3,S4,2,38,an_mode,true,4.8669,true,7,4.8669,0,0,true,0,correct_route
SV,0.3,S4,2,39,distance,true,3.8945,true,3,3.8945,0,0,true,0,correct_route
SV,0.3,S4,2,39,proposed_050,true,3.8945,true,3,3.8945,0,0,true,0,correct_route
SV,0.3,S4,2,39,proposed_mode,true,3.8945,true,3,3.8945,0,0,true,0,correct_route
SV,0.3,S4,2,39,an_080,true,3.8945,true,3,3.8945,0,0,true,0,correct_route
SV,0.3,S4,2,39,an_mode,true,3.8945,true,3,3.8945,0,0,true,0,correct_route
SV,0.3,S4,2,40,distance,true,4.2719,true,3,4.2719,0,0,true,0,correct_route
SV,0.3,S4,2,40,proposed_050,true,4.2719,true,3,4.2719,0,0,true,0,correct_route
SV,0.3,S4,2,40,proposed_mode,true,4.2719,true,3,4.2719,0,0,true,0,correct_route
SV,0.3,S4,2,40,an_080,true,4.2719,true,3,4.2719,0,0,true,0,correct_route
SV,0.3,S4,2,40,an_mode,true,4.2719,true,3,4.2719,0,0,true,0,correct_route
LV,0.5,S4,2,1,distance,true,3.5648,true,9,3.5648,0,0,true,0,correct_route
LV,0.5,S4,2,1,proposed_050,true,3.5648,true,9,3.5648,0,0,true,0,correct_route
LV,0.5,S4,2,1,proposed_mode,true,3.5648,true,9,3.5648,0,0,true,0,correct_route
LV,0.5,S4,2,1,an_080,true,3.5648,true,9,3.5648,0,0,true,0,correct_route
LV,0.5,S4,2,1,an_mode,true,3.5648,true,9,3.5648,0,0,true,0,correct_route
LV,0.5,S4,2,2,distance,true,4.4419,true,4,4.4419,0,0,true,0,correct_route
LV,0.5,S4,2,2,proposed_050,true,4.4419,true,4,4.4419,0,0,true,0,correct_route
LV,0.5,S4,2,2,proposed_mode,true,4.4419,true,4,4.4419,0,0,true,0,correct_route
LV,0.5,S4,2,2,an_080,true,4.4419,true,4,4.4419,0,0,true,0,correct_route
LV,0.5,S4,2,2,an_mode,true,4.4419,true,4,4.4419,0,0,true,0,correct_route
LV,0.5,S4,2,3,distance,false,,true,9,2.6507,294.404,1.2,false,,missed_isolation
LV,0.5,S4,2,3,proposed_050,false,,false,,,,,false,,correct_isolation
LV,0.5,S4,2,3,proposed_mode,false,,false,,,,,false,,correct_isolation
LV,0.5,S4,2,3,an_080,false,,false,,,,,false,,correct_isolation
LV,0.5,S4,2,3,an_mode,false,,false,,,,,false,,correct_isolation
LV,0.5,S4,2,4,distance,true,4.3464,true,4,4.3464,0,0,true,0,correct_route
LV,0.5,S4,2,4,proposed_050,true,4.3464,true,4,4.3464,0,0,true,0,correct_route
LV,0.5,S4,2,4,proposed_mode,true,4.3464,true,4,4.3464,0,0,true,0,correct_route
LV,0.5,S4,2,4,an_080,true,4.3464,true,4,4.3464,0,0,true,0,correct_route
LV,0.5,S4,2,4,an_mode,true,4.3464,true,4,4.3464,0,0,true,0,correct_route
LV,0.5,S4,2,5,distance,true,4.4419,true,4,4.4419,0,0,true,0,correct_route
LV,0.5,S4,2,5,proposed_050,true,4.4419,true,4,4.4419,0,0,true,0,correct_route
LV,0.5,S4,2,5,proposed_mode,true,4.4419,true,4,4.4419,0,0,true,0,correct_route
LV,0.5,S4,2,5,an_080,true,4.4419,true,4,4.4419,0,0,true,0,correct_route
LV,0.5,S4,2,5,an_mode,true,4.4419,true,4,4.4419,0,0,true,0,correct_route
LV,0.5,S4,2,6,distance,true,0.7045,true,4,0.7045,0,0,true,0,correct_route
LV,0.5,S4,2,6,proposed_050,true,0.7045,true,4,0.7045,0,0,true,0,correct_route
LV,0.5,S4,2,6,proposed_mode,true,0.7045,true,4,0.7045,0,0,true,0,correct_route
LV,0.5,S4,2,6,an_080,true,0.7045,true,4,0.7045,0,0,true,0,correct_route
LV,0.5,S4,2,6,an_mode,true,0.7045,true,4,0.7045,0,0,true,0,correct_route
LV,0.5,S4,2,7,distance,true,2.4584,true,8,2.4584,0,0,true,0,correct_route
LV,0.5,S4,2,7,proposed_050,true,2.4584,true,8,2.4584,0,0,true,0,correct_route
LV,0.5,S4,2,7,proposed_mode,true,2.4584,true,8,2.4584,0,0,true,0,correct_route
LV,0.5,S4,2,7,an_080,true,2.4584,true,8,2.4584,0,0,true,0,correct_route
LV,0.5,S4,2,7,an_mode,true,2.4584,true,8,2.4584,0,0,true,0,correct_route
LV,0.5,S4,2,8,distance,true,2.2256,true,4,2.2256,0,0,true,0,correct_route
LV,0.5,S4,2,8,proposed_050,true,2.2256,true,4,2.2256,0,0,true,0,correct_route
LV,0.5,S4,2,8,proposed_mode,true,2.2256,true,4,2.2256,0,0,true,0,correct_route
LV,0.5,S4,2,8,an_080,true,2.2256,true,4,2.2256,0,0,true,0,correct_route
LV,0.5,S4,2,8,an_mode,true,2.2256,true,4,2.2256,0,0,true,0,correct_route
LV,0.5,S4,2,9,distance,true,2.2269,true,8,2.2269,0,0,true,0,correct_route
LV,0.5,S4,2,9,proposed_050,true,2.2269,true,8,2.2269,0,0,true,0,correct_route
LV,0.5,S4,2,9,proposed_mode,true,2.2269,true,8,2.2269,0,0,true,0,correct_route
LV,0.5,S4,2,9,an_080,true,2.2269,true,8,2.2269,0,0,true,0,correct_route
LV,0.5,S4,2,9,an_mode,true,2.2269,true,8,2.2269,0,0,true,0,correct_route
LV,0.5,S4,2,10,distance,false,,true,9,0.7573,392.685,1.2,false,,missed_isolation
LV,0.5,S4,2,10,proposed_050,false,,false,,,,,false,,correct_isolation
LV,0.5,S4,2,10,proposed_mode,false,,false,,,,,false,,correct_isolation
LV,0.5,S4,2,10,an_080,false,,false,,,,,false,,correct_isolation
LV,0.5,S4,2,10,an_mode,false,,false,,,,,false,,correct_isolation
LV,0.5,S4,2,11,distance,true,5.077,true,4,5.077,0,0,true,0,correct_route
LV,0.5,S4,2,11,proposed_050,true,5.077,true,4,5.077,0,0,true,0,correct_route
LV,0.5,S4,2,11,proposed_mode,true,5.077,true,4,5.077,0,0,true,0,correct_route
LV,0.5,S4,2,11,an_080,true,5.077,true,4,5.077,0,0,true,0,correct_route
LV,0.5,S4,2,11,an_mode,true,5.077,true,4,5.077,0,0,true,0,correct_route
LV,0.5,S4,2,12,distance,true,4.8102,true,8,4.8102,0,0,true,0,correct_route
LV,0.5,S4,2,12,proposed_050,true,4.8102,true,8,4.8102,0,0,true,0,correct_route
LV,0.5,S4,2,12,proposed_mode,true,4.8102,true,8,4.8102,0,0,true,0,correct_route
LV,0.5,S4,2,12,an_080,true,4.8102,true,8,4.8102,0,0,true,0,correct_route
LV,0.5,S4,2,12,an_mode,true,4.8102,true,8,4.8102,0,0,true,0,correct_route
LV,0.5,S4,2,13,distance,true,5.3483,true,4,5.3483,0,0,true,0,correct_route
LV,0.5,S4,2,13,proposed_050,true,5.3483,true,4,5.3483,0,0,true,0,correct_route
LV,0.5,S4,2,13,proposed_mode,true,5.3483,true,4,5.3483,0,0,true,0,correct_route
LV,0.5,S4,2,13,an_080,true,5.3483,true,4,5.3483,0,0,true,0,correct_route
LV,0.5,S4,2,13,an_mode,true,5.3483,true,4,5.3483,0,0,true,0,correct_route
LV,0.5,S4,2,14,distance,true,2.2619,true,4,2.2619,0,0,true,0,correct_route
LV,0.5,S4,2,14,proposed_050,true,2.2619,true,4,2.2619,0,0,true,0,correct_route
LV,0.5,S4,2,14,proposed_mode,true,2.2619,true,4,2.2619,0,0,true,0,correct_route
LV,0.5,S4,2,14,an_080,true,2.2619,true,4,2.2619,0,0,true,0,correct_route
LV,0.5,S4,2,14,an_mode,true,2.2619,true,4,2.2619,0,0,true,0,correct_route
LV,0.5,S4,2,15,distance,true,3.7294,true,4,3.7294,0,0,true,0,correct_route
LV,0.5,S4,2,15,proposed_050,true,3.7294,true,4,3.7294,0,0,true,0,correct_route
LV,0.5,S4,2,15,proposed_mode,true,3.7294,true,4,3.7294,0,0,true,0,correct_route
LV,0.5,S4,2,15,an_080,true,3.7294,true,4,3.7294,0,0,true,0,correct_route
LV,0.5,S4,2,15,an_mode,true,3.7294,true,4,3.7294,0,0,true,0,correct_route
LV,0.5,S4,2,16,distance,true,1.4535,true,8,1.4535,0,0,true,0,correct_route
LV,0.5,S4,2,16,proposed_050,true,1.4535,true,8,1.4535,0,0,true,0,correct_route
LV,0.5,S4,2,16,proposed_mode,true,1.4535,true,8,1.4535,0,0,true,0,correct_route
LV,0.5,S4,2,16,an_080,true,1.4535,true,8,1.4535,0,0,true,0,correct_route
LV,0.5,S4,2,16,an_mode,true,1.4535,true,8,1.4535,0,0,true,0,correct_route
LV,0.5,S4,2,17,distance,false,,true,8,4.4279,235.928,1.2,false,,missed_isolation
LV,0.5,S4,2,17,proposed_050,false,,false,,,,,false,,correct_isolation
LV,0.5,S4,2,17,proposed_mode,false,,false,,,,,false,,correct_isolation
LV,0.5,S4,2,17,an_080,false,,false,,,,,false,,correct_isolation
LV,0.5,S4,2,17,an_mode,false,,false,,,,,false,,correct_isolation
LV,0.5,S4,2,18,distance,true,2.343,true,8,2.343,0,0,true,0,correct_route
LV,0.5,S4,2,18,proposed_050,true,2.343,true,8,2.343,0,0,true,0,correct_route
LV,0.5,S4,2,18,proposed_mode,true,2.343,true,8,2.343,0,0,true,0,correct_route
LV,0.5,S4,2,18,an_080,true,2.343,true,8,2.343,0,0,true,0,correct_route
LV,0.5,S4,2,18,an_mode,true,2.343,true,8,2.343,0,0,true,0,correct_route
LV,0.5,S4,2,19,distance,true,2.0721,true,8,2.0721,0,0,true,0,correct_route
LV,0.5,S4,2,19,proposed_050,true,2.0721,true,8,2.0721,0,0,true,0,correct_route
LV,0.5,S4,2,19,proposed_mode,true,2.0721,true,8,2.0721,0,0,true,0,correct_route
LV,0.5,S4,2,19,an_080,true,2.0721,true,8,2.0721,0,0,true,0,correct_route
LV,0.5,S4,2,19,an_mode,true,2.0721,true,8,2.0721,0,0,true,0,correct_route
LV,0.5,S4,2,20,distance,true,9.6348,true,7,8.4103,396.46,1.2,false,-12.709,unsafe_route
LV,0.5,S4,2,20,proposed_050,true,9.6348,true,7,9.6348,0,0,true,0,correct_route
LV,0.5,S4,2,20,proposed_mode,true,9.6348,true,7,9.6348,0,0,true,0,correct_route
LV,0.5,S4,2,20,an_080,true,9.6348,true,7,9.6348,0,0,true,0,correct_route
LV,0.5,S4,2,20,an_mode,true,9.6348,true,7,9.6348,0,0,true,0,correct_route
LV,0.5,S4,2,21,distance,true,1.5022,true,7,1.5022,0,0,true,0,correct_route
LV,0.5,S4,2,21,proposed_050,true,1.5022,true,7,1.5022,0,0,true,0,correct_route
LV,0.5,S4,2,21,proposed_mode,true,1.5022,true,7,1.5022,0,0,true,0,correct_route
LV,0.5,S4,2,21,an_080,true,1.5022,true,7,1.5022,0,0,true,0,correct_route
LV,0.5,S4,2,21,an_mode,true,1.5022,true,7,1.5022,0,0,true,0,correct_route
LV,0.5,S4,2,22,distance,true,2.2373,true,7,2.2373,0,0,true,0,correct_route
LV,0.5,S4,2,22,proposed_050,true,2.2373,true,7,2.2373,0,0,true,0,correct_route
LV,0.5,S4,2,22,proposed_mode,true,2.2373,true,7,2.2373,0,0,true,0,correct_route
LV,0.5,S4,2,22,an_080,true,2.2373,true,7,2.2373,0,0,true,0,correct_route
LV,0.5,S4,2,22,an_mode,true,2.2373,true,7,2.2373,0,0,true,0,correct_route
LV,0.5,S4,2,23,distance,false,,true,7,5.7136,459.482,1.2,false,,missed_isolation
LV,0.5,S4,2,23,proposed_050,false,,false,,,,,false,,correct_isolation
LV,0.5,S4,2,23,proposed_mode,false,,false,,,,,false,,correct_isolation
LV,0.5,S4,2,23,an_080,false,,false,,,,,false,,correct_isolation
LV,0.5,S4,2,23,an_mode,false,,false,,,,,false,,correct_isolation
LV,0.5,S4,2,24,distance,true,3.7965,true,7,3.7965,0,0,true,0,correct_route
LV,0.5,S4,2,24,proposed_050,true,3.7965,true,7,3.7965,0,0,true,0,correct_route
LV,0.5,S4,2,24,proposed_mode,true,3.7965,true,7,3.7965,0,0,true,0,correct_route
LV,0.5,S4,2,24,an_080,true,3.7965,true,7,3.7965,0,0,true,0,correct_route
LV,0.5,S4,2,24,an_mode,true,3.7965,true,7,3.7965,0,0,true,0,correct_route
LV,0.5,S4,2,25,distance,true,2.019,true,5,2.019,0,0,true,0,correct_route
LV,0.5,S4,2,25,proposed_050,true,2.019,true,5,2.019,0,0,true,0,correct_route
LV,0.5,S4,2,25,proposed_mode,true,2.019,true,5,2.019,0,0,true,0,correct_route
LV,0.5,S4,2,25,an_080,true,2.019,true,5,2.019,0,0,true,0,correct_route
LV,0.5,S4,2,25,an_mode,true,2.019,true,5,2.019,0,0,true,0,correct_route
LV,0.5,S4,2,26,distance,true,1.0687,true,5,1.0687,0,0,true,0,correct_route
LV,0.5,S4,2,26,proposed_050,true,1.0687,true,5,1.0687,0,0,true,0,correct_route
LV,0.5,S4,2,26,proposed_mode,true,1.0687,true,5,1.0687,0,0,true,0,correct_route
LV,0.5,S4,2,26,an_080,true,1.0687,true,5,1.0687,0,0,true,0,correct_route
LV,0.5,S4,2,26,an_mode,true,1.0687,true,5,1.0687,0,0,true,0,correct_route
LV,0.5,S4,2,27,distance,true,2.187,true,3,2.187,0,0,true,0,correct_route
LV,0.5,S4,2,27,proposed_050,true,2.187,true,3,2.187,0,0,true,0,correct_route
LV,0.5,S4,2,27,proposed_mode,true,2.187,true,3,2.187,0,0,true,0,correct_route
LV,0.5,S4,2,27,an_080,true,2.187,true,3,2.187,0,0,true,0,correct_route
LV,0.5,S4,2,27,an_mode,true,2.187,true,3,2.187,0,0,true,0,correct_route
LV,0.5,S4,2,28,distance,true,3.3577,true,7,3.3577,0,0,true,0,correct_route
LV,0.5,S4,2,28,proposed_050,true,3.3577,true,7,3.3577,0,0,true,0,correct_route
LV,0.5,S4,2,28,proposed_mode,true,3.3577,true,7,3.3577,0,0,true,0,correct_route
LV,0.5,S4,2,28,an_080,true,3.3577,true,7,3.3577,0,0,true,0,correct_route
LV,0.5,S4,2,28,an_mode,true,3.3577,true,7,3.3577,0,0,true,0,correct_route
LV,0.5,S4,2,29,distance,true,5.5354,true,7,5.5354,0,0,true,0,correct_route
LV,0.5,S4,2,29,proposed_050,true,5.5354,true,7,5.5354,0,0,true,0,correct_route
LV,0.5,S4,2,29,proposed_mode,true,5.5354,true,7,5.5354,0,0,true,0,correct_route
LV,0.5,S4,2,29,an_080,true,5.5354,true,7,5.5354,0,0,true,0,correct_route
LV,0.5,S4,2,29,an_mode,true,5.5354,true,7,5.5354,0,0,true,0,correct_route
LV,0.5,S4,2,30,distance,false,,true,3,2.6793,261.127,1.2,false,,missed_isolation
LV,0.5,S4,2,30,proposed_050,false,,false,,,,,false,,correct_isolation
LV,0.5,S4,2,30,proposed_mode,false,,false,,,,,false,,correct_isolation
LV,0.5,S4,2,30,an_080,false,,false,,,,,false,,correct_isolation
LV,0.5,S4,2,30,an_mode,false,,false,,,,,false,,correct_isolation
LV,0.5,S4,2,31,distance,true,3.5175,true,7,3.5175,0,0,true,0,correct_route
LV,0.5,S4,2,31,proposed_050,true,3.5175,true,7,3.5175,0,0,true,0,correct_route
LV,0.5,S4,2,31,proposed_mode,true,3.5175,true,7,3.5175,0,0,true,0,correct_route
LV,0.5,S4,2,31,an_080,true,3.5175,true,7,3.5175,0,0,true,0,correct_route
LV,0.5,S4,2,31,an_mode,true,3.5175,true,7,3.5175,0,0,true,0,correct_route
LV,0.5,S4,2,32,distance,true,1.5916,true,3,1.5916,0,0,true,0,correct_route
LV,0.5,S4,2,32,proposed_050,true,1.5916,true,3,1.5916,0,0,true,0,correct_route
LV,0.5,S4,2,32,proposed_mode,true,1.5916,true,3,1.5916,0,0,true,0,correct_route
LV,0.5,S4,2,32,an_080,true,1.5916,true,3,1.5916,0,0,true,0,correct_route
LV,0.5,S4,2,32,an_mode,true,1.5916,true,3,1.5916,0,0,true,0,correct_route
LV,0.5,S4,2,33,distance,true,2.2529,true,7,2.2529,0,0,true,0,correct_route
LV,0.5,S4,2,33,proposed_050,true,2.2529,true,7,2.2529,0,0,true,0,correct_route
LV,0.5,S4,2,33,proposed_mode,true,2.2529,true,7,2.2529,0,0,true,0,correct_route
LV,0.5,S4,2,33,an_080,true,2.2529,true,7,2.2529,0,0,true,0,correct_route
LV,0.5,S4,2,33,an_mode,true,2.2529,true,7,2.2529,0,0,true,0,correct_route
LV,0.5,S4,2,34,distance,true,1.9227,true,7,1.9227,0,0,true,0,correct_route
LV,0.5,S4,2,34,proposed_050,true,1.9227,true,7,1.9227,0,0,true,0,correct_route
LV,0.5,S4,2,34,proposed_mode,true,1.9227,true,7,1.9227,0,0,true,0,correct_route
LV,0.5,S4,2,34,an_080,true,1.9227,true,7,1.9227,0,0,true,0,correct_route
LV,0.5,S4,2,34,an_mode,true,1.9227,true,7,1.9227,0,0,true,0,correct_route
LV,0.5,S4,2,35,distance,true,3.6916,true,7,3.6916,0,0,true,0,correct_route
LV,0.5,S4,2,35,proposed_050,true,3.6916,true,7,3.6916,0,0,true,0,correct_route
LV,0.5,S4,2,35,proposed_mode,true,3.6916,true,7,3.6916,0,0,true,0,correct_route
LV,0.5,S4,2,35,an_080,true,3.6916,true,7,3.6916,0,0,true,0,correct_route
LV,0.5,S4,2,35,an_mode,true,3.6916,true,7,3.6916,0,0,true,0,correct_route
LV,0.5,S4,2,36,distance,true,4.5516,true,7,4.5516,0,0,true,0,correct_route
LV,0.5,S4,2,36,proposed_050,true,4.5516,true,7,4.5516,0,0,true,0,correct_route
LV,0.5,S4,2,36,proposed_mode,true,4.5516,true,7,4.5516,0,0,true,0,correct_route
LV,0.5,S4,2,36,an_080,true,4.5516,true,7,4.5516,0,0,true,0,correct_route
LV,0.5,S4,2,36,an_mode,true,4.5516,true,7,4.5516,0,0,true,0,correct_route
LV,0.5,S4,2,37,distance,false,,true,7,3.7026,276.11,1.2,false,,missed_isolation
LV,0.5,S4,2,37,proposed_050,false,,false,,,,,false,,correct_isolation
LV,0.5,S4,2,37,proposed_mode,false,,false,,,,,false,,correct_isolation
LV,0.5,S4,2,37,an_080,false,,false,,,,,false,,correct_isolation
LV,0.5,S4,2,37,an_mode,false,,false,,,,,false,,correct_isolation
LV,0.5,S4,2,38,distance,true,4.8669,true,7,4.8669,0,0,true,0,correct_route
LV,0.5,S4,2,38,proposed_050,true,4.8669,true,7,4.8669,0,0,true,0,correct_route
LV,0.5,S4,2,38,proposed_mode,true,4.8669,true,7,4.8669,0,0,true,0,correct_route
LV,0.5,S4,2,38,an_080,true,4.8669,true,7,4.8669,0,0,true,0,correct_route
LV,0.5,S4,2,38,an_mode,true,4.8669,true,7,4.8669,0,0,true,0,correct_route
LV,0.5,S4,2,39,distance,true,3.8945,true,3,3.8945,0,0,true,0,correct_route
LV,0.5,S4,2,39,proposed_050,true,3.8945,true,3,3.8945,0,0,true,0,correct_route
LV,0.5,S4,2,39,proposed_mode,true,3.8945,true,3,3.8945,0,0,true,0,correct_route
LV,0.5,S4,2,39,an_080,true,3.8945,true,3,3.8945,0,0,true,0,correct_route
LV,0.5,S4,2,39,an_mode,true,3.8945,true,3,3.8945,0,0,true,0,correct_route
LV,0.5,S4,2,40,distance,true,4.2719,true,3,4.2719,0,0,true,0,correct_route
LV,0.5,S4,2,40,proposed_050,true,4.2719,true,3,4.2719,0,0,true,0,correct_route
LV,0.5,S4,2,40,proposed_mode,true,4.2719,true,3,4.2719,0,0,true,0,correct_route
LV,0.5,S4,2,40,an_080,true,4.2719,true,3,4.2719,0,0,true,0,correct_route
LV,0.5,S4,2,40,an_mode,true,4.2719,true,3,4.2719,0,0,true,0,correct_route
AD,1.2,S4,2,1,distance,true,3.5648,true,9,3.5648,0,0,true,0,correct_route
AD,1.2,S4,2,1,proposed_050,true,3.5648,true,9,3.5648,0,0,true,0,correct_route
AD,1.2,S4,2,1,proposed_mode,true,3.5648,true,9,3.5648,0,0,true,0,correct_route
AD,1.2,S4,2,1,an_080,true,3.5648,true,9,3.5648,0,0,true,0,correct_route
AD,1.2,S4,2,1,an_mode,true,3.5648,true,9,3.5648,0,0,true,0,correct_route
AD,1.2,S4,2,2,distance,true,4.4419,true,4,4.4419,0,0,true,0,correct_route
AD,1.2,S4,2,2,proposed_050,true,4.4419,true,4,4.4419,0,0,true,0,correct_route
AD,1.2,S4,2,2,proposed_mode,true,4.4419,true,4,4.4419,0,0,true,0,correct_route
AD,1.2,S4,2,2,an_080,true,4.4419,true,4,4.4419,0,0,true,0,correct_route
AD,1.2,S4,2,2,an_mode,true,4.4419,true,4,4.4419,0,0,true,0,correct_route
AD,1.2,S4,2,3,distance,true,2.6507,true,9,2.6507,294.404,1.2,true,0,correct_route
AD,1.2,S4,2,3,proposed_050,true,2.6507,false,,,,,false,,false_refusal
AD,1.2,S4,2,3,proposed_mode,true,2.6507,true,9,2.722,294.404,1.2,true,2.69,correct_route
AD,1.2,S4,2,3,an_080,true,2.6507,false,,,,,false,,false_refusal
AD,1.2,S4,2,3,an_mode,true,2.6507,true,9,2.6507,294.404,1.2,true,0,correct_route
AD,1.2,S4,2,4,distance,true,4.3464,true,4,4.3464,0,0,true,0,correct_route
AD,1.2,S4,2,4,proposed_050,true,4.3464,true,4,4.3464,0,0,true,0,correct_route
AD,1.2,S4,2,4,proposed_mode,true,4.3464,true,4,4.3464,0,0,true,0,correct_route
AD,1.2,S4,2,4,an_080,true,4.3464,true,4,4.3464,0,0,true,0,correct_route
AD,1.2,S4,2,4,an_mode,true,4.3464,true,4,4.3464,0,0,true,0,correct_route
AD,1.2,S4,2,5,distance,true,4.4419,true,4,4.4419,0,0,true,0,correct_route
AD,1.2,S4,2,5,proposed_050,true,4.4419,true,4,4.4419,0,0,true,0,correct_route
AD,1.2,S4,2,5,proposed_mode,true,4.4419,true,4,4.4419,0,0,true,0,correct_route
AD,1.2,S4,2,5,an_080,true,4.4419,true,4,4.4419,0,0,true,0,correct_route
AD,1.2,S4,2,5,an_mode,true,4.4419,true,4,4.4419,0,0,true,0,correct_route
AD,1.2,S4,2,6,distance,true,0.7045,true,4,0.7045,0,0,true,0,correct_route
AD,1.2,S4,2,6,proposed_050,true,0.7045,true,4,0.7045,0,0,true,0,correct_route
AD,1.2,S4,2,6,proposed_mode,true,0.7045,true,4,0.7045,0,0,true,0,correct_route
AD,1.2,S4,2,6,an_080,true,0.7045,true,4,0.7045,0,0,true,0,correct_route
AD,1.2,S4,2,6,an_mode,true,0.7045,true,4,0.7045,0,0,true,0,correct_route
AD,1.2,S4,2,7,distance,true,2.4584,true,8,2.4584,0,0,true,0,correct_route
AD,1.2,S4,2,7,proposed_050,true,2.4584,true,8,2.4584,0,0,true,0,correct_route
AD,1.2,S4,2,7,proposed_mode,true,2.4584,true,8,2.4584,0,0,true,0,correct_route
AD,1.2,S4,2,7,an_080,true,2.4584,true,8,2.4584,0,0,true,0,correct_route
AD,1.2,S4,2,7,an_mode,true,2.4584,true,8,2.4584,0,0,true,0,correct_route
AD,1.2,S4,2,8,distance,true,2.2256,true,4,2.2256,0,0,true,0,correct_route
AD,1.2,S4,2,8,proposed_050,true,2.2256,true,4,2.2256,0,0,true,0,correct_route
AD,1.2,S4,2,8,proposed_mode,true,2.2256,true,4,2.2256,0,0,true,0,correct_route
AD,1.2,S4,2,8,an_080,true,2.2256,true,4,2.2256,0,0,true,0,correct_route
AD,1.2,S4,2,8,an_mode,true,2.2256,true,4,2.2256,0,0,true,0,correct_route
AD,1.2,S4,2,9,distance,true,2.2269,true,8,2.2269,0,0,true,0,correct_route
AD,1.2,S4,2,9,proposed_050,true,2.2269,true,8,2.2269,0,0,true,0,correct_route
AD,1.2,S4,2,9,proposed_mode,true,2.2269,true,8,2.2269,0,0,true,0,correct_route
AD,1.2,S4,2,9,an_080,true,2.2269,true,8,2.2269,0,0,true,0,correct_route
AD,1.2,S4,2,9,an_mode,true,2.2269,true,8,2.2269,0,0,true,0,correct_route
AD,1.2,S4,2,10,distance,true,0.7573,true,9,0.7573,392.685,1.2,true,0,correct_route
AD,1.2,S4,2,10,proposed_050,true,0.7573,false,,,,,false,,false_refusal
AD,1.2,S4,2,10,proposed_mode,true,0.7573,true,9,0.7573,392.685,1.2,true,0,correct_route
AD,1.2,S4,2,10,an_080,true,0.7573,false,,,,,false,,false_refusal
AD,1.2,S4,2,10,an_mode,true,0.7573,true,9,0.7573,392.685,1.2,true,0,correct_route
AD,1.2,S4,2,11,distance,true,5.077,true,4,5.077,0,0,true,0,correct_route
AD,1.2,S4,2,11,proposed_050,true,5.077,true,4,5.077,0,0,true,0,correct_route
AD,1.2,S4,2,11,proposed_mode,true,5.077,true,4,5.077,0,0,true,0,correct_route
AD,1.2,S4,2,11,an_080,true,5.077,true,4,5.077,0,0,true,0,correct_route
AD,1.2,S4,2,11,an_mode,true,5.077,true,4,5.077,0,0,true,0,correct_route
AD,1.2,S4,2,12,distance,true,4.8102,true,8,4.8102,0,0,true,0,correct_route
AD,1.2,S4,2,12,proposed_050,true,4.8102,true,8,4.8102,0,0,true,0,correct_route
AD,1.2,S4,2,12,proposed_mode,true,4.8102,true,8,4.8102,0,0,true,0,correct_route
AD,1.2,S4,2,12,an_080,true,4.8102,true,8,4.8102,0,0,true,0,correct_route
AD,1.2,S4,2,12,an_mode,true,4.8102,true,8,4.8102,0,0,true,0,correct_route
AD,1.2,S4,2,13,distance,true,5.3483,true,4,5.3483,0,0,true,0,correct_route
AD,1.2,S4,2,13,proposed_050,true,5.3483,true,4,5.3483,0,0,true,0,correct_route
AD,1.2,S4,2,13,proposed_mode,true,5.3483,true,4,5.3483,0,0,true,0,correct_route
AD,1.2,S4,2,13,an_080,true,5.3483,true,4,5.3483,0,0,true,0,correct_route
AD,1.2,S4,2,13,an_mode,true,5.3483,true,4,5.3483,0,0,true,0,correct_route
AD,1.2,S4,2,14,distance,true,2.2619,true,4,2.2619,0,0,true,0,correct_route
AD,1.2,S4,2,14,proposed_050,true,2.2619,true,4,2.2619,0,0,true,0,correct_route
AD,1.2,S4,2,14,proposed_mode,true,2.2619,true,4,2.2619,0,0,true,0,correct_route
AD,1.2,S4,2,14,an_080,true,2.2619,true,4,2.2619,0,0,true,0,correct_route
AD,1.2,S4,2,14,an_mode,true,2.2619,true,4,2.2619,0,0,true,0,correct_route
AD,1.2,S4,2,15,distance,true,3.7294,true,4,3.7294,0,0,true,0,correct_route
AD,1.2,S4,2,15,proposed_050,true,3.7294,true,4,3.7294,0,0,true,0,correct_route
AD,1.2,S4,2,15,proposed_mode,true,3.7294,true,4,3.7294,0,0,true,0,correct_route
AD,1.2,S4,2,15,an_080,true,3.7294,true,4,3.7294,0,0,true,0,correct_route
AD,1.2,S4,2,15,an_mode,true,3.7294,true,4,3.7294,0,0,true,0,correct_route
AD,1.2,S4,2,16,distance,true,1.4535,true,8,1.4535,0,0,true,0,correct_route
AD,1.2,S4,2,16,proposed_050,true,1.4535,true,8,1.4535,0,0,true,0,correct_route
AD,1.2,S4,2,16,proposed_mode,true,1.4535,true,8,1.4535,0,0,true,0,correct_route
AD,1.2,S4,2,16,an_080,true,1.4535,true,8,1.4535,0,0,true,0,correct_route
AD,1.2,S4,2,16,an_mode,true,1.4535,true,8,1.4535,0,0,true,0,correct_route
AD,1.2,S4,2,17,distance,true,4.4279,true,8,4.4279,235.928,1.2,true,0,correct_route
AD,1.2,S4,2,17,proposed_050,true,4.4279,false,,,,,false,,false_refusal
AD,1.2,S4,2,17,proposed_mode,true,4.4279,true,8,4.4279,235.928,1.2,true,0,correct_route
AD,1.2,S4,2,17,an_080,true,4.4279,false,,,,,false,,false_refusal
AD,1.2,S4,2,17,an_mode,true,4.4279,true,8,4.4279,235.928,1.2,true,0,correct_route
AD,1.2,S4,2,18,distance,true,2.343,true,8,2.343,0,0,true,0,correct_route
AD,1.2,S4,2,18,proposed_050,true,2.343,true,8,2.343,0,0,true,0,correct_route
AD,1.2,S4,2,18,proposed_mode,true,2.343,true,8,2.343,0,0,true,0,correct_route
AD,1.2,S4,2,18,an_080,true,2.343,true,8,2.343,0,0,true,0,correct_route
AD,1.2,S4,2,18,an_mode,true,2.343,true,8,2.343,0,0,true,0,correct_route
AD,1.2,S4,2,19,distance,true,2.0721,true,8,2.0721,0,0,true,0,correct_route
AD,1.2,S4,2,19,proposed_050,true,2.0721,true,8,2.0721,0,0,true,0,correct_route
AD,1.2,S4,2,19,proposed_mode,true,2.0721,true,8,2.0721,0,0,true,0,correct_route
AD,1.2,S4,2,19,an_080,true,2.0721,true,8,2.0721,0,0,true,0,correct_route
AD,1.2,S4,2,19,an_mode,true,2.0721,true,8,2.0721,0,0,true,0,correct_route
AD,1.2,S4,2,20,distance,true,8.4103,true,7,8.4103,396.46,1.2,true,0,correct_route
AD,1.2,S4,2,20,proposed_050,true,8.4103,true,7,9.6348,0,0,true,14.56,correct_route
AD,1.2,S4,2,20,proposed_mode,true,8.4103,true,7,9.6348,0,0,true,14.56,correct_route
AD,1.2,S4,2,20,an_080,true,8.4103,true,7,9.6348,0,0,true,14.56,correct_route
AD,1.2,S4,2,20,an_mode,true,8.4103,true,7,8.4103,396.46,1.2,true,0,correct_route
AD,1.2,S4,2,21,distance,true,1.5022,true,7,1.5022,0,0,true,0,correct_route
AD,1.2,S4,2,21,proposed_050,true,1.5022,true,7,1.5022,0,0,true,0,correct_route
AD,1.2,S4,2,21,proposed_mode,true,1.5022,true,7,1.5022,0,0,true,0,correct_route
AD,1.2,S4,2,21,an_080,true,1.5022,true,7,1.5022,0,0,true,0,correct_route
AD,1.2,S4,2,21,an_mode,true,1.5022,true,7,1.5022,0,0,true,0,correct_route
AD,1.2,S4,2,22,distance,true,2.2373,true,7,2.2373,0,0,true,0,correct_route
AD,1.2,S4,2,22,proposed_050,true,2.2373,true,7,2.2373,0,0,true,0,correct_route
AD,1.2,S4,2,22,proposed_mode,true,2.2373,true,7,2.2373,0,0,true,0,correct_route
AD,1.2,S4,2,22,an_080,true,2.2373,true,7,2.2373,0,0,true,0,correct_route
AD,1.2,S4,2,22,an_mode,true,2.2373,true,7,2.2373,0,0,true,0,correct_route
AD,1.2,S4,2,23,distance,true,5.7136,true,7,5.7136,459.482,1.2,true,0,correct_route
AD,1.2,S4,2,23,proposed_050,true,5.7136,false,,,,,false,,false_refusal
AD,1.2,S4,2,23,proposed_mode,true,5.7136,true,7,5.7221,474.498,1.2,true,0.148,correct_route
AD,1.2,S4,2,23,an_080,true,5.7136,false,,,,,false,,false_refusal
AD,1.2,S4,2,23,an_mode,true,5.7136,true,7,5.7221,474.498,1.2,true,0.148,correct_route
AD,1.2,S4,2,24,distance,true,3.7965,true,7,3.7965,0,0,true,0,correct_route
AD,1.2,S4,2,24,proposed_050,true,3.7965,true,7,3.7965,0,0,true,0,correct_route
AD,1.2,S4,2,24,proposed_mode,true,3.7965,true,7,3.7965,0,0,true,0,correct_route
AD,1.2,S4,2,24,an_080,true,3.7965,true,7,3.7965,0,0,true,0,correct_route
AD,1.2,S4,2,24,an_mode,true,3.7965,true,7,3.7965,0,0,true,0,correct_route
AD,1.2,S4,2,25,distance,true,2.019,true,5,2.019,0,0,true,0,correct_route
AD,1.2,S4,2,25,proposed_050,true,2.019,true,5,2.019,0,0,true,0,correct_route
AD,1.2,S4,2,25,proposed_mode,true,2.019,true,5,2.019,0,0,true,0,correct_route
AD,1.2,S4,2,25,an_080,true,2.019,true,5,2.019,0,0,true,0,correct_route
AD,1.2,S4,2,25,an_mode,true,2.019,true,5,2.019,0,0,true,0,correct_route
AD,1.2,S4,2,26,distance,true,1.0687,true,5,1.0687,0,0,true,0,correct_route
AD,1.2,S4,2,26,proposed_050,true,1.0687,true,5,1.0687,0,0,true,0,correct_route
AD,1.2,S4,2,26,proposed_mode,true,1.0687,true,5,1.0687,0,0,true,0,correct_route
AD,1.2,S4,2,26,an_080,true,1.0687,true,5,1.0687,0,0,true,0,correct_route
AD,1.2,S4,2,26,an_mode,true,1.0687,true,5,1.0687,0,0,true,0,correct_route
AD,1.2,S4,2,27,distance,true,2.187,true,3,2.187,0,0,true,0,correct_route
AD,1.2,S4,2,27,proposed_050,true,2.187,true,3,2.187,0,0,true,0,correct_route
AD,1.2,S4,2,27,proposed_mode,true,2.187,true,3,2.187,0,0,true,0,correct_route
AD,1.2,S4,2,27,an_080,true,2.187,true,3,2.187,0,0,true,0,correct_route
AD,1.2,S4,2,27,an_mode,true,2.187,true,3,2.187,0,0,true,0,correct_route
AD,1.2,S4,2,28,distance,true,3.3577,true,7,3.3577,0,0,true,0,correct_route
AD,1.2,S4,2,28,proposed_050,true,3.3577,true,7,3.3577,0,0,true,0,correct_route
AD,1.2,S4,2,28,proposed_mode,true,3.3577,true,7,3.3577,0,0,true,0,correct_route
AD,1.2,S4,2,28,an_080,true,3.3577,true,7,3.3577,0,0,true,0,correct_route
AD,1.2,S4,2,28,an_mode,true,3.3577,true,7,3.3577,0,0,true,0,correct_route
AD,1.2,S4,2,29,distance,true,5.5354,true,7,5.5354,0,0,true,0,correct_route
AD,1.2,S4,2,29,proposed_050,true,5.5354,true,7,5.5354,0,0,true,0,correct_route
AD,1.2,S4,2,29,proposed_mode,true,5.5354,true,7,5.5354,0,0,true,0,correct_route
AD,1.2,S4,2,29,an_080,true,5.5354,true,7,5.5354,0,0,true,0,correct_route
AD,1.2,S4,2,29,an_mode,true,5.5354,true,7,5.5354,0,0,true,0,correct_route
AD,1.2,S4,2,30,distance,true,2.6793,true,3,2.6793,261.127,1.2,true,0,correct_route
AD,1.2,S4,2,30,proposed_050,true,2.6793,false,,,,,false,,false_refusal
AD,1.2,S4,2,30,proposed_mode,true,2.6793,true,3,2.6793,261.127,1.2,true,0,correct_route
AD,1.2,S4,2,30,an_080,true,2.6793,false,,,,,false,,false_refusal
AD,1.2,S4,2,30,an_mode,true,2.6793,true,3,2.6793,261.127,1.2,true,0,correct_route
AD,1.2,S4,2,31,distance,true,3.5175,true,7,3.5175,0,0,true,0,correct_route
AD,1.2,S4,2,31,proposed_050,true,3.5175,true,7,3.5175,0,0,true,0,correct_route
AD,1.2,S4,2,31,proposed_mode,true,3.5175,true,7,3.5175,0,0,true,0,correct_route
AD,1.2,S4,2,31,an_080,true,3.5175,true,7,3.5175,0,0,true,0,correct_route
AD,1.2,S4,2,31,an_mode,true,3.5175,true,7,3.5175,0,0,true,0,correct_route
AD,1.2,S4,2,32,distance,true,1.5916,true,3,1.5916,0,0,true,0,correct_route
AD,1.2,S4,2,32,proposed_050,true,1.5916,true,3,1.5916,0,0,true,0,correct_route
AD,1.2,S4,2,32,proposed_mode,true,1.5916,true,3,1.5916,0,0,true,0,correct_route
AD,1.2,S4,2,32,an_080,true,1.5916,true,3,1.5916,0,0,true,0,correct_route
AD,1.2,S4,2,32,an_mode,true,1.5916,true,3,1.5916,0,0,true,0,correct_route
AD,1.2,S4,2,33,distance,true,2.2529,true,7,2.2529,0,0,true,0,correct_route
AD,1.2,S4,2,33,proposed_050,true,2.2529,true,7,2.2529,0,0,true,0,correct_route
AD,1.2,S4,2,33,proposed_mode,true,2.2529,true,7,2.2529,0,0,true,0,correct_route
AD,1.2,S4,2,33,an_080,true,2.2529,true,7,2.2529,0,0,true,0,correct_route
AD,1.2,S4,2,33,an_mode,true,2.2529,true,7,2.2529,0,0,true,0,correct_route
AD,1.2,S4,2,34,distance,true,1.9227,true,7,1.9227,0,0,true,0,correct_route
AD,1.2,S4,2,34,proposed_050,true,1.9227,true,7,1.9227,0,0,true,0,correct_route
AD,1.2,S4,2,34,proposed_mode,true,1.9227,true,7,1.9227,0,0,true,0,correct_route
AD,1.2,S4,2,34,an_080,true,1.9227,true,7,1.9227,0,0,true,0,correct_route
AD,1.2,S4,2,34,an_mode,true,1.9227,true,7,1.9227,0,0,true,0,correct_route
AD,1.2,S4,2,35,distance,true,3.6916,true,7,3.6916,0,0,true,0,correct_route
AD,1.2,S4,2,35,proposed_050,true,3.6916,true,7,3.6916,0,0,true,0,correct_route
AD,1.2,S4,2,35,proposed_mode,true,3.6916,true,7,3.6916,0,0,true,0,correct_route
AD,1.2,S4,2,35,an_080,true,3.6916,true,7,3.6916,0,0,true,0,correct_route
AD,1.2,S4,2,35,an_mode,true,3.6916,true,7,3.6916,0,0,true,0,correct_route
AD,1.2,S4,2,36,distance,true,4.5516,true,7,4.5516,0,0,true,0,correct_route
AD,1.2,S4,2,36,proposed_050,true,4.5516,true,7,4.5516,0,0,true,0,correct_route
AD,1.2,S4,2,36,proposed_mode,true,4.5516,true,7,4.5516,0,0,true,0,correct_route
AD,1.2,S4,2,36,an_080,true,4.5516,true,7,4.5516,0,0,true,0,correct_route
AD,1.2,S4,2,36,an_mode,true,4.5516,true,7,4.5516,0,0,true,0,correct_route
AD,1.2,S4,2,37,distance,true,3.7026,true,7,3.7026,276.11,1.2,true,0,correct_route
AD,1.2,S4,2,37,proposed_050,true,3.7026,false,,,,,false,,false_refusal
AD,1.2,S4,2,37,proposed_mode,true,3.7026,true,7,3.7026,276.11,1.2,true,0,correct_route
AD,1.2,S4,2,37,an_080,true,3.7026,false,,,,,false,,false_refusal
AD,1.2,S4,2,37,an_mode,true,3.7026,true,7,3.7026,276.11,1.2,true,0,correct_route
AD,1.2,S4,2,38,distance,true,4.8669,true,7,4.8669,0,0,true,0,correct_route
AD,1.2,S4,2,38,proposed_050,true,4.8669,true,7,4.8669,0,0,true,0,correct_route
AD,1.2,S4,2,38,proposed_mode,true,4.8669,true,7,4.8669,0,0,true,0,correct_route
AD,1.2,S4,2,38,an_080,true,4.8669,true,7,4.8669,0,0,true,0,correct_route
AD,1.2,S4,2,38,an_mode,true,4.8669,true,7,4.8669,0,0,true,0,correct_route
AD,1.2,S4,2,39,distance,true,3.8945,true,3,3.8945,0,0,true,0,correct_route
AD,1.2,S4,2,39,proposed_050,true,3.8945,true,3,3.8945,0,0,true,0,correct_route
AD,1.2,S4,2,39,proposed_mode,true,3.8945,true,3,3.8945,0,0,true,0,correct_route
AD,1.2,S4,2,39,an_080,true,3.8945,true,3,3.8945,0,0,true,0,correct_route
AD,1.2,S4,2,39,an_mode,true,3.8945,true,3,3.8945,0,0,true,0,correct_route
AD,1.2,S4,2,40,distance,true,4.2719,true,3,4.2719,0,0,true,0,correct_route
AD,1.2,S4,2,40,proposed_050,true,4.2719,true,3,4.2719,0,0,true,0,correct_route
AD,1.2,S4,2,40,proposed_mode,true,4.2719,true,3,4.2719,0,0,true,0,correct_route
AD,1.2,S4,2,40,an_080,true,4.2719,true,3,4.2719,0,0,true,0,correct_route
AD,1.2,S4,2,40,an_mode,true,4.2719,true,3,4.2719,0,0,true,0,correct_route