scenario,sensitivity,origin,method,returned,diagnostic,shelter,cost,query_ms_median,query_ms_all,ref_reachable_0.3,ref_reachable_0.2,ref_reachable_0.8,length_km,exposure_m2,max_depth_m,wet_length_m,edges,unsafe_edges_0.3,traversable_0.3,unsafe_edges_0.2,traversable_0.2,unsafe_edges_0.8,traversable_0.8
S0,false,1,M1_distance,true,,9,3.5648,0.38,0.357;0.377;0.380;0.448;0.829,true,true,true,3.5648,0,0,0,146,0,true,0,true,0,true
S0,false,1,M2_proposed,true,,9,3.5648,0.928,0.791;0.861;0.928;1.043;1.117,true,true,true,3.5648,0,0,0,146,0,true,0,true,0,true
S0,false,1,M3_an2025,true,,9,2228.011,2.21,1.745;1.917;2.210;2.267;2.712,true,true,true,3.5648,0,0,0,146,0,true,0,true,0,true
S0,false,2,M1_distance,true,,4,4.4419,2.701,1.440;1.759;2.701;3.340;4.839,true,true,true,4.4419,0,0,0,137,0,true,0,true,0,true
S0,false,2,M2_proposed,true,,4,4.4419,5.468,4.630;5.365;5.468;5.774;11.203,true,true,true,4.4419,0,0,0,137,0,true,0,true,0,true
S0,false,2,M3_an2025,true,,4,2776.1665,3.596,3.063;3.203;3.596;4.304;4.744,true,true,true,4.4419,0,0,0,137,0,true,0,true,0,true
S0,false,3,M1_distance,true,,9,2.6507,0.368,0.325;0.340;0.368;0.465;0.534,true,true,true,2.6507,0,0,0,96,0,true,0,true,0,true
S0,false,3,M2_proposed,true,,9,2.6507,0.857,0.541;0.731;0.857;1.311;21.703,true,true,true,2.6507,0,0,0,96,0,true,0,true,0,true
S0,false,3,M3_an2025,true,,9,1656.6641,0.758,0.638;0.686;0.758;1.384;1.718,true,true,true,2.6507,0,0,0,96,0,true,0,true,0,true
S0,false,4,M1_distance,true,,4,4.3464,1.174,1.060;1.111;1.174;1.858;2.152,true,true,true,4.3464,0,0,0,137,0,true,0,true,0,true
S0,false,4,M2_proposed,true,,4,4.3464,4.531,3.525;4.306;4.531;4.837;5.529,true,true,true,4.3464,0,0,0,137,0,true,0,true,0,true
S0,false,4,M3_an2025,true,,4,2716.4774,3.383,2.750;2.852;3.383;4.191;5.049,true,true,true,4.3464,0,0,0,137,0,true,0,true,0,true
S0,false,5,M1_distance,true,,4,4.4419,1.068,0.837;0.890;1.068;1.618;4.334,true,true,true,4.4419,0,0,0,161,0,true,0,true,0,true
S0,false,5,M2_proposed,true,,4,4.4419,3.039,2.494;2.595;3.039;3.457;5.540,true,true,true,4.4419,0,0,0,161,0,true,0,true,0,true
S0,false,5,M3_an2025,true,,4,2776.1729,3.838,3.189;3.737;3.838;4.179;5.441,true,true,true,4.4419,0,0,0,161,0,true,0,true,0,true
S0,false,6,M1_distance,true,,4,0.7045,0.158,0.150;0.158;0.158;0.166;0.185,true,true,true,0.7045,0,0,0,21,0,true,0,true,0,true
S0,false,6,M2_proposed,true,,4,0.7045,0.327,0.277;0.310;0.327;0.335;0.497,true,true,true,0.7045,0,0,0,21,0,true,0,true,0,true
S0,false,6,M3_an2025,true,,4,440.3096,0.176,0.174;0.175;0.176;0.198;0.217,true,true,true,0.7045,0,0,0,21,0,true,0,true,0,true
S0,false,7,M1_distance,true,,8,2.4584,0.707,0.596;0.698;0.707;0.808;0.979,true,true,true,2.4584,0,0,0,57,0,true,0,true,0,true
S0,false,7,M2_proposed,true,,8,2.4584,2.559,2.403;2.552;2.559;2.930;9.150,true,true,true,2.4584,0,0,0,57,0,true,0,true,0,true
S0,false,7,M3_an2025,true,,8,1536.5146,2.41,1.712;1.824;2.410;2.779;4.525,true,true,true,2.4584,0,0,0,57,0,true,0,true,0,true
S0,false,8,M1_distance,true,,4,2.2256,0.668,0.533;0.644;0.668;0.853;0.996,true,true,true,2.2256,0,0,0,73,0,true,0,true,0,true
S0,false,8,M2_proposed,true,,4,2.2256,1.849,1.548;1.841;1.849;1.849;2.317,true,true,true,2.2256,0,0,0,73,0,true,0,true,0,true
S0,false,8,M3_an2025,true,,4,1391.0177,1.908,1.449;1.697;1.908;2.234;2.485,true,true,true,2.2256,0,0,0,73,0,true,0,true,0,true
S0,false,9,M1_distance,true,,8,2.2269,0.79,0.652;0.756;0.790;0.843;1.101,true,true,true,2.2269,0,0,0,72,0,true,0,true,0,true
S0,false,9,M2_proposed,true,,8,2.2269,1.181,0.975;1.047;1.181;1.500;1.864,true,true,true,2.2269,0,0,0,72,0,true,0,true,0,true
S0,false,9,M3_an2025,true,,8,1391.816,1.686,1.127;1.453;1.686;1.930;2.153,true,true,true,2.2269,0,0,0,72,0,true,0,true,0,true
S0,false,10,M1_distance,true,,9,0.7573,0.424,0.206;0.256;0.424;1.170;4.537,true,true,true,0.7573,0,0,0,21,0,true,0,true,0,true
S0,false,10,M2_proposed,true,,9,0.7573,0.499,0.321;0.415;0.499;0.768;28.397,true,true,true,0.7573,0,0,0,21,0,true,0,true,0,true
S0,false,10,M3_an2025,true,,9,473.2871,0.27,0.161;0.243;0.270;0.294;0.358,true,true,true,0.7573,0,0,0,21,0,true,0,true,0,true
S0,false,11,M1_distance,true,,4,5.077,0.577,0.539;0.551;0.577;0.838;1.030,true,true,true,5.077,0,0,0,158,0,true,0,true,0,true
S0,false,11,M2_proposed,true,,4,5.077,1.706,1.021;1.305;1.706;2.116;3.412,true,true,true,5.077,0,0,0,158,0,true,0,true,0,true
S0,false,11,M3_an2025,true,,4,3173.1187,2.185,1.709;1.900;2.185;2.429;2.511,true,true,true,5.077,0,0,0,158,0,true,0,true,0,true
S0,false,12,M1_distance,true,,8,4.8102,1.708,1.293;1.526;1.708;2.281;2.367,true,true,true,4.8102,0,0,0,132,0,true,0,true,0,true
S0,false,12,M2_proposed,true,,8,4.8102,3.002,2.222;2.863;3.002;3.441;4.448,true,true,true,4.8102,0,0,0,132,0,true,0,true,0,true
S0,false,12,M3_an2025,true,,8,3006.3933,6.071,5.329;6.018;6.071;6.200;34.894,true,true,true,4.8102,0,0,0,132,0,true,0,true,0,true
S0,false,13,M1_distance,true,,4,5.3483,1.004,0.860;0.903;1.004;1.186;1.813,true,true,true,5.3483,0,0,0,175,0,true,0,true,0,true
S0,false,13,M2_proposed,true,,4,5.3483,3.543,3.474;3.495;3.543;3.948;4.595,true,true,true,5.3483,0,0,0,175,0,true,0,true,0,true
S0,false,13,M3_an2025,true,,4,3342.7153,3.473,2.020;2.660;3.473;3.898;4.314,true,true,true,5.3483,0,0,0,175,0,true,0,true,0,true
S0,false,14,M1_distance,true,,4,2.2619,0.448,0.441;0.443;0.448;0.505;0.535,true,true,true,2.2619,0,0,0,48,0,true,0,true,0,true
S0,false,14,M2_proposed,true,,4,2.2619,1.221,0.986;1.069;1.221;1.300;1.606,true,true,true,2.2619,0,0,0,48,0,true,0,true,0,true
S0,false,14,M3_an2025,true,,4,1413.6658,0.954,0.878;0.943;0.954;1.579;2.047,true,true,true,2.2619,0,0,0,48,0,true,0,true,0,true
S0,false,15,M1_distance,true,,4,3.7294,1.397,0.974;1.002;1.397;1.444;2.248,true,true,true,3.7294,0,0,0,120,0,true,0,true,0,true
S0,false,15,M2_proposed,true,,4,3.7294,3.508,2.377;3.163;3.508;3.857;31.367,true,true,true,3.7294,0,0,0,120,0,true,0,true,0,true
S0,false,15,M3_an2025,true,,4,2330.8504,5.338,3.988;4.709;5.338;5.746;7.371,true,true,true,3.7294,0,0,0,120,0,true,0,true,0,true
S0,false,16,M1_distance,true,,8,1.4535,0.457,0.421;0.425;0.457;0.518;0.610,true,true,true,1.4535,0,0,0,40,0,true,0,true,0,true
S0,false,16,M2_proposed,true,,8,1.4535,1.195,0.963;1.019;1.195;1.228;1.730,true,true,true,1.4535,0,0,0,40,0,true,0,true,0,true
S0,false,16,M3_an2025,true,,8,908.45,0.743,0.655;0.711;0.743;1.153;1.595,true,true,true,1.4535,0,0,0,40,0,true,0,true,0,true
S0,false,17,M1_distance,true,,8,4.4279,1.824,1.368;1.734;1.824;2.135;2.268,true,true,true,4.4279,0,0,0,112,0,true,0,true,0,true
S0,false,17,M2_proposed,true,,8,4.4279,5.095,4.275;4.698;5.095;6.163;6.291,true,true,true,4.4279,0,0,0,112,0,true,0,true,0,true
S0,false,17,M3_an2025,true,,8,2767.4293,5.082,3.751;4.481;5.082;5.931;55.365,true,true,true,4.4279,0,0,0,112,0,true,0,true,0,true
S0,false,18,M1_distance,true,,8,2.343,0.742,0.626;0.639;0.742;0.858;1.187,true,true,true,2.343,0,0,0,62,0,true,0,true,0,true
S0,false,18,M2_proposed,true,,8,2.343,1.298,1.166;1.198;1.298;1.745;2.130,true,true,true,2.343,0,0,0,62,0,true,0,true,0,true
S0,false,18,M3_an2025,true,,8,1464.3497,1.335,1.207;1.238;1.335;2.211;3.163,true,true,true,2.343,0,0,0,62,0,true,0,true,0,true
S0,false,19,M1_distance,true,,8,2.0721,0.886,0.560;0.696;0.886;1.103;1.323,true,true,true,2.0721,0,0,0,56,0,true,0,true,0,true
S0,false,19,M2_proposed,true,,8,2.0721,1.179,1.025;1.077;1.179;1.676;1.885,true,true,true,2.0721,0,0,0,56,0,true,0,true,0,true
S0,false,19,M3_an2025,true,,8,1295.0529,2.321,1.128;1.360;2.321;2.696;3.239,true,true,true,2.0721,0,0,0,56,0,true,0,true,0,true
S0,false,20,M1_distance,true,,7,8.4103,2.05,1.655;1.862;2.050;3.688;23.143,true,true,true,8.4103,0,0,0,195,0,true,0,true,0,true
S0,false,20,M2_proposed,true,,7,8.4103,4.426,3.946;4.291;4.426;4.527;5.968,true,true,true,8.4103,0,0,0,195,0,true,0,true,0,true
S0,false,20,M3_an2025,true,,7,5256.4163,5.034,4.255;4.957;5.034;5.729;6.817,true,true,true,8.4103,0,0,0,195,0,true,0,true,0,true
S0,false,21,M1_distance,true,,7,1.5022,0.391,0.374;0.387;0.391;0.500;0.747,true,true,true,1.5022,0,0,0,29,0,true,0,true,0,true
S0,false,21,M2_proposed,true,,7,1.5022,0.669,0.624;0.640;0.669;0.926;1.057,true,true,true,1.5022,0,0,0,29,0,true,0,true,0,true
S0,false,21,M3_an2025,true,,7,938.8819,1.692,0.937;1.373;1.692;1.997;2.269,true,true,true,1.5022,0,0,0,29,0,true,0,true,0,true
S0,false,22,M1_distance,true,,7,2.2373,0.475,0.405;0.457;0.475;0.628;0.703,true,true,true,2.2373,0,0,0,53,0,true,0,true,0,true
S0,false,22,M2_proposed,true,,7,2.2373,1.113,0.813;0.844;1.113;1.379;23.005,true,true,true,2.2373,0,0,0,53,0,true,0,true,0,true
S0,false,22,M3_an2025,true,,7,1398.3248,1.144,0.774;0.836;1.144;1.487;2.501,true,true,true,2.2373,0,0,0,53,0,true,0,true,0,true
S0,false,23,M1_distance,true,,7,5.7136,1.61,1.206;1.330;1.610;1.915;2.559,true,true,true,5.7136,0,0,0,153,0,true,0,true,0,true
S0,false,23,M2_proposed,true,,7,5.7136,4.935,3.993;4.627;4.935;5.155;6.373,true,true,true,5.7136,0,0,0,153,0,true,0,true,0,true
S0,false,23,M3_an2025,true,,7,3571.0075,6.074,5.330;5.810;6.074;6.402;6.979,true,true,true,5.7136,0,0,0,153,0,true,0,true,0,true
S0,false,24,M1_distance,true,,7,3.7965,0.993,0.792;0.920;0.993;1.221;1.700,true,true,true,3.7965,0,0,0,115,0,true,0,true,0,true
S0,false,24,M2_proposed,true,,7,3.7965,3.429,2.828;3.363;3.429;4.139;34.503,true,true,true,3.7965,0,0,0,115,0,true,0,true,0,true
S0,false,24,M3_an2025,true,,7,2372.8269,3.446,1.644;2.286;3.446;3.630;4.521,true,true,true,3.7965,0,0,0,115,0,true,0,true,0,true
S0,false,25,M1_distance,true,,5,2.019,0.735,0.720;0.734;0.735;1.031;1.230,true,true,true,2.019,0,0,0,67,0,true,0,true,0,true
S0,false,25,M2_proposed,true,,5,2.019,2.511,1.547;1.675;2.511;3.493;3.674,true,true,true,2.019,0,0,0,67,0,true,0,true,0,true
S0,false,25,M3_an2025,true,,5,1261.8741,1.612,1.434;1.507;1.612;2.415;3.119,true,true,true,2.019,0,0,0,67,0,true,0,true,0,true
S0,false,26,M1_distance,true,,5,1.0687,0.231,0.206;0.224;0.231;0.232;0.245,true,true,true,1.0687,0,0,0,33,0,true,0,true,0,true
S0,false,26,M2_proposed,true,,5,1.0687,0.396,0.296;0.369;0.396;0.412;0.803,true,true,true,1.0687,0,0,0,33,0,true,0,true,0,true
S0,false,26,M3_an2025,true,,5,667.9141,0.83,0.576;0.631;0.830;5.836;28.059,true,true,true,1.0687,0,0,0,33,0,true,0,true,0,true
S0,false,27,M1_distance,true,,3,2.187,0.821,0.503;0.728;0.821;0.999;1.541,true,true,true,2.187,0,0,0,54,0,true,0,true,0,true
S0,false,27,M2_proposed,true,,3,2.187,0.653,0.613;0.633;0.653;0.860;1.071,true,true,true,2.187,0,0,0,54,0,true,0,true,0,true
S0,false,27,M3_an2025,true,,3,1366.8864,0.63,0.523;0.529;0.630;1.217;1.404,true,true,true,2.187,0,0,0,54,0,true,0,true,0,true
S0,false,28,M1_distance,true,,7,3.3577,1.732,1.291;1.512;1.732;2.262;3.405,true,true,true,3.3577,0,0,0,94,0,true,0,true,0,true
S0,false,28,M2_proposed,true,,7,3.3577,5.715,4.617;4.708;5.715;5.851;5.859,true,true,true,3.3577,0,0,0,94,0,true,0,true,0,true
S0,false,28,M3_an2025,true,,7,2098.5702,7.242,6.275;6.483;7.242;7.609;7.882,true,true,true,3.3577,0,0,0,94,0,true,0,true,0,true
S0,false,29,M1_distance,true,,7,5.5354,3.719,1.549;2.194;3.719;6.584;20.754,true,true,true,5.5354,0,0,0,143,0,true,0,true,0,true
S0,false,29,M2_proposed,true,,7,5.5354,4.051,3.444;3.793;4.051;4.612;5.783,true,true,true,5.5354,0,0,0,143,0,true,0,true,0,true
S0,false,29,M3_an2025,true,,7,3459.6058,4.383,3.471;3.587;4.383;5.207;5.401,true,true,true,5.5354,0,0,0,143,0,true,0,true,0,true
S0,false,30,M1_distance,true,,3,2.6793,1.15,0.782;0.861;1.150;1.703;1.781,true,true,true,2.6793,0,0,0,63,0,true,0,true,0,true
S0,false,30,M2_proposed,true,,3,2.6793,2.388,1.948;2.103;2.388;2.659;2.891,true,true,true,2.6793,0,0,0,63,0,true,0,true,0,true
S0,false,30,M3_an2025,true,,3,1674.5785,3.738,2.047;2.513;3.738;4.028;5.089,true,true,true,2.6793,0,0,0,63,0,true,0,true,0,true
S0,false,31,M1_distance,true,,7,3.5175,1.047,0.783;0.809;1.047;1.604;1.879,true,true,true,3.5175,0,0,0,76,0,true,0,true,0,true
S0,false,31,M2_proposed,true,,7,3.5175,1.54,1.417;1.489;1.540;2.104;2.772,true,true,true,3.5175,0,0,0,76,0,true,0,true,0,true
S0,false,31,M3_an2025,true,,7,2198.4552,3.43,2.987;3.014;3.430;3.956;4.128,true,true,true,3.5175,0,0,0,76,0,true,0,true,0,true
S0,false,32,M1_distance,true,,3,1.5916,0.274,0.261;0.270;0.274;0.382;0.478,true,true,true,1.5916,0,0,0,36,0,true,0,true,0,true
S0,false,32,M2_proposed,true,,3,1.5916,0.598,0.505;0.521;0.598;0.675;0.787,true,true,true,1.5916,0,0,0,36,0,true,0,true,0,true
S0,false,32,M3_an2025,true,,3,994.7242,0.603,0.456;0.518;0.603;0.705;1.072,true,true,true,1.5916,0,0,0,36,0,true,0,true,0,true
S0,false,33,M1_distance,true,,7,2.2529,1.459,0.757;1.006;1.459;5.310;17.538,true,true,true,2.2529,0,0,0,64,0,true,0,true,0,true
S0,false,33,M2_proposed,true,,7,2.2529,0.973,0.808;0.954;0.973;1.217;1.834,true,true,true,2.2529,0,0,0,64,0,true,0,true,0,true
S0,false,33,M3_an2025,true,,7,1408.0782,1.758,1.171;1.496;1.758;1.845;1.885,true,true,true,2.2529,0,0,0,64,0,true,0,true,0,true
S0,false,34,M1_distance,true,,7,1.9227,0.584,0.474;0.545;0.584;0.612;0.799,true,true,true,1.9227,0,0,0,61,0,true,0,true,0,true
S0,false,34,M2_proposed,true,,7,1.9227,0.838,0.754;0.785;0.838;1.174;1.604,true,true,true,1.9227,0,0,0,61,0,true,0,true,0,true
S0,false,34,M3_an2025,true,,7,1201.6608,0.867,0.680;0.784;0.867;1.210;1.627,true,true,true,1.9227,0,0,0,61,0,true,0,true,0,true
S0,false,35,M1_distance,true,,7,3.6916,0.654,0.533;0.562;0.654;0.673;0.674,true,true,true,3.6916,0,0,0,130,0,true,0,true,0,true
S0,false,35,M2_proposed,true,,7,3.6916,1.461,1.015;1.229;1.461;1.915;2.919,true,true,true,3.6916,0,0,0,130,0,true,0,true,0,true
S0,false,35,M3_an2025,true,,7,2307.273,2.195,1.046;1.459;2.195;3.341;22.623,true,true,true,3.6916,0,0,0,130,0,true,0,true,0,true
S0,false,36,M1_distance,true,,7,4.5516,0.708,0.650;0.663;0.708;0.852;0.945,true,true,true,4.5516,0,0,0,97,0,true,0,true,0,true
S0,false,36,M2_proposed,true,,7,4.5516,2.015,1.293;1.695;2.015;2.263;3.026,true,true,true,4.5516,0,0,0,97,0,true,0,true,0,true
S0,false,36,M3_an2025,true,,7,2844.7278,2.828,1.302;1.764;2.828;3.287;4.162,true,true,true,4.5516,0,0,0,97,0,true,0,true,0,true
S0,false,37,M1_distance,true,,7,3.7026,0.513,0.456;0.458;0.513;0.521;0.548,true,true,true,3.7026,0,0,0,105,0,true,0,true,0,true
S0,false,37,M2_proposed,true,,7,3.7026,1.123,1.060;1.064;1.123;1.159;1.901,true,true,true,3.7026,0,0,0,105,0,true,0,true,0,true
S0,false,37,M3_an2025,true,,7,2314.1083,1.051,0.965;0.990;1.051;1.867;2.523,true,true,true,3.7026,0,0,0,105,0,true,0,true,0,true
S0,false,38,M1_distance,true,,7,4.8669,2.777,1.478;1.777;2.777;3.181;19.194,true,true,true,4.8669,0,0,0,156,0,true,0,true,0,true
S0,false,38,M2_proposed,true,,7,4.8669,4.348,3.099;3.562;4.348;4.990;5.449,true,true,true,4.8669,0,0,0,156,0,true,0,true,0,true
S0,false,38,M3_an2025,true,,7,3041.8264,4.245,3.234;4.115;4.245;5.013;6.154,true,true,true,4.8669,0,0,0,156,0,true,0,true,0,true
S0,false,39,M1_distance,true,,3,3.8945,0.588,0.445;0.462;0.588;0.716;0.923,true,true,true,3.8945,0,0,0,101,0,true,0,true,0,true
S0,false,39,M2_proposed,true,,3,3.8945,1.703,1.277;1.471;1.703;1.996;2.805,true,true,true,3.8945,0,0,0,101,0,true,0,true,0,true
S0,false,39,M3_an2025,true,,3,2434.072,1.589,0.878;1.014;1.589;2.191;2.378,true,true,true,3.8945,0,0,0,101,0,true,0,true,0,true
S0,false,40,M1_distance,true,,3,4.2719,0.939,0.893;0.937;0.939;1.204;1.851,true,true,true,4.2719,0,0,0,97,0,true,0,true,0,true
S0,false,40,M2_proposed,true,,3,4.2719,4.354,3.001;3.539;4.354;5.112;30.708,true,true,true,4.2719,0,0,0,97,0,true,0,true,0,true
S0,false,40,M3_an2025,true,,3,2669.9527,2.453,2.359;2.439;2.453;3.426;4.912,true,true,true,4.2719,0,0,0,97,0,true,0,true,0,true
S1,false,1,M1_distance,true,,9,3.5648,0.313,0.269;0.292;0.313;0.443;0.547,true,true,true,3.5648,0,0,0,146,0,true,0,true,0,true
S1,false,1,M2_proposed,true,,9,3.5648,0.436,0.408;0.427;0.436;0.577;0.722,true,true,true,3.5648,0,0,0,146,0,true,0,true,0,true
S1,false,1,M3_an2025,true,,9,2228.011,0.782,0.610;0.691;0.782;1.099;1.537,true,true,true,3.5648,0,0,0,146,0,true,0,true,0,true
S1,false,2,M1_distance,true,,4,4.4419,0.995,0.867;0.905;0.995;1.378;1.646,true,true,true,4.4419,0,0,0,137,0,true,0,true,0,true
S1,false,2,M2_proposed,true,,4,4.4419,4.293,3.193;4.029;4.293;5.515;28.832,true,true,true,4.4419,0,0,0,137,0,true,0,true,0,true
S1,false,2,M3_an2025,true,,4,2776.1665,1.97,1.764;1.919;1.970;2.845;3.609,true,true,true,4.4419,0,0,0,137,0,true,0,true,0,true
S1,false,3,M1_distance,true,,9,2.6507,0.428,0.404;0.414;0.428;0.443;0.572,true,true,true,2.6507,0,0,0,96,0,true,0,true,0,true
S1,false,3,M2_proposed,true,,9,2.6507,0.554,0.454;0.503;0.554;0.719;1.289,true,true,true,2.6507,0,0,0,96,0,true,0,true,0,true
S1,false,3,M3_an2025,true,,9,1656.6641,0.855,0.736;0.758;0.855;1.381;1.752,true,true,true,2.6507,0,0,0,96,0,true,0,true,0,true
S1,false,4,M1_distance,true,,4,4.3464,1.304,0.828;0.901;1.304;1.690;2.260,true,true,true,4.3464,0,0,0,137,0,true,0,true,0,true
S1,false,4,M2_proposed,true,,4,4.3464,4.005,3.273;3.620;4.005;4.612;5.129,true,true,true,4.3464,0,0,0,137,0,true,0,true,0,true
S1,false,4,M3_an2025,true,,4,2716.4774,2.652,1.730;1.889;2.652;3.523;22.494,true,true,true,4.3464,0,0,0,137,0,true,0,true,0,true
S1,false,5,M1_distance,true,,4,4.4419,0.757,0.734;0.750;0.757;1.008;1.592,true,true,true,4.4419,97.017,0.3,488.7,161,0,true,9,false,0,true
S1,false,5,M2_proposed,true,,4,4.8013,2.521,1.719;1.828;2.521;2.849;5.495,true,true,true,4.8013,0,0,0,165,0,true,0,true,0,true
S1,false,5,M3_an2025,true,,4,3000.7968,3.911,3.147;3.736;3.911;4.066;4.840,true,true,true,4.8013,0,0,0,165,0,true,0,true,0,true
S1,false,6,M1_distance,true,,4,0.7045,0.161,0.147;0.158;0.161;0.196;0.220,true,true,true,0.7045,0,0,0,21,0,true,0,true,0,true
S1,false,6,M2_proposed,true,,4,0.7045,0.163,0.135;0.155;0.163;0.173;0.185,true,true,true,0.7045,0,0,0,21,0,true,0,true,0,true
S1,false,6,M3_an2025,true,,4,440.3096,0.173,0.159;0.159;0.173;0.180;0.182,true,true,true,0.7045,0,0,0,21,0,true,0,true,0,true
S1,false,7,M1_distance,true,,8,2.4584,0.627,0.507;0.523;0.627;1.118;1.352,true,true,true,2.4584,186.917,0.3,838.2,57,0,true,14,false,0,true
S1,false,7,M2_proposed,true,,8,2.9041,2.107,1.763;2.005;2.107;3.371;30.327,true,true,true,2.9041,0,0,0,100,0,true,0,true,0,true
S1,false,7,M3_an2025,true,,8,1815.06,2.122,1.637;1.815;2.122;2.513;3.863,true,true,true,2.9041,0,0,0,100,0,true,0,true,0,true
S1,false,8,M1_distance,true,,4,2.2256,0.826,0.585;0.602;0.826;0.828;0.921,true,true,true,2.2256,88.812,0.3,406.6,73,0,true,9,false,0,true
S1,false,8,M2_proposed,true,,4,2.8047,1.91,1.205;1.270;1.910;2.726;4.009,true,true,true,2.5061,23.622,0.1,236.2,77,0,true,0,true,0,true
S1,false,8,M3_an2025,true,,4,1636.91,1.329,1.252;1.276;1.329;2.461;3.514,true,true,true,2.5061,23.622,0.1,236.2,77,0,true,0,true,0,true
S1,false,9,M1_distance,true,,8,2.2269,0.542,0.478;0.479;0.542;0.743;0.796,true,true,true,2.2269,0,0,0,72,0,true,0,true,0,true
S1,false,9,M2_proposed,true,,8,2.2269,1.302,1.114;1.205;1.302;1.353;1.686,true,true,true,2.2269,0,0,0,72,0,true,0,true,0,true
S1,false,9,M3_an2025,true,,8,1391.816,1.815,1.476;1.632;1.815;2.040;32.159,true,true,true,2.2269,0,0,0,72,0,true,0,true,0,true
S1,false,10,M1_distance,true,,9,0.7573,0.257,0.233;0.251;0.257;0.449;1.649,true,true,true,0.7573,0,0,0,21,0,true,0,true,0,true
S1,false,10,M2_proposed,true,,9,0.7573,0.238,0.205;0.208;0.238;0.244;0.288,true,true,true,0.7573,0,0,0,21,0,true,0,true,0,true
S1,false,10,M3_an2025,true,,9,473.2871,0.22,0.205;0.217;0.220;0.224;0.233,true,true,true,0.7573,0,0,0,21,0,true,0,true,0,true
S1,false,11,M1_distance,true,,4,5.077,1.036,0.556;0.666;1.036;1.257;1.949,true,true,true,5.077,88.812,0.3,406.6,158,0,true,9,false,0,true
S1,false,11,M2_proposed,true,,4,5.6561,1.299,1.183;1.223;1.299;1.940;2.462,true,true,true,5.3575,23.622,0.1,236.2,162,0,true,0,true,0,true
S1,false,11,M3_an2025,true,,4,3419.011,1.274,1.157;1.213;1.274;2.162;2.829,true,true,true,5.3575,23.622,0.1,236.2,162,0,true,0,true,0,true
S1,false,12,M1_distance,true,,8,4.8102,1.354,0.929;0.983;1.354;1.599;30.134,true,true,true,4.8102,182.552,0.3,819.7,132,0,true,15,false,0,true
S1,false,12,M2_proposed,true,,8,5.5508,4.549,4.070;4.212;4.549;5.801;7.064,true,true,true,5.417,10.756,0.1,107.6,167,0,true,0,true,0,true
S1,false,12,M3_an2025,true,,8,3417.2463,4.099,2.975;3.237;4.099;5.146;5.174,true,true,true,5.417,10.756,0.1,107.6,167,0,true,0,true,0,true
S1,false,13,M1_distance,true,,4,5.3483,1.093,0.837;0.837;1.093;1.141;1.432,true,true,true,5.3483,23.622,0.1,236.2,175,0,true,0,true,0,true
S1,false,13,M2_proposed,true,,4,5.5532,3.399,2.834;3.276;3.399;3.540;4.154,true,true,true,5.5532,0,0,0,142,0,true,0,true,0,true
S1,false,13,M3_an2025,true,,4,3413.2821,3.594,2.632;3.070;3.594;3.981;6.498,true,true,true,5.3483,23.622,0.1,236.2,175,0,true,0,true,0,true
S1,false,14,M1_distance,true,,4,2.2619,0.443,0.429;0.435;0.443;0.517;0.602,true,true,true,2.2619,0,0,0,48,0,true,0,true,0,true
S1,false,14,M2_proposed,true,,4,2.2619,0.858,0.768;0.784;0.858;1.022;1.142,true,true,true,2.2619,0,0,0,48,0,true,0,true,0,true
S1,false,14,M3_an2025,true,,4,1413.6658,1.157,0.948;1.062;1.157;1.498;2.076,true,true,true,2.2619,0,0,0,48,0,true,0,true,0,true
S1,false,15,M1_distance,true,,4,3.7294,1.9,1.846;1.876;1.900;2.961;2.979,true,true,true,3.7294,23.622,0.1,236.2,120,0,true,0,true,0,true
S1,false,15,M2_proposed,true,,4,3.9342,5.197,4.502;5.167;5.197;5.360;5.569,true,true,true,3.9342,0,0,0,87,0,true,0,true,0,true
S1,false,15,M3_an2025,true,,4,2401.4172,5.148,4.780;4.874;5.148;5.727;6.267,true,true,true,3.7294,23.622,0.1,236.2,120,0,true,0,true,0,true
S1,false,16,M1_distance,true,,8,1.4535,0.735,0.541;0.627;0.735;5.325;17.918,true,true,true,1.4535,0,0,0,40,0,true,0,true,0,true
S1,false,16,M2_proposed,true,,8,1.4535,1.209,0.687;0.834;1.209;1.830;2.430,true,true,true,1.4535,0,0,0,40,0,true,0,true,0,true
S1,false,16,M3_an2025,true,,8,908.45,1.553,0.920;1.314;1.553;1.770;2.422,true,true,true,1.4535,0,0,0,40,0,true,0,true,0,true
S1,false,17,M1_distance,true,,8,4.4279,1.617,1.413;1.601;1.617;1.876;2.165,true,true,true,4.4279,182.552,0.3,819.7,112,0,true,15,false,0,true
S1,false,17,M2_proposed,true,,5,4.44,7.913,6.636;7.589;7.913;7.954;8.578,true,true,true,4.44,0,0,0,112,0,true,0,true,0,true
S1,false,17,M3_an2025,true,,5,2775.0261,7.072,6.162;6.386;7.072;8.076;8.401,true,true,true,4.44,0,0,0,112,0,true,0,true,0,true
S1,false,18,M1_distance,true,,8,2.343,1.325,0.889;0.939;1.325;1.344;2.009,true,true,true,2.343,10.756,0.1,107.6,62,0,true,0,true,0,true
S1,false,18,M2_proposed,true,,8,2.4767,5.394,3.761;4.646;5.394;9.551;21.005,true,true,true,2.343,10.756,0.1,107.6,62,0,true,0,true,0,true
S1,false,18,M3_an2025,true,,8,1495.951,3.12,1.345;2.085;3.120;3.651;3.733,true,true,true,2.343,10.756,0.1,107.6,62,0,true,0,true,0,true
S1,false,19,M1_distance,true,,8,2.0721,0.593,0.538;0.575;0.593;0.800;0.902,true,true,true,2.0721,0,0,0,56,0,true,0,true,0,true
S1,false,19,M2_proposed,true,,8,2.0721,2.005,1.163;1.698;2.005;2.029;3.064,true,true,true,2.0721,0,0,0,56,0,true,0,true,0,true
S1,false,19,M3_an2025,true,,8,1295.0529,1.888,1.082;1.192;1.888;2.873;3.899,true,true,true,2.0721,0,0,0,56,0,true,0,true,0,true
S1,false,20,M1_distance,true,,7,8.4103,1.663,1.214;1.319;1.663;2.028;2.639,true,true,true,8.4103,172.512,0.3,784.5,195,0,true,22,false,0,true
S1,false,20,M2_proposed,true,,7,8.5508,4.575,3.924;4.315;4.575;5.751;7.173,true,true,true,8.5508,0,0,0,185,0,true,0,true,0,true
S1,false,20,M3_an2025,true,,7,5344.2388,6.293,5.427;5.873;6.293;6.437;7.853,true,true,true,8.5508,0,0,0,185,0,true,0,true,0,true
S1,false,21,M1_distance,true,,7,1.5022,0.575,0.499;0.520;0.575;0.682;1.081,true,true,true,1.5022,0,0,0,29,0,true,0,true,0,true
S1,false,21,M2_proposed,true,,7,1.5022,1.056,0.806;0.981;1.056;1.444;2.021,true,true,true,1.5022,0,0,0,29,0,true,0,true,0,true
S1,false,21,M3_an2025,true,,7,938.8819,0.901,0.613;0.767;0.901;1.231;1.631,true,true,true,1.5022,0,0,0,29,0,true,0,true,0,true
S1,false,22,M1_distance,true,,7,2.2373,0.72,0.404;0.539;0.720;0.757;0.916,true,true,true,2.2373,0,0,0,53,0,true,0,true,0,true
S1,false,22,M2_proposed,true,,7,2.2373,0.697,0.625;0.643;0.697;1.073;1.272,true,true,true,2.2373,0,0,0,53,0,true,0,true,0,true
S1,false,22,M3_an2025,true,,7,1398.3248,1.162,0.866;0.956;1.162;1.563;1.768,true,true,true,2.2373,0,0,0,53,0,true,0,true,0,true
S1,false,23,M1_distance,true,,7,5.7136,2.071,1.307;1.531;2.071;2.152;27.799,true,true,true,5.7136,172.512,0.3,784.5,153,0,true,22,false,0,true
S1,false,23,M2_proposed,true,,7,5.8541,5.54,4.073;4.459;5.540;6.719;6.895,true,true,true,5.8541,0,0,0,143,0,true,0,true,0,true
S1,false,23,M3_an2025,true,,7,3658.8301,5.987,4.600;5.516;5.987;6.754;8.467,true,true,true,5.8541,0,0,0,143,0,true,0,true,0,true
S1,false,24,M1_distance,true,,7,3.7965,0.971,0.842;0.894;0.971;1.321;1.788,true,true,true,3.7965,172.512,0.3,784.5,115,0,true,22,false,0,true
S1,false,24,M2_proposed,true,,7,4.4108,6.832,5.063;6.089;6.832;7.151;7.466,true,true,true,4.4108,0,0,0,138,0,true,0,true,0,true
S1,false,24,M3_an2025,true,,7,2756.7326,5.416,5.067;5.214;5.416;5.695;8.472,true,true,true,4.4108,0,0,0,138,0,true,0,true,0,true
S1,false,25,M1_distance,true,,5,2.019,1.377,1.173;1.293;1.377;1.456;1.709,true,true,true,2.019,0,0,0,67,0,true,0,true,0,true
S1,false,25,M2_proposed,true,,5,2.019,5.321,3.934;4.187;5.321;5.724;5.742,true,true,true,2.019,0,0,0,67,0,true,0,true,0,true
S1,false,25,M3_an2025,true,,5,1261.8741,3.202,2.603;3.036;3.202;3.802;3.828,true,true,true,2.019,0,0,0,67,0,true,0,true,0,true
S1,false,26,M1_distance,true,,5,1.0687,0.256,0.205;0.218;0.256;0.260;0.264,true,true,true,1.0687,0,0,0,33,0,true,0,true,0,true
S1,false,26,M2_proposed,true,,5,1.0687,0.316,0.296;0.312;0.316;0.370;0.427,true,true,true,1.0687,0,0,0,33,0,true,0,true,0,true
S1,false,26,M3_an2025,true,,5,667.9141,0.768,0.428;0.554;0.768;1.060;6.247,true,true,true,1.0687,0,0,0,33,0,true,0,true,0,true
S1,false,27,M1_distance,true,,3,2.187,0.715,0.544;0.623;0.715;0.758;18.900,true,true,true,2.187,103.639,0.3,495.3,54,0,true,10,false,0,true
S1,false,27,M2_proposed,true,,5,2.8807,1.526,1.323;1.517;1.526;2.233;2.641,true,true,true,2.8807,0,0,0,92,0,true,0,true,0,true
S1,false,27,M3_an2025,true,,3,1699.8268,1.859,0.871;1.326;1.859;1.960;2.776,true,true,true,2.2093,99.218,0.3,451.1,63,0,true,10,false,0,true
S1,false,28,M1_distance,true,,7,3.3577,1.458,1.401;1.420;1.458;2.081;2.761,true,true,true,3.3577,83.841,0.3,393.6,94,0,true,11,false,0,true
S1,false,28,M2_proposed,true,,7,3.6245,8.187,6.596;7.059;8.187;8.242;9.521,true,true,true,3.6245,0,0,0,97,0,true,0,true,0,true
S1,false,28,M3_an2025,true,,7,2265.2882,8.272,7.172;7.325;8.272;9.780;31.854,true,true,true,3.6245,0,0,0,97,0,true,0,true,0,true
S1,false,29,M1_distance,true,,7,5.5354,2.231,1.298;1.600;2.231;2.717;2.981,true,true,true,5.5354,176.416,0.3,797.8,143,0,true,17,false,0,true
S1,false,29,M2_proposed,true,,7,6.0363,6.764,6.564;6.585;6.764;7.572;8.867,true,true,true,6.0363,0,0,0,179,0,true,0,true,0,true
S1,false,29,M3_an2025,true,,7,3772.7003,6.218,5.283;6.089;6.218;6.682;7.966,true,true,true,6.0363,0,0,0,179,0,true,0,true,0,true
S1,false,30,M1_distance,true,,3,2.6793,1.077,0.883;0.941;1.077;1.476;1.884,true,true,true,2.6793,88.102,0.3,384.7,63,0,true,9,false,0,true
S1,false,30,M2_proposed,true,,5,3.5991,6.063,5.638;5.760;6.063;8.039;8.479,true,true,true,3.5991,0,0,0,112,0,true,0,true,0,true
S1,false,30,M3_an2025,true,,3,1981.3914,5.578,4.557;5.420;5.578;5.751;7.276,true,true,true,2.6793,88.102,0.3,384.7,63,0,true,9,false,0,true
S1,false,31,M1_distance,true,,7,3.5175,1.193,0.732;0.980;1.193;1.297;1.418,true,true,true,3.5175,176.416,0.3,797.8,76,0,true,17,false,0,true
S1,false,31,M2_proposed,true,,7,4.0185,2.6,1.820;1.881;2.600;3.248;3.921,true,true,true,4.0185,0,0,0,112,0,true,0,true,0,true
S1,false,31,M3_an2025,true,,7,2511.5496,3.503,1.781;2.314;3.503;3.887;4.680,true,true,true,4.0185,0,0,0,112,0,true,0,true,0,true
S1,false,32,M1_distance,true,,3,1.5916,0.26,0.244;0.251;0.260;0.332;0.408,true,true,true,1.5916,98.587,0.3,430.1,36,0,true,9,false,0,true
S1,false,32,M2_proposed,true,,5,4.5892,5.423,5.261;5.311;5.423;5.613;29.647,true,true,true,4.5892,0,0,0,122,0,true,0,true,0,true
S1,false,32,M3_an2025,true,,3,1335.2337,0.859,0.683;0.753;0.859;1.295;1.694,true,true,true,1.5916,98.587,0.3,430.1,36,0,true,9,false,0,true
S1,false,33,M1_distance,true,,7,2.2529,0.522,0.498;0.500;0.522;0.658;0.748,true,true,true,2.2529,86.272,0.3,393,64,0,true,11,false,0,true
S1,false,33,M2_proposed,true,,7,2.3876,1.256,0.876;1.219;1.256;1.464;2.321,true,true,true,2.3876,0,0,0,73,0,true,0,true,0,true
S1,false,33,M3_an2025,true,,7,1492.2335,0.876,0.708;0.798;0.876;1.476;2.178,true,true,true,2.3876,0,0,0,73,0,true,0,true,0,true
S1,false,34,M1_distance,true,,7,1.9227,0.491,0.440;0.448;0.491;0.496;0.547,true,true,true,1.9227,83.841,0.3,393.6,61,0,true,11,false,0,true
S1,false,34,M2_proposed,true,,7,2.2871,1.199,0.924;0.982;1.199;1.954;2.786,true,true,true,2.2871,0,0,0,64,0,true,0,true,0,true
S1,false,34,M3_an2025,true,,7,1429.4643,2.328,1.024;1.723;2.328;4.425;23.926,true,true,true,2.2871,0,0,0,64,0,true,0,true,0,true
S1,false,35,M1_distance,true,,7,3.6916,0.591,0.511;0.537;0.591;0.731;0.950,true,true,true,3.6916,0,0,0,130,0,true,0,true,0,true
S1,false,35,M2_proposed,true,,7,3.6916,1.023,0.930;0.939;1.023;1.395;1.573,true,true,true,3.6916,0,0,0,130,0,true,0,true,0,true
S1,false,35,M3_an2025,true,,7,2307.273,2.126,1.723;1.831;2.126;2.676;3.416,true,true,true,3.6916,0,0,0,130,0,true,0,true,0,true
S1,false,36,M1_distance,true,,7,4.5516,1.117,0.710;0.830;1.117;1.415;2.413,true,true,true,4.5516,176.416,0.3,797.8,97,0,true,17,false,0,true
S1,false,36,M2_proposed,true,,7,4.9758,2.983,2.904;2.914;2.983;3.208;4.822,true,true,true,4.9758,0,0,0,130,0,true,0,true,0,true
S1,false,36,M3_an2025,true,,7,3109.8486,1.742,1.550;1.624;1.742;2.667;3.462,true,true,true,4.9758,0,0,0,130,0,true,0,true,0,true
S1,false,37,M1_distance,true,,7,3.7026,0.793,0.528;0.689;0.793;0.806;1.075,true,true,true,3.7026,86.272,0.3,393,105,0,true,11,false,0,true
S1,false,37,M2_proposed,true,,7,3.8372,2.423,1.025;1.497;2.423;2.813;30.526,true,true,true,3.8372,0,0,0,114,0,true,0,true,0,true
S1,false,37,M3_an2025,true,,7,2398.2636,2.494,1.134;1.778;2.494;2.672;2.722,true,true,true,3.8372,0,0,0,114,0,true,0,true,0,true
S1,false,38,M1_distance,true,,7,4.8669,1.427,1.050;1.092;1.427;1.440;1.841,true,true,true,4.8669,83.841,0.3,393.6,156,0,true,11,false,0,true
S1,false,38,M2_proposed,true,,7,5.2587,5.516,4.819;5.341;5.516;6.173;7.201,true,true,true,5.2587,0,0,0,160,0,true,0,true,0,true
S1,false,38,M3_an2025,true,,7,3281.9271,5.049,4.965;5.013;5.049;6.125;7.071,true,true,true,4.8669,83.841,0.3,393.6,156,0,true,11,false,0,true
S1,false,39,M1_distance,true,,3,3.8945,0.766,0.460;0.482;0.766;2.275;3.420,true,true,true,3.8945,98.587,0.3,430.1,101,0,true,9,false,0,true
S1,false,39,M2_proposed,true,,5,6.797,5.882,5.071;5.725;5.882;7.156;7.382,true,true,true,6.797,0,0,0,219,0,true,0,true,0,true
S1,false,39,M3_an2025,true,,3,2774.5815,2.942,1.301;2.311;2.942;3.017;3.184,true,true,true,3.8945,98.587,0.3,430.1,101,0,true,9,false,0,true
S1,false,40,M1_distance,true,,3,4.2719,1.171,0.827;1.101;1.171;1.224;1.227,true,true,true,4.2719,88.102,0.3,384.7,97,0,true,9,false,0,true
S1,false,40,M2_proposed,true,,5,5.3931,6.098,4.877;5.997;6.098;6.457;7.274,true,true,true,5.3931,0,0,0,129,0,true,0,true,0,true
S1,false,40,M3_an2025,true,,3,2976.7655,7.069,4.517;5.825;7.069;7.332;7.683,true,true,true,4.2719,88.102,0.3,384.7,97,0,true,9,false,0,true
S2,false,1,M1_distance,true,,9,3.5648,1.011,0.427;0.505;1.011;1.027;1.541,true,true,true,3.5648,0,0,0,146,0,true,0,true,0,true
S2,false,1,M2_proposed,true,,9,3.5648,0.542,0.482;0.485;0.542;0.710;0.874,true,true,true,3.5648,0,0,0,146,0,true,0,true,0,true
S2,false,1,M3_an2025,true,,9,2228.011,0.811,0.662;0.713;0.811;1.063;1.647,true,true,true,3.5648,0,0,0,146,0,true,0,true,0,true
S2,false,2,M1_distance,true,,4,4.4419,1.026,0.892;0.910;1.026;1.500;2.344,true,true,true,4.4419,0,0,0,137,0,true,0,true,0,true
S2,false,2,M2_proposed,true,,4,4.4419,3.462,2.991;3.432;3.462;3.855;4.673,true,true,true,4.4419,0,0,0,137,0,true,0,true,0,true
S2,false,2,M3_an2025,true,,4,2776.1665,3.433,2.477;2.920;3.433;4.351;7.222,true,true,true,4.4419,0,0,0,137,0,true,0,true,0,true
S2,false,3,M1_distance,true,,9,2.6507,1.945,1.314;1.390;1.945;2.722;3.350,true,true,true,2.6507,0,0,0,96,0,true,0,true,0,true
S2,false,3,M2_proposed,true,,9,2.6507,1.441,0.734;0.918;1.441;1.959;2.373,true,true,true,2.6507,0,0,0,96,0,true,0,true,0,true
S2,false,3,M3_an2025,true,,9,1656.6641,0.688,0.554;0.554;0.688;0.973;1.218,true,true,true,2.6507,0,0,0,96,0,true,0,true,0,true
S2,false,4,M1_distance,true,,4,4.3464,1.705,1.395;1.558;1.705;1.829;1.876,true,true,true,4.3464,0,0,0,137,0,true,0,true,0,true
S2,false,4,M2_proposed,true,,4,4.3464,3.57,3.287;3.497;3.570;3.662;4.495,true,true,true,4.3464,0,0,0,137,0,true,0,true,0,true
S2,false,4,M3_an2025,true,,4,2716.4774,2.397,1.631;1.886;2.397;3.408;4.743,true,true,true,4.3464,0,0,0,137,0,true,0,true,0,true
S2,false,5,M1_distance,true,,4,4.4419,1.09,0.818;0.914;1.090;1.648;32.083,true,true,true,4.4419,218.827,0.6,488.7,161,9,false,19,false,0,true
S2,false,5,M2_proposed,true,,4,4.8013,3.257,1.976;2.598;3.257;3.711;5.101,true,true,true,4.8013,0,0,0,165,0,true,0,true,0,true
S2,false,5,M3_an2025,true,,4,3000.7968,3.764,1.988;2.883;3.764;4.306;5.505,true,true,true,4.8013,0,0,0,165,0,true,0,true,0,true
S2,false,6,M1_distance,true,,4,0.7045,0.192,0.152;0.170;0.192;0.206;0.311,true,true,true,0.7045,0,0,0,21,0,true,0,true,0,true
S2,false,6,M2_proposed,true,,4,0.7045,0.165,0.152;0.163;0.165;0.177;0.215,true,true,true,0.7045,0,0,0,21,0,true,0,true,0,true
S2,false,6,M3_an2025,true,,4,440.3096,0.176,0.172;0.172;0.176;0.187;0.220,true,true,true,0.7045,0,0,0,21,0,true,0,true,0,true
S2,false,7,M1_distance,true,,8,2.4584,0.472,0.432;0.439;0.472;0.694;0.869,true,true,true,2.4584,406.099,0.6,838.2,57,14,false,19,false,0,true
S2,false,7,M2_proposed,true,,8,2.9041,0.99,0.917;0.972;0.990;1.481;1.724,true,true,true,2.9041,0,0,0,100,0,true,0,true,0,true
S2,false,7,M3_an2025,true,,8,1815.06,1.755,1.022;1.035;1.755;2.371;3.599,true,true,true,2.9041,0,0,0,100,0,true,0,true,0,true
S2,false,8,M1_distance,true,,4,2.2256,0.635,0.524;0.552;0.635;0.828;0.961,true,true,true,2.2256,194.212,0.6,406.6,73,9,false,15,false,0,true
S2,false,8,M2_proposed,true,,4,3.2259,2.787,1.644;2.217;2.787;3.401;4.751,true,true,true,3.2259,0,0,0,82,0,true,0,true,0,true
S2,false,8,M3_an2025,true,,4,1711.2006,1.838,1.307;1.318;1.838;2.893;3.680,true,true,true,2.2256,194.212,0.6,406.6,73,9,false,15,false,0,true
S2,false,9,M1_distance,true,,8,2.2269,0.522,0.449;0.455;0.522;0.691;0.766,true,true,true,2.2269,0,0,0,72,0,true,0,true,0,true
S2,false,9,M2_proposed,true,,8,2.2269,1.311,0.820;1.154;1.311;1.351;1.495,true,true,true,2.2269,0,0,0,72,0,true,0,true,0,true
S2,false,9,M3_an2025,true,,8,1391.816,1.783,0.949;1.708;1.783;2.000;2.345,true,true,true,2.2269,0,0,0,72,0,true,0,true,0,true
S2,false,10,M1_distance,true,,9,0.7573,0.277,0.189;0.243;0.277;0.290;7.307,true,true,true,0.7573,0,0,0,21,0,true,0,true,0,true
S2,false,10,M2_proposed,true,,9,0.7573,0.479,0.282;0.397;0.479;0.711;15.134,true,true,true,0.7573,0,0,0,21,0,true,0,true,0,true
S2,false,10,M3_an2025,true,,9,473.2871,0.297,0.276;0.290;0.297;0.323;0.392,true,true,true,0.7573,0,0,0,21,0,true,0,true,0,true
S2,false,11,M1_distance,true,,4,5.077,2.232,1.587;1.912;2.232;2.377;3.391,true,true,true,5.077,194.212,0.6,406.6,158,9,false,15,false,0,true
S2,false,11,M2_proposed,true,,4,6.0772,2.817,2.141;2.225;2.817;3.660;4.362,true,true,true,6.0772,0,0,0,167,0,true,0,true,0,true
S2,false,11,M3_an2025,true,,4,3493.3015,1.474,1.171;1.188;1.474;2.325;3.262,true,true,true,5.077,194.212,0.6,406.6,158,9,false,15,false,0,true
S2,false,12,M1_distance,true,,8,4.8102,1.687,1.290;1.524;1.687;1.843;1.985,true,true,true,4.8102,396.788,0.6,819.7,132,15,false,21,false,0,true
S2,false,12,M2_proposed,true,,8,5.6942,6.673,5.533;5.773;6.673;6.883;29.532,true,true,true,5.6942,0,0,0,177,0,true,0,true,0,true
S2,false,12,M3_an2025,true,,8,3487.7912,5.157,4.308;4.330;5.157;5.586;5.769,true,true,true,5.417,32.267,0.3,107.6,167,0,true,5,false,0,true
S2,false,13,M1_distance,true,,4,5.3483,1.383,1.195;1.226;1.383;1.411;1.751,true,true,true,5.3483,70.866,0.3,236.2,175,0,true,7,false,0,true
S2,false,13,M2_proposed,true,,4,5.5532,2.829,2.530;2.689;2.829;3.673;3.998,true,true,true,5.5532,0,0,0,142,0,true,0,true,0,true
S2,false,13,M3_an2025,true,,4,3470.7357,5.214,4.139;5.185;5.214;5.264;6.246,true,true,true,5.5532,0,0,0,142,0,true,0,true,0,true
S2,false,14,M1_distance,true,,4,2.2619,0.603,0.509;0.566;0.603;0.741;0.908,true,true,true,2.2619,0,0,0,48,0,true,0,true,0,true
S2,false,14,M2_proposed,true,,4,2.2619,1.282,0.988;1.078;1.282;1.393;1.581,true,true,true,2.2619,0,0,0,48,0,true,0,true,0,true
S2,false,14,M3_an2025,true,,4,1413.6658,1.349,0.948;1.006;1.349;1.756;2.870,true,true,true,2.2619,0,0,0,48,0,true,0,true,0,true
S2,false,15,M1_distance,true,,4,3.7294,0.963,0.839;0.842;0.963;1.485;2.057,true,true,true,3.7294,70.866,0.3,236.2,120,0,true,7,false,0,true
S2,false,15,M2_proposed,true,,4,3.9342,4.141,2.751;3.577;4.141;4.253;4.674,true,true,true,3.9342,0,0,0,87,0,true,0,true,0,true
S2,false,15,M3_an2025,true,,4,2458.8708,3.87,2.892;3.265;3.870;5.287;5.756,true,true,true,3.9342,0,0,0,87,0,true,0,true,0,true
S2,false,16,M1_distance,true,,8,1.4535,0.561,0.446;0.492;0.561;0.642;4.774,true,true,true,1.4535,0,0,0,40,0,true,0,true,0,true
S2,false,16,M2_proposed,true,,8,1.4535,1.958,1.255;1.441;1.958;2.008;17.072,true,true,true,1.4535,0,0,0,40,0,true,0,true,0,true
S2,false,16,M3_an2025,true,,8,908.45,0.729,0.642;0.661;0.729;1.268;2.258,true,true,true,1.4535,0,0,0,40,0,true,0,true,0,true
S2,false,17,M1_distance,true,,8,4.4279,1.208,1.111;1.180;1.208;1.602;1.944,true,true,true,4.4279,396.788,0.6,819.7,112,15,false,21,false,0,true
S2,false,17,M2_proposed,true,,5,4.44,5.287,3.992;4.720;5.287;5.444;6.249,true,true,true,4.44,0,0,0,112,0,true,0,true,0,true
S2,false,17,M3_an2025,true,,5,2775.0261,4.66,3.477;4.449;4.660;5.563;6.923,true,true,true,4.44,0,0,0,112,0,true,0,true,0,true
S2,false,18,M1_distance,true,,8,2.343,0.706,0.628;0.637;0.706;0.745;1.059,true,true,true,2.343,32.267,0.3,107.6,62,0,true,5,false,0,true
S2,false,18,M2_proposed,true,,8,2.5997,2.916,2.269;2.614;2.916;7.611;18.527,true,true,true,2.5997,0,0,0,73,0,true,0,true,0,true
S2,false,18,M3_an2025,true,,8,1566.4959,3.614,2.793;3.168;3.614;3.706;5.770,true,true,true,2.343,32.267,0.3,107.6,62,0,true,5,false,0,true
S2,false,19,M1_distance,true,,8,2.0721,0.958,0.660;0.757;0.958;1.141;1.273,true,true,true,2.0721,0,0,0,56,0,true,0,true,0,true
S2,false,19,M2_proposed,true,,8,2.0721,2.63,2.362;2.540;2.630;3.309;4.150,true,true,true,2.0721,0,0,0,56,0,true,0,true,0,true
S2,false,19,M3_an2025,true,,8,1295.0529,2.397,1.890;2.158;2.397;2.459;2.681,true,true,true,2.0721,0,0,0,56,0,true,0,true,0,true
S2,false,20,M1_distance,true,,7,8.4103,1.853,1.476;1.653;1.853;2.183;3.697,true,true,true,8.4103,376.447,0.6,784.5,195,22,false,27,false,0,true
S2,false,20,M2_proposed,true,,7,8.5508,6.438,5.882;5.939;6.438;6.840;7.689,true,true,true,8.5508,0,0,0,185,0,true,0,true,0,true
S2,false,20,M3_an2025,true,,7,5344.2388,5.603,4.669;5.431;5.603;6.396;7.109,true,true,true,8.5508,0,0,0,185,0,true,0,true,0,true
S2,false,21,M1_distance,true,,7,1.5022,0.604,0.514;0.517;0.604;0.655;1.005,true,true,true,1.5022,0,0,0,29,0,true,0,true,0,true
S2,false,21,M2_proposed,true,,7,1.5022,1.563,0.714;1.145;1.563;2.083;2.300,true,true,true,1.5022,0,0,0,29,0,true,0,true,0,true
S2,false,21,M3_an2025,true,,7,938.8819,0.871,0.772;0.805;0.871;1.315;1.695,true,true,true,1.5022,0,0,0,29,0,true,0,true,0,true
S2,false,22,M1_distance,true,,7,2.2373,0.462,0.406;0.436;0.462;0.562;0.647,true,true,true,2.2373,0,0,0,53,0,true,0,true,0,true
S2,false,22,M2_proposed,true,,7,2.2373,1.423,1.119;1.134;1.423;1.522;2.186,true,true,true,2.2373,0,0,0,53,0,true,0,true,0,true
S2,false,22,M3_an2025,true,,7,1398.3248,1.305,1.171;1.250;1.305;1.649;1.652,true,true,true,2.2373,0,0,0,53,0,true,0,true,0,true
S2,false,23,M1_distance,true,,7,5.7136,2.153,1.409;1.725;2.153;3.289;31.197,true,true,true,5.7136,376.447,0.6,784.5,153,22,false,27,false,0,true
S2,false,23,M2_proposed,true,,7,5.8541,6.152,4.641;5.290;6.152;7.444;7.800,true,true,true,5.8541,0,0,0,143,0,true,0,true,0,true
S2,false,23,M3_an2025,true,,7,3658.8301,5.349,3.670;4.473;5.349;5.758;5.955,true,true,true,5.8541,0,0,0,143,0,true,0,true,0,true
S2,false,24,M1_distance,true,,7,3.7965,1.309,0.819;0.885;1.309;1.626;1.829,true,true,true,3.7965,376.447,0.6,784.5,115,22,false,27,false,0,true
S2,false,24,M2_proposed,true,,7,4.4108,3.883,2.789;3.360;3.883;5.546;5.800,true,true,true,4.4108,0,0,0,138,0,true,0,true,0,true
S2,false,24,M3_an2025,true,,7,2756.7326,5.064,3.898;4.064;5.064;6.305;6.692,true,true,true,4.4108,0,0,0,138,0,true,0,true,0,true
S2,false,25,M1_distance,true,,5,2.019,1.067,0.799;0.816;1.067;1.302;1.615,true,true,true,2.019,0,0,0,67,0,true,0,true,0,true
S2,false,25,M2_proposed,true,,5,2.019,2.885,1.907;2.777;2.885;3.509;3.833,true,true,true,2.019,0,0,0,67,0,true,0,true,0,true
S2,false,25,M3_an2025,true,,5,1261.8741,3.062,2.154;2.842;3.062;3.965;3.966,true,true,true,2.019,0,0,0,67,0,true,0,true,0,true
S2,false,26,M1_distance,true,,5,1.0687,0.298,0.263;0.298;0.298;0.315;0.413,true,true,true,1.0687,0,0,0,33,0,true,0,true,0,true
S2,false,26,M2_proposed,true,,5,1.0687,0.501,0.433;0.479;0.501;0.544;0.565,true,true,true,1.0687,0,0,0,33,0,true,0,true,0,true
S2,false,26,M3_an2025,true,,5,667.9141,0.603,0.362;0.492;0.603;0.751;5.065,true,true,true,1.0687,0,0,0,33,0,true,0,true,0,true
S2,false,27,M1_distance,true,,3,2.187,0.53,0.412;0.475;0.530;0.750;17.233,true,true,true,2.187,229.756,0.6,495.3,54,10,false,15,false,0,true
S2,false,27,M2_proposed,true,,5,2.8807,1.717,1.591;1.593;1.717;1.843;1.935,true,true,true,2.8807,0,0,0,92,0,true,0,true,0,true
S2,false,27,M3_an2025,true,,3,1756.514,0.849,0.689;0.733;0.849;1.458;1.845,true,true,true,2.2093,216.495,0.6,451.1,63,10,false,16,false,0,true
S2,false,28,M1_distance,true,,7,3.3577,2.546,1.381;1.770;2.546;2.706;3.693,true,true,true,3.3577,184.804,0.6,393.6,94,11,false,18,false,0,true
S2,false,28,M2_proposed,true,,7,3.6245,8.366,7.039;8.228;8.366;9.962;11.665,true,true,true,3.6245,0,0,0,97,0,true,0,true,0,true
S2,false,28,M3_an2025,true,,7,2265.2882,7.335,5.577;5.816;7.335;8.525;29.040,true,true,true,3.6245,0,0,0,97,0,true,0,true,0,true
S2,false,29,M1_distance,true,,7,5.5354,2.483,2.031;2.420;2.483;3.130;5.371,true,true,true,5.5354,384.29,0.6,797.8,143,17,false,22,false,0,true
S2,false,29,M2_proposed,true,,7,6.0363,6.019,5.910;5.933;6.019;6.061;6.953,true,true,true,6.0363,0,0,0,179,0,true,0,true,0,true
S2,false,29,M3_an2025,true,,7,3772.7003,5.582,4.475;4.923;5.582;6.191;7.033,true,true,true,6.0363,0,0,0,179,0,true,0,true,0,true
S2,false,30,M1_distance,true,,3,2.6793,1.005,0.793;0.865;1.005;1.220;1.697,true,true,true,2.6793,189.864,0.6,384.7,63,9,false,11,false,0,true
S2,false,30,M2_proposed,true,,5,3.5991,6.102,5.292;5.858;6.102;6.562;6.835,true,true,true,3.5991,0,0,0,112,0,true,0,true,0,true
S2,false,30,M3_an2025,true,,3,2046.4741,5.613,4.511;5.227;5.613;5.995;6.111,true,true,true,2.6793,189.864,0.6,384.7,63,9,false,11,false,0,true
S2,false,31,M1_distance,true,,7,3.5175,0.584,0.543;0.571;0.584;0.858;1.074,true,true,true,3.5175,384.29,0.6,797.8,76,17,false,22,false,0,true
S2,false,31,M2_proposed,true,,7,4.0185,4.839,4.390;4.687;4.839;6.168;6.756,true,true,true,4.0185,0,0,0,112,0,true,0,true,0,true
S2,false,31,M3_an2025,true,,7,2511.5496,2.771,2.010;2.354;2.771;3.655;4.608,true,true,true,4.0185,0,0,0,112,0,true,0,true,0,true
S2,false,32,M1_distance,true,,3,1.5916,0.339,0.259;0.305;0.339;0.515;0.522,true,true,true,1.5916,212.402,0.6,430.1,36,9,false,10,false,0,true
S2,false,32,M2_proposed,true,,5,4.5892,4.149,3.195;3.413;4.149;4.936;23.387,true,true,true,4.5892,0,0,0,122,0,true,0,true,0,true
S2,false,32,M3_an2025,true,,3,1362.1027,1.424,0.720;0.827;1.424;2.196;2.446,true,true,true,1.5916,212.402,0.6,430.1,36,9,false,10,false,0,true
S2,false,33,M1_distance,true,,7,2.2529,0.454,0.404;0.413;0.454;0.681;0.767,true,true,true,2.2529,188.364,0.6,393,64,11,false,13,false,0,true
S2,false,33,M2_proposed,true,,7,2.3876,0.845,0.787;0.794;0.845;1.152;1.398,true,true,true,2.3876,0,0,0,73,0,true,0,true,0,true
S2,false,33,M3_an2025,true,,7,1492.2335,1.531,0.929;1.214;1.531;2.038;2.135,true,true,true,2.3876,0,0,0,73,0,true,0,true,0,true
S2,false,34,M1_distance,true,,7,1.9227,0.747,0.559;0.595;0.747;0.799;0.803,true,true,true,1.9227,184.804,0.6,393.6,61,11,false,18,false,0,true
S2,false,34,M2_proposed,true,,7,2.2871,1.056,0.908;0.916;1.056;1.948;2.705,true,true,true,2.2871,0,0,0,64,0,true,0,true,0,true
S2,false,34,M3_an2025,true,,7,1429.4643,3.459,2.303;2.445;3.459;3.920;26.659,true,true,true,2.2871,0,0,0,64,0,true,0,true,0,true
S2,false,35,M1_distance,true,,7,3.6916,0.829,0.601;0.645;0.829;1.030;1.181,true,true,true,3.6916,0,0,0,130,0,true,0,true,0,true
S2,false,35,M2_proposed,true,,7,3.6916,2.42,1.888;2.120;2.420;2.718;2.888,true,true,true,3.6916,0,0,0,130,0,true,0,true,0,true
S2,false,35,M3_an2025,true,,7,2307.273,1.078,0.964;0.989;1.078;1.693;2.276,true,true,true,3.6916,0,0,0,130,0,true,0,true,0,true
S2,false,36,M1_distance,true,,7,4.5516,0.76,0.622;0.646;0.760;1.240;1.601,true,true,true,4.5516,384.29,0.6,797.8,97,17,false,22,false,0,true
S2,false,36,M2_proposed,true,,7,4.9758,2.127,1.580;1.775;2.127;2.648;2.885,true,true,true,4.9758,0,0,0,130,0,true,0,true,0,true
S2,false,36,M3_an2025,true,,7,3109.8486,4.048,2.734;3.621;4.048;4.663;5.034,true,true,true,4.9758,0,0,0,130,0,true,0,true,0,true
S2,false,37,M1_distance,true,,7,3.7026,0.521,0.487;0.511;0.521;0.565;0.735,true,true,true,3.7026,188.364,0.6,393,105,11,false,13,false,0,true
S2,false,37,M2_proposed,true,,7,3.8372,1.678,1.049;1.370;1.678;2.183;23.642,true,true,true,3.8372,0,0,0,114,0,true,0,true,0,true
S2,false,37,M3_an2025,true,,7,2398.2636,2.393,1.566;1.950;2.393;2.510;2.594,true,true,true,3.8372,0,0,0,114,0,true,0,true,0,true
S2,false,38,M1_distance,true,,7,4.8669,1.052,0.995;1.000;1.052;1.717;2.296,true,true,true,4.8669,184.804,0.6,393.6,156,11,false,18,false,0,true
S2,false,38,M2_proposed,true,,7,5.2587,5.511,5.056;5.321;5.511;7.294;8.089,true,true,true,5.2587,0,0,0,160,0,true,0,true,0,true
S2,false,38,M3_an2025,true,,7,3286.7068,6.922,6.625;6.882;6.922;8.220;8.570,true,true,true,5.2587,0,0,0,160,0,true,0,true,0,true
S2,false,39,M1_distance,true,,3,3.8945,1.155,0.525;0.649;1.155;1.649;2.863,true,true,true,3.8945,212.402,0.6,430.1,101,9,false,10,false,0,true
S2,false,39,M2_proposed,true,,5,6.797,7.829,6.762;7.046;7.829;7.889;8.488,true,true,true,6.797,0,0,0,219,0,true,0,true,0,true
S2,false,39,M3_an2025,true,,3,2801.4505,2.487,1.316;2.471;2.487;2.917;3.471,true,true,true,3.8945,212.402,0.6,430.1,101,9,false,10,false,0,true
S2,false,40,M1_distance,true,,3,4.2719,1.144,0.872;0.939;1.144;1.471;1.480,true,true,true,4.2719,189.864,0.6,384.7,97,9,false,11,false,0,true
S2,false,40,M2_proposed,true,,5,5.3931,6.3,5.215;6.250;6.300;7.020;7.207,true,true,true,5.3931,0,0,0,129,0,true,0,true,0,true
S2,false,40,M3_an2025,true,,3,3041.8483,7.206,4.426;6.037;7.206;8.094;8.462,true,true,true,4.2719,189.864,0.6,384.7,97,9,false,11,false,0,true
S3,false,1,M1_distance,true,,9,3.5648,0.303,0.274;0.278;0.303;0.455;0.489,true,true,true,3.5648,0,0,0,146,0,true,0,true,0,true
S3,false,1,M2_proposed,true,,9,3.5648,1.306,0.421;0.593;1.306;1.488;1.815,true,true,true,3.5648,0,0,0,146,0,true,0,true,0,true
S3,false,1,M3_an2025,true,,9,2228.011,0.645,0.519;0.541;0.645;1.017;1.213,true,true,true,3.5648,0,0,0,146,0,true,0,true,0,true
S3,false,2,M1_distance,true,,4,4.4419,1.695,1.513;1.611;1.695;2.114;3.440,true,true,true,4.4419,0,0,0,137,0,true,0,true,0,true
S3,false,2,M2_proposed,true,,4,4.4419,3.376,3.228;3.304;3.376;4.615;4.916,true,true,true,4.4419,0,0,0,137,0,true,0,true,0,true
S3,false,2,M3_an2025,true,,4,2776.1665,3.042,1.889;2.360;3.042;3.829;4.627,true,true,true,4.4419,0,0,0,137,0,true,0,true,0,true
S3,false,3,M1_distance,true,,9,2.6507,0.805,0.344;0.416;0.805;5.660;16.201,true,true,true,2.6507,0,0,0,96,0,true,0,true,0,true
S3,false,3,M2_proposed,true,,9,2.6507,0.651,0.581;0.596;0.651;0.788;1.172,true,true,true,2.6507,0,0,0,96,0,true,0,true,0,true
S3,false,3,M3_an2025,true,,9,1656.6641,0.461,0.427;0.450;0.461;0.782;1.073,true,true,true,2.6507,0,0,0,96,0,true,0,true,0,true
S3,false,4,M1_distance,true,,4,4.3464,0.708,0.672;0.682;0.708;1.120;1.273,true,true,true,4.3464,0,0,0,137,0,true,0,true,0,true
S3,false,4,M2_proposed,true,,4,4.3464,2.399,1.534;2.110;2.399;3.194;4.391,true,true,true,4.3464,0,0,0,137,0,true,0,true,0,true
S3,false,4,M3_an2025,true,,4,2716.4774,2.808,2.061;2.340;2.808;3.749;3.793,true,true,true,4.3464,0,0,0,137,0,true,0,true,0,true
S3,false,5,M1_distance,true,,4,4.4419,0.883,0.775;0.848;0.883;1.150;1.410,true,true,true,4.4419,0,0,0,161,0,true,0,true,0,true
S3,false,5,M2_proposed,true,,4,4.4419,2.848,1.782;2.266;2.848;3.737;4.471,true,true,true,4.4419,0,0,0,161,0,true,0,true,0,true
S3,false,5,M3_an2025,true,,4,2776.1729,3.98,3.563;3.912;3.980;4.008;4.283,true,true,true,4.4419,0,0,0,161,0,true,0,true,0,true
S3,false,6,M1_distance,true,,4,0.7045,0.177,0.172;0.174;0.177;0.183;0.206,true,true,true,0.7045,0,0,0,21,0,true,0,true,0,true
S3,false,6,M2_proposed,true,,4,0.7045,0.339,0.242;0.331;0.339;0.355;0.687,true,true,true,0.7045,0,0,0,21,0,true,0,true,0,true
S3,false,6,M3_an2025,true,,4,440.3096,0.23,0.197;0.204;0.230;0.231;0.301,true,true,true,0.7045,0,0,0,21,0,true,0,true,0,true
S3,false,7,M1_distance,true,,8,2.4584,0.573,0.484;0.490;0.573;0.789;1.333,true,true,true,2.4584,0,0,0,57,0,true,0,true,0,true
S3,false,7,M2_proposed,true,,8,2.4584,0.946,0.793;0.849;0.946;1.174;1.396,true,true,true,2.4584,0,0,0,57,0,true,0,true,0,true
S3,false,7,M3_an2025,true,,8,1536.5146,1.434,0.850;0.977;1.434;1.754;1.916,true,true,true,2.4584,0,0,0,57,0,true,0,true,0,true
S3,false,8,M1_distance,true,,4,2.2256,1.413,0.976;1.223;1.413;6.283;20.008,true,true,true,2.2256,0,0,0,73,0,true,0,true,0,true
S3,false,8,M2_proposed,true,,4,2.2256,2.091,1.462;1.747;2.091;2.356;3.213,true,true,true,2.2256,0,0,0,73,0,true,0,true,0,true
S3,false,8,M3_an2025,true,,4,1391.0177,0.902,0.866;0.886;0.902;1.713;2.320,true,true,true,2.2256,0,0,0,73,0,true,0,true,0,true
S3,false,9,M1_distance,true,,8,2.2269,0.771,0.502;0.610;0.771;0.883;1.188,true,true,true,2.2269,0,0,0,72,0,true,0,true,0,true
S3,false,9,M2_proposed,true,,8,2.2269,1.132,0.885;0.994;1.132;1.470;1.536,true,true,true,2.2269,0,0,0,72,0,true,0,true,0,true
S3,false,9,M3_an2025,true,,8,1391.816,1.377,0.819;0.841;1.377;1.988;2.658,true,true,true,2.2269,0,0,0,72,0,true,0,true,0,true
S3,false,10,M1_distance,true,,9,0.7573,0.187,0.178;0.183;0.187;0.211;0.245,true,true,true,0.7573,0,0,0,21,0,true,0,true,0,true
S3,false,10,M2_proposed,true,,9,0.7573,0.228,0.212;0.226;0.228;0.259;1.032,true,true,true,0.7573,0,0,0,21,0,true,0,true,0,true
S3,false,10,M3_an2025,true,,9,473.2871,0.132,0.070;0.073;0.132;0.229;22.422,true,true,true,0.7573,0,0,0,21,0,true,0,true,0,true
S3,false,11,M1_distance,true,,4,5.077,0.873,0.621;0.733;0.873;1.099;1.464,true,true,true,5.077,0,0,0,158,0,true,0,true,0,true
S3,false,11,M2_proposed,true,,4,5.077,1.827,1.177;1.806;1.827;2.810;3.133,true,true,true,5.077,0,0,0,158,0,true,0,true,0,true
S3,false,11,M3_an2025,true,,4,3173.1187,1.621,1.360;1.460;1.621;2.003;2.977,true,true,true,5.077,0,0,0,158,0,true,0,true,0,true
S3,false,12,M1_distance,true,,8,4.8102,1.354,1.217;1.301;1.354;1.597;1.742,true,true,true,4.8102,0,0,0,132,0,true,0,true,0,true
S3,false,12,M2_proposed,true,,8,4.8102,3.59,3.047;3.299;3.590;5.571;5.577,true,true,true,4.8102,0,0,0,132,0,true,0,true,0,true
S3,false,12,M3_an2025,true,,8,3006.3933,5.348,4.944;5.308;5.348;6.049;6.139,true,true,true,4.8102,0,0,0,132,0,true,0,true,0,true
S3,false,13,M1_distance,true,,4,5.3483,1.321,0.984;1.107;1.321;1.691;2.815,true,true,true,5.3483,0,0,0,175,0,true,0,true,0,true
S3,false,13,M2_proposed,true,,4,5.3483,6.563,4.534;4.597;6.563;8.927;39.878,true,true,true,5.3483,0,0,0,175,0,true,0,true,0,true
S3,false,13,M3_an2025,true,,4,3342.7153,7.735,5.973;7.592;7.735;8.605;8.934,true,true,true,5.3483,0,0,0,175,0,true,0,true,0,true
S3,false,14,M1_distance,true,,4,2.2619,1.586,1.347;1.473;1.586;2.091;2.508,true,true,true,2.2619,0,0,0,48,0,true,0,true,0,true
S3,false,14,M2_proposed,true,,4,2.2619,3.487,3.402;3.482;3.487;3.513;4.426,true,true,true,2.2619,0,0,0,48,0,true,0,true,0,true
S3,false,14,M3_an2025,true,,4,1413.6658,2.923,2.170;2.295;2.923;3.147;3.788,true,true,true,2.2619,0,0,0,48,0,true,0,true,0,true
S3,false,15,M1_distance,true,,4,3.7294,1.397,1.054;1.127;1.397;1.838;2.194,true,true,true,3.7294,0,0,0,120,0,true,0,true,0,true
S3,false,15,M2_proposed,true,,4,3.7294,5.013,4.420;4.842;5.013;5.160;5.364,true,true,true,3.7294,0,0,0,120,0,true,0,true,0,true
S3,false,15,M3_an2025,true,,4,2330.8504,7.177,5.735;7.095;7.177;12.388;42.683,true,true,true,3.7294,0,0,0,120,0,true,0,true,0,true
S3,false,16,M1_distance,true,,8,1.4535,0.517,0.456;0.475;0.517;0.789;0.924,true,true,true,1.4535,0,0,0,40,0,true,0,true,0,true
S3,false,16,M2_proposed,true,,8,1.4535,0.972,0.877;0.920;0.972;1.312;1.531,true,true,true,1.4535,0,0,0,40,0,true,0,true,0,true
S3,false,16,M3_an2025,true,,8,908.45,0.871,0.654;0.675;0.871;1.094;1.555,true,true,true,1.4535,0,0,0,40,0,true,0,true,0,true
S3,false,17,M1_distance,true,,8,4.4279,1.202,1.131;1.136;1.202;1.538;1.915,true,true,true,4.4279,0,0,0,112,0,true,0,true,0,true
S3,false,17,M2_proposed,true,,8,4.4279,5.367,3.429;4.045;5.367;5.417;5.566,true,true,true,4.4279,0,0,0,112,0,true,0,true,0,true
S3,false,17,M3_an2025,true,,8,2767.4293,5.609,4.006;4.444;5.609;7.303;8.458,true,true,true,4.4279,0,0,0,112,0,true,0,true,0,true
S3,false,18,M1_distance,true,,8,2.343,1.028,0.757;0.827;1.028;1.319;16.705,true,true,true,2.343,0,0,0,62,0,true,0,true,0,true
S3,false,18,M2_proposed,true,,8,2.343,1.473,1.330;1.331;1.473;2.621;3.890,true,true,true,2.343,0,0,0,62,0,true,0,true,0,true
S3,false,18,M3_an2025,true,,8,1464.3497,1.901,1.362;1.641;1.901;2.490;2.947,true,true,true,2.343,0,0,0,62,0,true,0,true,0,true
S3,false,19,M1_distance,true,,8,2.0721,0.983,0.619;0.807;0.983;1.150;1.587,true,true,true,2.0721,0,0,0,56,0,true,0,true,0,true
S3,false,19,M2_proposed,true,,8,2.0721,1.422,1.234;1.331;1.422;1.548;1.968,true,true,true,2.0721,0,0,0,56,0,true,0,true,0,true
S3,false,19,M3_an2025,true,,8,1295.0529,1.575,1.242;1.393;1.575;2.302;3.706,true,true,true,2.0721,0,0,0,56,0,true,0,true,0,true
S3,false,20,M1_distance,true,,7,8.4103,2.314,1.669;2.201;2.314;2.467;2.670,true,true,true,8.4103,235.382,0.6,392.3,195,4,false,4,false,0,true
S3,false,20,M2_proposed,true,,4,10.531,9.432,8.292;9.403;9.432;10.332;29.499,true,true,true,10.531,0,0,0,257,0,true,0,true,0,true
S3,false,20,M3_an2025,true,,7,5556.0931,5.827,4.894;5.310;5.827;6.212;7.369,true,true,true,8.4103,235.382,0.6,392.3,195,4,false,4,false,0,true
S3,false,21,M1_distance,true,,7,1.5022,0.559,0.432;0.450;0.559;0.754;1.123,true,true,true,1.5022,185.854,0.6,309.8,29,8,false,8,false,0,true
S3,false,21,M2_proposed,true,,5,3.6688,7.627,7.455;7.599;7.627;7.894;9.740,true,true,true,3.6688,0,0,0,122,0,true,0,true,0,true
S3,false,21,M3_an2025,true,,7,1226.4345,2.099,1.705;1.795;2.099;2.554;2.994,true,true,true,1.5022,185.854,0.6,309.8,29,8,false,8,false,0,true
S3,false,22,M1_distance,true,,7,2.2373,0.423,0.289;0.296;0.423;0.545;0.911,true,true,true,2.2373,210.662,0.6,351.1,53,10,false,10,false,0,true
S3,false,22,M2_proposed,true,,4,4.7098,9.843,8.847;8.983;9.843;10.139;10.233,true,true,true,4.7098,0,0,0,94,0,true,0,true,0,true
S3,false,22,M3_an2025,true,,7,1693.1668,2.607,2.111;2.546;2.607;2.823;3.381,true,true,true,2.2373,210.662,0.6,351.1,53,10,false,10,false,0,true
S3,false,23,M1_distance,true,,7,5.7136,2.275,1.823;1.903;2.275;2.381;2.937,true,true,true,5.7136,235.382,0.6,392.3,153,4,false,4,false,0,true
S3,false,23,M2_proposed,true,,4,6.9948,9.762,8.721;9.328;9.762;10.302;10.908,true,true,true,6.9948,0,0,0,197,0,true,0,true,0,true
S3,false,23,M3_an2025,true,,7,3870.6843,12.466,8.207;9.706;12.466;13.688;15.015,true,true,true,5.7136,235.382,0.6,392.3,153,4,false,4,false,0,true
S3,false,24,M1_distance,true,,7,3.7965,2.321,1.790;1.878;2.321;2.436;5.069,true,true,true,3.7965,235.382,0.6,392.3,115,4,false,4,false,0,true
S3,false,24,M2_proposed,true,,4,7.2459,22.043,18.629;19.137;22.043;23.690;24.289,true,true,true,7.2459,0,0,0,165,0,true,0,true,0,true
S3,false,24,M3_an2025,true,,7,2672.5037,4.384,3.131;3.849;4.384;4.538;6.072,true,true,true,3.7965,235.382,0.6,392.3,115,4,false,4,false,0,true
S3,false,25,M1_distance,true,,5,2.019,1.262,1.030;1.051;1.262;1.522;2.178,true,true,true,2.019,0,0,0,67,0,true,0,true,0,true
S3,false,25,M2_proposed,true,,5,2.019,1.633,1.437;1.480;1.633;2.095;2.791,true,true,true,2.019,0,0,0,67,0,true,0,true,0,true
S3,false,25,M3_an2025,true,,5,1261.8741,3.139,1.532;1.922;3.139;3.741;5.457,true,true,true,2.019,0,0,0,67,0,true,0,true,0,true
S3,false,26,M1_distance,true,,5,1.0687,0.211,0.203;0.203;0.211;0.252;0.291,true,true,true,1.0687,0,0,0,33,0,true,0,true,0,true
S3,false,26,M2_proposed,true,,5,1.0687,0.293,0.285;0.289;0.293;0.355;0.375,true,true,true,1.0687,0,0,0,33,0,true,0,true,0,true
S3,false,26,M3_an2025,true,,5,667.9141,0.449,0.365;0.379;0.449;0.745;0.748,true,true,true,1.0687,0,0,0,33,0,true,0,true,0,true
S3,false,27,M1_distance,true,,3,2.187,0.377,0.310;0.311;0.377;0.455;0.638,true,true,true,2.187,0,0,0,54,0,true,0,true,0,true
S3,false,27,M2_proposed,true,,3,2.187,1.125,0.622;0.782;1.125;1.540;1.826,true,true,true,2.187,0,0,0,54,0,true,0,true,0,true
S3,false,27,M3_an2025,true,,3,1366.8864,0.79,0.631;0.690;0.790;1.309;1.563,true,true,true,2.187,0,0,0,54,0,true,0,true,0,true
S3,false,28,M1_distance,true,,7,3.3577,2.552,2.074;2.242;2.552;3.285;32.210,true,true,true,3.3577,182.379,0.6,304,94,8,false,8,false,0,true
S3,false,28,M2_proposed,true,,3,3.8719,6.584,5.787;6.098;6.584;7.899;7.988,true,true,true,3.8719,0,0,0,101,0,true,0,true,0,true
S3,false,28,M3_an2025,true,,7,2336.1329,8.658,7.712;7.941;8.658;8.918;10.803,true,true,true,3.3577,182.379,0.6,304,94,8,false,8,false,0,true
S3,false,29,M1_distance,true,,7,5.5354,1.721,1.427;1.587;1.721;1.990;2.291,true,true,true,5.5354,235.382,0.6,392.3,143,4,false,4,false,0,true
S3,false,29,M2_proposed,true,,4,8.6823,12.153,11.024;11.600;12.153;13.165;13.601,true,true,true,8.6823,0,0,0,251,0,true,0,true,0,true
S3,false,29,M3_an2025,true,,7,3759.2826,5.826,3.956;4.592;5.826;6.526;10.236,true,true,true,5.5354,235.382,0.6,392.3,143,4,false,4,false,0,true
S3,false,30,M1_distance,true,,3,2.6793,2.147,1.221;1.729;2.147;2.269;2.743,true,true,true,2.6793,0,0,0,63,0,true,0,true,0,true
S3,false,30,M2_proposed,true,,3,2.6793,4.163,3.319;3.656;4.163;4.684;4.992,true,true,true,2.6793,0,0,0,63,0,true,0,true,0,true
S3,false,30,M3_an2025,true,,3,1674.5785,4.065,3.737;3.985;4.065;4.378;5.792,true,true,true,2.6793,0,0,0,63,0,true,0,true,0,true
S3,false,31,M1_distance,true,,7,3.5175,0.816,0.684;0.716;0.816;1.056;1.351,true,true,true,3.5175,235.382,0.6,392.3,76,4,false,4,false,0,true
S3,false,31,M2_proposed,true,,4,7.7515,13.163,11.744;13.025;13.163;13.164;13.844,true,true,true,7.7515,0,0,0,165,0,true,0,true,0,true
S3,false,31,M3_an2025,true,,7,2498.132,2.186,1.678;1.862;2.186;3.405;4.884,true,true,true,3.5175,235.382,0.6,392.3,76,4,false,4,false,0,true
S3,false,32,M1_distance,true,,3,1.5916,0.179,0.127;0.134;0.179;0.205;0.277,true,true,true,1.5916,0,0,0,36,0,true,0,true,0,true
S3,false,32,M2_proposed,true,,3,1.5916,0.335,0.270;0.278;0.335;0.439;0.755,true,true,true,1.5916,0,0,0,36,0,true,0,true,0,true
S3,false,32,M3_an2025,true,,3,994.7242,0.546,0.466;0.508;0.546;0.651;1.115,true,true,true,1.5916,0,0,0,36,0,true,0,true,0,true
S3,false,33,M1_distance,true,,7,2.2529,0.643,0.553;0.579;0.643;0.753;0.847,true,true,true,2.2529,235.382,0.6,392.3,64,4,false,4,false,0,true
S3,false,33,M2_proposed,true,,4,6.7764,15.699,15.452;15.521;15.699;16.746;35.572,true,true,true,6.7764,0,0,0,157,0,true,0,true,0,true
S3,false,33,M3_an2025,true,,7,1707.755,2.673,2.240;2.412;2.673;2.699;3.734,true,true,true,2.2529,235.382,0.6,392.3,64,4,false,4,false,0,true
S3,false,34,M1_distance,true,,7,1.9227,0.643,0.584;0.604;0.643;0.669;0.690,true,true,true,1.9227,182.379,0.6,304,61,8,false,8,false,0,true
S3,false,34,M2_proposed,true,,5,5.4997,12.956,12.030;12.887;12.956;13.794;16.387,true,true,true,5.4997,0,0,0,158,0,true,0,true,0,true
S3,false,34,M3_an2025,true,,7,1439.2235,3.012,2.272;2.636;3.012;3.064;3.649,true,true,true,1.9227,182.379,0.6,304,61,8,false,8,false,0,true
S3,false,35,M1_distance,true,,7,3.6916,0.591,0.473;0.508;0.591;0.762;1.462,true,true,true,3.6916,175.942,0.6,293.2,130,8,false,8,false,0,true
S3,false,35,M2_proposed,true,,5,7.1902,13.721,11.844;13.710;13.721;14.059;15.470,true,true,true,7.1902,0,0,0,223,0,true,0,true,0,true
S3,false,35,M3_an2025,true,,7,2547.9274,3.002,2.644;2.925;3.002;3.032;3.500,true,true,true,3.6916,175.942,0.6,293.2,130,8,false,8,false,0,true
S3,false,36,M1_distance,true,,7,4.5516,0.663,0.590;0.625;0.663;0.945;1.098,true,true,true,4.5516,235.382,0.6,392.3,97,4,false,4,false,0,true
S3,false,36,M2_proposed,true,,4,8.7856,15.687,15.622;15.624;15.687;15.987;16.612,true,true,true,8.7856,0,0,0,186,0,true,0,true,0,true
S3,false,36,M3_an2025,true,,7,3144.4046,3.091,1.786;2.166;3.091;4.149;4.437,true,true,true,4.5516,235.382,0.6,392.3,97,4,false,4,false,0,true
S3,false,37,M1_distance,true,,7,3.7026,0.385,0.370;0.379;0.385;0.395;0.431,true,true,true,3.7026,235.382,0.6,392.3,105,4,false,4,false,0,true
S3,false,37,M2_proposed,true,,4,8.226,14.569,14.366;14.485;14.569;14.709;16.219,true,true,true,8.226,0,0,0,198,0,true,0,true,0,true
S3,false,37,M3_an2025,true,,7,2613.7851,1.431,1.324;1.352;1.431;2.423;3.176,true,true,true,3.7026,235.382,0.6,392.3,105,4,false,4,false,0,true
S3,false,38,M1_distance,true,,7,4.8669,1.572,1.361;1.505;1.572;2.140;2.731,true,true,true,4.8669,182.379,0.6,304,156,8,false,8,false,0,true
S3,false,38,M2_proposed,true,,5,6.107,8.967,7.506;8.274;8.967;11.585;12.554,true,true,true,6.107,0,0,0,187,0,true,0,true,0,true
S3,false,38,M3_an2025,true,,7,3279.3891,6.938,6.251;6.753;6.938;7.605;7.830,true,true,true,4.8669,182.379,0.6,304,156,8,false,8,false,0,true
S3,false,39,M1_distance,true,,3,3.8945,0.729,0.519;0.630;0.729;0.730;0.748,true,true,true,3.8945,0,0,0,101,0,true,0,true,0,true
S3,false,39,M2_proposed,true,,3,3.8945,1.895,1.372;1.536;1.895;1.936;2.294,true,true,true,3.8945,0,0,0,101,0,true,0,true,0,true
S3,false,39,M3_an2025,true,,3,2434.072,1.717,1.061;1.452;1.717;2.306;2.311,true,true,true,3.8945,0,0,0,101,0,true,0,true,0,true
S3,false,40,M1_distance,true,,3,4.2719,1.788,1.200;1.485;1.788;2.032;19.671,true,true,true,4.2719,0,0,0,97,0,true,0,true,0,true
S3,false,40,M2_proposed,true,,3,4.2719,4.787,4.027;4.715;4.787;5.263;6.490,true,true,true,4.2719,0,0,0,97,0,true,0,true,0,true
S3,false,40,M3_an2025,true,,3,2669.9527,3.698,2.283;2.571;3.698;4.561;5.303,true,true,true,4.2719,0,0,0,97,0,true,0,true,0,true
S4,false,1,M1_distance,true,,9,3.5648,0.453,0.319;0.324;0.453;0.493;0.526,true,true,true,3.5648,0,0,0,146,0,true,0,true,0,true
S4,false,1,M2_proposed,true,,9,3.5648,0.763,0.543;0.726;0.763;1.157;1.471,true,true,true,3.5648,0,0,0,146,0,true,0,true,0,true
S4,false,1,M3_an2025,true,,9,2228.011,0.635,0.573;0.608;0.635;1.007;1.199,true,true,true,3.5648,0,0,0,146,0,true,0,true,0,true
S4,false,2,M1_distance,true,,4,4.4419,1.622,1.225;1.335;1.622;1.878;2.055,true,true,true,4.4419,0,0,0,137,0,true,0,true,0,true
S4,false,2,M2_proposed,true,,4,4.4419,3.615,3.187;3.331;3.615;4.281;4.329,true,true,true,4.4419,0,0,0,137,0,true,0,true,0,true
S4,false,2,M3_an2025,true,,4,2776.1665,3.647,3.054;3.239;3.647;4.148;27.740,true,true,true,4.4419,0,0,0,137,0,true,0,true,0,true
S4,false,3,M1_distance,true,,9,2.6507,0.176,0.157;0.169;0.176;0.262;0.321,false,false,true,2.6507,147.202,0.6,245.3,96,12,false,12,false,0,true
S4,false,3,M2_proposed,false,FLOOD_ISOLATION,,,0.047,0.045;0.046;0.047;0.053;0.070,false,false,true,,,,,,,false,,false,,false
S4,false,3,M3_an2025,true,,9,1878.7811,0.518,0.343;0.430;0.518;0.550;0.670,false,false,true,2.6507,147.202,0.6,245.3,96,12,false,12,false,0,true
S4,false,4,M1_distance,true,,4,4.3464,0.608,0.599;0.602;0.608;0.946;1.144,true,true,true,4.3464,0,0,0,137,0,true,0,true,0,true
S4,false,4,M2_proposed,true,,4,4.3464,1.961,1.378;1.802;1.961;2.974;3.552,true,true,true,4.3464,0,0,0,137,0,true,0,true,0,true
S4,false,4,M3_an2025,true,,4,2716.4774,1.492,1.347;1.418;1.492;2.433;3.321,true,true,true,4.3464,0,0,0,137,0,true,0,true,0,true
S4,false,5,M1_distance,true,,4,4.4419,1.492,1.135;1.214;1.492;1.755;23.756,true,true,true,4.4419,0,0,0,161,0,true,0,true,0,true
S4,false,5,M2_proposed,true,,4,4.4419,2.99,2.102;2.954;2.990;3.413;4.027,true,true,true,4.4419,0,0,0,161,0,true,0,true,0,true
S4,false,5,M3_an2025,true,,4,2776.1729,4.088,3.547;3.570;4.088;4.506;4.611,true,true,true,4.4419,0,0,0,161,0,true,0,true,0,true
S4,false,6,M1_distance,true,,4,0.7045,0.056,0.052;0.052;0.056;0.058;0.073,true,true,true,0.7045,0,0,0,21,0,true,0,true,0,true
S4,false,6,M2_proposed,true,,4,0.7045,0.064,0.054;0.057;0.064;0.067;0.094,true,true,true,0.7045,0,0,0,21,0,true,0,true,0,true
S4,false,6,M3_an2025,true,,4,440.3096,0.074,0.065;0.073;0.074;0.092;0.124,true,true,true,0.7045,0,0,0,21,0,true,0,true,0,true
S4,false,7,M1_distance,true,,8,2.4584,0.543,0.406;0.421;0.543;0.912;1.094,true,true,true,2.4584,0,0,0,57,0,true,0,true,0,true
S4,false,7,M2_proposed,true,,8,2.4584,1.817,1.219;1.404;1.817;1.986;2.572,true,true,true,2.4584,0,0,0,57,0,true,0,true,0,true
S4,false,7,M3_an2025,true,,8,1536.5146,1.611,0.622;1.072;1.611;1.849;2.505,true,true,true,2.4584,0,0,0,57,0,true,0,true,0,true
S4,false,8,M1_distance,true,,4,2.2256,0.52,0.385;0.390;0.520;0.661;0.814,true,true,true,2.2256,0,0,0,73,0,true,0,true,0,true
S4,false,8,M2_proposed,true,,4,2.2256,0.854,0.714;0.725;0.854;1.248;1.466,true,true,true,2.2256,0,0,0,73,0,true,0,true,0,true
S4,false,8,M3_an2025,true,,4,1391.0177,1.869,1.033;1.131;1.869;2.195;2.720,true,true,true,2.2256,0,0,0,73,0,true,0,true,0,true
S4,false,9,M1_distance,true,,8,2.2269,0.403,0.329;0.334;0.403;0.545;0.665,true,true,true,2.2269,0,0,0,72,0,true,0,true,0,true
S4,false,9,M2_proposed,true,,8,2.2269,0.751,0.628;0.656;0.751;1.030;1.221,true,true,true,2.2269,0,0,0,72,0,true,0,true,0,true
S4,false,9,M3_an2025,true,,8,1391.816,1.976,1.689;1.875;1.976;2.195;2.365,true,true,true,2.2269,0,0,0,72,0,true,0,true,0,true
S4,false,10,M1_distance,true,,9,0.7573,0.293,0.255;0.290;0.293;0.305;4.634,false,false,true,0.7573,196.343,0.6,327.2,21,4,false,4,false,0,true
S4,false,10,M2_proposed,false,FLOOD_ISOLATION,,,0.174,0.153;0.161;0.174;0.180;0.204,false,false,true,,,,,,,false,,false,,false
S4,false,10,M3_an2025,true,,9,765.9147,0.22,0.177;0.219;0.220;0.261;0.268,false,false,true,0.7573,196.343,0.6,327.2,21,4,false,4,false,0,true
S4,false,11,M1_distance,true,,4,5.077,3.068,2.661;2.713;3.068;4.165;6.464,true,true,true,5.077,0,0,0,158,0,true,0,true,0,true
S4,false,11,M2_proposed,true,,4,5.077,2.36,2.016;2.320;2.360;2.762;3.476,true,true,true,5.077,0,0,0,158,0,true,0,true,0,true
S4,false,11,M3_an2025,true,,4,3173.1187,1.682,1.030;1.084;1.682;2.432;3.298,true,true,true,5.077,0,0,0,158,0,true,0,true,0,true
S4,false,12,M1_distance,true,,8,4.8102,1.192,0.980;1.073;1.192;1.522;1.886,true,true,true,4.8102,0,0,0,132,0,true,0,true,0,true
S4,false,12,M2_proposed,true,,8,4.8102,4.807,3.532;4.765;4.807;5.372;5.781,true,true,true,4.8102,0,0,0,132,0,true,0,true,0,true
S4,false,12,M3_an2025,true,,8,3006.3933,3.953,3.362;3.452;3.953;4.810;4.948,true,true,true,4.8102,0,0,0,132,0,true,0,true,0,true
S4,false,13,M1_distance,true,,4,5.3483,0.85,0.841;0.842;0.850;1.229;1.767,true,true,true,5.3483,0,0,0,175,0,true,0,true,0,true
S4,false,13,M2_proposed,true,,4,5.3483,2.92,2.068;2.699;2.920;3.507;3.940,true,true,true,5.3483,0,0,0,175,0,true,0,true,0,true
S4,false,13,M3_an2025,true,,4,3342.7153,2.208,1.726;1.839;2.208;2.982;4.234,true,true,true,5.3483,0,0,0,175,0,true,0,true,0,true
S4,false,14,M1_distance,true,,4,2.2619,0.683,0.488;0.523;0.683;1.237;1.317,true,true,true,2.2619,0,0,0,48,0,true,0,true,0,true
S4,false,14,M2_proposed,true,,4,2.2619,0.919,0.862;0.870;0.919;1.371;1.893,true,true,true,2.2619,0,0,0,48,0,true,0,true,0,true
S4,false,14,M3_an2025,true,,4,1413.6658,2.441,1.989;2.003;2.441;4.204;21.903,true,true,true,2.2619,0,0,0,48,0,true,0,true,0,true
S4,false,15,M1_distance,true,,4,3.7294,0.963,0.884;0.889;0.963;1.352;1.807,true,true,true,3.7294,0,0,0,120,0,true,0,true,0,true
S4,false,15,M2_proposed,true,,4,3.7294,3.057,2.620;2.853;3.057;4.008;4.083,true,true,true,3.7294,0,0,0,120,0,true,0,true,0,true
S4,false,15,M3_an2025,true,,4,2330.8504,4.066,2.267;3.159;4.066;4.134;4.259,true,true,true,3.7294,0,0,0,120,0,true,0,true,0,true
S4,false,16,M1_distance,true,,8,1.4535,0.364,0.333;0.345;0.364;0.507;0.577,true,true,true,1.4535,0,0,0,40,0,true,0,true,0,true
S4,false,16,M2_proposed,true,,8,1.4535,0.615,0.565;0.566;0.615;0.875;0.954,true,true,true,1.4535,0,0,0,40,0,true,0,true,0,true
S4,false,16,M3_an2025,true,,8,908.45,1.304,0.835;0.867;1.304;1.317;1.612,true,true,true,1.4535,0,0,0,40,0,true,0,true,0,true
S4,false,17,M1_distance,true,,8,4.4279,2.288,1.947;2.179;2.288;2.421;2.969,false,false,true,4.4279,117.964,0.6,196.6,112,4,false,4,false,0,true
S4,false,17,M2_proposed,false,FLOOD_ISOLATION,,,0.075,0.064;0.072;0.075;0.080;1.612,false,false,true,,,,,,,false,,false,,false
S4,false,17,M3_an2025,true,,8,2927.5443,4.755,3.837;4.271;4.755;5.282;22.482,false,false,true,4.4279,117.964,0.6,196.6,112,4,false,4,false,0,true
S4,false,18,M1_distance,true,,8,2.343,0.558,0.501;0.553;0.558;0.614;0.901,true,true,true,2.343,0,0,0,62,0,true,0,true,0,true
S4,false,18,M2_proposed,true,,8,2.343,1.478,1.087;1.121;1.478;1.817;2.439,true,true,true,2.343,0,0,0,62,0,true,0,true,0,true
S4,false,18,M3_an2025,true,,8,1464.3497,2.575,1.577;1.851;2.575;3.010;3.568,true,true,true,2.343,0,0,0,62,0,true,0,true,0,true
S4,false,19,M1_distance,true,,8,2.0721,0.685,0.452;0.463;0.685;0.699;0.891,true,true,true,2.0721,0,0,0,56,0,true,0,true,0,true
S4,false,19,M2_proposed,true,,8,2.0721,1.063,1.016;1.040;1.063;1.458;1.742,true,true,true,2.0721,0,0,0,56,0,true,0,true,0,true
S4,false,19,M3_an2025,true,,8,1295.0529,2.398,1.905;2.247;2.398;2.427;2.756,true,true,true,2.0721,0,0,0,56,0,true,0,true,0,true
S4,false,20,M1_distance,true,,7,8.4103,3.391,1.530;2.205;3.391;3.391;20.909,true,true,true,8.4103,198.23,0.6,330.4,195,6,false,6,false,0,true
S4,false,20,M2_proposed,true,,7,9.6348,6.052,5.529;5.707;6.052;6.213;7.027,true,true,true,9.6348,0,0,0,272,0,true,0,true,0,true
S4,false,20,M3_an2025,true,,7,5555.8988,5.634,5.561;5.610;5.634;6.757;7.240,true,true,true,8.4103,198.23,0.6,330.4,195,6,false,6,false,0,true
S4,false,21,M1_distance,true,,7,1.5022,0.391,0.252;0.274;0.391;0.472;0.589,true,true,true,1.5022,0,0,0,29,0,true,0,true,0,true
S4,false,21,M2_proposed,true,,7,1.5022,0.996,0.859;0.912;0.996;1.232;1.506,true,true,true,1.5022,0,0,0,29,0,true,0,true,0,true
S4,false,21,M3_an2025,true,,7,938.8819,0.53,0.490;0.509;0.530;1.082;1.513,true,true,true,1.5022,0,0,0,29,0,true,0,true,0,true
S4,false,22,M1_distance,true,,7,2.2373,0.365,0.275;0.352;0.365;0.410;0.469,true,true,true,2.2373,0,0,0,53,0,true,0,true,0,true
S4,false,22,M2_proposed,true,,7,2.2373,0.925,0.634;0.675;0.925;1.042;21.746,true,true,true,2.2373,0,0,0,53,0,true,0,true,0,true
S4,false,22,M3_an2025,true,,7,1398.3248,0.91,0.653;0.750;0.910;1.467;1.935,true,true,true,2.2373,0,0,0,53,0,true,0,true,0,true
S4,false,23,M1_distance,true,,7,5.7136,2.158,1.623;1.687;2.158;2.418;3.508,false,false,true,5.7136,229.741,0.6,382.9,153,12,false,12,false,0,true
S4,false,23,M2_proposed,false,FLOOD_ISOLATION,,,0.041,0.039;0.040;0.041;0.042;0.061,false,false,true,,,,,,,false,,false,,false
S4,false,23,M3_an2025,true,,7,3897.039,5.096,4.145;4.319;5.096;5.380;5.718,false,false,true,5.7221,237.249,0.6,395.4,164,14,false,14,false,0,true
S4,false,24,M1_distance,true,,7,3.7965,0.704,0.594;0.646;0.704;0.772;0.900,true,true,true,3.7965,0,0,0,115,0,true,0,true,0,true
S4,false,24,M2_proposed,true,,7,3.7965,1.494,1.290;1.447;1.494;2.775;4.164,true,true,true,3.7965,0,0,0,115,0,true,0,true,0,true
S4,false,24,M3_an2025,true,,7,2372.8269,2.91,1.878;2.623;2.910;3.257;3.685,true,true,true,3.7965,0,0,0,115,0,true,0,true,0,true
S4,false,25,M1_distance,true,,5,2.019,2.09,0.927;1.569;2.090;2.208;22.310,true,true,true,2.019,0,0,0,67,0,true,0,true,0,true
S4,false,25,M2_proposed,true,,5,2.019,1.691,1.410;1.641;1.691;2.258;2.775,true,true,true,2.019,0,0,0,67,0,true,0,true,0,true
S4,false,25,M3_an2025,true,,5,1261.8741,2,1.403;1.508;2.000;3.221;4.200,true,true,true,2.019,0,0,0,67,0,true,0,true,0,true
S4,false,26,M1_distance,true,,5,1.0687,0.252,0.210;0.241;0.252;0.291;0.313,true,true,true,1.0687,0,0,0,33,0,true,0,true,0,true
S4,false,26,M2_proposed,true,,5,1.0687,0.349,0.307;0.343;0.349;0.435;0.437,true,true,true,1.0687,0,0,0,33,0,true,0,true,0,true
S4,false,26,M3_an2025,true,,5,667.9141,0.417,0.311;0.329;0.417;0.510;0.681,true,true,true,1.0687,0,0,0,33,0,true,0,true,0,true
S4,false,27,M1_distance,true,,3,2.187,0.503,0.461;0.476;0.503;0.555;0.622,true,true,true,2.187,0,0,0,54,0,true,0,true,0,true
S4,false,27,M2_proposed,true,,3,2.187,1.841,1.051;1.642;1.841;2.454;14.263,true,true,true,2.187,0,0,0,54,0,true,0,true,0,true
S4,false,27,M3_an2025,true,,3,1366.8864,0.632,0.503;0.563;0.632;0.896;1.250,true,true,true,2.187,0,0,0,54,0,true,0,true,0,true
S4,false,28,M1_distance,true,,7,3.3577,2.114,1.203;1.500;2.114;2.568;3.770,true,true,true,3.3577,0,0,0,94,0,true,0,true,0,true
S4,false,28,M2_proposed,true,,7,3.3577,4.672,4.231;4.554;4.672;5.270;6.089,true,true,true,3.3577,0,0,0,94,0,true,0,true,0,true
S4,false,28,M3_an2025,true,,7,2098.5702,5.406,4.529;5.226;5.406;5.687;6.765,true,true,true,3.3577,0,0,0,94,0,true,0,true,0,true
S4,false,29,M1_distance,true,,7,5.5354,1.237,0.950;0.970;1.237;1.476;1.650,true,true,true,5.5354,0,0,0,143,0,true,0,true,0,true
S4,false,29,M2_proposed,true,,7,5.5354,3.252,2.928;3.248;3.252;4.365;4.843,true,true,true,5.5354,0,0,0,143,0,true,0,true,0,true
S4,false,29,M3_an2025,true,,7,3459.6058,4.511,3.457;3.973;4.511;4.939;5.821,true,true,true,5.5354,0,0,0,143,0,true,0,true,0,true
S4,false,30,M1_distance,true,,3,2.6793,0.707,0.651;0.653;0.707;0.961;1.253,false,false,true,2.6793,130.563,0.6,217.6,63,12,false,12,false,0,true
S4,false,30,M2_proposed,false,FLOOD_ISOLATION,,,0.049,0.043;0.044;0.049;0.050;0.063,false,false,true,,,,,,,false,,false,,false
S4,false,30,M3_an2025,true,,3,1849.426,2.821,1.798;1.915;2.821;3.981;4.655,false,false,true,2.6793,130.563,0.6,217.6,63,12,false,12,false,0,true
S4,false,31,M1_distance,true,,7,3.5175,1.405,1.135;1.210;1.405;1.428;1.651,true,true,true,3.5175,0,0,0,76,0,true,0,true,0,true
S4,false,31,M2_proposed,true,,7,3.5175,3.588,2.154;2.798;3.588;4.214;20.337,true,true,true,3.5175,0,0,0,76,0,true,0,true,0,true
S4,false,31,M3_an2025,true,,7,2198.4552,3.111,1.350;2.260;3.111;3.470;3.909,true,true,true,3.5175,0,0,0,76,0,true,0,true,0,true
S4,false,32,M1_distance,true,,3,1.5916,0.148,0.120;0.128;0.148;0.224;0.272,true,true,true,1.5916,0,0,0,36,0,true,0,true,0,true
S4,false,32,M2_proposed,true,,3,1.5916,0.4,0.348;0.367;0.400;0.453;0.534,true,true,true,1.5916,0,0,0,36,0,true,0,true,0,true
S4,false,32,M3_an2025,true,,3,994.7242,0.802,0.454;0.522;0.802;1.349;1.545,true,true,true,1.5916,0,0,0,36,0,true,0,true,0,true
S4,false,33,M1_distance,true,,7,2.2529,0.728,0.424;0.516;0.728;0.806;0.952,true,true,true,2.2529,0,0,0,64,0,true,0,true,0,true
S4,false,33,M2_proposed,true,,7,2.2529,2.348,1.950;2.011;2.348;2.785;2.999,true,true,true,2.2529,0,0,0,64,0,true,0,true,0,true
S4,false,33,M3_an2025,true,,7,1408.0782,1.014,0.735;0.817;1.014;1.518;3.388,true,true,true,2.2529,0,0,0,64,0,true,0,true,0,true
S4,false,34,M1_distance,true,,7,1.9227,0.292,0.275;0.275;0.292;0.394;0.476,true,true,true,1.9227,0,0,0,61,0,true,0,true,0,true
S4,false,34,M2_proposed,true,,7,1.9227,0.755,0.558;0.686;0.755;0.934;0.938,true,true,true,1.9227,0,0,0,61,0,true,0,true,0,true
S4,false,34,M3_an2025,true,,7,1201.6608,1.613,0.722;1.255;1.613;1.669;2.072,true,true,true,1.9227,0,0,0,61,0,true,0,true,0,true
S4,false,35,M1_distance,true,,7,3.6916,0.609,0.360;0.408;0.609;0.626;0.759,true,true,true,3.6916,0,0,0,130,0,true,0,true,0,true
S4,false,35,M2_proposed,true,,7,3.6916,0.996,0.893;0.973;0.996;1.223;1.398,true,true,true,3.6916,0,0,0,130,0,true,0,true,0,true
S4,false,35,M3_an2025,true,,7,2307.273,1.309,1.024;1.024;1.309;2.144;3.641,true,true,true,3.6916,0,0,0,130,0,true,0,true,0,true
S4,false,36,M1_distance,true,,7,4.5516,2.063,0.948;1.025;2.063;2.925;20.957,true,true,true,4.5516,0,0,0,97,0,true,0,true,0,true
S4,false,36,M2_proposed,true,,7,4.5516,1.439,1.327;1.370;1.439;1.933;2.794,true,true,true,4.5516,0,0,0,97,0,true,0,true,0,true
S4,false,36,M3_an2025,true,,7,2844.7278,1.602,1.282;1.557;1.602;2.329;2.913,true,true,true,4.5516,0,0,0,97,0,true,0,true,0,true
S4,false,37,M1_distance,true,,7,3.7026,0.504,0.490;0.495;0.504;0.553;0.574,false,false,true,3.7026,138.055,0.6,230.1,105,9,false,9,false,0,true
S4,false,37,M2_proposed,false,FLOOD_ISOLATION,,,0.162,0.142;0.154;0.162;0.170;0.183,false,false,true,,,,,,,false,,false,,false
S4,false,37,M3_an2025,true,,7,2537.4946,1.237,0.868;0.982;1.237;2.000;3.062,false,false,true,3.7026,138.055,0.6,230.1,105,9,false,9,false,0,true
S4,false,38,M1_distance,true,,7,4.8669,1.072,0.969;1.015;1.072;1.614;2.161,true,true,true,4.8669,0,0,0,156,0,true,0,true,0,true
S4,false,38,M2_proposed,true,,7,4.8669,4.763,3.393;3.877;4.763;5.599;25.003,true,true,true,4.8669,0,0,0,156,0,true,0,true,0,true
S4,false,38,M3_an2025,true,,7,3041.8264,7.263,6.857;7.003;7.263;7.332;7.646,true,true,true,4.8669,0,0,0,156,0,true,0,true,0,true
S4,false,39,M1_distance,true,,3,3.8945,0.654,0.499;0.509;0.654;0.901;1.107,true,true,true,3.8945,0,0,0,101,0,true,0,true,0,true
S4,false,39,M2_proposed,true,,3,3.8945,1.742,1.369;1.655;1.742;1.750;2.144,true,true,true,3.8945,0,0,0,101,0,true,0,true,0,true
S4,false,39,M3_an2025,true,,3,2434.072,3.059,2.352;2.536;3.059;3.439;3.541,true,true,true,3.8945,0,0,0,101,0,true,0,true,0,true
S4,false,40,M1_distance,true,,3,4.2719,2.643,2.369;2.462;2.643;2.769;2.995,true,true,true,4.2719,0,0,0,97,0,true,0,true,0,true
S4,false,40,M2_proposed,true,,3,4.2719,5.367,4.880;4.922;5.367;5.806;5.851,true,true,true,4.2719,0,0,0,97,0,true,0,true,0,true
S4,false,40,M3_an2025,true,,3,2669.9527,3.342,1.811;2.638;3.342;3.348;3.480,true,true,true,4.2719,0,0,0,97,0,true,0,true,0,true
S2b,true,1,M1_distance,true,,9,3.5648,1.221,0.659;0.721;1.221;1.966;2.329,true,true,true,3.5648,0,0,0,146,0,true,0,true,0,true
S2b,true,1,M2_proposed,true,,9,3.5648,0.917,0.507;0.848;0.917;1.032;1.216,true,true,true,3.5648,0,0,0,146,0,true,0,true,0,true
S2b,true,1,M3_an2025,true,,9,2228.011,0.362,0.320;0.336;0.362;0.379;0.656,true,true,true,3.5648,0,0,0,146,0,true,0,true,0,true
S2b,true,2,M1_distance,true,,4,4.4419,1.173,0.942;0.998;1.173;1.465;2.139,true,true,true,4.4419,0,0,0,137,0,true,0,true,0,true
S2b,true,2,M2_proposed,true,,4,4.4419,3.034,2.840;2.900;3.034;3.767;5.006,true,true,true,4.4419,0,0,0,137,0,true,0,true,0,true
S2b,true,2,M3_an2025,true,,4,2776.1665,5.139,3.267;3.371;5.139;5.708;30.346,true,true,true,4.4419,0,0,0,137,0,true,0,true,0,true
S2b,true,3,M1_distance,true,,9,2.6507,0.208,0.162;0.171;0.208;0.275;0.374,true,true,true,2.6507,0,0,0,96,0,true,0,true,0,true
S2b,true,3,M2_proposed,true,,9,2.6507,0.474,0.424;0.450;0.474;0.627;0.724,true,true,true,2.6507,0,0,0,96,0,true,0,true,0,true
S2b,true,3,M3_an2025,true,,9,1656.6641,0.629,0.420;0.431;0.629;0.738;0.746,true,true,true,2.6507,0,0,0,96,0,true,0,true,0,true
S2b,true,4,M1_distance,true,,4,4.3464,1.02,0.882;0.929;1.020;1.288;1.640,true,true,true,4.3464,0,0,0,137,0,true,0,true,0,true
S2b,true,4,M2_proposed,true,,4,4.3464,3.537,3.142;3.402;3.537;4.695;5.720,true,true,true,4.3464,0,0,0,137,0,true,0,true,0,true
S2b,true,4,M3_an2025,true,,4,2716.4774,3.277,2.888;3.075;3.277;3.567;4.639,true,true,true,4.3464,0,0,0,137,0,true,0,true,0,true
S2b,true,5,M1_distance,true,,4,4.4419,2.244,1.896;1.913;2.244;2.441;2.454,true,true,true,4.4419,291.052,0.9,488.7,161,9,false,19,false,9,false
S2b,true,5,M2_proposed,true,,4,4.8013,4.155,3.689;3.838;4.155;4.372;25.518,true,true,true,4.8013,0,0,0,165,0,true,0,true,0,true
S2b,true,5,M3_an2025,true,,4,3000.7968,4.221,3.597;3.854;4.221;4.316;4.360,true,true,true,4.8013,0,0,0,165,0,true,0,true,0,true
S2b,true,6,M1_distance,true,,4,0.7045,0.053,0.046;0.048;0.053;0.054;0.060,true,true,true,0.7045,0,0,0,21,0,true,0,true,0,true
S2b,true,6,M2_proposed,true,,4,0.7045,0.056,0.054;0.055;0.056;0.061;0.069,true,true,true,0.7045,0,0,0,21,0,true,0,true,0,true
S2b,true,6,M3_an2025,true,,4,440.3096,0.058,0.052;0.058;0.058;0.059;0.060,true,true,true,0.7045,0,0,0,21,0,true,0,true,0,true
S2b,true,7,M1_distance,true,,8,2.4584,0.617,0.480;0.577;0.617;0.772;0.773,true,true,true,2.4584,560.75,0.9,838.2,57,14,false,19,false,14,false
S2b,true,7,M2_proposed,true,,8,2.9041,2.151,1.764;2.010;2.151;2.307;2.886,true,true,true,2.9041,0,0,0,100,0,true,0,true,0,true
S2b,true,7,M3_an2025,true,,8,1815.06,1.422,1.293;1.382;1.422;1.986;5.765,true,true,true,2.9041,0,0,0,100,0,true,0,true,0,true
S2b,true,8,M1_distance,true,,4,2.2256,0.781,0.654;0.674;0.781;1.022;1.089,true,true,true,2.2256,266.437,0.9,406.6,73,9,false,15,false,9,false
S2b,true,8,M2_proposed,true,,4,3.2259,4.601,3.532;3.840;4.601;5.059;6.030,true,true,true,3.2259,0,0,0,82,0,true,0,true,0,true
S2b,true,8,M3_an2025,true,,4,1794.4397,2.366,1.389;1.515;2.366;2.784;3.131,true,true,true,2.5061,70.866,0.3,236.2,77,0,true,7,false,0,true
S2b,true,9,M1_distance,true,,8,2.2269,0.769,0.476;0.586;0.769;1.079;1.593,true,true,true,2.2269,0,0,0,72,0,true,0,true,0,true
S2b,true,9,M2_proposed,true,,8,2.2269,0.925,0.786;0.865;0.925;1.355;1.639,true,true,true,2.2269,0,0,0,72,0,true,0,true,0,true
S2b,true,9,M3_an2025,true,,8,1391.816,0.781,0.766;0.771;0.781;0.799;0.814,true,true,true,2.2269,0,0,0,72,0,true,0,true,0,true
S2b,true,10,M1_distance,true,,9,0.7573,0.208,0.190;0.202;0.208;0.226;0.307,true,true,true,0.7573,0,0,0,21,0,true,0,true,0,true
S2b,true,10,M2_proposed,true,,9,0.7573,0.214,0.158;0.174;0.214;0.700;1.190,true,true,true,0.7573,0,0,0,21,0,true,0,true,0,true
S2b,true,10,M3_an2025,true,,9,473.2871,0.142,0.140;0.140;0.142;0.158;0.164,true,true,true,0.7573,0,0,0,21,0,true,0,true,0,true
S2b,true,11,M1_distance,true,,4,5.077,0.52,0.406;0.444;0.520;0.744;1.451,true,true,true,5.077,266.437,0.9,406.6,158,9,false,15,false,9,false
S2b,true,11,M2_proposed,true,,4,6.0772,1.742,1.650;1.656;1.742;2.412;2.953,true,true,true,6.0772,0,0,0,167,0,true,0,true,0,true
S2b,true,11,M3_an2025,true,,4,3576.5406,1.288,1.193;1.209;1.288;1.605;2.637,true,true,true,5.3575,70.866,0.3,236.2,162,0,true,7,false,0,true
S2b,true,12,M1_distance,true,,8,4.8102,1.252,0.788;0.900;1.252;1.268;1.566,true,true,true,4.8102,547.657,0.9,819.7,132,15,false,21,false,15,false
S2b,true,12,M2_proposed,true,,8,5.6942,4.546,4.487;4.506;4.546;5.875;6.681,true,true,true,5.6942,0,0,0,177,0,true,0,true,0,true
S2b,true,12,M3_an2025,true,,8,3487.7912,6.103,4.379;4.955;6.103;6.659;7.779,true,true,true,5.417,32.267,0.3,107.6,167,0,true,5,false,0,true
S2b,true,13,M1_distance,true,,4,5.3483,1.403,0.941;1.119;1.403;1.726;2.106,true,true,true,5.3483,70.866,0.3,236.2,175,0,true,7,false,0,true
S2b,true,13,M2_proposed,true,,4,5.5532,4.076,3.127;3.668;4.076;4.978;5.293,true,true,true,5.5532,0,0,0,142,0,true,0,true,0,true
S2b,true,13,M3_an2025,true,,4,3470.7357,5.174,2.589;2.707;5.174;5.361;5.822,true,true,true,5.5532,0,0,0,142,0,true,0,true,0,true
S2b,true,14,M1_distance,true,,4,2.2619,1.074,0.745;0.886;1.074;1.407;1.655,true,true,true,2.2619,0,0,0,48,0,true,0,true,0,true
S2b,true,14,M2_proposed,true,,4,2.2619,1.299,0.993;1.108;1.299;1.480;1.694,true,true,true,2.2619,0,0,0,48,0,true,0,true,0,true
S2b,true,14,M3_an2025,true,,4,1413.6658,1.017,0.939;0.999;1.017;1.835;2.848,true,true,true,2.2619,0,0,0,48,0,true,0,true,0,true
S2b,true,15,M1_distance,true,,4,3.7294,1.421,0.870;1.112;1.421;1.858;1.993,true,true,true,3.7294,70.866,0.3,236.2,120,0,true,7,false,0,true
S2b,true,15,M2_proposed,true,,4,3.9342,6.838,3.818;6.669;6.838;7.043;7.117,true,true,true,3.9342,0,0,0,87,0,true,0,true,0,true
S2b,true,15,M3_an2025,true,,4,2458.8708,6.444,4.620;4.950;6.444;6.476;7.905,true,true,true,3.9342,0,0,0,87,0,true,0,true,0,true
S2b,true,16,M1_distance,true,,8,1.4535,0.248,0.224;0.240;0.248;0.438;0.539,true,true,true,1.4535,0,0,0,40,0,true,0,true,0,true
S2b,true,16,M2_proposed,true,,8,1.4535,1.129,0.819;0.931;1.129;1.320;1.574,true,true,true,1.4535,0,0,0,40,0,true,0,true,0,true
S2b,true,16,M3_an2025,true,,8,908.45,0.553,0.521;0.536;0.553;0.590;0.659,true,true,true,1.4535,0,0,0,40,0,true,0,true,0,true
S2b,true,17,M1_distance,true,,8,4.4279,1.603,1.314;1.569;1.603;1.836;2.197,true,true,true,4.4279,547.657,0.9,819.7,112,15,false,21,false,15,false
S2b,true,17,M2_proposed,true,,5,4.44,5.359,4.737;5.348;5.359;6.128;7.590,true,true,true,4.44,0,0,0,112,0,true,0,true,0,true
S2b,true,17,M3_an2025,true,,5,2775.0261,4.978,3.702;4.370;4.978;5.355;6.642,true,true,true,4.44,0,0,0,112,0,true,0,true,0,true
S2b,true,18,M1_distance,true,,8,2.343,0.601,0.533;0.549;0.601;0.602;0.869,true,true,true,2.343,32.267,0.3,107.6,62,0,true,5,false,0,true
S2b,true,18,M2_proposed,true,,8,2.5997,2.652,2.058;2.479;2.652;3.072;3.633,true,true,true,2.5997,0,0,0,73,0,true,0,true,0,true
S2b,true,18,M3_an2025,true,,8,1566.4959,2.914,2.382;2.399;2.914;3.056;3.297,true,true,true,2.343,32.267,0.3,107.6,62,0,true,5,false,0,true
S2b,true,19,M1_distance,true,,8,2.0721,0.591,0.411;0.435;0.591;0.611;0.774,true,true,true,2.0721,0,0,0,56,0,true,0,true,0,true
S2b,true,19,M2_proposed,true,,8,2.0721,1.363,1.022;1.342;1.363;1.433;1.596,true,true,true,2.0721,0,0,0,56,0,true,0,true,0,true
S2b,true,19,M3_an2025,true,,8,1295.0529,1.056,0.878;0.956;1.056;1.123;1.940,true,true,true,2.0721,0,0,0,56,0,true,0,true,0,true
S2b,true,20,M1_distance,true,,7,8.4103,1.072,1.017;1.047;1.072;1.668;2.252,true,true,true,8.4103,517.537,0.9,784.5,195,22,false,27,false,22,false
S2b,true,20,M2_proposed,true,,7,8.5508,5.167,3.865;4.678;5.167;6.350;7.125,true,true,true,8.5508,0,0,0,185,0,true,0,true,0,true
S2b,true,20,M3_an2025,true,,7,5344.2388,5.203,4.240;5.116;5.203;6.109;6.192,true,true,true,8.5508,0,0,0,185,0,true,0,true,0,true
S2b,true,21,M1_distance,true,,7,1.5022,0.334,0.286;0.289;0.334;0.460;0.597,true,true,true,1.5022,0,0,0,29,0,true,0,true,0,true
S2b,true,21,M2_proposed,true,,7,1.5022,0.91,0.602;0.821;0.910;1.075;1.144,true,true,true,1.5022,0,0,0,29,0,true,0,true,0,true
S2b,true,21,M3_an2025,true,,7,938.8819,0.952,0.794;0.796;0.952;1.135;1.368,true,true,true,1.5022,0,0,0,29,0,true,0,true,0,true
S2b,true,22,M1_distance,true,,7,2.2373,0.301,0.260;0.274;0.301;0.417;0.557,true,true,true,2.2373,0,0,0,53,0,true,0,true,0,true
S2b,true,22,M2_proposed,true,,7,2.2373,0.669,0.543;0.568;0.669;0.900;1.016,true,true,true,2.2373,0,0,0,53,0,true,0,true,0,true
S2b,true,22,M3_an2025,true,,7,1398.3248,0.525,0.515;0.524;0.525;0.529;0.536,true,true,true,2.2373,0,0,0,53,0,true,0,true,0,true
S2b,true,23,M1_distance,true,,7,5.7136,1.953,1.669;1.883;1.953;2.047;3.046,true,true,true,5.7136,517.537,0.9,784.5,153,22,false,27,false,22,false
S2b,true,23,M2_proposed,true,,7,5.8541,6.302,5.409;5.583;6.302;6.722;7.585,true,true,true,5.8541,0,0,0,143,0,true,0,true,0,true
S2b,true,23,M3_an2025,true,,7,3658.8301,6.985,6.021;6.436;6.985;9.412;9.766,true,true,true,5.8541,0,0,0,143,0,true,0,true,0,true
S2b,true,24,M1_distance,true,,7,3.7965,1.073,0.690;0.733;1.073;1.452;1.955,true,true,true,3.7965,517.537,0.9,784.5,115,22,false,27,false,22,false
S2b,true,24,M2_proposed,true,,7,4.4108,4.283,3.014;4.014;4.283;4.851;5.779,true,true,true,4.4108,0,0,0,138,0,true,0,true,0,true
S2b,true,24,M3_an2025,true,,7,2756.7326,4.385,3.604;3.977;4.385;5.077;5.411,true,true,true,4.4108,0,0,0,138,0,true,0,true,0,true
S2b,true,25,M1_distance,true,,5,2.019,0.615,0.587;0.591;0.615;0.994;1.277,true,true,true,2.019,0,0,0,67,0,true,0,true,0,true
S2b,true,25,M2_proposed,true,,5,2.019,1.564,1.365;1.489;1.564;2.098;2.398,true,true,true,2.019,0,0,0,67,0,true,0,true,0,true
S2b,true,25,M3_an2025,true,,5,1261.8741,1.887,1.355;1.630;1.887;2.272;2.722,true,true,true,2.019,0,0,0,67,0,true,0,true,0,true
S2b,true,26,M1_distance,true,,5,1.0687,0.095,0.084;0.090;0.095;0.103;0.150,true,true,true,1.0687,0,0,0,33,0,true,0,true,0,true
S2b,true,26,M2_proposed,true,,5,1.0687,0.176,0.166;0.172;0.176;0.231;0.261,true,true,true,1.0687,0,0,0,33,0,true,0,true,0,true
S2b,true,26,M3_an2025,true,,5,667.9141,0.17,0.165;0.165;0.170;0.173;0.180,true,true,true,1.0687,0,0,0,33,0,true,0,true,0,true
S2b,true,27,M1_distance,true,,3,2.187,0.271,0.214;0.237;0.271;0.437;0.606,true,true,true,2.187,310.916,0.9,495.3,54,10,false,15,false,10,false
S2b,true,27,M2_proposed,true,,5,2.8807,0.765,0.596;0.652;0.765;1.089;1.524,true,true,true,2.8807,0,0,0,92,0,true,0,true,0,true
S2b,true,27,M3_an2025,true,,5,1800.4065,0.682,0.609;0.669;0.682;0.724;1.134,true,true,true,2.8807,0,0,0,92,0,true,0,true,0,true
S2b,true,28,M1_distance,true,,7,3.3577,1.955,1.293;1.713;1.955;2.399;2.624,true,true,true,3.3577,251.523,0.9,393.6,94,11,false,18,false,11,false
S2b,true,28,M2_proposed,true,,7,3.6245,6.271,5.424;5.821;6.271;6.505;7.391,true,true,true,3.6245,0,0,0,97,0,true,0,true,0,true
S2b,true,28,M3_an2025,true,,7,2265.2882,6.321,5.304;5.453;6.321;6.474;7.731,true,true,true,3.6245,0,0,0,97,0,true,0,true,0,true
S2b,true,29,M1_distance,true,,7,5.5354,0.938,0.879;0.883;0.938;1.315;1.741,true,true,true,5.5354,529.249,0.9,797.8,143,17,false,22,false,17,false
S2b,true,29,M2_proposed,true,,7,6.0363,5.744,4.649;5.658;5.744;6.870;8.246,true,true,true,6.0363,0,0,0,179,0,true,0,true,0,true
S2b,true,29,M3_an2025,true,,7,3772.7003,7.401,5.751;6.568;7.401;7.773;8.943,true,true,true,6.0363,0,0,0,179,0,true,0,true,0,true
S2b,true,30,M1_distance,true,,3,2.6793,0.831,0.737;0.759;0.831;1.226;1.641,true,true,true,2.6793,264.306,0.9,384.7,63,9,false,11,false,9,false
S2b,true,30,M2_proposed,true,,5,3.5991,6.035,5.284;5.487;6.035;6.334;7.366,true,true,true,3.5991,0,0,0,112,0,true,0,true,0,true
S2b,true,30,M3_an2025,true,,5,2249.4295,5.966,4.780;5.158;5.966;6.909;7.751,true,true,true,3.5991,0,0,0,112,0,true,0,true,0,true
S2b,true,31,M1_distance,true,,7,3.5175,0.663,0.629;0.637;0.663;0.882;1.051,true,true,true,3.5175,529.249,0.9,797.8,76,17,false,22,false,17,false
S2b,true,31,M2_proposed,true,,7,4.0185,3.387,2.079;2.411;3.387;3.935;4.486,true,true,true,4.0185,0,0,0,112,0,true,0,true,0,true
S2b,true,31,M3_an2025,true,,7,2511.5496,2.139,1.923;2.034;2.139;3.165;4.092,true,true,true,4.0185,0,0,0,112,0,true,0,true,0,true
S2b,true,32,M1_distance,true,,3,1.5916,0.131,0.124;0.125;0.131;0.193;0.270,true,true,true,1.5916,295.76,0.9,430.1,36,9,false,10,false,9,false
S2b,true,32,M2_proposed,true,,5,4.5892,3.933,2.537;2.982;3.933;3.944;5.464,true,true,true,4.5892,0,0,0,122,0,true,0,true,0,true
S2b,true,32,M3_an2025,true,,5,2868.2637,4.426,3.077;3.684;4.426;5.396;5.600,true,true,true,4.5892,0,0,0,122,0,true,0,true,0,true
S2b,true,33,M1_distance,true,,7,2.2529,0.439,0.274;0.326;0.439;0.677;1.011,true,true,true,2.2529,258.816,0.9,393,64,11,false,13,false,11,false
S2b,true,33,M2_proposed,true,,7,2.3876,0.688,0.572;0.582;0.688;0.995;1.238,true,true,true,2.3876,0,0,0,73,0,true,0,true,0,true
S2b,true,33,M3_an2025,true,,7,1492.2335,0.589,0.576;0.580;0.589;0.598;0.603,true,true,true,2.3876,0,0,0,73,0,true,0,true,0,true
S2b,true,34,M1_distance,true,,7,1.9227,0.6,0.304;0.442;0.600;0.791;0.814,true,true,true,1.9227,251.523,0.9,393.6,61,11,false,18,false,11,false
S2b,true,34,M2_proposed,true,,7,2.2871,0.99,0.788;0.898;0.990;1.478;1.739,true,true,true,2.2871,0,0,0,64,0,true,0,true,0,true
S2b,true,34,M3_an2025,true,,7,1429.4643,0.719,0.702;0.707;0.719;0.731;0.749,true,true,true,2.2871,0,0,0,64,0,true,0,true,0,true
S2b,true,35,M1_distance,true,,7,3.6916,0.475,0.449;0.468;0.475;0.487;0.540,true,true,true,3.6916,0,0,0,130,0,true,0,true,0,true
S2b,true,35,M2_proposed,true,,7,3.6916,1.808,1.327;1.392;1.808;2.352;2.730,true,true,true,3.6916,0,0,0,130,0,true,0,true,0,true
S2b,true,35,M3_an2025,true,,7,2307.273,0.737,0.724;0.732;0.737;0.818;0.882,true,true,true,3.6916,0,0,0,130,0,true,0,true,0,true
S2b,true,36,M1_distance,true,,7,4.5516,0.587,0.503;0.521;0.587;0.766;0.843,true,true,true,4.5516,529.249,0.9,797.8,97,17,false,22,false,17,false
S2b,true,36,M2_proposed,true,,7,4.9758,1.59,1.293;1.353;1.590;2.539;3.490,true,true,true,4.9758,0,0,0,130,0,true,0,true,0,true
S2b,true,36,M3_an2025,true,,7,3109.8486,1.742,1.529;1.636;1.742;2.907;3.529,true,true,true,4.9758,0,0,0,130,0,true,0,true,0,true
S2b,true,37,M1_distance,true,,7,3.7026,0.374,0.351;0.360;0.374;0.452;0.572,true,true,true,3.7026,258.816,0.9,393,105,11,false,13,false,11,false
S2b,true,37,M2_proposed,true,,7,3.8372,0.946,0.883;0.891;0.946;1.240;1.281,true,true,true,3.8372,0,0,0,114,0,true,0,true,0,true
S2b,true,37,M3_an2025,true,,7,2398.2636,2.602,0.997;2.234;2.602;2.680;3.197,true,true,true,3.8372,0,0,0,114,0,true,0,true,0,true
S2b,true,38,M1_distance,true,,7,4.8669,2.029,1.362;1.617;2.029;2.180;2.280,true,true,true,4.8669,251.523,0.9,393.6,156,11,false,18,false,11,false
S2b,true,38,M2_proposed,true,,7,5.2587,6.345,5.708;6.271;6.345;7.912;9.295,true,true,true,5.2587,0,0,0,160,0,true,0,true,0,true
S2b,true,38,M3_an2025,true,,7,3286.7068,7.55,6.455;6.756;7.550;8.082;8.341,true,true,true,5.2587,0,0,0,160,0,true,0,true,0,true
S2b,true,39,M1_distance,true,,3,3.8945,0.513,0.362;0.398;0.513;0.758;1.251,true,true,true,3.8945,295.76,0.9,430.1,101,9,false,10,false,9,false
S2b,true,39,M2_proposed,true,,5,6.797,7.577,5.286;6.417;7.577;7.887;8.647,true,true,true,6.797,0,0,0,219,0,true,0,true,0,true
S2b,true,39,M3_an2025,true,,5,4248.1536,6.615,6.027;6.511;6.615;7.913;7.936,true,true,true,6.797,0,0,0,219,0,true,0,true,0,true
S2b,true,40,M1_distance,true,,3,4.2719,1.421,1.011;1.176;1.421;1.847;2.413,true,true,true,4.2719,264.306,0.9,384.7,97,9,false,11,false,9,false
S2b,true,40,M2_proposed,true,,5,5.3931,5.212,4.564;5.179;5.212;5.551;7.529,true,true,true,5.3931,0,0,0,129,0,true,0,true,0,true
S2b,true,40,M3_an2025,true,,5,3370.7076,5.919,4.550;5.311;5.919;7.770;8.851,true,true,true,5.3931,0,0,0,129,0,true,0,true,0,true
S4b,true,1,M1_distance,true,,9,3.5648,0.208,0.163;0.177;0.208;0.306;0.424,true,true,true,3.5648,0,0,0,146,0,true,0,true,0,true
S4b,true,1,M2_proposed,true,,9,3.5648,0.454,0.318;0.406;0.454;0.551;0.779,true,true,true,3.5648,0,0,0,146,0,true,0,true,0,true
S4b,true,1,M3_an2025,true,,9,2228.011,0.327,0.300;0.319;0.327;0.333;0.344,true,true,true,3.5648,0,0,0,146,0,true,0,true,0,true
S4b,true,2,M1_distance,true,,4,4.4419,0.897,0.797;0.824;0.897;1.339;1.510,true,true,true,4.4419,0,0,0,137,0,true,0,true,0,true
S4b,true,2,M2_proposed,true,,4,4.4419,3.768,3.326;3.647;3.768;5.229;5.474,true,true,true,4.4419,0,0,0,137,0,true,0,true,0,true
S4b,true,2,M3_an2025,true,,4,2776.1665,3.906,3.179;3.217;3.906;4.472;4.737,true,true,true,4.4419,0,0,0,137,0,true,0,true,0,true
S4b,true,3,M1_distance,true,,9,2.6507,0.648,0.438;0.560;0.648;0.866;0.981,false,false,false,2.6507,220.803,0.9,245.3,96,12,false,12,false,12,false
S4b,true,3,M2_proposed,false,FLOOD_ISOLATION,,,0.06,0.056;0.057;0.060;0.060;0.090,false,false,false,,,,,,,false,,false,,false
S4b,true,3,M3_an2025,false,FLOOD_ISOLATION,,,0.066,0.063;0.064;0.066;0.069;0.074,false,false,false,,,,,,,false,,false,,false
S4b,true,4,M1_distance,true,,4,4.3464,1.237,0.793;0.858;1.237;1.835;2.096,true,true,true,4.3464,0,0,0,137,0,true,0,true,0,true
S4b,true,4,M2_proposed,true,,4,4.3464,3.021,2.722;2.834;3.021;3.069;3.865,true,true,true,4.3464,0,0,0,137,0,true,0,true,0,true
S4b,true,4,M3_an2025,true,,4,2716.4774,2.975,2.540;2.912;2.975;3.221;4.526,true,true,true,4.3464,0,0,0,137,0,true,0,true,0,true
S4b,true,5,M1_distance,true,,4,4.4419,1.042,0.861;0.890;1.042;1.099;1.343,true,true,true,4.4419,0,0,0,161,0,true,0,true,0,true
S4b,true,5,M2_proposed,true,,4,4.4419,4.94,2.959;4.471;4.940;5.149;5.728,true,true,true,4.4419,0,0,0,161,0,true,0,true,0,true
S4b,true,5,M3_an2025,true,,4,2776.1729,1.589,1.384;1.478;1.589;1.892;2.639,true,true,true,4.4419,0,0,0,161,0,true,0,true,0,true
S4b,true,6,M1_distance,true,,4,0.7045,0.098,0.058;0.079;0.098;0.102;0.106,true,true,true,0.7045,0,0,0,21,0,true,0,true,0,true
S4b,true,6,M2_proposed,true,,4,0.7045,0.092,0.067;0.077;0.092;0.096;0.097,true,true,true,0.7045,0,0,0,21,0,true,0,true,0,true
S4b,true,6,M3_an2025,true,,4,440.3096,0.09,0.079;0.080;0.090;0.094;0.096,true,true,true,0.7045,0,0,0,21,0,true,0,true,0,true
S4b,true,7,M1_distance,true,,8,2.4584,0.463,0.313;0.414;0.463;0.674;1.173,true,true,true,2.4584,0,0,0,57,0,true,0,true,0,true
S4b,true,7,M2_proposed,true,,8,2.4584,0.833,0.768;0.821;0.833;1.103;1.380,true,true,true,2.4584,0,0,0,57,0,true,0,true,0,true
S4b,true,7,M3_an2025,true,,8,1536.5146,0.727,0.702;0.724;0.727;0.763;0.783,true,true,true,2.4584,0,0,0,57,0,true,0,true,0,true
S4b,true,8,M1_distance,true,,4,2.2256,0.863,0.818;0.832;0.863;0.868;1.414,true,true,true,2.2256,0,0,0,73,0,true,0,true,0,true
S4b,true,8,M2_proposed,true,,4,2.2256,0.958,0.803;0.805;0.958;1.376;1.857,true,true,true,2.2256,0,0,0,73,0,true,0,true,0,true
S4b,true,8,M3_an2025,true,,4,1391.0177,0.712,0.708;0.708;0.712;0.725;0.736,true,true,true,2.2256,0,0,0,73,0,true,0,true,0,true
S4b,true,9,M1_distance,true,,8,2.2269,0.33,0.307;0.307;0.330;0.571;0.689,true,true,true,2.2269,0,0,0,72,0,true,0,true,0,true
S4b,true,9,M2_proposed,true,,8,2.2269,1.173,0.986;1.120;1.173;1.564;2.242,true,true,true,2.2269,0,0,0,72,0,true,0,true,0,true
S4b,true,9,M3_an2025,true,,8,1391.816,0.649,0.617;0.623;0.649;0.719;0.882,true,true,true,2.2269,0,0,0,72,0,true,0,true,0,true
S4b,true,10,M1_distance,true,,9,0.7573,0.168,0.079;0.150;0.168;0.168;0.172,false,false,false,0.7573,294.514,0.9,327.2,21,4,false,4,false,4,false
S4b,true,10,M2_proposed,false,FLOOD_ISOLATION,,,0.153,0.047;0.148;0.153;0.163;0.420,false,false,false,,,,,,,false,,false,,false
S4b,true,10,M3_an2025,false,FLOOD_ISOLATION,,,0.046,0.044;0.044;0.046;0.048;0.050,false,false,false,,,,,,,false,,false,,false
S4b,true,11,M1_distance,true,,4,5.077,0.545,0.401;0.425;0.545;0.748;0.810,true,true,true,5.077,0,0,0,158,0,true,0,true,0,true
S4b,true,11,M2_proposed,true,,4,5.077,1.448,0.822;0.948;1.448;2.141;2.666,true,true,true,5.077,0,0,0,158,0,true,0,true,0,true
S4b,true,11,M3_an2025,true,,4,3173.1187,0.761,0.739;0.757;0.761;0.795;0.795,true,true,true,5.077,0,0,0,158,0,true,0,true,0,true
S4b,true,12,M1_distance,true,,8,4.8102,1.071,0.770;0.963;1.071;1.173;1.598,true,true,true,4.8102,0,0,0,132,0,true,0,true,0,true
S4b,true,12,M2_proposed,true,,8,4.8102,2.468,2.029;2.054;2.468;3.269;4.189,true,true,true,4.8102,0,0,0,132,0,true,0,true,0,true
S4b,true,12,M3_an2025,true,,8,3006.3933,2.864,2.174;2.174;2.864;4.057;5.295,true,true,true,4.8102,0,0,0,132,0,true,0,true,0,true
S4b,true,13,M1_distance,true,,4,5.3483,0.734,0.690;0.694;0.734;1.133;1.442,true,true,true,5.3483,0,0,0,175,0,true,0,true,0,true
S4b,true,13,M2_proposed,true,,4,5.3483,2.628,1.679;2.226;2.628;3.084;3.447,true,true,true,5.3483,0,0,0,175,0,true,0,true,0,true
S4b,true,13,M3_an2025,true,,4,3342.7153,1.852,1.603;1.764;1.852;2.155;3.326,true,true,true,5.3483,0,0,0,175,0,true,0,true,0,true
S4b,true,14,M1_distance,true,,4,2.2619,0.43,0.324;0.329;0.430;0.507;0.714,true,true,true,2.2619,0,0,0,48,0,true,0,true,0,true
S4b,true,14,M2_proposed,true,,4,2.2619,0.654,0.639;0.653;0.654;1.022;1.377,true,true,true,2.2619,0,0,0,48,0,true,0,true,0,true
S4b,true,14,M3_an2025,true,,4,1413.6658,0.659,0.649;0.657;0.659;0.686;0.703,true,true,true,2.2619,0,0,0,48,0,true,0,true,0,true
S4b,true,15,M1_distance,true,,4,3.7294,2.092,1.309;1.686;2.092;2.152;2.470,true,true,true,3.7294,0,0,0,120,0,true,0,true,0,true
S4b,true,15,M2_proposed,true,,4,3.7294,4.233,3.990;4.206;4.233;5.176;5.183,true,true,true,3.7294,0,0,0,120,0,true,0,true,0,true
S4b,true,15,M3_an2025,true,,4,2330.8504,4.389,4.151;4.269;4.389;4.962;5.246,true,true,true,3.7294,0,0,0,120,0,true,0,true,0,true
S4b,true,16,M1_distance,true,,8,1.4535,0.346,0.238;0.311;0.346;0.447;0.605,true,true,true,1.4535,0,0,0,40,0,true,0,true,0,true
S4b,true,16,M2_proposed,true,,8,1.4535,0.899,0.618;0.779;0.899;0.909;1.023,true,true,true,1.4535,0,0,0,40,0,true,0,true,0,true
S4b,true,16,M3_an2025,true,,8,908.45,0.755,0.562;0.578;0.755;0.763;1.346,true,true,true,1.4535,0,0,0,40,0,true,0,true,0,true
S4b,true,17,M1_distance,true,,8,4.4279,2.249,1.843;1.888;2.249;2.430;2.592,false,false,false,4.4279,176.946,0.9,196.6,112,4,false,4,false,4,false
S4b,true,17,M2_proposed,false,FLOOD_ISOLATION,,,0.095,0.061;0.062;0.095;0.176;0.223,false,false,false,,,,,,,false,,false,,false
S4b,true,17,M3_an2025,false,FLOOD_ISOLATION,,,0.231,0.118;0.201;0.231;0.601;0.759,false,false,false,,,,,,,false,,false,,false
S4b,true,18,M1_distance,true,,8,2.343,0.983,0.691;0.881;0.983;1.139;1.268,true,true,true,2.343,0,0,0,62,0,true,0,true,0,true
S4b,true,18,M2_proposed,true,,8,2.343,2.175,2.121;2.134;2.175;2.398;2.405,true,true,true,2.343,0,0,0,62,0,true,0,true,0,true
S4b,true,18,M3_an2025,true,,8,1464.3497,2.324,1.974;2.094;2.324;2.878;4.082,true,true,true,2.343,0,0,0,62,0,true,0,true,0,true
S4b,true,19,M1_distance,true,,8,2.0721,0.826,0.591;0.757;0.826;0.872;1.011,true,true,true,2.0721,0,0,0,56,0,true,0,true,0,true
S4b,true,19,M2_proposed,true,,8,2.0721,2.332,1.576;2.219;2.332;2.511;2.616,true,true,true,2.0721,0,0,0,56,0,true,0,true,0,true
S4b,true,19,M3_an2025,true,,8,1295.0529,1.627,1.072;1.192;1.627;2.175;2.998,true,true,true,2.0721,0,0,0,56,0,true,0,true,0,true
S4b,true,20,M1_distance,true,,7,8.4103,1.485,1.187;1.205;1.485;1.611;2.032,true,true,true,8.4103,297.345,0.9,330.4,195,6,false,6,false,6,false
S4b,true,20,M2_proposed,true,,7,9.6348,5.215,3.557;4.263;5.215;5.497;6.651,true,true,true,9.6348,0,0,0,272,0,true,0,true,0,true
S4b,true,20,M3_an2025,true,,7,6021.7313,3.923,3.328;3.755;3.923;4.732;5.018,true,true,true,9.6348,0,0,0,272,0,true,0,true,0,true
S4b,true,21,M1_distance,true,,7,1.5022,0.386,0.293;0.322;0.386;0.461;0.587,true,true,true,1.5022,0,0,0,29,0,true,0,true,0,true
S4b,true,21,M2_proposed,true,,7,1.5022,1.042,0.551;0.708;1.042;1.433;1.613,true,true,true,1.5022,0,0,0,29,0,true,0,true,0,true
S4b,true,21,M3_an2025,true,,7,938.8819,0.497,0.480;0.483;0.497;0.503;0.551,true,true,true,1.5022,0,0,0,29,0,true,0,true,0,true
S4b,true,22,M1_distance,true,,7,2.2373,0.276,0.270;0.271;0.276;0.396;0.468,true,true,true,2.2373,0,0,0,53,0,true,0,true,0,true
S4b,true,22,M2_proposed,true,,7,2.2373,0.639,0.613;0.634;0.639;0.955;1.002,true,true,true,2.2373,0,0,0,53,0,true,0,true,0,true
S4b,true,22,M3_an2025,true,,7,1398.3248,0.96,0.595;0.807;0.960;1.259;2.289,true,true,true,2.2373,0,0,0,53,0,true,0,true,0,true
S4b,true,23,M1_distance,true,,7,5.7136,1.004,0.956;0.968;1.004;1.480;1.867,false,false,false,5.7136,344.611,0.9,382.9,153,12,false,12,false,12,false
S4b,true,23,M2_proposed,false,FLOOD_ISOLATION,,,0.039,0.036;0.037;0.039;0.039;0.042,false,false,false,,,,,,,false,,false,,false
S4b,true,23,M3_an2025,false,FLOOD_ISOLATION,,,0.037,0.035;0.036;0.037;0.037;0.039,false,false,false,,,,,,,false,,false,,false
S4b,true,24,M1_distance,true,,7,3.7965,0.639,0.578;0.602;0.639;0.651;0.653,true,true,true,3.7965,0,0,0,115,0,true,0,true,0,true
S4b,true,24,M2_proposed,true,,7,3.7965,2.558,1.247;1.439;2.558;3.300;3.344,true,true,true,3.7965,0,0,0,115,0,true,0,true,0,true
S4b,true,24,M3_an2025,true,,7,2372.8269,1.346,1.288;1.337;1.346;2.179;3.976,true,true,true,3.7965,0,0,0,115,0,true,0,true,0,true
S4b,true,25,M1_distance,true,,5,2.019,1.002,0.565;0.575;1.002;1.181;1.370,true,true,true,2.019,0,0,0,67,0,true,0,true,0,true
S4b,true,25,M2_proposed,true,,5,2.019,2.316,1.398;1.967;2.316;2.360;3.972,true,true,true,2.019,0,0,0,67,0,true,0,true,0,true
S4b,true,25,M3_an2025,true,,5,1261.8741,1.337,1.271;1.319;1.337;1.496;2.049,true,true,true,2.019,0,0,0,67,0,true,0,true,0,true
S4b,true,26,M1_distance,true,,5,1.0687,0.097,0.081;0.088;0.097;0.106;0.152,true,true,true,1.0687,0,0,0,33,0,true,0,true,0,true
S4b,true,26,M2_proposed,true,,5,1.0687,0.298,0.231;0.274;0.298;0.448;1.048,true,true,true,1.0687,0,0,0,33,0,true,0,true,0,true
S4b,true,26,M3_an2025,true,,5,667.9141,0.189,0.179;0.180;0.189;0.196;0.311,true,true,true,1.0687,0,0,0,33,0,true,0,true,0,true
S4b,true,27,M1_distance,true,,3,2.187,0.344,0.224;0.298;0.344;0.353;0.430,true,true,true,2.187,0,0,0,54,0,true,0,true,0,true
S4b,true,27,M2_proposed,true,,3,2.187,0.845,0.643;0.646;0.845;0.952;1.218,true,true,true,2.187,0,0,0,54,0,true,0,true,0,true
S4b,true,27,M3_an2025,true,,3,1366.8864,0.409,0.396;0.398;0.409;0.438;0.448,true,true,true,2.187,0,0,0,54,0,true,0,true,0,true
S4b,true,28,M1_distance,true,,7,3.3577,2.842,1.809;2.112;2.842;2.854;2.927,true,true,true,3.3577,0,0,0,94,0,true,0,true,0,true
S4b,true,28,M2_proposed,true,,7,3.3577,7.983,5.864;5.973;7.983;8.319;9.018,true,true,true,3.3577,0,0,0,94,0,true,0,true,0,true
S4b,true,28,M3_an2025,true,,7,2098.5702,6.767,6.440;6.530;6.767;7.260;7.549,true,true,true,3.3577,0,0,0,94,0,true,0,true,0,true
S4b,true,29,M1_distance,true,,7,5.5354,2.008,1.594;1.646;2.008;2.032;5.020,true,true,true,5.5354,0,0,0,143,0,true,0,true,0,true
S4b,true,29,M2_proposed,true,,7,5.5354,4.753,3.588;3.643;4.753;4.964;6.562,true,true,true,5.5354,0,0,0,143,0,true,0,true,0,true
S4b,true,29,M3_an2025,true,,7,3459.6058,3.306,2.788;3.177;3.306;4.339;4.745,true,true,true,5.5354,0,0,0,143,0,true,0,true,0,true
S4b,true,30,M1_distance,true,,3,2.6793,0.927,0.761;0.864;0.927;1.109;1.378,false,false,false,2.6793,195.845,0.9,217.6,63,12,false,12,false,12,false
S4b,true,30,M2_proposed,false,FLOOD_ISOLATION,,,0.23,0.173;0.219;0.230;0.236;0.281,false,false,false,,,,,,,false,,false,,false
S4b,true,30,M3_an2025,false,FLOOD_ISOLATION,,,0.168,0.143;0.157;0.168;0.175;0.190,false,false,false,,,,,,,false,,false,,false
S4b,true,31,M1_distance,true,,7,3.5175,0.803,0.713;0.719;0.803;1.135;1.747,true,true,true,3.5175,0,0,0,76,0,true,0,true,0,true
S4b,true,31,M2_proposed,true,,7,3.5175,1.479,1.395;1.416;1.479;2.038;2.510,true,true,true,3.5175,0,0,0,76,0,true,0,true,0,true
S4b,true,31,M3_an2025,true,,7,2198.4552,1.304,1.216;1.241;1.304;1.529;2.632,true,true,true,3.5175,0,0,0,76,0,true,0,true,0,true
S4b,true,32,M1_distance,true,,3,1.5916,0.157,0.130;0.143;0.157;0.206;0.270,true,true,true,1.5916,0,0,0,36,0,true,0,true,0,true
S4b,true,32,M2_proposed,true,,3,1.5916,0.507,0.331;0.424;0.507;0.525;0.582,true,true,true,1.5916,0,0,0,36,0,true,0,true,0,true
S4b,true,32,M3_an2025,true,,3,994.7242,0.348,0.263;0.283;0.348;0.425;0.583,true,true,true,1.5916,0,0,0,36,0,true,0,true,0,true
S4b,true,33,M1_distance,true,,7,2.2529,0.373,0.287;0.298;0.373;0.494;0.586,true,true,true,2.2529,0,0,0,64,0,true,0,true,0,true
S4b,true,33,M2_proposed,true,,7,2.2529,0.618,0.559;0.581;0.618;0.968;1.125,true,true,true,2.2529,0,0,0,64,0,true,0,true,0,true
S4b,true,33,M3_an2025,true,,7,1408.0782,0.682,0.567;0.675;0.682;0.684;0.708,true,true,true,2.2529,0,0,0,64,0,true,0,true,0,true
S4b,true,34,M1_distance,true,,7,1.9227,0.524,0.251;0.285;0.524;0.595;1.005,true,true,true,1.9227,0,0,0,61,0,true,0,true,0,true
S4b,true,34,M2_proposed,true,,7,1.9227,1.104,0.529;0.664;1.104;1.296;1.562,true,true,true,1.9227,0,0,0,61,0,true,0,true,0,true
S4b,true,34,M3_an2025,true,,7,1201.6608,0.515,0.510;0.512;0.515;0.524;0.526,true,true,true,1.9227,0,0,0,61,0,true,0,true,0,true
S4b,true,35,M1_distance,true,,7,3.6916,0.396,0.376;0.392;0.396;0.505;0.546,true,true,true,3.6916,0,0,0,130,0,true,0,true,0,true
S4b,true,35,M2_proposed,true,,7,3.6916,0.81,0.691;0.750;0.810;1.075;1.092,true,true,true,3.6916,0,0,0,130,0,true,0,true,0,true
S4b,true,35,M3_an2025,true,,7,2307.273,1.406,0.717;1.174;1.406;1.784;2.213,true,true,true,3.6916,0,0,0,130,0,true,0,true,0,true
S4b,true,36,M1_distance,true,,7,4.5516,0.672,0.641;0.662;0.672;0.794;0.909,true,true,true,4.5516,0,0,0,97,0,true,0,true,0,true
S4b,true,36,M2_proposed,true,,7,4.5516,1.661,1.150;1.575;1.661;1.954;3.309,true,true,true,4.5516,0,0,0,97,0,true,0,true,0,true
S4b,true,36,M3_an2025,true,,7,2844.7278,0.987,0.953;0.971;0.987;1.071;1.548,true,true,true,4.5516,0,0,0,97,0,true,0,true,0,true
S4b,true,37,M1_distance,true,,7,3.7026,0.406,0.353;0.380;0.406;0.427;0.439,false,false,false,3.7026,207.083,0.9,230.1,105,9,false,9,false,9,false
S4b,true,37,M2_proposed,false,FLOOD_ISOLATION,,,0.038,0.035;0.036;0.038;0.041;0.043,false,false,false,,,,,,,false,,false,,false
S4b,true,37,M3_an2025,false,FLOOD_ISOLATION,,,0.04,0.038;0.039;0.040;0.040;0.050,false,false,false,,,,,,,false,,false,,false
S4b,true,38,M1_distance,true,,7,4.8669,1.692,0.976;1.651;1.692;2.410;3.203,true,true,true,4.8669,0,0,0,156,0,true,0,true,0,true
S4b,true,38,M2_proposed,true,,7,4.8669,4.202,3.111;3.660;4.202;5.030;6.101,true,true,true,4.8669,0,0,0,156,0,true,0,true,0,true
S4b,true,38,M3_an2025,true,,7,3041.8264,5.876,4.809;5.798;5.876;5.925;6.437,true,true,true,4.8669,0,0,0,156,0,true,0,true,0,true
S4b,true,39,M1_distance,true,,3,3.8945,0.59,0.404;0.500;0.590;0.836;1.268,true,true,true,3.8945,0,0,0,101,0,true,0,true,0,true
S4b,true,39,M2_proposed,true,,3,3.8945,1.377,0.954;1.044;1.377;1.655;2.608,true,true,true,3.8945,0,0,0,101,0,true,0,true,0,true
S4b,true,39,M3_an2025,true,,3,2434.072,0.706,0.651;0.674;0.706;0.776;0.785,true,true,true,3.8945,0,0,0,101,0,true,0,true,0,true
S4b,true,40,M1_distance,true,,3,4.2719,1.275,0.862;1.091;1.275;1.317;1.856,true,true,true,4.2719,0,0,0,97,0,true,0,true,0,true
S4b,true,40,M2_proposed,true,,3,4.2719,3.104,2.744;2.831;3.104;3.456;3.469,true,true,true,4.2719,0,0,0,97,0,true,0,true,0,true
S4b,true,40,M3_an2025,true,,3,2669.9527,3.328,2.609;2.965;3.328;3.393;3.916,true,true,true,4.2719,0,0,0,97,0,true,0,true,0,true