date,mean_rain_mm,median_rain_mm,n_stations,total_obs,year,month,day_of_year,is_wet_season,rain_3day_avg,rain_7day_avg,rain_cumulative_3day,flood_depth_m
2016-01-01,8.457142857142857,5.0,21,21,2016,1,1,1,8.457142857142857,8.457142857142857,8.457142857142857,0.0
2016-01-02,20.10833333333333,10.35,24,24,2016,1,2,1,14.282738095238095,14.282738095238095,28.56547619047619,0.006452229928792731
2016-01-03,16.012,10.5,25,25,2016,1,3,1,14.85915873015873,14.85915873015873,44.57747619047619,0.008171289094099306
2016-01-04,18.954166666666666,8.1,24,24,2016,1,4,1,18.358166666666666,15.882910714285714,55.0745,0.0
2016-01-05,10.547619047619047,5.0,21,21,2016,1,5,1,15.171261904761904,14.815852380952379,45.51378571428571,0.0
2016-01-06,13.504761904761908,8.0,21,21,2016,1,6,1,14.335515873015872,14.597337301587302,43.006547619047616,0.0
2016-01-07,9.55,5.65,16,16,2016,1,7,1,11.200793650793651,13.876289115646259,33.602380952380955,0.0
2016-01-08,1.1428571428571428,0.0,14,14,2016,1,8,1,8.065873015873017,12.831391156462585,24.19761904761905,0.0
2016-01-09,6.48125,0.75,16,16,2016,1,9,1,5.72470238095238,10.884664965986394,17.17410714285714,0.0
2016-01-10,13.227272727272728,6.75,22,22,2016,1,10,1,6.950459956709956,10.486846784168213,20.85137987012987,0.0
2016-01-11,12.827272727272726,7.35,22,22,2016,1,11,1,10.84526515151515,9.611576221397652,32.53579545454545,0.003323192348840241
2016-01-12,9.5,4.5,20,20,2016,1,12,1,11.85151515151515,9.46191635745207,35.55454545454545,0.0
2016-01-13,13.732,10.0,25,25,2016,1,13,1,12.019757575757573,9.494378942486085,36.05927272727272,0.00855499338835375
2016-01-14,15.13,12.0,20,20,2016,1,14,1,12.787333333333331,10.291521799628942,38.361999999999995,0.0010394285089317392
2016-01-15,6.96,0.0,15,15,2016,1,15,1,11.940666666666665,11.122542207792208,35.821999999999996,0.0
2016-01-16,2.61875,0.0,16,16,2016,1,16,1,8.236249999999998,10.570756493506494,24.708749999999995,0.0014184821479867168
2016-01-17,4.5625,1.75,16,16,2016,1,17,1,4.713749999999998,9.332931818181818,14.141249999999996,0.0
2016-01-18,11.694736842105264,6.7,19,19,2016,1,18,1,6.291995614035087,9.171140977443608,18.87598684210526,0.0
2016-01-19,12.672727272727274,10.0,22,22,2016,1,19,1,9.643321371610845,9.624387730690362,28.929964114832536,0.0
2016-01-20,16.62608695652174,10.5,23,23,2016,1,20,1,13.664517023784759,10.037828724479182,40.993551071354275,0.014370408313409539
2016-01-21,17.219047619047622,12.3,21,21,2016,1,21,1,15.505953949432211,10.336264098628842,46.51786184829663,0.018862042277147228
2016-01-22,11.459090909090907,9.0,22,22,2016,1,22,1,15.101408494886755,10.978991371356114,45.304225484660265,0.0
2016-01-23,7.533333333333333,1.0,15,15,2016,1,23,1,12.070490620490618,11.681074704689449,36.21147186147186,0.00820767619188897
2016-01-24,9.11111111111111,3.0,18,18,2016,1,24,1,9.367845117845116,12.330876291991036,28.10353535353535,0.0
2016-01-25,7.105,2.55,20,20,2016,1,25,1,7.916481481481481,11.67519960026171,23.749444444444443,0.023766746090130363
2016-01-26,1.9,0.0,15,15,2016,1,26,1,6.038703703703703,10.136238561300672,18.11611111111111,0.0
2016-01-27,5.642857142857143,1.5,21,21,2016,1,27,1,4.8826190476190465,8.56720573077716,14.64785714285714,0.00277751173913967
2016-01-28,16.21875,2.0,16,16,2016,1,28,1,7.9205357142857125,8.424306070913213,23.761607142857137,0.032332806806112384
2016-01-29,4.7,0.0,15,15,2016,1,29,1,8.853869047619046,7.458721655328797,26.561607142857138,0.01792040188315923
2016-01-30,3.28125,0.0,16,16,2016,1,30,1,8.066666666666665,6.851281179138321,24.199999999999996,0.0
2016-01-31,4.542105263157895,1.5,19,19,2016,1,31,1,4.174451754385964,6.1985660580021475,12.523355263157892,0.00826455844793324
2016-02-01,5.979166666666667,4.25,24,24,2016,2,32,1,4.600840643274853,6.037732724668815,13.802521929824557,0.0
2016-02-02,9.75,4.0,22,22,2016,2,33,1,6.757090643274853,7.159161296097387,20.271271929824557,0.0
2016-02-03,17.55263157894737,14.0,19,19,2016,2,34,1,11.09393274853801,8.860557644110276,33.281798245614034,0.013501913999879177
2016-02-04,6.204545454545454,2.75,22,22,2016,2,35,1,11.169059011164274,7.4299569947596265,33.50717703349282,0.0
2016-02-05,5.216666666666667,4.0,24,24,2016,2,36,1,9.657947900053163,7.50376651856915,28.973843700159488,0.014737446935782293
2016-02-06,10.165217391304347,1.5,23,23,2016,2,37,1,7.195476504172155,8.487190431612628,21.586429512516464,0.0
2016-02-07,21.19047619047619,20.0,21,21,2016,2,38,1,12.190786749482399,10.865529135515242,36.5723602484472,0.0
2016-02-08,21.98076923076923,19.0,26,26,2016,2,39,1,17.77882093751659,13.151472358958463,53.33646281254976,0.0
2016-02-09,21.730434782608697,14.0,23,23,2016,2,40,1,21.633893401284706,14.862963042188278,64.90168020385411,0.021163104577943407
2016-02-10,17.43913043478261,16.5,23,23,2016,2,41,1,20.38344481605351,14.846748593021886,61.150334448160535,0.0
2016-02-11,16.40740740740741,16.5,27,27,2016,2,42,1,18.52565754159957,16.30430030057359,55.576972624798714,0.0
2016-02-12,10.956521739130435,5.5,23,23,2016,2,43,1,14.934353193773484,17.124279596639845,44.803059581320454,0.0
2016-02-13,8.26,7.0,25,25,2016,2,44,1,11.874643048845947,16.852105683596367,35.62392914653784,0.003365252327404989
2016-02-14,13.294999999999998,12.0,20,20,2016,2,45,1,10.837173913043477,15.72418051352834,32.51152173913043,0.0
2016-02-15,14.318181818181818,5.25,22,22,2016,2,46,1,11.95772727272727,14.629525168872997,35.87318181818181,0.0
2016-02-16,6.7714285714285705,1.0,21,21,2016,2,47,1,11.461536796536796,12.492524281561549,34.38461038961039,0.009097750697161558
2016-02-17,8.28695652173913,5.0,23,23,2016,2,48,1,9.792188970449837,11.18507086541248,29.376566911349514,0.0
2016-02-18,3.8333333333333335,1.5,18,18,2016,2,49,1,6.297239475500343,9.388774569116183,18.89171842650103,0.018637534852423455
2016-02-19,4.642105263157895,0.0,19,19,2016,2,50,1,5.587465039410119,8.486715072548678,16.762395118230355,0.006178188449410727
2016-02-20,7.9,0.0,20,20,2016,2,51,1,5.458479532163742,8.435286501120107,16.375438596491225,0.0
2016-02-21,19.145454545454545,17.75,22,22,2016,2,52,1,10.562519936204145,9.271065721899328,31.687559808612434,0.018058985406914557
2016-02-22,20.29583333333333,17.25,24,24,2016,2,53,1,15.780429292929291,10.125015938349543,47.341287878787874,0.0
2016-02-23,31.872727272727275,28.75,22,22,2016,2,54,1,23.771338383838383,13.710915752820785,71.31401515151515,0.0
2016-02-24,22.93636363636364,10.75,22,22,2016,2,55,1,25.03497474747475,15.803688197767144,75.10492424242425,0.024242136422312797
2016-02-25,19.194117647058825,7.0,17,17,2016,2,56,1,24.667736185383244,17.99808595687079,74.00320855614973,0.0
2016-02-26,9.008695652173913,5.0,23,23,2016,2,57,1,17.046392311865457,18.621884583873076,51.13917693559637,0.003861722228179029
2016-02-27,21.90909090909091,11.5,22,22,2016,2,58,1,16.703968069441213,20.62318328517178,50.111904208323644,0.018517556412305538
2016-02-28,22.463636363636365,15.6,22,22,2016,2,59,1,17.79380764163373,21.09720925919775,53.38142292490119,0.0
2016-02-29,6.094736842105263,2.0,19,19,2016,2,60,1,16.822488038277513,19.068481189022314,50.46746411483254,0.004487961166198169
2016-03-01,7.2956521739130435,2.0,23,23,2016,3,61,1,11.951341793218221,15.55747046062028,35.854025379654665,0.0
2016-03-02,6.252173913043479,2.5,23,23,2016,3,62,1,6.547520976353927,13.174014785860255,19.642562929061782,0.0
2016-03-03,3.8125,2.5,16,16,2016,3,63,1,5.786775362318839,10.976640836280424,17.36032608695652,0.0
2016-03-04,13.204761904761906,7.0,21,21,2016,3,64,1,7.7564786059351265,11.576078872364423,23.26943581780538,0.032066864723357506
2016-03-05,23.1,14.5,25,25,2016,3,65,1,13.372420634920635,11.746208742494295,40.117261904761904,0.0
2016-03-06,22.704545454545453,13.0,22,22,2016,3,66,1,19.669769119769118,11.780624326909876,59.00930735930736,0.0
2016-03-07,25.30909090909091,11.85,22,22,2016,3,67,1,23.704545454545453,14.52553205076497,71.11363636363636,0.0
2016-03-08,18.034782608695654,12.2,23,23,2016,3,68,1,22.016139657444004,16.0596935414482,66.04841897233202,0.02488697384826042
2016-03-09,16.94090909090909,12.75,22,22,2016,3,69,1,20.094927536231882,17.586655709714716,60.28478260869565,0.0027378134934104184
2016-03-10,13.617647058823527,5.0,17,17,2016,3,70,1,16.197779586142754,18.987391003832364,48.59333875842827,0.03714528482838209
2016-03-11,11.545833333333334,9.0,24,24,2016,3,71,1,14.034796494355318,18.750401207913995,42.10438948306595,0.00397686169254441
2016-03-12,21.217391304347824,12.0,23,23,2016,3,72,1,15.46029056550156,18.481457108535114,46.380871696504684,0.0
2016-03-13,33.064,22.5,25,25,2016,3,73,1,21.942408212560384,19.96137918645719,65.82722463768116,0.014429143105923761
2016-03-14,10.813636363636364,7.75,22,22,2016,3,74,1,21.698342555994728,17.89059996567797,65.09502766798418,0.005232025894452456
2016-03-15,18.81904761904762,8.5,21,21,2016,3,75,1,20.89889466089466,18.00263782429968,62.69668398268398,0.010462735019575014
2016-03-16,26.13684210526316,10.0,19,19,2016,3,76,1,18.589842029315715,19.316342540635976,55.76952608794714,0.0
2016-03-17,11.1,4.0,19,19,2016,3,77,1,18.68529657477026,18.95667867508976,56.055889724310774,0.01747677387752057
2016-03-18,26.490476190476187,10.0,21,21,2016,3,78,1,21.242439431913112,21.091627654681595,63.72731829573934,0.0
2016-03-19,5.468421052631579,3.0,19,19,2016,3,79,1,14.352965747702585,18.841774761579273,43.05889724310776,0.021225620112846084
2016-03-20,9.452380952380953,7.0,21,21,2016,3,80,1,13.803759398496238,15.468686326205125,41.41127819548871,0.0
2016-03-21,7.433333333333334,3.0,15,15,2016,3,81,1,7.451378446115286,14.98578589330469,22.35413533834586,0.0
2016-03-22,17.4,9.25,20,20,2016,3,82,1,11.428571428571425,14.783064804869316,34.28571428571428,0.0
2016-03-23,15.143478260869566,8.5,23,23,2016,3,83,1,13.325603864734298,13.212584255670231,39.97681159420289,0.00929549392590083
2016-03-24,12.994736842105263,14.5,19,19,2016,3,84,1,15.179405034324942,13.483260947399556,45.538215102974824,0.013872886873119161
2016-03-25,15.58695652173913,11.0,23,23,2016,3,85,1,14.575057208237984,11.925615280437118,43.72517162471395,0.0
2016-03-26,16.33157894736842,11.0,19,19,2016,3,86,1,14.971090770404269,13.477494979685238,44.91327231121281,0.012299473218428184
2016-03-27,5.62,3.5,20,20,2016,3,87,1,12.512845156369181,12.930011986487958,37.53853546910754,0.0016111132390185202
2016-03-28,13.845454545454546,7.0,22,22,2016,3,88,1,11.932344497607652,13.846029302505274,35.797033492822955,0.029251660565024196
2016-03-29,25.91428571428572,16.0,21,21,2016,3,89,1,15.126580086580086,15.062355833117522,45.37974025974026,0.0006527305187180093
2016-03-30,13.46875,8.5,16,16,2016,3,90,1,17.742830086580085,14.823108938707582,53.228490259740255,0.0
2016-03-31,7.213333333333334,6.0,15,15,2016,3,91,1,15.532123015873017,13.997194151740164,46.59636904761905,0.007821305103299004
2016-04-01,15.405,11.9,20,20,2016,4,92,0,12.029027777777776,13.971200362920289,36.087083333333325,0.0
2016-04-02,16.343478260869563,11.0,23,23,2016,4,93,0,12.987270531400961,13.972900264849022,38.961811594202885,0.0
2016-04-03,16.36111111111111,12.5,18,18,2016,4,94,0,16.03652979066022,15.507344709293468,48.10958937198066,0.0
2016-04-04,11.0625,11.0,16,16,2016,4,95,0,14.58902979066022,15.109779774228533,43.76708937198066,0.011073664064413059
2016-04-05,12.833333333333334,10.0,15,15,2016,4,96,0,13.41898148148148,13.241072291235335,40.256944444444436,0.0
2016-04-06,21.625,10.5,20,20,2016,4,97,0,15.173611111111109,14.406250862663907,45.52083333333333,0.028661560315813014
2016-04-07,13.677777777777775,5.5,18,18,2016,4,98,0,16.045370370370367,15.32974292615597,48.1361111111111,0.0
2016-04-08,8.415384615384616,10.0,13,13,2016,4,99,0,14.572720797720793,14.331226442639485,43.71816239316238,0.0
2016-04-09,15.994117647058822,14.0,17,17,2016,4,100,0,12.695760013407067,14.281317783523665,38.0872800402212,0.0
2016-04-10,18.6625,11.65,16,16,2016,4,101,0,14.357334087481142,14.610087624793506,43.072002262443426,0.011422610532343377
2016-04-11,13.461538461538462,4.0,13,13,2016,4,102,0,16.039385369532422,14.952807405013287,48.11815610859727,0.006840637065101176
2016-04-12,22.358823529411765,12.4,17,17,2016,4,103,0,18.160953996983405,16.313591718738778,54.48286199095021,0.02755457150529791
2016-04-13,22.375,17.0,24,24,2016,4,104,0,19.398453996983406,16.420734575881635,58.19536199095022,0.007814751692124085
2016-04-14,16.66,8.5,15,15,2016,4,105,0,20.464607843137248,16.846766321913382,61.39382352941175,0.0
2016-04-15,13.678947368421053,7.0,19,19,2016,4,106,0,17.57131578947368,17.598703858061445,52.71394736842104,0.0
2016-04-16,8.666666666666666,5.0,18,18,2016,4,107,0,13.001871345029235,16.55192514657685,39.0056140350877,0.0006372528548844463
2016-04-17,11.423076923076923,7.0,13,13,2016,4,108,0,11.256230319388209,15.517721849873553,33.768690958164626,0.00011683708711935361
2016-04-18,12.233333333333333,6.4,15,15,2016,4,109,0,10.77435897435897,15.342263974415676,32.32307692307691,0.0
2016-04-19,18.410526315789475,10.0,19,19,2016,4,110,0,14.02231219073324,14.778221515326779,42.06693657219972,0.0
2016-04-20,15.357142857142858,10.5,21,21,2016,4,111,0,15.33366750208855,13.775670494918614,46.00100250626565,0.0
2016-04-21,18.32307692307692,7.5,13,13,2016,4,112,0,17.363582032003077,14.013252912501033,52.090746096009234,0.0
2016-04-22,2.25,0.0,8,8,2016,4,113,0,11.976739926739919,12.38054614558374,35.93021978021976,0.0
2016-04-23,1.75,0.0,10,10,2016,4,114,0,7.441025641025635,11.3924509074885,22.323076923076904,0.0
2016-04-24,1.0,0.0,7,7,2016,4,115,0,1.6666666666666619,9.903439918477513,4.999999999999986,0.0
2016-04-25,7.9,8.75,10,10,2016,4,116,0,3.5499999999999954,9.284392299429895,10.649999999999986,0.02073552830442119
2016-04-26,10.925,8.75,12,12,2016,4,117,0,6.60833333333333,8.215031397174254,19.82499999999999,0.032574138359474876
2016-04-27,20.24117647058824,22.0,17,17,2016,4,118,0,13.022058823529408,8.912750484809308,39.066176470588225,0.0
2016-04-28,22.735,26.0,20,20,2016,4,119,0,17.96705882352941,9.543025210084036,53.901176470588226,0.01530844639964832
2016-04-29,10.6125,10.0,16,16,2016,4,120,0,17.862892156862742,10.737668067226892,53.588676470588226,0.018025304090746916
2016-04-30,9.94090909090909,5.75,22,22,2016,4,121,0,14.429469696969692,11.907797937356762,43.28840909090908,0.0005375065920363226
2016-05-01,5.946153846153846,1.5,13,13,2016,5,122,0,8.83318764568764,12.61439134395017,26.499562937062922,0.002849841923865629
2016-05-02,5.576923076923077,1.5,13,13,2016,5,123,0,7.154662004662,12.282523212082035,21.463986013986,0.03965522167405929
2016-05-03,12.845,9.75,20,20,2016,5,124,0,8.122692307692303,12.55680892636775,24.36807692307691,0.004087430570044032
2016-05-04,6.909090909090909,5.0,11,11,2016,5,125,0,8.443671328671325,10.652225274725273,25.331013986013975,0.013146160296639753
2016-05-05,19.666666666666668,1.0,9,9,2016,5,126,0,13.14025252525252,10.21389194139194,39.42075757575756,0.0
2016-05-06,8.863636363636363,1.5,11,11,2016,5,127,0,11.813131313131308,9.96405427905428,35.43939393939392,0.014826143545191807
2016-05-07,9.78,5.0,15,15,2016,5,128,0,12.770101010101007,9.941067266067266,38.31030303030302,0.022474947104935594
2016-05-08,9.9,6.0,15,15,2016,5,129,0,9.51454545454545,10.50590243090243,28.54363636363635,0.012143101710598472
2016-05-09,14.715,11.5,20,20,2016,5,130,0,11.464999999999995,11.811341991341992,34.39499999999998,0.008258019364188737
2016-05-10,16.653846153846153,8.5,13,13,2016,5,131,0,13.756282051282048,12.355462870462869,41.26884615384614,0.026727199860675427
2016-05-11,4.181818181818182,1.0,11,11,2016,5,132,0,11.850221445221441,11.96585248085248,35.55066433566432,0.028912959081898736
2016-05-12,6.46875,3.25,16,16,2016,5,133,0,9.10147144522144,10.080435814185815,27.30441433566432,0.020692296176843216
2016-05-13,9.035,6.1,20,20,2016,5,134,0,6.561856060606057,10.104916333666333,19.68556818181817,0.0
2016-05-14,2.75,0.5,10,10,2016,5,135,0,6.084583333333328,9.10063061938062,18.253749999999986,0.029543982814662383
2016-05-15,5.9,4.0,15,15,2016,5,136,0,5.894999999999996,8.529202047952047,17.684999999999988,0.010330247204548176
2016-05-16,16.442105263157895,15.0,19,19,2016,5,137,0,8.364035087719293,8.775931371260318,25.09210526315788,0.012445503002612634
2016-05-17,15.4,7.5,15,15,2016,5,138,0,12.580701754385961,8.59681049213944,37.74210526315788,0.0
2016-05-18,17.685714285714287,23.25,14,14,2016,5,139,0,16.50927318295739,10.52593850698174,49.527819548872166,0.0
2016-05-19,6.5,0.0,9,9,2016,5,140,0,13.19523809523809,10.530402792696025,39.58571428571427,0.0
2016-05-20,5.730769230769231,1.5,13,13,2016,5,141,0,9.972161172161167,10.05836982566306,29.9164835164835,0.0
2016-05-21,10.593333333333334,6.0,15,15,2016,5,142,0,7.608034188034181,11.17884601613925,22.824102564102542,0.016916840385732226
2016-05-22,18.41904761904762,15.0,21,21,2016,5,143,0,11.581050061050055,12.967281390288909,34.74315018315016,0.0
2016-05-23,24.766666666666666,14.75,18,18,2016,5,144,0,17.9263492063492,14.156504447933019,53.7790476190476,0.0
2016-05-24,14.955000000000002,8.0,20,20,2016,5,145,0,19.380238095238088,14.092933019361592,58.14071428571427,0.0
2016-05-25,10.44285714285714,7.75,14,14,2016,5,146,0,16.72150793650793,13.058239141810573,50.164523809523786,0.0037794283905103446
2016-05-26,5.4,2.5,10,10,2016,5,147,0,10.265952380952372,12.901096284667714,30.79785714285712,0.0
2016-05-27,4.5,0.0,10,10,2016,5,148,0,6.780952380952374,12.725272108843537,20.34285714285712,0.0
2016-05-28,1.8333333333333333,0.0,6,6,2016,5,149,0,3.9111111111111043,11.473843537414965,11.733333333333313,0.0
2016-05-29,5.913333333333333,5.5,15,15,2016,5,150,0,4.082222222222215,9.687312925170067,12.246666666666645,0.015623523655891399
2016-05-30,14.88888888888889,6.75,18,18,2016,5,151,0,7.545185185185178,8.276201814058956,22.635555555555534,0.0
2016-05-31,7.75,1.75,10,10,2016,5,152,0,9.5174074074074,7.246916099773243,28.552222222222202,0.0
2016-06-01,2.8,2.0,10,10,2016,6,153,0,8.479629629629622,6.155079365079366,25.43888888888887,0.0
2016-06-02,11.2625,7.5,16,16,2016,6,154,0,7.270833333333326,6.992579365079365,21.81249999999998,0.0
2016-06-03,13.0,16.5,15,15,2016,6,155,0,9.020833333333327,8.206865079365079,27.06249999999998,0.0
2016-06-04,7.272727272727272,3.0,11,11,2016,6,156,0,10.511742424242415,8.983921356421357,31.535227272727248,0.0
2016-06-05,9.5625,7.5,8,8,2016,6,157,0,9.94507575757575,9.50523088023088,29.835227272727252,0.0
2016-06-06,10.145454545454545,7.0,11,11,2016,6,158,0,8.993560606060598,8.827597402597402,26.980681818181793,0.0
2016-06-07,27.875,20.5,20,20,2016,6,159,0,15.86098484848484,11.702597402597402,47.58295454545452,0.0
2016-06-08,40.16111111111111,25.75,18,18,2016,6,160,0,26.060521885521876,17.03989898989899,78.18156565656562,0.0
2016-06-09,16.2,10.3,13,13,2016,6,161,0,28.078703703703695,17.745256132756133,84.23611111111109,0.03366921174309561
2016-06-10,1.4,2.0,5,5,2016,6,162,0,19.253703703703696,16.088113275613274,57.76111111111109,0.0
2016-06-11,3.333333333333333,0.0,3,3,2016,6,163,0,6.977777777777771,15.525342712842713,20.933333333333312,0.025064565310260564
2016-06-12,4.683333333333334,2.05,6,6,2016,6,164,0,3.1388888888888817,14.828318903318904,9.416666666666645,0.006853783938902094
2016-06-13,7.166666666666667,9.0,3,3,2016,6,165,0,5.061111111111104,14.402777777777777,15.183333333333312,0.004888972589443437
2016-06-14,8.440000000000001,4.5,10,10,2016,6,166,0,6.763333333333327,11.626349206349207,20.28999999999998,0.015130477596813643
2016-06-15,7.246666666666667,5.0,15,15,2016,6,167,0,7.617777777777771,6.924285714285714,22.853333333333314,0.0
2016-06-16,5.5,3.2,7,7,2016,6,168,0,7.062222222222215,5.395714285714285,21.186666666666646,0.001107900014403964
2016-06-17,12.88,7.0,10,10,2016,6,169,0,8.542222222222216,7.035714285714286,25.626666666666647,0.01303064896854931
2016-06-18,23.51111111111111,19.75,18,18,2016,6,170,0,13.963703703703695,9.918253968253968,41.89111111111109,0.017123459765381616
2016-06-19,11.907142857142857,9.25,14,14,2016,6,171,0,16.099417989417983,10.950226757369615,48.298253968253945,0.0
2016-06-20,11.91,6.45,10,10,2016,6,172,0,15.776084656084649,11.627845804988661,47.32825396825395,0.022030507825528577
2016-06-21,17.407692307692308,6.0,13,13,2016,6,173,0,13.741611721611713,12.908944706087564,41.22483516483514,0.0002209020337648357
2016-06-22,12.6875,2.25,8,8,2016,6,174,0,14.001730769230761,13.686206610849467,42.00519230769228,0.0
2016-06-23,18.0625,4.5,8,8,2016,6,175,0,16.052564102564094,15.480849467992325,48.15769230769229,0.0
2016-06-24,14.875,12.75,4,4,2016,6,176,0,15.208333333333329,15.765849467992325,45.624999999999986,0.008787572561991464
2016-06-25,2.75,2.5,6,6,2016,6,177,0,11.895833333333329,12.79997645211931,35.687499999999986,0.0
2016-06-26,7.742857142857143,2.0,7,7,2016,6,178,0,8.455952380952375,12.205078492935638,25.367857142857126,0.013572276465985734
2016-06-27,9.077777777777778,10.5,9,9,2016,6,179,0,6.5235449735449675,11.800475318332461,19.5706349206349,0.0
2016-06-28,7.791666666666667,3.65,12,12,2016,6,180,0,8.204100529100524,10.426757369614512,24.61230158730157,0.02211301664613369
2016-06-29,11.125,4.25,8,8,2016,6,181,0,9.331481481481475,10.203543083900227,27.994444444444426,0.00015673067648125865
2016-06-30,6.333333333333333,7.0,3,3,2016,6,182,0,8.41666666666666,8.52794784580499,25.249999999999982,0.0
2016-07-01,20.322222222222223,16.0,18,18,2016,7,183,0,12.593518518518513,9.306122448979592,37.78055555555554,0.0
2016-07-02,24.15,20.0,18,18,2016,7,184,0,16.93518518518518,12.363265306122448,50.805555555555536,0.015406163985831941
2016-07-03,19.444444444444443,7.0,9,9,2016,7,185,0,21.305555555555546,14.034920634920635,63.91666666666664,0.0
2016-07-04,14.65,5.0,12,12,2016,7,186,0,19.414814814814807,14.83095238095238,58.24444444444442,0.0
2016-07-05,5.75,4.0,4,4,2016,7,187,0,13.281481481481473,14.539285714285713,39.84444444444442,0.031862973474406385
2016-07-06,11.0,5.0,3,3,2016,7,188,0,10.466666666666661,14.52142857142857,31.399999999999984,0.0
2016-07-07,11.2,10.0,5,5,2016,7,189,0,9.316666666666661,15.216666666666667,27.94999999999998,0.0
2016-07-08,3.875,4.25,4,4,2016,7,190,0,8.691666666666661,12.867063492063492,26.07499999999998,0.0
2016-07-09,7.0,7.0,2,2,2016,7,191,0,7.358333333333327,10.417063492063491,22.07499999999998,0.01846474662712004
2016-07-10,3.375,3.0,4,4,2016,7,192,0,4.749999999999994,8.12142857142857,14.249999999999982,0.0
2016-07-11,21.835714285714285,17.5,14,14,2016,7,193,0,10.736904761904755,9.147959183673468,32.21071428571427,0.0
2016-07-12,21.405555555555555,11.5,18,18,2016,7,194,0,15.53875661375661,11.384467120181407,46.616269841269826,0.0010460043623602205
2016-07-13,10.553333333333336,3.6,15,15,2016,7,195,0,17.931534391534388,11.320657596371882,53.79460317460316,0.0
2016-07-14,8.89,6.75,10,10,2016,7,196,0,13.61629629629629,10.99065759637188,40.84888888888887,0.0019020682713247101
2016-07-15,9.7,7.8,6,6,2016,7,197,0,9.714444444444439,11.82280045351474,29.143333333333317,0.0
2016-07-16,10.809090909090909,8.0,11,11,2016,7,198,0,9.799696969696965,12.366956297670583,29.399090909090894,0.0
2016-07-17,18.642857142857142,20.75,14,14,2016,7,199,0,13.050649350649344,14.548078746650175,39.15194805194803,0.012333897334675777
2016-07-18,11.209090909090907,11.5,11,11,2016,7,200,0,13.553679653679646,13.029989692846835,40.66103896103894,0.0
2016-07-19,9.25,5.25,8,8,2016,7,201,0,13.033982683982677,11.293481756338897,39.10194805194803,0.007661708890321433
2016-07-20,8.63125,6.1,16,16,2016,7,202,0,9.696780303030295,11.018898423005567,29.090340909090884,0.0022959685646143056
2016-07-21,17.8,14.2,12,12,2016,7,203,0,11.893749999999992,12.29175556586271,35.68124999999998,0.0471094163702886
2016-07-22,25.80555555555556,11.5,18,18,2016,7,204,0,17.412268518518513,14.59254921665636,52.23680555555554,0.0
2016-07-23,15.616666666666667,11.75,18,18,2016,7,205,0,19.740740740740737,15.279345753452898,59.22222222222221,0.0
2016-07-24,17.735294117647058,12.5,17,17,2016,7,206,0,19.719172113289755,15.1496938927086,59.15751633986927,0.012616321906689373
2016-07-25,6.5,6.5,2,2,2016,7,207,0,13.283986928104568,14.476966619981328,39.851960784313704,0.0
2016-07-26,17.5,9.5,3,3,2016,7,208,0,13.911764705882348,15.655538048552756,41.735294117647044,0.013592654394750948
2016-07-27,1.5,1.5,2,2,2016,7,209,0,8.499999999999995,14.636788048552756,25.499999999999982,0.012961160799249619
2016-07-28,3.5,3.5,2,2,2016,7,210,0,7.499999999999994,12.593930905695613,22.499999999999982,0.0
2016-07-29,5.5,5.5,7,7,2016,7,211,0,3.4999999999999942,9.693137254901961,10.499999999999982,0.0
2016-07-30,8.944444444444445,7.5,9,9,2016,7,212,0,5.9814814814814765,8.739962651727357,17.94444444444443,0.026916563080325924
2016-07-31,12.5,12.5,2,2,2016,7,213,0,8.981481481481476,7.992063492063492,26.94444444444443,0.0
2016-08-01,6.733333333333333,6.0,6,6,2016,8,214,0,9.392592592592587,8.025396825396825,28.17777777777776,0.011987002924263334
2016-08-02,8.75,8.75,2,2,2016,8,215,0,9.32777777777777,6.775396825396825,27.983333333333313,0.019092744285743694
2016-08-03,7.0,7.0,2,2,2016,8,216,0,7.494444444444437,7.561111111111111,22.483333333333313,0.028495084931281837
2016-08-04,10.75,10.75,2,2,2016,8,217,0,8.833333333333327,8.596825396825396,26.49999999999998,0.011071909779695792
2016-08-05,5.75,5.75,2,2,2016,8,218,0,7.833333333333326,8.632539682539683,23.49999999999998,0.012018758333646906
2016-08-06,11.5,7.0,3,3,2016,8,219,0,9.333333333333327,8.997619047619049,27.99999999999998,0.0
2016-08-07,9.333333333333334,3.75,6,6,2016,8,220,0,8.861111111111105,8.545238095238094,26.583333333333314,0.0
2016-08-08,7.625,2.75,8,8,2016,8,221,0,9.486111111111105,8.672619047619047,28.458333333333314,0.019651647218316165
2016-08-09,8.333333333333334,4.0,6,6,2016,8,222,0,8.43055555555555,8.613095238095237,25.29166666666665,0.01693850214638012
2016-08-10,12.625,11.75,4,4,2016,8,223,0,9.527777777777771,9.416666666666668,28.583333333333314,0.0026987823155454936
2016-08-11,10.5,6.75,4,4,2016,8,224,0,10.486111111111105,9.380952380952381,31.458333333333314,0.006113854623022789
2016-08-12,5.171428571428572,4.0,7,7,2016,8,225,0,9.43214285714285,9.298299319727892,28.29642857142855,0.030282010742546054
2016-08-13,8.0625,6.6,16,16,2016,8,226,0,7.911309523809517,8.807227891156463,23.73392857142855,0.01295429442649267
2016-08-14,9.944444444444445,6.0,9,9,2016,8,227,0,7.726124338624332,8.89452947845805,23.178373015872996,0.0
2016-08-15,15.757142857142856,10.0,7,7,2016,8,228,0,11.254695767195761,10.0562641723356,33.76408730158728,0.0
2016-08-16,6.74,5.5,5,5,2016,8,229,0,10.813862433862427,9.828645124716553,32.44158730158728,0.0
2016-08-17,5.328571428571428,5.3,7,7,2016,8,230,0,9.27523809523809,8.786298185941043,27.825714285714266,0.0
2016-08-18,11.17,9.85,10,10,2016,8,231,0,7.7461904761904705,8.882012471655328,23.23857142857141,0.012368814863458935
2016-08-19,20.33333333333333,5.0,3,3,2016,8,232,0,12.27730158730158,11.04799886621315,36.83190476190474,0.019981846429199243
2016-08-20,5.775,6.05,4,4,2016,8,233,0,12.426111111111105,10.721213151927438,37.278333333333315,0.0
2016-08-21,5.557142857142857,4.0,7,7,2016,8,234,0,10.555158730158723,10.094455782312924,31.66547619047617,0.018663056651919738
2016-08-22,4.54,5.0,5,5,2016,8,235,0,5.29071428571428,8.492006802721088,15.87214285714284,0.0018628620204868612
2016-08-23,4.0,4.5,4,4,2016,8,236,0,4.6990476190476125,8.100578231292516,14.097142857142838,0.025175411119766317
2016-08-24,6.7375,6.0,8,8,2016,8,237,0,5.092499999999994,8.301853741496599,15.277499999999982,0.027627818892790618
2016-08-25,6.863636363636363,4.0,11,11,2016,8,238,0,5.8670454545454485,7.686658936301792,17.601136363636346,0.02494714054941367
2016-08-26,7.375,4.75,8,8,2016,8,239,0,6.9920454545454485,5.835468460111317,20.976136363636346,0.0
2016-08-27,9.99,8.25,10,10,2016,8,240,0,8.076212121212116,6.4376113172541745,24.228636363636348,0.0
2016-08-28,19.2375,18.25,16,16,2016,8,241,0,12.200833333333327,8.391948051948052,36.60249999999998,0.019572826056311016
2016-08-29,9.757142857142856,6.75,14,14,2016,8,242,0,12.994880952380946,9.137254174397032,38.98464285714284,0.0
2016-08-30,10.766666666666666,8.5,12,12,2016,8,243,0,13.253769841269834,10.1039208410637,39.7613095238095,0.005103398479549135
2016-09-01,5.333333333333333,4.0,6,6,2016,9,245,0,8.619047619047612,9.90332560296846,25.857142857142836,0.022020959487857948
2016-09-02,4.166666666666667,2.0,3,3,2016,9,246,0,6.755555555555549,9.518044217687075,20.266666666666648,0.004068676691063212
2016-09-03,10.909090909090908,5.5,11,11,2016,9,247,0,6.803030303030297,10.022914347557204,20.409090909090892,0.02464150184613776
2016-09-04,10.653846153846152,7.0,13,13,2016,9,248,0,8.57653457653457,10.117749512392368,25.72960372960371,0.0
2016-09-05,4.425,4.15,8,8,2016,9,249,0,8.66264568764568,8.00167808382094,25.987937062937043,0.021454298140175437
2016-09-06,9.5,5.0,6,6,2016,9,250,0,8.192948717948711,7.96494338994339,24.578846153846136,0.0
2016-09-07,10.76,5.65,10,10,2016,9,251,0,8.228333333333326,7.963991008991009,24.68499999999998,0.056757927188280065
2016-09-08,22.38888888888889,8.0,9,9,2016,9,252,0,14.216296296296292,10.400498945498944,42.64888888888888,0.0
2016-09-09,19.90909090909091,9.5,11,11,2016,9,253,0,17.68599326599326,12.649416694416695,53.05797979797978,0.04400925145735294
2016-09-10,11.05,6.25,10,10,2016,9,254,0,17.78265993265993,12.669546564546563,53.34797979797979,0.02046376972595677
2016-09-11,6.75,5.0,8,8,2016,9,255,0,12.569696969696963,12.111854256854258,37.70909090909089,0.0027097537274514832
2016-09-12,16.214285714285715,8.5,7,7,2016,9,256,0,11.338095238095233,13.796037930323646,34.0142857142857,0.0
2016-09-13,21.5,18.0,4,4,2016,9,257,0,14.821428571428564,15.51032364460936,44.464285714285694,0.0
2016-09-14,10.783333333333331,7.5,6,6,2016,9,258,0,16.165873015873007,15.513656977942691,48.497619047619025,0.0
2016-09-15,22.06,10.6,15,15,2016,9,259,0,18.114444444444437,15.466672850958565,54.34333333333331,0.02171279980047163
2016-09-16,22.91904761904762,12.1,21,21,2016,9,260,0,18.587460317460312,15.896666666666667,55.76238095238094,0.0
2016-09-17,24.094444444444445,20.0,18,18,2016,9,261,0,23.024497354497345,17.76015873015873,69.07349206349204,0.0
2016-09-18,14.183333333333332,7.6,12,12,2016,9,262,0,20.39894179894179,18.822063492063496,61.196825396825375,0.0
2016-09-19,13.294117647058824,11.5,17,17,2016,9,263,0,17.190631808278862,18.40489662531679,51.57189542483658,0.012698167548113983
2016-09-20,24.36842105263158,16.5,19,19,2016,9,264,0,17.28195734434124,18.81467106140702,51.84587203302372,0.031231178054322493
2016-09-21,28.675,20.3,20,20,2016,9,265,0,22.112512899896796,21.3706234423594,66.33753869969038,0.0
2016-09-22,7.739999999999999,7.0,15,15,2016,9,266,0,20.261140350877188,19.324909156645113,60.78342105263156,0.0
2016-09-23,19.626315789473683,12.8,19,19,2016,9,267,0,18.680438596491218,18.85451889527741,56.04131578947366,0.014607811104935793
2016-09-24,23.361904761904764,21.0,21,21,2016,9,268,0,16.909406850459476,18.749870369200313,50.72822055137843,0.016220669744140676
2016-09-25,13.878947368421052,9.3,19,19,2016,9,269,0,18.95572263993316,18.70638665992713,56.86716791979948,0.03389760729928749
2016-09-26,16.2,18.5,17,17,2016,9,270,0,17.813617376775266,19.121512710347297,53.440852130325794,0.0
2016-09-27,16.638461538461538,11.0,13,13,2016,9,271,0,15.572469635627522,18.017232779751573,46.71740890688257,0.005127033177912624
2016-09-28,20.25,15.4,18,18,2016,9,272,0,17.696153846153837,16.813661351180148,53.088461538461516,0.000698298975062219
2016-09-29,12.254545454545456,11.0,11,11,2016,9,273,0,16.381002331002325,17.458596416115213,49.14300699300697,0.0052643211325749855
2016-09-30,20.252380952380957,16.0,21,21,2016,9,274,0,17.585642135642132,17.54803429653054,52.7569264069264,0.0
2016-10-01,15.341176470588236,9.8,17,17,2016,10,275,1,15.949367625838212,16.402215969199606,47.848102877514634,0.0014256757709955453
2016-10-02,18.257142857142856,12.5,21,21,2016,10,276,1,17.95023342670401,17.027672467588435,53.85070028011203,0.0
2016-10-03,25.26,20.75,20,20,2016,10,277,1,19.61943977591036,18.321958181874148,58.85831932773108,0.0
2016-10-04,14.453846153846154,10.0,13,13,2016,10,278,1,19.323663003662997,18.009870269786237,57.970989010988994,0.0
2016-10-05,16.01904761904762,13.5,21,21,2016,10,279,1,18.577631257631253,17.405448501078755,55.73289377289376,0.0
2016-10-06,13.165,9.25,20,20,2016,10,280,1,14.545964590964587,17.535513436143688,43.63789377289376,0.004660811779178023
2016-10-07,18.45,19.75,16,16,2016,10,281,1,15.878015873015869,17.27803044294641,47.63404761904761,0.0043161448519568445
2016-10-08,13.10625,7.5,16,16,2016,10,282,1,14.907083333333327,16.958755232862377,44.72124999999998,0.024302273553604016
2016-10-09,20.578260869565216,17.1,23,23,2016,10,283,1,17.378170289855067,17.290343520351282,52.134510869565204,0.0
2016-10-10,39.68235294117648,24.5,17,17,2016,10,284,1,24.455621270247224,19.350679654805067,73.36686381074168,0.0
2016-10-11,8.879999999999999,3.0,15,15,2016,10,285,1,23.046871270247227,18.55441591854133,69.14061381074168,0.020102129498257026
2016-10-12,26.32,5.0,15,15,2016,10,286,1,24.960784313725487,20.02598054439167,74.88235294117646,0.0
2016-10-13,9.6625,3.75,8,8,2016,10,287,1,14.954166666666659,19.525623401534528,44.862499999999976,0.038691131562608665
2016-10-14,11.738461538461538,9.4,13,13,2016,10,288,1,15.90698717948717,18.566832192743316,47.72096153846151,0.0229335610759116
2016-10-15,12.457142857142856,10.75,14,14,2016,10,289,1,11.286034798534791,18.474102600906583,33.85810439560437,0.016187089441544268
2016-10-16,9.466666666666669,7.8,12,12,2016,10,290,1,11.220757020757013,16.886732000492504,33.66227106227104,0.03197277667538701
2016-10-17,16.714285714285715,2.0,7,7,2016,10,291,1,12.879365079365073,13.605579539508112,38.63809523809522,0.0
2016-10-18,12.333333333333334,7.25,6,6,2016,10,292,1,12.838095238095233,14.098912872841444,38.5142857142857,0.0141121192424636
2016-10-19,9.071428571428571,8.0,7,7,2016,10,293,1,12.7063492063492,11.634831240188381,38.1190476190476,0.009086105216335622
2016-10-20,17.057142857142857,11.25,14,14,2016,10,294,1,12.820634920634914,12.691208791208792,38.46190476190474,0.0
2016-10-21,12.515384615384615,3.0,13,13,2016,10,295,1,12.881318681318675,12.802197802197801,38.643956043956024,0.012595177813316078
2016-10-22,18.41176470588235,14.0,17,17,2016,10,296,1,15.994764059469935,13.652858066303446,47.9842921784098,0.0
2016-10-23,19.29523809523809,11.0,21,21,2016,10,297,1,16.74079580550168,15.056939698956507,50.222387416505036,0.0
2016-10-24,12.495,10.5,20,20,2016,10,298,1,16.734000933706806,14.454184596915686,50.20200280112042,0.0003832103315245263
2016-10-25,27.505000000000003,25.4,20,20,2016,10,299,1,19.765079365079355,16.62156554929664,59.29523809523807,0.0
2016-10-26,23.795,19.5,20,20,2016,10,300,1,21.264999999999993,18.72493289623542,63.79499999999998,0.0
2016-10-27,13.310526315789474,10.0,19,19,2016,10,301,1,21.53684210526315,18.189701961756363,64.61052631578946,0.009422542349411176
2016-10-28,31.81904761904762,22.0,21,21,2016,10,302,1,22.974857978279022,20.947368105136793,68.92457393483707,0.010403952603381252
2016-10-29,29.62,23.5,20,20,2016,10,303,1,24.916524644945692,22.54854457572503,74.74957393483707,0.0
2016-10-30,10.933333333333334,7.3,15,15,2016,10,304,1,24.124126984126978,21.353986752595777,72.37238095238094,0.0
2016-11-01,26.535000000000004,22.5,20,20,2016,11,306,1,22.36277777777777,23.35970103831006,67.08833333333331,0.03833610308479406
2016-11-02,17.93,13.7,20,20,2016,11,307,1,18.466111111111104,21.991843895452917,55.39833333333331,0.0
2016-11-03,23.666666666666668,21.75,18,18,2016,11,308,1,22.710555555555548,21.973510562119582,68.13166666666665,0.04140995688876388
2016-11-04,19.01333333333333,9.5,15,15,2016,11,309,1,20.203333333333326,22.788197278911564,60.60999999999998,0.002618284618092369
2016-11-05,12.025,10.8,8,8,2016,11,310,1,18.234999999999992,19.96047619047619,54.70499999999998,0.001366005862685473
2016-11-06,19.0625,14.0,8,8,2016,11,311,1,16.700277777777767,18.452261904761905,50.100833333333306,0.0
2016-11-07,8.446153846153846,8.5,13,13,2016,11,312,1,13.177884615384608,18.09695054945055,39.533653846153825,0.005987611820578226
2016-11-08,10.146153846153847,4.5,13,13,2016,11,313,1,12.551602564102557,15.755686813186813,37.65480769230767,0.0
2016-11-09,22.665,21.25,20,20,2016,11,314,1,13.75243589743589,16.432115384615383,41.25730769230767,0.0
2016-11-10,34.04545454545455,29.0,22,22,2016,11,315,1,22.285536130536126,17.914799367299366,66.85660839160838,0.05040272719071775
2016-11-11,13.9,10.0,24,24,2016,11,316,1,23.536818181818177,17.184323176823177,70.61045454545453,0.001555044548458101
2016-11-12,23.88823529411765,17.3,17,17,2016,11,317,1,23.94456327985739,18.87907107598284,71.83368983957217,0.0
2016-11-13,21.28235294117647,16.5,17,17,2016,11,318,1,19.690196078431367,19.196192924722336,59.070588235294096,0.0
2016-11-14,34.6,22.0,21,21,2016,11,319,1,26.590196078431365,22.932456660986073,79.7705882352941,0.0
2016-11-15,10.815,7.25,20,20,2016,11,320,1,22.232450980392148,23.02800611153552,66.69735294117645,0.0
2016-11-16,8.789473684210526,5.0,19,19,2016,11,321,1,18.068157894736835,21.04578806642274,54.204473684210505,0.0
2016-11-17,9.44285714285714,5.0,14,14,2016,11,322,1,9.682443609022547,17.531131294623112,29.047330827067643,0.0
2016-11-18,13.261538461538462,4.5,13,13,2016,11,323,1,10.49795642953537,17.43992250341432,31.493869288606106,0.0
2016-11-19,9.13,6.0,10,10,2016,11,324,1,10.611465201465194,15.331603175683227,31.83439560439558,0.0
2016-11-20,2.333333333333333,1.5,6,6,2016,11,325,1,8.241623931623925,12.624600374562778,24.724871794871774,0.010875752558659912
2016-11-21,21.0,14.0,6,6,2016,11,326,1,10.821111111111103,10.681743231705637,32.46333333333331,0.005709283518104438
2016-11-22,13.093333333333334,7.5,15,15,2016,11,327,1,12.142222222222214,11.007219422181828,36.42666666666664,0.027762321168684247
2016-11-23,26.435,19.0,20,20,2016,11,328,1,20.1761111111111,13.528008895866037,60.52833333333331,0.0
2016-11-24,21.563157894736843,20.0,19,19,2016,11,329,1,20.36383040935672,15.259480431848853,61.091491228070154,0.006827023256969103
2016-11-25,11.229411764705883,9.0,17,17,2016,11,330,1,19.742523219814235,14.969176618015625,59.22756965944271,0.0
2016-11-26,11.907142857142857,6.6,14,14,2016,11,331,1,14.899904172195185,15.365911311893177,44.699712516585556,0.0
2016-11-27,16.990909090909092,17.4,11,11,2016,11,332,1,13.375821237585933,17.459850705832572,40.1274637127578,0.0018879689400738936
2016-11-28,12.311764705882354,10.5,17,17,2016,11,333,1,13.736605551311426,16.21867423524434,41.209816653934276,0.0022532883415630266
2016-11-29,16.099999999999998,15.0,17,17,2016,11,334,1,15.134224598930473,16.648198044768147,45.40267379679142,0.017519561237556366
2016-12-01,14.613333333333332,8.0,15,15,2016,12,336,1,14.34169934640522,14.959388520958623,43.025098039215656,0.0
2016-12-02,8.1625,6.15,8,8,2016,12,337,1,12.958611111111102,13.045008821710502,38.875833333333304,0.0
2016-12-03,6.45,3.75,10,10,2016,12,338,1,9.741944444444433,12.362235712466804,29.225833333333302,0.005888519267075387
2016-12-04,13.6625,7.0,8,8,2016,12,339,1,9.42499999999999,12.613001018589255,28.27499999999997,0.0
2016-12-05,10.613333333333332,5.0,15,15,2016,12,340,1,10.241944444444433,11.701918767507001,30.725833333333302,0.018885640546853162
2016-12-06,13.4,11.0,13,13,2016,12,341,1,12.5586111111111,11.857380952380952,37.6758333333333,0.02984222611700794
2016-12-07,8.5125,5.55,8,8,2016,12,342,1,10.841944444444435,10.77345238095238,32.5258333333333,0.0
2016-12-08,7.3625,5.0,16,16,2016,12,343,1,9.758333333333324,9.737619047619047,29.274999999999974,0.0
2016-12-09,28.745,18.75,20,20,2016,12,344,1,14.873333333333326,12.67797619047619,44.619999999999976,0.0
2016-12-10,20.6,13.5,11,11,2016,12,345,1,18.90249999999999,14.699404761904763,56.70749999999997,0.0
2016-12-11,21.542857142857144,22.75,14,14,2016,12,346,1,23.629285714285704,15.825170068027214,70.88785714285711,0.0
2016-12-12,23.880000000000003,20.95,20,20,2016,12,347,1,22.00761904761904,17.720408163265308,66.02285714285712,0.0030077983216435095
2016-12-13,20.688235294117646,20.0,17,17,2016,12,348,1,22.037030812324925,18.761584633853545,66.11109243697477,0.0
2016-12-14,12.318181818181818,12.0,11,11,2016,12,349,1,18.962139037433147,19.30525346502237,56.88641711229944,0.008319050375957895
2016-12-15,13.372727272727271,13.5,11,11,2016,12,350,1,15.459714795008901,20.163857361126272,46.379144385026706,0.01912108815125375
2016-12-16,2.75,2.5,4,4,2016,12,351,1,9.48030303030302,16.45028593255484,28.44090909090906,0.0
2016-12-17,3.0,3.0,2,2,2016,12,352,1,6.374242424242413,13.936000218269125,19.12272727272724,0.010687285469051138
2016-12-18,18.133333333333333,11.0,6,6,2016,12,353,1,7.9611111111111015,13.44892538833715,23.883333333333304,0.0
2016-12-19,14.3,2.85,4,4,2016,12,354,1,11.811111111111103,12.080353959765725,35.43333333333331,0.0
2016-12-20,15.3,19.0,5,5,2016,12,355,1,15.911111111111103,11.31060606060606,47.733333333333306,0.002396820783083298
2016-12-22,0.0,0.0,1,1,2016,12,357,1,9.866666666666658,9.550865800865802,29.599999999999973,0.0
2016-12-23,8.433333333333334,9.4,3,3,2016,12,358,1,7.911111111111102,8.845238095238097,23.733333333333306,0.0
2016-12-25,4.1000000000000005,4.0,3,3,2016,12,360,1,4.177777777777769,9.038095238095238,12.533333333333307,0.017153205223256085
2016-12-26,5.9,2.25,8,8,2016,12,361,1,6.144444444444435,9.452380952380953,18.433333333333305,0.0
2016-12-27,4.333333333333333,2.75,6,6,2016,12,362,1,4.777777777777769,7.480952380952381,14.333333333333306,0.01904921702303395
2016-12-29,4.666666666666667,4.0,3,3,2016,12,364,1,4.966666666666658,6.104761904761905,14.899999999999974,0.014042316468297917
2017-01-01,23.166666666666668,22.0,6,6,2017,1,1,1,10.722222222222214,7.228571428571429,32.16666666666664,0.0027854456445992734
2017-01-02,5.909090909090909,2.0,11,11,2017,1,2,1,11.247474747474739,8.072727272727272,33.742424242424214,0.0
2017-01-03,6.027777777777778,3.5,18,18,2017,1,3,1,11.701178451178443,7.72907647907648,35.10353535353533,0.0032814742811137277
2017-01-04,6.823529411764706,2.0,17,17,2017,1,4,1,6.253466032877788,8.11815210932858,18.760398098633363,0.0
2017-01-05,13.152380952380952,12.2,21,21,2017,1,5,1,8.667896047307801,9.154206531097287,26.003688141923405,0.01956739084129974
2017-01-06,14.994117647058824,12.0,17,17,2017,1,6,1,11.656676003734816,10.677175718772357,34.97002801120445,0.0
2017-01-07,5.677777777777778,5.6,9,9,2017,1,7,1,11.27475879240584,10.821620163216801,33.82427637721752,0.0
2017-01-08,5.2,5.0,7,7,2017,1,8,1,8.62396514161219,8.254953496550135,25.871895424836573,0.011556581426547521
2017-01-09,7.325,8.4,4,4,2017,1,9,1,6.067592592592583,8.457226223822863,18.20277777777775,0.014022964850622651
2017-01-10,5.575,5.25,8,8,2017,1,10,1,6.033333333333324,8.392543684140323,18.099999999999973,0.030127874326287638
2017-01-11,3.071428571428572,3.0,14,14,2017,1,11,1,5.323809523809515,7.856529278378018,15.971428571428543,0.0
2017-01-12,4.11875,1.75,16,16,2017,1,12,1,4.255059523809515,6.566010570895024,12.765178571428546,0.004873584128937192
2017-01-13,2.9166666666666665,2.25,12,12,2017,1,13,1,3.3689484126984035,4.840660430839002,10.106845238095211,0.0012274679058356661
2017-01-14,4.085714285714286,2.15,14,14,2017,1,14,1,3.7070436507936413,4.613222789115646,11.121130952380923,0.0
2017-01-15,7.663636363636363,4.0,11,11,2017,1,15,1,4.888672438672429,4.965170841063698,14.666017316017287,0.0
2017-01-16,9.961111111111112,6.65,18,18,2017,1,16,1,7.236820586820578,5.341758142651001,21.710461760461733,0.0
2017-01-17,10.55,7.0,22,22,2017,1,17,1,9.391582491582481,6.052472428365285,28.174747474747445,0.0
2017-01-18,8.885714285714286,8.0,14,14,2017,1,18,1,9.79894179894179,6.883084673263245,29.39682539682537,0.0
2017-01-19,18.0,18.0,2,2,2017,1,19,1,12.478571428571419,8.866120387548959,37.435714285714255,0.0
2017-01-20,7.5,6.0,13,13,2017,1,20,1,11.461904761904753,9.520882292310862,34.38571428571426,0.03890925949132051
2017-01-21,13.24375,8.35,16,16,2017,1,21,1,12.914583333333324,10.829173108637395,38.74374999999997,0.008489600012580934
2017-01-22,25.6,23.75,22,22,2017,1,22,1,15.447916666666657,13.391510770975056,46.34374999999997,0.017621472542329982
2017-01-23,19.62727272727273,16.05,22,22,2017,1,23,1,19.4903409090909,14.772391001855286,58.4710227272727,0.0
2017-01-24,14.857142857142858,5.65,14,14,2017,1,24,1,20.02813852813852,15.387697124304268,60.08441558441556,0.03362224949439499
2017-01-25,6.658823529411765,4.0,17,17,2017,1,25,1,13.71441303794244,15.069569873403907,41.14323911382732,0.0009684653744867147
2017-01-26,8.24375,5.0,16,16,2017,1,26,1,9.919905462184865,13.675819873403908,29.759716386554594,0.013531919212010048
2017-01-27,4.82,2.75,10,10,2017,1,27,1,6.5741911764705785,13.292962730546764,19.722573529411736,0.007214649537035525
2017-01-28,7.857142857142857,2.0,14,14,2017,1,28,1,6.973630952380943,12.523447424424315,20.920892857142828,0.0
2017-01-29,8.75,4.25,16,16,2017,1,29,1,7.142380952380943,10.116304567281459,21.42714285714283,0.0
2017-01-30,6.884615384615385,3.0,13,13,2017,1,30,1,7.8305860805860705,8.295924946901838,23.491758241758212,0.0
2017-01-31,6.233333333333333,5.0,15,15,2017,1,31,1,7.289316239316229,7.063952157786192,21.86794871794869,0.0
2017-02-01,11.004166666666668,9.55,24,24,2017,2,32,1,8.04070512820512,7.68471546310832,24.12211538461536,0.0005752195379271581
2017-02-02,11.326666666666666,6.0,15,15,2017,2,33,1,9.52138888888888,8.125132129774986,28.564166666666644,0.0
2017-02-03,5.491666666666667,4.5,12,12,2017,2,34,1,9.274166666666659,8.22108451072737,27.822499999999977,0.016560971292223132
2017-02-04,6.78125,3.0,16,16,2017,2,35,1,7.866527777777769,8.067385531135532,23.599583333333307,0.0
2017-02-05,6.366666666666667,4.0,12,12,2017,2,36,1,6.213194444444436,7.726909340659341,18.639583333333306,0.0
2017-02-06,4.67,1.5,10,10,2017,2,37,1,5.9393055555555465,7.4105357142857144,17.81791666666664,0.006231516682410188
2017-02-07,6.206666666666666,3.0,15,15,2017,2,38,1,5.747777777777768,7.40672619047619,17.243333333333304,0.0
2017-02-08,10.805555555555555,6.5,18,18,2017,2,39,1,7.227407407407398,7.378353174603175,21.682222222222194,0.028634989448928443
2017-02-09,17.455555555555556,15.0,27,27,2017,2,40,1,11.48925925925925,8.25390873015873,34.46777777777775,0.0
2017-02-10,10.65,7.0,24,24,2017,2,41,1,12.970370370370361,8.990813492063491,38.91111111111108,0.0
2017-02-11,13.312,9.8,25,25,2017,2,42,1,13.805851851851841,9.923777777777778,41.41755555555552,0.0
2017-02-12,10.138095238095238,6.0,21,21,2017,2,43,1,11.366698412698403,10.46255328798186,34.10009523809521,0.0
2017-02-13,9.15,5.5,24,24,2017,2,44,1,10.866698412698403,11.10255328798186,32.60009523809521,0.019035671922005722
2017-02-14,10.638095238095238,7.0,21,21,2017,2,45,1,9.975396825396816,11.735614512471656,29.92619047619045,0.017639217908020248
2017-02-15,10.877272727272729,5.25,22,22,2017,2,46,1,10.221789321789311,11.745859822716966,30.665367965367935,0.002789820993545952
2017-02-16,22.836842105263155,21.0,19,19,2017,2,47,1,14.784070023543698,12.514615044103765,44.352210070631095,0.0
2017-02-17,13.181818181818182,7.0,11,11,2017,2,48,1,15.631977671451345,12.876303355792077,46.895933014354036,0.02024454684538561
2017-02-18,6.533333333333334,5.1,6,6,2017,2,49,1,14.183997873471549,11.907922403411124,42.55199362041465,0.0
2017-02-19,9.283333333333331,8.5,6,6,2017,2,50,1,9.666161616161606,11.785813559873707,28.998484848484818,0.02189484721045373
2017-02-20,10.461538461538462,6.0,13,13,2017,2,51,1,8.759401709401699,11.973176197236347,26.278205128205098,0.027584597976902558
2017-02-21,13.58148148148148,10.0,27,27,2017,2,52,1,11.108784425451082,12.393659946291523,33.326353276353245,0.0
2017-02-22,9.44,6.0,20,20,2017,2,53,1,11.161006647673304,12.188335270966848,33.48301994301991,0.0
2017-02-23,15.0,7.5,23,23,2017,2,54,1,12.673827160493817,11.068786398786399,38.02148148148145,0.031191270756646274
2017-02-24,9.0,4.75,14,14,2017,2,55,1,11.146666666666656,10.4713838013838,33.43999999999997,0.0
2017-02-25,26.27037037037037,15.0,27,27,2017,2,56,1,16.75679012345678,13.29096052096052,50.270370370370344,0.0022097780862606795
2017-02-26,16.885714285714286,15.0,21,21,2017,2,57,1,17.38536155202821,14.377014942729229,52.15608465608463,0.020384694360226194
2017-02-27,23.663636363636364,14.5,22,22,2017,2,58,1,22.273240339906994,16.263028928743214,66.81972101972099,0.0
2017-02-28,24.092,13.4,25,25,2017,2,59,1,21.54711688311687,17.764531574245858,64.64135064935061,0.005914627081598004
2017-03-01,24.98076923076923,17.65,26,26,2017,3,60,1,24.24546853146852,19.98464146435575,72.73640559440557,0.0
2017-03-02,23.062962962962963,18.0,27,27,2017,3,61,1,24.04524406457739,21.136493316207602,72.13573219373217,0.0
2017-03-03,16.96666666666667,8.0,27,27,2017,3,62,1,21.670132953466275,22.27458855430284,65.01039886039882,0.02863340419137131
2017-03-04,11.525,6.5,20,20,2017,3,63,1,17.184876543209867,20.16810707282136,51.5546296296296,0.0
2017-03-05,12.971428571428572,14.25,14,14,2017,3,64,1,13.821031746031736,19.60892339935197,41.46309523809521,0.01896658243509433
2017-03-06,22.18260869565217,16.3,23,23,2017,3,65,1,15.559679089026902,19.39734801821137,46.67903726708071,0.0
2017-03-07,20.22222222222222,11.5,27,27,2017,3,66,1,18.458753163100976,18.844522621385977,55.37625948930293,0.0
2017-03-08,29.01363636363636,29.15,22,22,2017,3,67,1,23.80615576050357,19.420646497509853,71.41846728151071,0.02988119972778038
2017-03-09,8.006666666666666,3.2,15,15,2017,3,68,1,19.08084175084174,17.26974702661038,57.24252525252521,0.0
2017-03-10,13.278571428571428,8.75,14,14,2017,3,69,1,16.766291486291472,16.74287627831106,50.298874458874415,0.0
2017-03-11,14.23,7.5,20,20,2017,3,70,1,11.838412698412688,17.129304849739633,35.51523809523806,0.0
2017-03-12,20.8,14.85,14,14,2017,3,71,1,16.10285714285713,18.247672196678405,48.30857142857139,0.012233379383596494
2017-03-13,4.6875,1.0,8,8,2017,3,72,1,13.239166666666655,15.748370954442382,39.717499999999966,0.0
2017-03-14,9.790909090909093,2.8,11,11,2017,3,73,1,11.759469696969683,14.258183364254792,35.27840909090905,0.002158545863989116
2017-03-15,10.466666666666669,8.0,12,12,2017,3,74,1,8.315025252525242,11.608616264687694,24.945075757575726,0.03036689391327626
2017-03-16,16.926315789473687,10.5,19,19,2017,3,75,1,12.394630515683138,12.882851853660124,37.18389154704941,0.0
2017-03-17,16.014285714285716,9.0,21,21,2017,3,76,1,14.469089390142011,13.273668180190738,43.407268170426036,0.0
2017-03-18,21.064285714285717,14.6,28,28,2017,3,77,1,18.001629072681695,14.249994710802982,54.004887218045084,0.0
2017-03-19,26.236,18.5,25,25,2017,3,78,1,21.10485714285713,15.026566139374411,63.3145714285714,0.0003966151252936001
2017-03-20,19.115,8.65,20,20,2017,3,79,1,22.138428571428562,17.08763756794584,66.41528571428569,0.0
2017-03-21,13.4375,6.75,16,16,2017,3,80,1,19.596166666666655,17.608579126387397,58.788499999999964,0.0
2017-03-22,10.089473684210526,7.0,19,19,2017,3,81,1,14.213991228070164,17.554694414607948,42.64197368421049,0.0
2017-03-23,13.164285714285716,4.5,14,14,2017,3,82,1,12.230419799498735,17.01726154672395,36.69125939849621,0.0
2017-03-24,9.669230769230769,5.0,13,13,2017,3,83,1,10.974330055908993,16.11082512600182,32.92299016772698,0.0
2017-03-25,5.75,4.0,8,8,2017,3,84,1,9.527838827838817,13.923070023961003,28.58351648351645,0.0005953416456472188
2017-03-26,8.371428571428572,7.25,14,14,2017,3,85,1,7.930219780219768,11.370988391307941,23.790659340659303,0.00441625373519775
2017-03-27,11.489473684210529,10.0,19,19,2017,3,86,1,8.536967418546356,10.281627489052301,25.610902255639065,0.0038511905088811933
2017-03-28,19.58888888888889,11.25,18,18,2017,3,87,1,13.149930381509316,11.160397330322143,39.44979114452795,0.016034795851727603
2017-03-29,15.352631578947369,11.5,19,19,2017,3,88,1,15.47699805068225,11.912277029570262,46.43099415204675,0.0
2017-03-30,7.542857142857143,3.5,14,14,2017,3,89,1,14.161459203564457,11.109215805080467,42.48437761069337,0.0
2017-03-31,4.0,6.0,3,3,2017,3,90,1,8.965162907268159,10.299325695190358,26.895488721804476,0.00037075807497436645
2017-04-01,8.046666666666667,4.5,15,15,2017,4,91,0,6.529841269841259,10.627420933285595,19.589523809523776,0.008242433366864187
2017-04-02,15.94,12.5,20,20,2017,4,92,0,9.328888888888876,11.708645423081512,27.98666666666663,0.0024058959302826807
2017-04-03,18.15,8.5,18,18,2017,4,93,0,14.045555555555543,12.66014918248001,42.13666666666663,0.0
2017-04-04,9.3,5.0,15,15,2017,4,94,0,14.463333333333319,11.19030791263874,43.38999999999996,0.0
2017-04-05,17.628571428571426,12.5,21,21,2017,4,95,0,15.026190476190465,11.515442176870748,45.078571428571394,0.024546850210863804
2017-04-06,9.39,6.0,20,20,2017,4,96,0,12.106190476190463,11.779319727891155,36.31857142857139,0.0
2017-04-07,10.044444444444444,7.15,18,18,2017,4,97,0,12.354338624338611,12.64281179138322,37.063015873015836,0.009749620750061867
2017-04-08,8.09,5.45,10,10,2017,4,98,0,9.174814814814804,12.649002267573694,27.52444444444441,0.0
2017-04-09,21.66875,11.85,16,16,2017,4,99,0,13.26773148148147,13.467395124716552,39.80319444444441,0.009652290878039855
2017-04-10,30.372222222222224,25.75,18,18,2017,4,100,0,20.043657407407395,15.213426870748302,60.130972222222184,0.0
2017-04-11,12.644444444444444,8.25,18,18,2017,4,101,0,21.56180555555554,15.691204648526076,64.68541666666663,0.006900004298749339
2017-04-12,13.764705882352942,7.5,17,17,2017,4,102,0,18.927124183006523,15.139223856209151,56.78137254901957,0.0
2017-04-13,27.246153846153845,8.0,13,13,2017,4,103,0,17.88510139098373,17.69010297708827,53.65530417295119,0.0
2017-04-14,20.6,17.0,10,10,2017,4,104,0,20.536953242835583,19.198039485024783,61.61085972850675,0.0
2017-04-15,6.08,1.75,10,10,2017,4,105,0,17.975384615384602,18.91089662788192,53.92615384615381,0.01303283438444538
2017-04-16,17.692307692307693,9.5,13,13,2017,4,106,0,14.79076923076922,18.342833441068738,44.37230769230766,0.023447606596088175
2017-04-17,14.0375,8.75,16,16,2017,4,107,0,12.60326923076922,16.00930169503699,37.80980769230766,0.02092852107025287
2017-04-18,16.836363636363636,14.5,11,11,2017,4,108,0,16.188723776223764,16.60814729388259,48.566171328671295,0.0
2017-04-19,16.426315789473687,11.0,19,19,2017,4,109,0,15.766726475279095,16.988377280614124,47.300179425837285,0.0
2017-04-20,19.73888888888889,12.5,18,18,2017,4,110,0,17.66718943824206,15.9159108581477,53.00156831472618,0.001393094357833069
2017-04-21,7.5,4.3,8,8,2017,4,111,0,14.555068226120847,14.04448228671913,43.66520467836254,0.015696802125298642
2017-04-22,15.726315789473684,8.0,19,19,2017,4,112,0,14.321734892787513,15.422527399501083,42.96520467836254,0.0
2017-04-23,33.2625,28.75,16,16,2017,4,113,0,18.829605263157884,17.646840586314273,56.48881578947365,0.0
2017-04-24,3.6714285714285713,2.0,7,7,2017,4,114,0,17.553414786967405,16.165973239375496,52.66024436090222,0.0024992486942554725
2017-04-25,5.875,7.25,4,4,2017,4,115,0,14.269642857142847,14.600064148466405,42.80892857142854,0.0
2017-04-26,10.363636363636363,5.0,11,11,2017,4,116,0,6.6366883116882995,13.733967087632502,19.9100649350649,0.005463611243304265
2017-04-27,17.425,13.75,16,16,2017,4,117,0,11.22121212121211,13.403411532076946,33.66363636363633,0.03818602552327793
2017-04-28,22.010526315789477,16.0,19,19,2017,4,118,0,16.599720893141935,15.476343862904013,49.799162679425805,0.0
2017-04-29,16.272222222222222,6.0,18,18,2017,4,119,0,18.569249512670556,15.554330496153806,55.70774853801167,0.029559272119895376
2017-04-30,9.745454545454546,5.0,11,11,2017,4,120,0,16.00940102782207,12.194752574075883,48.02820308346621,0.009213130011864105
2017-05-01,8.823076923076924,5.3,13,13,2017,5,121,0,11.613584563584553,12.930702338597074,34.84075369075366,0.0
2017-05-02,8.40625,3.5,16,16,2017,5,122,0,8.99159382284381,13.292309481454216,26.974781468531432,0.01356879998594776
2017-05-03,10.206666666666669,3.0,15,15,2017,5,123,0,9.145331196581186,13.269885239029977,27.435993589743557,0.004540323486361749
2017-05-04,9.515,7.0,20,20,2017,5,124,0,9.375972222222211,12.139885239029978,28.127916666666636,0.040770254780977365
2017-05-05,26.147058823529413,18.5,17,17,2017,5,125,0,15.289575163398682,12.730818454421396,45.86872549019605,0.0
2017-05-06,18.1,9.0,10,10,2017,5,126,0,17.920686274509794,12.991929565532507,53.76205882352938,0.0
2017-05-07,6.45,6.35,6,6,2017,5,127,0,16.899019607843126,12.52115034475329,50.69705882352938,0.015263200410126854
2017-05-08,9.027272727272727,4.3,11,11,2017,5,128,0,11.19242424242423,12.550321173924116,33.57727272727269,0.021080962945436436
2017-05-09,10.707692307692309,6.7,13,13,2017,5,129,0,8.728321678321667,12.87909864645159,26.184965034965,0.0011704736868015904
2017-05-10,12.958333333333334,3.25,12,12,2017,5,130,0,10.897766122766113,13.272193884546825,32.693298368298336,0.0178786145743178
2017-05-11,3.6666666666666665,0.0,3,3,2017,5,131,0,9.110897435897424,12.436717694070635,27.332692307692273,0.019190177949998607
2017-05-12,11.5,8.0,4,4,2017,5,132,0,9.374999999999988,10.34428071928072,28.124999999999964,0.0
2017-05-13,0.5,0.5,2,2,2017,5,133,0,5.22222222222221,7.829995004995005,15.66666666666663,0.007850583716799206
2017-05-14,6.333333333333333,0.0,3,3,2017,5,134,0,6.111111111111099,7.813328338328339,18.333333333333297,0.03200787724245517
2017-05-15,12.1,10.0,5,5,2017,5,135,0,6.311111111111099,8.252289377289376,18.933333333333298,0.010349976458395067
2017-05-16,0.0,0.0,1,1,2017,5,136,0,6.144444444444432,6.722619047619048,18.433333333333298,0.030108287947214145
2017-05-17,2.5,2.5,2,2,2017,5,137,0,4.866666666666656,5.228571428571428,14.599999999999966,0.0
2017-05-18,0.0,0.0,1,1,2017,5,138,0,0.8333333333333215,4.704761904761905,2.4999999999999645,0.03092021105123486
2017-05-19,0.0,0.0,2,2,2017,5,139,0,0.8333333333333215,3.061904761904762,2.4999999999999645,0.03320619873803821
2017-05-20,7.8,11.0,3,3,2017,5,140,0,2.599999999999988,4.104761904761905,7.799999999999964,0.014828451700737445
2017-05-21,5.0,5.0,2,2,2017,5,141,0,4.266666666666655,3.9142857142857146,12.799999999999965,0.0
2017-05-22,0.0,0.0,1,1,2017,5,142,0,4.266666666666655,2.185714285714286,12.799999999999965,0.0
2017-05-23,0.0,0.0,2,2,2017,5,143,0,1.6666666666666548,2.185714285714286,4.9999999999999645,0.009138005895199086
2017-05-24,0.0,0.0,1,1,2017,5,144,0,0.0,1.8285714285714287,0.0,0.0
2017-05-25,0.0,0.0,1,1,2017,5,145,0,0.0,1.8285714285714287,0.0,0.0
2017-05-26,0.0,0.0,2,2,2017,5,146,0,0.0,1.8285714285714287,0.0,0.0
2017-05-27,5.0,5.0,2,2,2017,5,147,0,1.6666666666666548,1.4285714285714286,4.9999999999999645,0.01322718823291233
2017-05-28,13.3625,10.0,8,8,2017,5,148,0,6.120833333333322,2.623214285714286,18.362499999999965,0.018827793910750776
2017-05-29,7.6625,7.65,8,8,2017,5,149,0,8.674999999999988,3.7178571428571425,26.024999999999963,0.03591484686793834
2017-05-30,13.116666666666667,14.1,6,6,2017,5,150,0,11.380555555555544,5.591666666666667,34.14166666666663,0.029295297651044907
2017-05-31,1.0,1.0,1,1,2017,5,151,0,7.259722222222211,5.734523809523809,21.779166666666633,0.0
2017-06-01,13.65,12.05,4,4,2017,6,152,0,9.255555555555544,7.68452380952381,27.76666666666663,0.0
2017-06-02,23.0,21.75,8,8,2017,6,153,0,12.549999999999988,10.970238095238097,37.64999999999996,0.0
2017-06-03,10.875,8.5,4,4,2017,6,154,0,15.841666666666654,11.80952380952381,47.52499999999996,0.0
2017-06-04,16.816666666666666,8.0,6,6,2017,6,155,0,16.89722222222221,12.30297619047619,50.691666666666634,0.03414625195464459
2017-06-05,18.83333333333333,6.0,6,6,2017,6,156,0,15.50833333333332,13.898809523809522,46.52499999999996,0.0
2017-06-06,29.6875,13.75,8,8,2017,6,157,0,21.779166666666654,16.26607142857143,65.33749999999996,0.0
2017-06-07,1.5,1.5,2,2,2017,6,158,0,16.6736111111111,16.3375,50.0208333333333,0.0
2017-06-08,18.5,18.5,2,2,2017,6,159,0,16.56249999999999,17.03035714285714,49.687499999999964,0.0
2017-06-09,13.0,13.0,1,1,2017,6,160,0,10.999999999999988,15.601785714285713,32.999999999999964,0.0
2017-06-10,1.25,1.25,2,2,2017,6,161,0,10.916666666666655,14.226785714285713,32.749999999999964,0.0
2017-06-11,13.0,13.0,1,1,2017,6,162,0,9.083333333333321,13.681547619047619,27.249999999999964,0.000933966135003962
2017-06-12,10.1,9.0,3,3,2017,6,163,0,8.116666666666655,12.43392857142857,24.349999999999966,0.0
2017-06-13,4.0,3.0,3,3,2017,6,164,0,9.033333333333323,8.764285714285714,27.099999999999966,0.0015931868378205513
2017-06-14,4.25,4.25,2,2,2017,6,165,0,6.116666666666656,9.157142857142857,18.349999999999966,0.007898543202801747
2017-06-15,7.071428571428571,7.0,7,7,2017,6,166,0,5.107142857142845,7.524489795918368,15.321428571428536,0.0
2017-06-16,1.75,1.75,2,2,2017,6,167,0,4.357142857142845,5.91734693877551,13.071428571428536,0.012496708765781748
2017-06-18,9.0,6.0,3,3,2017,6,169,0,5.940476190476178,7.024489795918368,17.821428571428534,0.010609162832553063
2017-06-19,10.25,10.25,2,2,2017,6,170,0,6.9999999999999885,6.631632653061224,20.999999999999964,0.0
2017-06-20,6.5,6.5,1,1,2017,6,171,0,8.583333333333321,6.11734693877551,25.749999999999964,0.00834828088997151
2017-06-23,1.25,1.25,2,2,2017,6,174,0,5.9999999999999885,5.724489795918367,17.999999999999964,0.009706486692714247
2017-06-24,0.0,0.0,2,2,2017,6,175,0,2.5833333333333215,5.11734693877551,7.7499999999999645,0.0
2017-06-25,6.5,3.0,3,3,2017,6,176,0,2.5833333333333215,5.035714285714286,7.7499999999999645,0.010992847639774667
2017-06-26,0.75,1.0,4,4,2017,6,177,0,2.416666666666655,4.892857142857143,7.2499999999999645,0.0
2017-06-27,14.9,4.6,5,5,2017,6,178,0,7.383333333333321,5.735714285714286,22.149999999999963,0.0
2017-06-28,4.963636363636364,4.0,11,11,2017,6,179,0,6.87121212121211,4.980519480519481,20.613636363636328,0.0
2017-06-29,3.7875,1.0,8,8,2017,6,180,0,7.88371212121211,4.59301948051948,23.65113636363633,0.011729650042364079
2017-06-30,11.0,10.5,4,4,2017,6,181,0,6.583712121212109,5.985876623376624,19.751136363636327,0.001088409431949446
2017-07-01,18.641666666666666,15.0,12,12,2017,7,182,0,11.143055555555543,8.648971861471862,33.42916666666663,0.0
2017-07-02,13.4,9.5,5,5,2017,7,183,0,14.347222222222209,9.634686147186146,43.04166666666663,0.018462055786063192
2017-07-03,9.825,9.4,4,4,2017,7,184,0,13.955555555555543,10.931114718614719,41.86666666666663,0.002189599262640197
2017-07-05,1.8,1.8,2,2,2017,7,186,0,8.341666666666654,9.059686147186147,25.024999999999963,0.0
2017-07-07,5.0,5.0,1,1,2017,7,188,0,5.5416666666666545,9.064880952380951,16.624999999999964,0.0
2017-07-10,6.975,1.5,4,4,2017,7,191,0,4.591666666666654,9.520238095238096,13.774999999999963,0.009474134064720072
2017-07-11,10.0,10.0,1,1,2017,7,192,0,7.324999999999988,9.377380952380951,21.974999999999962,0.0
2017-07-12,15.5,6.75,4,4,2017,7,193,0,10.824999999999989,8.928571428571429,32.474999999999966,0.02716061331233134
2017-07-13,29.25,29.25,2,2,2017,7,194,0,18.24999999999999,11.192857142857141,54.749999999999964,0.0
2017-07-14,11.0,11.0,1,1,2017,7,195,0,18.58333333333332,11.360714285714284,55.749999999999964,0.0
2017-07-15,9.0,9.0,2,2,2017,7,196,0,16.416666666666654,12.389285714285714,49.249999999999964,0.02469823659488547
2017-07-16,11.6,11.6,1,1,2017,7,197,0,10.533333333333323,13.332142857142857,31.599999999999966,0.04887172795171708
2017-07-17,12.6,12.6,2,2,2017,7,198,0,11.066666666666654,14.135714285714286,33.19999999999996,0.0
2017-07-18,8.0,6.4,7,7,2017,7,199,0,10.73333333333332,13.85,32.19999999999996,0.0023219724760915428
2017-07-19,11.314285714285717,9.0,7,7,2017,7,200,0,10.638095238095227,13.25204081632653,31.91428571428568,0.004443974733370253
2017-07-20,10.709090909090907,4.5,11,11,2017,7,201,0,10.007792207792196,10.603339517625232,30.02337662337659,0.0
2017-07-21,19.27777777777778,12.0,9,9,2017,7,202,0,13.767051467051454,11.785879200164915,41.30115440115436,0.0
2017-07-22,3.6666666666666665,4.5,3,3,2017,7,203,0,11.217845117845107,11.023974438260153,33.65353535353532,0.009562635513395536
2017-07-23,9.5,9.5,2,2,2017,7,204,0,10.814814814814802,10.723974438260152,32.44444444444441,0.003423849653346145
2017-07-24,26.857142857142858,21.0,7,7,2017,7,205,0,13.34126984126983,12.760709132137704,40.02380952380949,0.0015760336083205373
2017-07-25,32.5,32.5,1,1,2017,7,206,0,22.952380952380945,16.260709132137702,68.85714285714283,0.010402564808350839
2017-07-26,0.8,0.8,1,1,2017,7,207,0,20.05238095238094,14.758668315811173,60.15714285714282,0.006666155645171412
2017-07-28,8.642857142857142,5.0,7,7,2017,7,209,0,13.980952380952369,14.463492063492064,41.94285714285711,0.0
2017-07-29,9.0,3.5,4,4,2017,7,210,0,6.1476190476190355,12.995238095238095,18.442857142857108,0.03777033073272841
2017-07-30,33.0,16.5,6,6,2017,7,211,0,16.88095238095237,17.185714285714287,50.64285714285711,0.004416116934255804
2017-07-31,14.866666666666667,10.75,12,12,2017,7,212,0,18.955555555555545,17.952380952380953,56.86666666666664,0.03982946665901511
2017-08-01,10.0,10.0,1,1,2017,8,213,0,19.288888888888877,15.54421768707483,57.86666666666663,0.0
2017-08-05,0.5,0.5,1,1,2017,8,217,0,8.455555555555543,10.97278911564626,25.36666666666663,0.010362029229815923
2017-08-06,7.0,7.0,1,1,2017,8,218,0,5.8333333333333215,11.858503401360545,17.499999999999964,0.0
2017-08-07,0.0,0.0,1,1,2017,8,219,0,2.499999999999988,10.623809523809525,7.4999999999999645,0.0
2017-08-08,27.5,27.5,1,1,2017,8,220,0,11.499999999999988,13.266666666666667,34.499999999999964,0.0008712880437991323
2017-08-09,13.071428571428571,9.0,7,7,2017,8,221,0,13.523809523809511,10.419727891156464,40.571428571428534,0.0
2017-08-10,1.75,1.75,2,2,2017,8,222,0,14.107142857142845,8.545918367346939,42.321428571428534,0.008849413107696052
2017-08-11,1.5,1.5,1,1,2017,8,223,0,5.440476190476178,7.331632653061225,16.321428571428534,0.0
2017-08-13,5.0,5.0,1,1,2017,8,225,0,2.749999999999988,7.974489795918367,8.249999999999964,0.0
2017-08-14,2.0,2.0,1,1,2017,8,226,0,2.8333333333333215,7.2602040816326525,8.499999999999964,0.0
2017-08-15,51.0,51.0,2,2,2017,8,227,0,19.33333333333332,14.545918367346939,57.999999999999964,0.03253126774812257
2017-08-18,2.0,2.0,1,1,2017,8,230,0,18.33333333333332,10.903061224489795,54.999999999999964,0.0071625714255689945
2017-08-22,10.0,10.0,1,1,2017,8,234,0,20.99999999999999,10.464285714285714,62.999999999999964,0.0
2017-08-25,3.0,3.0,1,1,2017,8,237,0,4.9999999999999885,10.642857142857142,14.999999999999964,0.0
2017-08-26,17.0,17.0,1,1,2017,8,238,0,9.999999999999988,12.857142857142858,29.999999999999964,0.0
2017-08-27,8.0,8.0,2,2,2017,8,239,0,9.333333333333321,13.285714285714286,27.999999999999964,0.0
2017-08-28,6.25,6.25,2,2,2017,8,240,0,10.416666666666655,13.892857142857142,31.249999999999964,0.0
2017-08-29,15.73076923076923,11.0,13,13,2017,8,241,0,9.993589743589732,8.854395604395604,29.980769230769194,0.025996929513524364
2017-08-30,27.06190476190476,22.1,21,21,2017,8,242,0,16.347557997557985,12.434667713239142,49.042673992673954,0.0
2017-08-31,1.0,1.0,1,1,2017,8,243,0,14.597557997557985,11.148953427524857,43.792673992673954,0.0
2017-09-01,2.0,2.0,1,1,2017,9,244,0,10.020634920634908,11.006096284667715,30.061904761904724,0.0
2017-09-05,0.75,0.75,2,2,2017,9,248,0,1.2499999999999882,8.684667713239142,3.7499999999999645,0.0
2017-09-06,7.25,7.25,2,2,2017,9,249,0,3.3333333333333215,8.577524856096284,9.999999999999964,0.0
2017-09-08,1.0,1.0,1,1,2017,9,251,0,2.999999999999988,7.827524856096284,8.999999999999964,0.002903242559180849
2017-09-09,0.0,0.0,1,1,2017,9,252,0,2.749999999999988,5.580272108843537,8.249999999999964,0.0
2017-09-10,3.5,3.5,1,1,2017,9,253,0,1.4999999999999882,2.2142857142857144,4.4999999999999645,0.0
2017-09-15,26.0,26.0,1,1,2017,9,258,0,9.833333333333321,5.785714285714286,29.499999999999964,0.005682478467245281
2017-09-16,1.0,1.0,1,1,2017,9,259,0,10.166666666666655,5.642857142857143,30.499999999999964,0.0167946756686707
2017-09-17,10.5,10.5,1,1,2017,9,260,0,12.499999999999988,7.035714285714286,37.499999999999964,0.0027724864420984557
2017-09-18,3.0,3.0,1,1,2017,9,261,0,4.8333333333333215,6.428571428571429,14.499999999999964,0.0
2017-09-19,7.5,7.5,1,1,2017,9,262,0,6.9999999999999885,7.357142857142857,20.999999999999964,0.019084780641077822
2017-09-20,5.5,5.5,3,3,2017,9,263,0,5.3333333333333215,8.142857142857142,15.999999999999964,0.017961529128066367
2017-09-21,10.0,7.0,6,6,2017,9,264,0,7.6666666666666545,9.071428571428571,22.999999999999964,0.02138822612723861
2017-09-22,8.175,8.1,4,4,2017,9,265,0,7.891666666666655,6.5249999999999995,23.674999999999965,0.0
2017-09-23,3.25,3.25,2,2,2017,9,266,0,7.141666666666655,6.846428571428571,21.424999999999965,0.008799084626505535
2017-09-24,15.625,7.5,4,4,2017,9,267,0,9.016666666666655,7.578571428571428,27.049999999999965,0.0
2017-09-25,4.3375,2.75,8,8,2017,9,268,0,7.737499999999987,7.769642857142857,23.212499999999963,0.02789924749905451
2017-09-26,10.72,7.0,15,15,2017,9,269,0,10.227499999999988,8.229642857142858,30.682499999999965,0.0
2017-09-27,15.827272727272726,11.75,22,22,2017,9,270,0,10.29492424242423,9.704967532467533,30.88477272727269,0.0
2017-09-28,11.189473684210526,8.0,19,19,2017,9,271,0,12.578915470494406,9.874892344497608,37.73674641148322,0.031183900805499053
2017-09-29,9.004545454545454,4.0,22,22,2017,9,272,0,12.007097288676222,9.9933988380041,36.02129186602867,0.0
2017-09-30,5.3,4.0,19,19,2017,9,273,0,8.498006379585314,10.286255980861243,25.49401913875594,0.029595593589571305
2017-10-01,9.807692307692308,5.0,13,13,2017,10,274,1,8.037412587412575,9.455212024817289,24.112237762237726,0.008059623194989622
2017-10-02,9.093333333333334,3.0,15,15,2017,10,275,1,8.067008547008536,10.13461678672205,24.20102564102561,0.0021001936292778197
2017-10-03,10.36875,7.75,16,16,2017,10,276,1,9.756591880341869,10.084438215293478,29.269775641025607,0.010207476838997274
2017-10-04,20.166666666666668,15.0,12,12,2017,10,277,1,13.209583333333322,10.7043516352069,39.62874999999997,0.0
2017-10-05,7.857142857142857,7.0,7,7,2017,10,278,1,12.79751984126983,10.228304374197233,38.39255952380949,0.017486217985617735
2017-10-06,14.5,0.5,4,4,2017,10,279,1,14.174603174603163,11.013369309262169,42.52380952380949,0.0
2017-10-07,18.071428571428573,18.0,7,7,2017,10,280,1,13.476190476190466,12.837859105180536,40.428571428571395,0.0
2017-10-08,21.26086956521739,7.5,23,23,2017,10,281,1,17.944099378881976,14.474027284826976,53.83229813664593,0.0
2017-10-09,10.623529411764704,6.5,17,17,2017,10,282,1,16.65194251613688,14.692626724602885,49.95582754841064,0.0
2017-10-10,25.54285714285714,10.0,21,21,2017,10,283,1,19.142418706613068,16.860356316439617,57.4272561198392,0.0
2017-10-11,11.733333333333333,9.0,18,18,2017,10,284,1,15.966573295985048,15.655594411677713,47.89971988795514,0.0
2017-10-12,14.461111111111112,8.5,18,18,2017,10,285,1,17.245767195767183,16.599018447958894,51.737301587301545,0.0
2017-10-13,2.75,1.0,6,6,2017,10,286,1,9.648148148148136,14.920447019387465,28.944444444444407,0.0
2017-10-14,7.571428571428571,4.0,7,7,2017,10,287,1,8.260846560846549,13.420447019387465,24.782539682539646,0.0
2017-10-15,4.166666666666667,1.0,6,6,2017,10,288,1,4.8293650793650675,10.978418033880217,14.488095238095202,0.01431441742414296
2017-10-16,18.1,17.9,9,9,2017,10,289,1,9.946031746031734,12.046485260770975,29.838095238095203,0.03075805418908352
2017-10-17,23.742105263157896,17.5,19,19,2017,10,290,1,15.336257309941509,11.789234992242513,46.008771929824526,0.004031970811931428
2017-10-18,7.382352941176471,4.0,17,17,2017,10,291,1,16.40815273477811,11.16766636479153,49.22445820433433,0.029949846782937828
2017-10-19,29.552380952380958,18.0,21,21,2017,10,292,1,20.22561305223843,13.32356205640151,60.67683915671529,0.0
2017-10-20,16.210526315789473,13.0,19,19,2017,10,293,1,17.715086736448956,15.246494387228577,53.145260209346866,0.0
2017-10-21,14.84,4.6,10,10,2017,10,294,1,20.20096908939013,16.284861734167354,60.6029072681704,0.0
2017-10-22,6.890909090909091,8.0,11,11,2017,10,295,1,12.647145135566177,16.674039223344842,37.94143540669853,0.010688072000065836
2017-10-23,12.485714285714286,8.0,14,14,2017,10,296,1,11.405541125541113,15.87199840701831,34.21662337662334,0.0030986259317227665
2017-10-24,28.11428571428572,14.5,14,14,2017,10,297,1,15.83030303030302,16.496595614322285,47.49090909090906,0.0
2017-10-25,21.7,18.0,15,15,2017,10,298,1,20.766666666666655,18.54197376558279,62.29999999999997,0.0
2017-10-26,24.534615384615385,18.25,26,26,2017,10,299,1,24.782967032967022,17.82515011304485,74.34890109890107,0.0
2017-10-27,16.223076923076924,11.5,26,26,2017,10,300,1,20.819230769230757,17.82694305694306,62.45769230769227,0.006028088827050525
2017-10-28,17.047619047619047,17.5,21,21,2017,10,301,1,19.268437118437106,18.14231720660292,57.80531135531132,0.0058047461815703295
2017-10-29,4.510526315789474,1.4,19,19,2017,10,302,1,12.593740762161802,17.802262524442977,37.78122228648541,0.050374950024613105
2017-10-30,6.469565217391305,4.5,23,23,2017,10,303,1,9.34257019359993,16.942812657539694,28.027710580799788,0.0
2017-11-01,6.0,7.0,4,4,2017,11,305,1,5.6600305110602465,13.783628984070305,16.98009153318074,0.0
2017-11-02,3.857142857142857,0.0,7,7,2017,11,306,1,5.442236024844708,11.23464939223357,16.326708074534125,0.019337525574448584
2017-11-03,7.144444444444444,8.0,9,9,2017,11,307,1,5.6671957671957545,8.750339257923438,17.001587301587264,0.0
2017-11-04,13.816666666666666,9.25,18,18,2017,11,308,1,8.27275132275131,8.40656636415054,24.818253968253927,0.011767349248953595
2017-11-05,17.323809523809523,9.3,21,21,2017,11,309,1,12.761640211640199,8.446022146463466,38.284920634920596,0.027577073479805016
2017-11-06,17.7,11.5,22,22,2017,11,310,1,16.280158730158714,10.330232672779257,48.840476190476146,0.0
2017-11-07,21.82962962962963,21.0,27,27,2017,11,311,1,18.951146384479703,12.524527588813301,56.85343915343911,0.024712416753438455
2017-11-08,29.95,26.0,24,24,2017,11,312,1,23.15987654320986,15.945956160241874,69.47962962962958,0.0
2017-11-09,21.23333333333333,13.5,24,24,2017,11,313,1,24.33765432098764,18.428269085411944,73.01296296296292,0.0
2017-11-10,21.183333333333334,17.25,24,24,2017,11,314,1,24.12222222222221,20.433824640967497,72.36666666666663,0.0
2017-11-11,15.712,9.0,25,25,2017,11,315,1,19.376222222222207,20.704586545729402,58.128666666666625,0.0
2017-11-12,24.108,18.0,25,25,2017,11,316,1,20.334444444444433,21.673756613756613,61.0033333333333,0.02871777791623991
2017-11-13,24.752,21.0,25,25,2017,11,317,1,21.523999999999987,22.68118518518519,64.57199999999996,0.0
2017-11-14,31.36923076923077,30.0,26,26,2017,11,318,1,26.74307692307691,24.04398534798535,80.22923076923072,0.0
2017-11-15,30.696296296296296,15.0,27,27,2017,11,319,1,28.93917568850901,24.150599104599102,86.81752706552703,0.0016477427408705448
2017-11-16,16.974999999999998,3.5,24,24,2017,11,320,1,26.346842355175678,23.542265771265768,79.04052706552703,0.025052095657140044
2017-11-17,30.75,19.25,26,26,2017,11,321,1,26.140432098765416,24.908932437932435,78.42129629629625,0.0
2017-11-18,25.956521739130437,20.4,23,23,2017,11,322,1,24.5605072463768,26.3724355435225,73.6815217391304,0.006336629718875704
2017-11-19,13.025,7.75,16,16,2017,11,323,1,23.243840579710135,24.789149829236784,69.7315217391304,0.03239092188613398
2017-11-20,23.828000000000003,21.0,25,25,2017,11,324,1,20.936507246376802,24.657149829236783,62.8095217391304,0.0
2017-11-21,27.063636363636363,15.75,22,22,2017,11,325,1,21.30554545454544,24.04206491415187,63.91663636363633,0.031047902186345674
2017-11-22,31.316,21.5,25,25,2017,11,326,1,27.402545454545443,24.130594014680973,82.20763636363633,0.007172341736970456
2017-11-23,21.05555555555556,3.5,18,18,2017,11,327,1,26.478397306397294,24.713530522617482,79.43519191919188,0.0
2017-11-24,6.709090909090909,4.0,11,11,2017,11,328,1,19.69354882154881,21.279114938201896,59.08064646464643,0.02627324027459821
2017-11-25,11.9125,5.25,8,8,2017,11,329,1,13.225715488215476,19.27282611832612,39.67714646464643,0.0
2017-11-26,12.55625,4.5,16,16,2017,11,330,1,10.392613636363622,19.205861832611834,31.177840909090868,0.0008446812150510473
2017-11-27,14.11304347826087,8.0,23,23,2017,11,331,1,12.860597826086943,17.818010900934816,38.58179347826083,0.0
2017-11-28,23.4,25.25,20,20,2017,11,332,1,16.68976449275361,17.294634277558192,50.06929347826083,0.0
2017-11-29,1.5,0.0,4,4,2017,11,333,1,13.004347826086942,13.03520570612962,39.013043478260826,0.017757177682711
2017-11-30,14.166666666666666,9.0,6,6,2017,11,334,1,13.02222222222221,12.051078722002638,39.06666666666663,0.027445143939315297
2017-12-01,9.32857142857143,3.0,21,21,2017,12,335,1,8.33174603174602,12.425290224785567,24.995238095238058,0.012763761917610176
2017-12-02,4.6923076923076925,1.5,13,13,2017,12,336,1,9.395848595848582,11.393834180829524,28.187545787545748,0.0
2017-12-03,1.6666666666666667,1.0,3,3,2017,12,337,1,5.229181929181917,9.838179418924762,15.68754578754575,0.010399335556093132
2017-12-04,4.885714285714286,4.5,7,7,2017,12,338,1,3.7482295482295354,8.519989534275249,11.244688644688607,0.018822491659545967
2017-12-05,16.0,8.0,9,9,2017,12,339,1,7.517460317460305,7.462846677132392,22.552380952380915,0.0
2017-12-06,9.754545454545454,7.0,11,11,2017,12,340,1,10.2134199134199,8.642067456353171,30.6402597402597,0.017538918371909348
2017-12-07,14.05,12.0,20,20,2017,12,341,1,13.268181818181807,8.625400789686505,39.80454545454542,0.0
2017-12-08,10.234782608695651,6.5,23,23,2017,12,342,1,11.346442687747022,8.75485952970425,34.039328063241065,0.03472841741733608
2017-12-09,19.69047619047619,8.5,21,21,2017,12,343,1,14.658419599723933,10.897455029442607,43.9752587991718,0.013222315395667636
2017-12-10,7.871428571428572,5.5,21,21,2017,12,344,1,12.598895790200125,11.783849587265735,37.796687370600374,0.00757979465761472
2017-12-11,1.6666666666666667,0.0,12,12,2017,12,345,1,9.742857142857128,11.323985641687504,29.228571428571385,0.0
2017-12-12,15.52222222222222,6.45,18,18,2017,12,346,1,8.353439153439139,11.255731673433536,25.060317460317414,0.04886514824890625
2017-12-13,14.626086956521736,15.0,23,23,2017,12,347,1,10.604991948470193,11.951666173715862,31.81497584541058,0.013983199624699015
2017-12-14,15.484000000000002,15.0,25,25,2017,12,348,1,15.210769726247973,12.156523316573004,45.63230917874392,0.0
2017-12-15,25.595652173913045,10.0,23,23,2017,12,349,1,18.568579710144913,14.350933254461205,55.70573913043474,0.04007803849345517
2017-12-16,31.73076923076923,25.0,26,26,2017,12,350,1,24.27014046822741,16.07097511736021,72.81042140468223,0.0
2017-12-17,13.946153846153846,9.25,26,26,2017,12,351,1,23.757525083612027,16.938793013749535,71.27257525083608,0.0
2017-12-18,20.582608695652173,9.5,23,23,2017,12,352,1,22.0865105908584,19.64107044646175,66.2595317725752,0.0
2017-12-19,10.673913043478262,5.0,23,23,2017,12,353,1,15.06755852842808,18.948454849498326,45.20267558528424,0.014622629103754323
2017-12-20,7.48888888888889,3.25,18,18,2017,12,354,1,12.915136876006429,17.92885512555078,38.745410628019286,0.0
2017-12-21,10.46875,7.25,16,16,2017,12,355,1,9.54385064412237,17.212390839836495,28.63155193236711,0.015597429336088662
2017-12-22,2.37,0.75,10,10,2017,12,356,1,6.775879629629617,13.894440529277487,20.32763888888885,0.06808776322016205
2017-12-23,6.75,0.5,4,4,2017,12,357,1,6.52958333333332,10.32575921059617,19.58874999999996,0.011395216708960345
2017-12-24,21.0,21.0,1,1,2017,12,358,1,10.039999999999987,11.333451518288475,30.11999999999996,0.0
2017-12-25,9.5,9.5,2,2,2017,12,359,1,12.416666666666652,9.750221704623879,37.24999999999996,0.014007781741723287
2017-12-26,2.0,1.0,3,3,2017,12,360,1,10.83333333333332,8.51109126984127,32.49999999999996,0.014881287740761858
2017-12-27,7.833333333333333,5.0,3,3,2017,12,361,1,6.4444444444444295,8.560297619047619,19.33333333333329,0.0
2017-12-28,2.0,0.0,5,5,2017,12,362,1,3.94444444444443,7.350476190476191,11.83333333333329,0.01657084673477207
2018-01-01,30.875,34.5,8,8,2018,1,1,1,13.569444444444429,11.42261904761905,40.708333333333286,0.03201563850945036
2018-01-02,31.615384615384617,38.0,13,13,2018,1,2,1,21.496794871794858,14.97481684981685,64.49038461538457,0.015860365756272168
2018-01-03,32.416666666666664,30.0,12,12,2018,1,3,1,31.635683760683747,16.60576923076923,94.90705128205124,0.0
2018-01-04,21.49333333333333,12.8,15,15,2018,1,4,1,28.50846153846152,18.319102564102565,85.52538461538457,0.020227310402064762
2018-01-05,27.25,14.0,16,16,2018,1,5,1,27.053333333333317,21.926245421245422,81.15999999999995,0.013980700096119379
2018-01-06,10.6,7.5,12,12,2018,1,6,1,19.781111111111095,22.321483516483514,59.343333333333284,0.0
2018-01-07,1.5142857142857142,0.0,7,7,2018,1,7,1,13.121428571428558,22.252095761381472,39.36428571428567,0.0
2018-01-08,57.85,4.25,8,8,2018,1,8,1,23.321428571428555,26.105667189952904,69.96428571428567,0.06559149709500449
2018-01-09,23.5,21.5,8,8,2018,1,9,1,27.621428571428556,24.946326530612243,82.86428571428567,0.001745525084305776
2018-01-10,17.625,16.0,12,12,2018,1,10,1,32.99166666666665,22.83323129251701,98.97499999999997,0.0
2018-01-11,18.383333333333333,13.4,6,6,2018,1,11,1,19.836111111111094,22.388945578231294,59.50833333333328,0.0
2018-01-12,0.7999999999999999,0.0,3,3,2018,1,12,1,12.269444444444426,18.61037414965986,36.80833333333328,0.0018977358412859656
2018-01-13,13.5,0.0,7,7,2018,1,13,1,10.894444444444426,19.024659863945576,32.68333333333328,0.0
2018-01-14,8.549999999999999,3.0,12,12,2018,1,14,1,7.61666666666665,20.029761904761905,22.84999999999995,0.018457002058065327
2018-01-15,6.95,7.5,6,6,2018,1,15,1,9.66666666666665,12.758333333333335,28.99999999999995,0.00973160583632898
2018-01-16,7.18,5.4,5,5,2018,1,16,1,7.559999999999984,10.426904761904762,22.67999999999995,0.03633836335235606
2018-01-17,0.9444444444444444,0.0,9,9,2018,1,17,1,5.024814814814798,8.043968253968254,15.074444444444394,0.009708289847150527
2018-01-18,3.625,0.0,4,4,2018,1,18,1,3.916481481481464,5.935634920634921,11.749444444444393,0.0
2018-01-19,7.071428571428571,0.0,7,7,2018,1,19,1,3.8802910052909887,6.83155328798186,11.640873015872966,0.0
2018-01-20,12.52727272727273,2.5,11,11,2018,1,20,1,7.7412337662337505,6.692592249020821,23.22370129870125,0.0
2018-01-21,3.322222222222222,1.5,9,9,2018,1,21,1,7.640307840307824,5.9457668521954234,22.920923520923473,0.0
2018-01-22,0.6111111111111112,0.0,9,9,2018,1,22,1,5.486868686868671,5.040211296639868,16.46060606060601,0.015663637208646667
2018-01-23,6.921428571428572,3.65,14,14,2018,1,23,1,3.6182539682539514,5.003272521129664,10.854761904761855,0.0
2018-01-24,13.8125,7.5,8,8,2018,1,24,1,7.11501322751321,6.841566171923314,21.345039682539632,0.0
2018-01-25,25.944444444444443,22.4,9,9,2018,1,25,1,15.559457671957654,10.030058235415378,46.678373015872964,0.00829184019512672
2018-01-26,4.183333333333334,0.0,6,6,2018,1,26,1,14.646759259259241,9.617473201401774,43.94027777777772,0.0
2018-01-27,4.366666666666666,0.75,6,6,2018,1,27,1,11.49814814814813,8.451672335600907,34.49444444444439,0.0
2018-01-28,14.711111111111112,14.5,9,9,2018,1,28,1,7.753703703703688,10.078656462585034,23.261111111111063,0.03325810741206453
2018-01-29,17.344444444444445,5.5,9,9,2018,1,29,1,12.140740740740725,12.469132653061223,36.422222222222175,0.024920942651725068
2018-01-30,4.233333333333333,3.5,12,12,2018,1,30,1,12.09629629629628,12.085119047619047,36.28888888888884,0.0
2018-01-31,2.15,1.75,8,8,2018,1,31,1,7.909259259259243,10.41904761904762,23.727777777777728,0.005601171876823105
2018-02-01,0.75,0.25,4,4,2018,2,32,1,2.377777777777761,6.8198412698412705,7.133333333333283,0.0
2018-02-02,14.6875,13.0,8,8,2018,2,33,1,5.862499999999983,8.320436507936508,17.58749999999995,0.0
2018-02-03,4.34,0.0,5,5,2018,2,34,1,6.5924999999999825,8.316626984126984,19.777499999999947,0.0
2018-02-04,17.066666666666666,10.5,9,9,2018,2,35,1,12.031388888888872,8.65313492063492,36.09416666666662,0.0007374534534945709
2018-02-05,8.39090909090909,7.5,11,11,2018,2,36,1,9.932525252525236,7.374058441558441,29.797575757575707,0.011410202293524416
2018-02-06,10.7,11.5,6,6,2018,2,37,1,12.052525252525236,8.297867965367965,36.15757575757571,0.0
2018-02-07,36.81111111111111,17.3,9,9,2018,2,38,1,18.634006734006718,13.249455266955266,55.902020202020154,0.0
2018-02-08,17.8875,8.5,8,8,2018,2,39,1,21.799537037037016,15.697669552669552,65.39861111111105,0.029736354725304476
2018-02-09,14.2,2.5,7,7,2018,2,40,1,22.966203703703684,15.628026695526696,68.89861111111105,0.0
2018-02-10,11.833333333333334,0.5,3,3,2018,2,41,1,14.640277777777762,16.698502886002885,43.920833333333285,0.0
2018-02-11,4.4,1.5,3,3,2018,2,42,1,10.144444444444428,14.888979076479076,30.433333333333284,0.0
2018-02-12,14.080000000000002,4.5,5,5,2018,2,43,1,10.104444444444429,15.701706349206349,30.313333333333286,0.015665587270208222
2018-02-13,8.85,4.3,6,6,2018,2,44,1,9.109999999999985,15.437420634920636,27.329999999999956,0.015962987410785875
2018-02-14,3.68,2.4,5,5,2018,2,45,1,8.869999999999985,10.704404761904764,26.609999999999953,0.016997839221754754
2018-02-15,8.716666666666667,8.0,6,6,2018,2,46,1,7.082222222222206,9.394285714285715,21.246666666666616,0.029534227439387904
2018-02-16,22.666666666666668,22.5,6,6,2018,2,47,1,11.687777777777761,10.603809523809526,35.06333333333328,0.01675551056717223
2018-02-17,1.5,1.25,4,4,2018,2,48,1,10.961111111111094,9.12761904761905,32.88333333333328,0.004109187323208739
2018-02-18,23.5,23.5,2,2,2018,2,49,1,15.888888888888872,11.856190476190477,47.666666666666615,0.02083361717726446
2018-02-19,32.03076923076923,32.5,13,13,2018,2,50,1,19.010256410256396,14.420586080586082,57.03076923076919,0.0
2018-02-20,33.57,34.75,10,10,2018,2,51,1,29.700256410256397,17.95201465201465,89.10076923076919,0.0
2018-02-21,20.23333333333333,5.2,6,6,2018,2,52,1,28.61136752136751,20.316776556776556,85.83410256410252,0.014618264260052496
2018-02-22,28.05,16.0,10,10,2018,2,53,1,27.284444444444432,23.078681318681323,81.8533333333333,0.0
2018-02-23,57.39090909090908,48.0,11,11,2018,2,54,1,35.22474747474746,28.03928737928738,105.67424242424238,0.05101885316952984
2018-02-24,27.5,10.5,8,8,2018,2,55,1,37.64696969696968,31.753573093573095,112.94090909090903,0.0
2018-02-25,27.9,18.2,3,3,2018,2,56,1,37.59696969696968,32.38214452214452,112.79090909090904,0.04326988035827152
2018-02-26,24.585714285714285,23.6,7,7,2018,2,57,1,26.661904761904747,31.318565244279533,79.98571428571424,0.0
2018-02-27,12.97,8.0,10,10,2018,2,58,1,21.818571428571413,28.37570810142239,65.45571428571424,0.0
2018-02-28,17.349999999999998,15.4,6,6,2018,2,59,1,18.301904761904748,27.963803339517625,54.90571428571424,0.0
2018-03-01,20.02,14.5,5,5,2018,3,60,1,16.779999999999983,26.81666048237477,50.339999999999954,0.02513827263261336
2018-03-02,13.5125,7.15,8,8,2018,3,61,1,16.960833333333316,20.548316326530617,50.88249999999995,0.0
2018-03-03,15.919999999999998,13.5,5,5,2018,3,62,1,16.48416666666665,18.8940306122449,49.45249999999995,0.0
2018-03-04,27.4,36.5,7,7,2018,3,63,1,18.94416666666665,18.822602040816324,56.83249999999995,0.021852191018906446
2018-03-05,24.75,16.85,8,8,2018,3,64,1,22.689999999999984,18.84607142857143,68.06999999999995,0.0
2018-03-06,10.5,10.5,1,1,2018,3,65,1,20.883333333333315,18.493214285714288,62.64999999999995,0.0
2018-03-07,23.16,15.2,5,5,2018,3,66,1,19.469999999999985,19.32321428571429,58.409999999999954,0.0
2018-03-08,41.98333333333333,40.5,12,12,2018,3,67,1,25.21444444444443,22.460833333333333,75.64333333333329,0.010710451519935438
2018-03-09,43.6,42.5,10,10,2018,3,68,1,36.24777777777776,26.759047619047617,108.74333333333328,0.0
2018-03-10,20.35,13.5,6,6,2018,3,69,1,35.311111111111096,27.39190476190476,105.93333333333328,0.0033120329258970976
2018-03-11,17.45,12.9,4,4,2018,3,70,1,27.133333333333315,25.970476190476194,81.39999999999995,0.027476273220893525
2018-03-12,29.82222222222222,31.5,9,9,2018,3,71,1,22.540740740740727,26.69507936507937,67.62222222222218,0.0
2018-03-13,48.25,41.0,4,4,2018,3,72,1,31.840740740740724,32.08793650793651,95.52222222222217,0.025383784523023055
2018-03-14,2.2,2.2,1,1,2018,3,73,1,26.75740740740739,29.093650793650795,80.27222222222217,0.0020479140474460736
2018-03-15,1.25,1.25,2,2,2018,3,74,1,17.233333333333317,23.274603174603175,51.69999999999995,0.022120120746431958
2018-03-16,22.75,20.5,4,4,2018,3,75,1,8.733333333333317,20.296031746031748,26.19999999999995,0.0
2018-03-17,21.75714285714286,9.8,7,7,2018,3,76,1,15.252380952380937,20.497052154195014,45.75714285714281,0.0
2018-03-18,28.8,13.5,7,7,2018,3,77,1,24.43571428571427,22.118480725623584,73.30714285714281,0.0
2018-03-19,18.58333333333333,13.0,6,6,2018,3,78,1,23.04682539682538,20.51292517006803,69.14047619047614,0.0
2018-03-20,39.44285714285714,28.2,7,7,2018,3,79,1,28.942063492063472,19.25476190476191,86.82619047619042,0.003892354308041898
2018-03-21,18.933333333333334,25.8,3,3,2018,3,80,1,25.653174603174588,21.645238095238096,76.95952380952376,0.0
2018-03-23,17.366666666666667,11.85,6,6,2018,3,82,1,25.247619047619036,23.94761904761905,75.7428571428571,0.0
2018-03-24,14.1,12.2,4,4,2018,3,83,1,16.799999999999983,22.711904761904766,50.39999999999995,0.043945723808366643
2018-03-25,33.0,33.0,1,1,2018,3,84,1,21.48888888888887,24.318027210884356,64.46666666666661,0.007141541072399499
2018-03-26,16.0,16.0,2,2,2018,3,85,1,21.033333333333314,22.489455782312923,63.099999999999945,0.040390234265909826
2018-03-27,8.5,8.5,2,2,2018,3,86,1,19.166666666666647,21.048979591836737,57.49999999999994,0.028507300944595543
2018-03-28,6.75,6.75,2,2,2018,3,87,1,10.416666666666648,16.37857142857143,31.249999999999943,0.0031151488473876183
2018-03-29,13.5,13.5,1,1,2018,3,88,1,9.583333333333314,15.602380952380953,28.749999999999943,0.0
2018-03-30,2.5,2.5,1,1,2018,3,89,1,7.583333333333314,13.478571428571431,22.749999999999943,0.0
2018-03-31,1.5,1.5,1,1,2018,3,90,1,5.833333333333314,11.678571428571429,17.499999999999943,0.0
2018-04-01,10.933333333333332,10.5,3,3,2018,4,91,0,4.977777777777758,8.526190476190477,14.933333333333275,0.04188471035639599
2018-04-02,7.15,7.15,2,2,2018,4,92,0,6.527777777777758,7.261904761904764,19.583333333333275,0.022627552474422354
2018-04-03,11.5,11.5,1,1,2018,4,93,0,9.861111111111091,7.690476190476192,29.583333333333275,0.0
2018-04-04,33.8,34.5,4,4,2018,4,94,0,17.483333333333313,11.554761904761905,52.44999999999994,0.0
2018-04-05,16.533333333333335,10.85,6,6,2018,4,95,0,20.61111111111109,11.988095238095239,61.83333333333327,0.0
2018-04-06,7.5,4.5,3,3,2018,4,96,0,19.277777777777757,12.702380952380953,57.83333333333327,0.0
2018-04-07,7.025,7.3,4,4,2018,4,97,0,10.35277777777776,13.491666666666669,31.05833333333328,0.004347327044807944
2018-04-08,31.3,22.0,4,4,2018,4,98,0,15.274999999999983,16.401190476190475,45.824999999999946,0.0
2018-04-09,18.416666666666668,15.0,6,6,2018,4,99,0,18.91388888888887,18.01071428571429,56.74166666666661,0.027254575889789794
2018-04-10,16.75,16.75,2,2,2018,4,100,0,22.155555555555537,18.76071428571429,66.46666666666661,0.005666656426170655
2018-04-12,6.5,6.5,1,1,2018,4,102,0,13.88888888888887,14.86071428571429,41.66666666666661,0.024239111083631592
2018-04-14,8.5,8.5,1,1,2018,4,104,0,10.583333333333313,13.71309523809524,31.74999999999994,0.0
2018-04-15,7.166666666666667,7.5,3,3,2018,4,105,0,7.388888888888869,13.665476190476193,22.166666666666607,0.0
2018-04-16,8.833333333333334,9.5,3,3,2018,4,106,0,8.166666666666647,13.923809523809526,24.49999999999994,0.0
2018-04-17,8.34,4.5,5,5,2018,4,107,0,8.113333333333314,10.643809523809526,24.33999999999994,0.007755668765849472
2018-04-18,10.4,7.0,6,6,2018,4,108,0,9.191111111111091,9.498571428571429,27.573333333333274,0.0
2018-04-19,10.05,7.15,6,6,2018,4,109,0,9.596666666666648,8.541428571428574,28.789999999999942,0.0
2018-04-20,28.633333333333336,8.45,6,6,2018,4,110,0,16.36111111111109,11.703333333333335,49.08333333333327,0.02236556838740141
2018-04-21,29.25,29.25,2,2,2018,4,111,0,22.644444444444428,14.66761904761905,67.93333333333328,0.0
2018-04-22,19.175,7.0,4,4,2018,4,112,0,25.686111111111092,16.38309523809524,77.05833333333328,0.0
2018-04-23,32.56666666666667,10.95,6,6,2018,4,113,0,26.997222222222206,19.773571428571433,80.99166666666662,0.008870830764824835
2018-04-24,5.875,2.5,4,4,2018,4,114,0,19.205555555555538,19.421428571428574,57.61666666666661,0.026152436024445197
2018-04-25,10.666666666666666,6.6,3,3,2018,4,115,0,16.369444444444422,19.45952380952381,49.10833333333327,0.02420878927545887
2018-04-26,13.366666666666667,16.35,6,6,2018,4,116,0,9.969444444444425,19.933333333333337,29.908333333333275,0.0051474667965691525
2018-04-27,1.8666666666666665,2.1,3,3,2018,4,117,0,8.633333333333313,16.109523809523814,25.89999999999994,0.01426757214667342
2018-04-28,40.0,40.0,1,1,2018,4,118,0,18.411111111111094,17.645238095238096,55.23333333333328,0.013228546230312187
2018-04-29,22.75,22.75,2,2,2018,4,119,0,21.538888888888874,18.15595238095238,64.61666666666662,0.0391866753428863
2018-04-30,1.5,1.5,1,1,2018,4,120,0,21.416666666666647,13.717857142857143,64.24999999999994,0.0
2018-05-01,26.5,26.5,1,1,2018,5,121,0,16.916666666666647,16.664285714285715,50.74999999999994,0.018579454579253755
2018-05-03,87.0,87.0,1,1,2018,5,123,0,38.333333333333314,27.56904761904762,114.99999999999994,0.2063754731031704
2018-05-04,6.9,6.9,1,1,2018,5,124,0,40.13333333333332,26.645238095238092,120.39999999999995,0.0074461252573016145
2018-05-05,22.25,22.25,2,2,2018,5,125,0,38.71666666666665,29.557142857142857,116.14999999999995,0.009179074410661889
2018-05-08,2.5,2.5,1,1,2018,5,128,0,10.549999999999981,24.2,31.64999999999994,0.0
2018-05-09,23.5,25.5,3,3,2018,5,129,0,16.083333333333314,24.307142857142857,48.24999999999994,0.05485682095926442
2018-05-10,16.5,16.5,1,1,2018,5,130,0,14.166666666666648,26.45,42.49999999999994,0.0
2018-05-11,1.75,1.75,2,2,2018,5,131,0,13.916666666666648,22.914285714285715,41.74999999999994,0.0
2018-05-12,0.0,0.0,1,1,2018,5,132,0,6.083333333333314,10.485714285714286,18.249999999999943,0.011145769046604928
2018-05-14,42.0,42.0,1,1,2018,5,134,0,14.583333333333314,15.5,43.74999999999994,0.0
2018-05-15,2.1,2.1,2,2,2018,5,135,0,14.699999999999982,12.621428571428572,44.099999999999945,0.050360247424298024
2018-05-17,13.333333333333334,15.5,3,3,2018,5,137,0,19.144444444444428,14.169047619047621,57.43333333333328,0.0
2018-05-18,10.3,10.3,2,2,2018,5,138,0,8.57777777777776,12.283333333333335,25.733333333333277,0.011588370126947897
2018-05-19,18.0,18.0,2,2,2018,5,139,0,13.877777777777759,12.49761904761905,41.633333333333276,0.00929188897285564
2018-05-20,33.475,12.85,4,4,2018,5,140,0,20.59166666666665,17.029761904761905,61.77499999999995,0.02814683014469116
2018-05-21,7.166666666666667,0.0,3,3,2018,5,141,0,19.547222222222203,18.05357142857143,58.64166666666661,0.0
2018-05-22,2.85,0.75,4,4,2018,5,142,0,14.497222222222204,12.460714285714289,43.49166666666661,0.0
2018-05-23,33.583333333333336,6.0,6,6,2018,5,143,0,14.533333333333312,16.958333333333336,43.59999999999994,0.012196780258769526
2018-05-24,8.75,8.75,2,2,2018,5,144,0,15.06111111111109,16.303571428571434,45.18333333333327,0.0
2018-05-25,10.9,10.9,2,2,2018,5,145,0,17.744444444444422,16.389285714285716,53.23333333333327,0.0
2018-05-26,5.833333333333333,3.5,3,3,2018,5,146,0,8.494444444444424,14.651190476190479,25.48333333333327,0.0
2018-05-27,1.1666666666666667,0.0,3,3,2018,5,147,0,5.966666666666645,10.035714285714288,17.899999999999935,0.0
2018-05-29,2.833333333333333,0.0,3,3,2018,5,149,0,3.277777777777756,9.41666666666667,9.833333333333268,0.0
2018-05-30,0.0,0.0,1,1,2018,5,150,0,1.333333333333312,9.009523809523811,3.999999999999936,0.006275564341230339
2018-05-31,5.25,5.25,2,2,2018,5,151,0,2.694444444444423,4.961904761904764,8.083333333333268,0.0
2018-06-01,38.0,38.0,1,1,2018,6,152,0,14.416666666666645,9.140476190476193,43.249999999999936,0.0
2018-06-02,0.75,0.75,2,2,2018,6,153,0,14.666666666666645,7.6904761904761925,43.999999999999936,0.023993718578921824
2018-06-03,21.8,21.8,1,1,2018,6,154,0,20.183333333333312,9.971428571428573,60.54999999999994,0.04754829494415179
2018-06-05,3.1666666666666665,2.5,3,3,2018,6,156,0,8.572222222222202,10.257142857142858,25.716666666666605,0.0
2018-06-06,0.0,0.0,2,2,2018,6,157,0,8.322222222222202,9.852380952380955,24.966666666666605,0.009614533876874694
2018-06-07,0.0,0.0,1,1,2018,6,158,0,1.0555555555555343,9.852380952380955,3.1666666666666026,0.020648471698600117
2018-06-10,0.0,0.0,1,1,2018,6,161,0,0.0,9.102380952380955,0.0,0.037761124074014406
2018-06-12,0.0,0.0,1,1,2018,6,163,0,0.0,3.6738095238095263,0.0,0.018928250304561793
2018-06-15,15.1,15.1,2,2,2018,6,166,0,5.033333333333312,5.723809523809526,15.099999999999936,0.0
2018-06-18,2.5,2.5,1,1,2018,6,169,0,5.866666666666646,2.9666666666666686,17.599999999999937,0.0
2018-06-20,5.9,5.9,1,1,2018,6,171,0,7.833333333333312,3.357142857142859,23.499999999999936,0.017748109260280656
2018-06-22,1.5,1.5,1,1,2018,6,173,0,3.299999999999979,3.5714285714285734,9.899999999999936,0.0005292951064719464
2018-06-23,2.5,2.5,1,1,2018,6,174,0,3.299999999999979,3.9285714285714306,9.899999999999936,0.021807959598356543
2018-06-24,0.0,0.0,1,1,2018,6,175,0,1.333333333333312,3.9285714285714306,3.999999999999936,0.0
2018-06-25,0.0,0.0,1,1,2018,6,176,0,0.833333333333312,3.9285714285714306,2.499999999999936,0.0
2018-06-26,7.1,6.75,4,4,2018,6,177,0,2.3666666666666454,2.785714285714288,7.099999999999936,0.009633686068501427
2018-06-27,25.55,27.85,4,4,2018,6,178,0,10.883333333333312,6.07857142857143,32.649999999999935,0.006027643547650844
2018-06-29,6.5,6.5,1,1,2018,6,180,0,13.049999999999978,6.164285714285717,39.149999999999935,0.008240669700684034
2018-07-01,0.0,0.0,1,1,2018,7,182,0,10.683333333333314,5.950000000000003,32.04999999999994,0.0
2018-07-02,40.0,40.0,1,1,2018,7,183,0,15.49999999999998,11.30714285714286,46.49999999999994,0.0
2018-07-04,0.0,0.0,2,2,2018,7,185,0,13.333333333333314,11.30714285714286,39.99999999999994,0.0
2018-07-06,17.5,17.5,1,1,2018,7,187,0,19.166666666666647,13.80714285714286,57.49999999999994,0.015286649229830621
2018-07-08,56.0,56.0,1,1,2018,7,189,0,24.499999999999982,20.792857142857144,73.49999999999994,0.021129164588689638
2018-07-09,2.0,2.0,2,2,2018,7,190,0,25.166666666666647,17.42857142857143,75.49999999999994,0.0
2018-07-10,46.75,46.75,2,2,2018,7,191,0,34.91666666666665,23.178571428571427,104.74999999999994,0.03603367368294133
2018-07-11,0.5,0.5,1,1,2018,7,192,0,16.416666666666647,23.25,49.24999999999994,0.0
2018-07-14,64.0,64.0,1,1,2018,7,195,0,37.083333333333314,26.678571428571427,111.24999999999994,0.11525812326660681
2018-07-15,1.5,1.5,1,1,2018,7,196,0,21.999999999999982,26.892857142857142,65.99999999999994,0.0
2018-07-16,27.5,27.5,2,2,2018,7,197,0,30.999999999999982,28.321428571428573,92.99999999999994,0.0
2018-07-19,21.0,21.0,2,2,2018,7,200,0,16.666666666666647,23.321428571428573,49.99999999999994,0.007382320649357389
2018-07-20,0.0,0.0,1,1,2018,7,201,0,16.166666666666647,23.035714285714285,48.49999999999994,0.0
2018-07-21,0.0,0.0,1,1,2018,7,202,0,6.999999999999981,16.357142857142858,20.999999999999943,0.0
2018-07-22,0.0,0.0,1,1,2018,7,203,0,0.0,16.28571428571429,0.0,0.0
2018-07-23,16.166666666666668,11.5,3,3,2018,7,204,0,5.388888888888871,9.452380952380954,16.16666666666661,0.030503346596292003
2018-07-25,37.25,37.25,2,2,2018,7,206,0,17.80555555555554,14.559523809523812,53.416666666666615,0.0
2018-07-26,13.15,13.15,2,2,2018,7,207,0,22.188888888888872,12.509523809523813,66.56666666666662,0.00911594402142775
2018-07-27,1.7,1.7,2,2,2018,7,208,0,17.36666666666665,9.752380952380955,52.099999999999945,0.0
2018-07-28,0.0,0.0,1,1,2018,7,209,0,4.949999999999981,9.752380952380955,14.849999999999943,0.030263215357405372
2018-07-30,20.175,15.6,4,4,2018,7,211,0,7.291666666666647,12.634523809523813,21.874999999999943,0.00446291695245526
2018-07-31,0.0,0.0,1,1,2018,7,212,0,6.724999999999981,12.634523809523813,20.174999999999944,0.0
2018-08-01,5.5,5.5,2,2,2018,8,213,0,8.558333333333314,11.11071428571429,25.674999999999944,0.016517021429577262
2018-08-02,0.0,0.0,2,2,2018,8,214,0,1.8333333333333144,5.789285714285717,5.499999999999943,0.0
2018-08-03,0.0,0.0,1,1,2018,8,215,0,1.8333333333333144,3.9107142857142883,5.499999999999943,0.0
2018-08-04,32.5,32.5,1,1,2018,8,216,0,10.833333333333314,8.310714285714287,32.49999999999994,0.0
2018-08-05,12.25,12.25,2,2,2018,8,217,0,14.916666666666648,10.060714285714287,44.74999999999994,0.021707711066424464
2018-08-06,2.25,2.25,2,2,2018,8,218,0,15.666666666666648,7.500000000000002,46.99999999999994,0.0
2018-08-08,3.0,0.5,3,3,2018,8,220,0,5.833333333333314,7.928571428571431,17.499999999999943,0.0
2018-08-09,8.5,8.5,2,2,2018,8,221,0,4.583333333333314,8.35714285714286,13.749999999999943,0.0
2018-08-10,2.2333333333333334,0.0,3,3,2018,8,222,0,4.577777777777759,8.67619047619048,13.733333333333277,0.003844088443724304
2018-08-11,19.75,19.75,2,2,2018,8,223,0,10.161111111111092,11.49761904761905,30.483333333333277,0.0038710415642385534
2018-08-12,1.9,1.9,2,2,2018,8,224,0,7.961111111111092,7.126190476190478,23.883333333333276,0.0
2018-08-19,30.25,30.25,2,2,2018,8,231,0,17.29999999999998,9.697619047619051,51.89999999999994,0.0
2018-08-22,0.0,0.0,1,1,2018,8,234,0,10.716666666666647,9.376190476190478,32.14999999999994,0.0
2018-08-23,32.25,32.25,2,2,2018,8,235,0,20.833333333333314,13.554761904761907,62.49999999999994,0.001902075014276648
2018-08-25,0.0,0.0,1,1,2018,8,237,0,10.74999999999998,12.340476190476194,32.24999999999994,0.0
2018-08-26,0.0,0.0,1,1,2018,8,238,0,10.74999999999998,12.021428571428572,32.24999999999994,0.0
2018-08-27,83.0,83.0,1,1,2018,8,239,0,27.666666666666647,21.057142857142857,82.99999999999994,0.12253738602906034
2018-08-28,53.25,53.25,2,2,2018,8,240,0,45.41666666666665,28.392857142857142,136.24999999999994,0.018111242995504557
2018-08-29,0.0,0.0,1,1,2018,8,241,0,45.41666666666665,24.071428571428573,136.24999999999994,0.0
2018-08-30,73.0,73.0,1,1,2018,8,242,0,42.083333333333314,34.5,126.24999999999994,0.13455564942977763
2018-09-02,1.5,1.5,1,1,2018,9,245,0,24.833333333333314,30.107142857142858,74.49999999999994,0.011130583447806056
2018-09-03,18.6,18.6,2,2,2018,9,246,0,31.033333333333314,32.76428571428571,93.09999999999994,0.0
2018-09-04,8.25,8.25,2,2,2018,9,247,0,9.449999999999982,33.94285714285714,28.349999999999945,0.0
2018-09-05,1.5,1.5,1,1,2018,9,248,0,9.449999999999982,22.3,28.349999999999945,0.0
2018-09-06,0.0,0.0,1,1,2018,9,249,0,3.249999999999981,14.692857142857141,9.749999999999943,0.04746857134744855
2018-09-08,8.6,8.6,2,2,2018,9,251,0,3.3666666666666476,15.921428571428573,10.099999999999943,0.0
2018-09-09,22.83333333333333,20.5,3,3,2018,9,252,0,10.477777777777758,8.754761904761905,31.433333333333273,0.0
2018-09-12,1.75,1.75,2,2,2018,9,255,0,11.06111111111109,8.79047619047619,33.18333333333327,0.0
2018-09-13,65.0,65.0,1,1,2018,9,256,0,29.86111111111109,15.41904761904762,89.58333333333327,0.12374589966768806
2018-09-16,13.5,13.5,1,1,2018,9,259,0,26.749999999999982,16.16904761904762,80.24999999999994,0.009583388422564088
2018-09-17,34.0,34.0,1,1,2018,9,260,0,37.49999999999998,20.811904761904763,112.49999999999994,0.002824416055775821
2018-09-20,0.0,0.0,2,2,2018,9,263,0,15.833333333333314,20.811904761904763,47.49999999999994,0.0
2018-09-21,9.5,9.5,1,1,2018,9,264,0,14.49999999999998,20.940476190476193,43.49999999999994,7.27036819960226e-05
2018-09-22,18.5,18.5,1,1,2018,9,265,0,9.333333333333314,20.321428571428573,27.999999999999943,0.0
2018-09-23,0.0,0.0,2,2,2018,9,266,0,9.333333333333314,20.071428571428573,27.999999999999943,0.04628785607793276
2018-09-25,117.0,117.0,1,1,2018,9,268,0,45.16666666666665,27.5,135.49999999999994,0.3792251313484676
2018-09-26,0.8,0.8,1,1,2018,9,269,0,39.266666666666644,25.685714285714287,117.79999999999994,0.01907030850922584
2018-09-27,72.0,72.0,1,1,2018,9,270,0,63.26666666666665,31.114285714285717,189.79999999999995,0.1250452517711319
2018-09-28,4.5,4.5,1,1,2018,9,271,0,25.766666666666648,31.75714285714286,77.29999999999994,0.052461446966015686
2018-09-29,38.0,38.0,2,2,2018,9,272,0,38.16666666666665,35.82857142857143,114.49999999999994,0.0
2018-09-30,17.283333333333335,11.5,6,6,2018,9,273,0,19.92777777777776,35.654761904761905,59.783333333333275,0.0
2018-10-02,14.5,14.5,2,2,2018,10,275,1,23.26111111111109,37.726190476190474,69.78333333333327,0.032850267380688615
2018-10-04,18.5,18.5,2,2,2018,10,277,1,16.76111111111109,23.654761904761905,50.283333333333275,0.0
2018-10-13,22.25,22.25,2,2,2018,10,286,1,18.416666666666647,26.71904761904762,55.24999999999994,0.0
2018-10-14,0.0,0.0,1,1,2018,10,287,1,13.583333333333314,16.433333333333334,40.74999999999994,0.0
2018-10-15,37.5,37.5,1,1,2018,10,288,1,19.916666666666647,21.14761904761905,59.74999999999994,0.0
2018-10-16,10.5,10.5,1,1,2018,10,289,1,15.99999999999998,17.21904761904762,47.99999999999994,0.0
2018-10-17,0.875,0.0,4,4,2018,10,290,1,16.291666666666647,14.875,48.87499999999994,0.017856539101257382
2018-10-18,28.65,28.65,2,2,2018,10,291,1,13.341666666666647,16.896428571428572,40.02499999999994,0.0
2018-10-19,21.2,21.2,1,1,2018,10,292,1,16.908333333333314,17.282142857142855,50.72499999999994,0.0
2018-10-20,8.8,8.8,1,1,2018,10,293,1,19.54999999999998,15.360714285714286,58.64999999999994,0.0019729906506971424
2018-10-21,4.25,4.25,2,2,2018,10,294,1,11.416666666666648,15.967857142857143,34.24999999999994,0.0
2018-10-22,0.0,0.0,1,1,2018,10,295,1,4.349999999999981,10.610714285714286,13.049999999999944,0.0
2018-10-23,12.4,12.4,1,1,2018,10,296,1,5.54999999999998,10.882142857142856,16.64999999999994,0.055491070924303755
2018-10-24,10.7,10.7,2,2,2018,10,297,1,7.6999999999999815,12.285714285714286,23.099999999999945,0.017307168857842628
2018-10-25,3.925,2.5,4,4,2018,10,298,1,9.008333333333313,8.753571428571428,27.02499999999994,0.010869259471062835
2018-10-26,3.5,0.0,3,3,2018,10,299,1,6.041666666666647,6.2250000000000005,18.124999999999943,0.0
2018-10-27,13.033333333333331,18.1,3,3,2018,10,300,1,6.819444444444425,6.829761904761904,20.458333333333275,0.00043567633422811233
2018-10-28,20.825,19.15,4,4,2018,10,301,1,12.45277777777776,9.197619047619046,37.35833333333328,0.0
2018-10-29,17.8,17.6,4,4,2018,10,302,1,17.219444444444424,11.74047619047619,51.658333333333275,0.0
2018-10-30,26.071428571428573,15.5,7,7,2018,10,303,1,21.565476190476172,13.693537414965986,64.69642857142851,0.0
2018-10-31,57.0,57.0,1,1,2018,10,304,1,33.623809523809506,20.307823129251705,100.87142857142851,0.056462658995072156
2018-11-01,26.98,22.5,5,5,2018,11,305,1,36.68380952380951,23.60139455782313,110.05142857142852,0.0
2018-11-02,14.919999999999998,1.8,5,5,2018,11,306,1,32.96666666666665,25.2328231292517,98.89999999999995,0.0
2018-11-03,2.1,2.1,1,1,2018,11,307,1,14.666666666666648,23.670918367346935,43.99999999999994,0.0
2018-11-04,27.214285714285715,9.2,7,7,2018,11,308,1,14.744761904761887,24.583673469387755,44.23428571428566,0.0
2018-11-05,1.8333333333333333,0.0,3,3,2018,11,309,1,10.382539682539663,22.302721088435373,31.147619047618992,0.010425967439315363
2018-11-06,1.2,1.2,2,2,2018,11,310,1,10.082539682539663,18.749659863945578,30.24761904761899,0.03302688427992995
2018-11-07,21.48,7.5,5,5,2018,11,311,1,8.171111111111093,13.675374149659863,24.51333333333328,0.005310229539574537
2018-11-08,28.92,21.5,5,5,2018,11,312,1,17.199999999999985,13.95251700680272,51.59999999999995,0.0
2018-11-09,19.7,20.5,5,5,2018,11,313,1,23.366666666666646,14.635374149659865,70.09999999999994,0.0
2018-11-10,27.880000000000003,12.5,5,5,2018,11,314,1,25.499999999999982,18.318231292517005,76.49999999999994,0.021784164142655355
2018-11-11,23.175,23.8,4,4,2018,11,315,1,23.584999999999983,17.741190476190475,70.75499999999995,0.014245098534628898
2018-11-12,25.85,13.3,6,6,2018,11,316,1,25.63499999999998,21.17214285714286,76.90499999999994,0.004235749005474352
2018-11-13,7.875,4.0,4,4,2018,11,317,1,18.96666666666665,22.125714285714288,56.89999999999995,0.0
2018-11-14,12.0,8.0,4,4,2018,11,318,1,15.241666666666651,20.771428571428572,45.72499999999995,0.0
2018-11-15,14.6,9.65,6,6,2018,11,319,1,11.491666666666648,18.725714285714286,34.474999999999945,0.0
2018-11-16,11.4,11.4,1,1,2018,11,320,1,12.666666666666648,17.54,37.99999999999994,0.0008591069841098642
2018-11-17,41.7,53.6,3,3,2018,11,321,1,22.56666666666665,19.514285714285712,67.69999999999995,2.591243361081899e-05
2018-11-18,27.3,27.3,1,1,2018,11,322,1,26.799999999999983,20.103571428571428,80.39999999999995,0.024067831051085013
2018-11-19,33.3,33.3,2,2,2018,11,323,1,34.09999999999998,21.167857142857144,102.29999999999994,0.02205214498550324
2018-11-20,0.0,0.0,1,1,2018,11,324,1,20.19999999999998,20.042857142857144,60.599999999999945,0.0
2018-11-21,35.9,49.0,3,3,2018,11,325,1,23.066666666666645,23.45714285714286,69.19999999999993,0.0
2018-11-22,25.05,25.05,2,2,2018,11,326,1,20.31666666666665,24.95,60.949999999999946,0.0
2018-11-23,8.833333333333334,0.0,3,3,2018,11,327,1,23.26111111111109,24.583333333333336,69.78333333333327,0.0
2018-11-24,12.1,12.1,1,1,2018,11,328,1,15.32777777777776,20.354761904761904,45.98333333333328,0.0
2018-11-25,13.65,13.65,2,2,2018,11,329,1,11.527777777777759,18.404761904761905,34.58333333333328,0.0
2018-11-26,47.75,47.75,2,2,2018,11,330,1,24.499999999999982,20.46904761904762,73.49999999999994,0.0002771135372824172
2018-11-27,28.1,28.1,2,2,2018,11,331,1,29.833333333333314,24.48333333333333,89.49999999999994,0.0
2018-11-28,25.125,12.3,4,4,2018,11,332,1,33.65833333333331,22.944047619047616,100.97499999999994,0.0
2018-11-29,13.525,9.55,4,4,2018,11,333,1,22.249999999999982,21.297619047619047,66.74999999999994,0.01007866071061089
2018-11-30,0.75,0.75,2,2,2018,11,334,1,13.133333333333313,20.142857142857142,39.39999999999994,0.0
2018-12-01,0.0,0.0,1,1,2018,12,335,1,4.758333333333314,18.414285714285715,14.274999999999944,0.0
2018-12-02,4.2,4.2,2,2,2018,12,336,1,1.649999999999981,17.064285714285713,4.949999999999943,0.018320221900834967
2018-12-03,19.633333333333333,26.4,3,3,2018,12,337,1,7.944444444444425,13.04761904761905,23.833333333333275,0.013908501601730941
2018-12-04,31.05,32.35,4,4,2018,12,338,1,18.294444444444427,13.469047619047618,54.883333333333276,0.03215942327836616
2018-12-05,29.883333333333336,31.75,6,6,2018,12,339,1,26.855555555555537,14.148809523809524,80.5666666666666,0.027263427572194316
2018-12-06,8.05,8.05,2,2,2018,12,340,1,22.99444444444443,13.366666666666665,68.98333333333329,0.0024956256779255456
2018-12-07,9.92,5.1,5,5,2018,12,341,1,15.951111111111095,14.676666666666666,47.85333333333328,0.017602696428235455
2018-12-08,10.6,12.3,3,3,2018,12,342,1,9.523333333333314,16.190952380952382,28.569999999999943,0.0
2018-12-09,8.25,7.25,4,4,2018,12,343,1,9.58999999999998,16.76952380952381,28.769999999999943,0.0
2018-12-10,10.1,10.1,2,2,2018,12,344,1,9.649999999999983,15.407619047619049,28.949999999999946,0.016933227052653908
2018-12-11,7.0,7.5,3,3,2018,12,345,1,8.449999999999982,11.971904761904764,25.349999999999945,0.008459631265577815
2018-12-12,25.23333333333333,14.9,6,6,2018,12,346,1,14.111111111111091,11.307619047619047,42.33333333333327,0.006345209313647672
2018-12-13,11.85,9.05,4,4,2018,12,347,1,14.694444444444423,11.85047619047619,44.08333333333327,0.0
2018-12-14,22.3,13.8,5,5,2018,12,348,1,19.794444444444423,13.619047619047619,59.38333333333327,0.02276369675363814
2018-12-15,14.116666666666667,17.1,6,6,2018,12,349,1,16.08888888888887,14.12142857142857,48.26666666666661,0.0150087700589555
2018-12-16,13.166666666666666,17.5,3,3,2018,12,350,1,16.527777777777757,14.82380952380952,49.58333333333327,0.00490404439423423
2018-12-17,56.0,56.0,1,1,2018,12,351,1,27.76111111111109,21.38095238095238,83.28333333333327,0.034523679917404536
2018-12-18,10.225,7.199999999999999,4,4,2018,12,352,1,26.463888888888864,21.841666666666665,79.3916666666666,0.0
2018-12-19,19.5,9.5,4,4,2018,12,353,1,28.574999999999978,21.02261904761905,85.72499999999994,0.011888681375387735
2018-12-20,6.1,6.1,1,1,2018,12,354,1,11.941666666666649,20.201190476190476,35.824999999999946,0.0
2018-12-21,3.6,3.6,1,1,2018,12,355,1,9.733333333333315,17.529761904761905,29.199999999999942,0.04521852483180935
2018-12-22,0.6,0.6,2,2,2018,12,356,1,3.433333333333314,15.598809523809525,10.299999999999942,0.0
2018-12-23,0.75,0.75,2,2,2018,12,357,1,1.649999999999981,13.825000000000001,4.949999999999943,0.0
2018-12-24,26.25,26.25,2,2,2018,12,358,1,9.199999999999982,9.575000000000001,27.599999999999945,0.0
2018-12-25,1.8,1.8,1,1,2018,12,359,1,9.599999999999982,8.371428571428572,28.799999999999944,0.0007036630537587809
2019-01-01,16.125,10.75,4,4,2019,1,1,1,14.72499999999998,7.889285714285714,44.17499999999994,0.0
2019-01-02,4.7375,2.0,8,8,2019,1,2,1,7.5541666666666485,7.694642857142857,22.662499999999945,0.019890398713058963
2019-01-03,7.125,0.0,8,8,2019,1,3,1,9.329166666666648,8.198214285714284,27.987499999999944,0.020058015170793756
2019-01-04,15.333333333333334,21.5,3,3,2019,1,4,1,9.065277777777759,10.30297619047619,27.195833333333276,0.026282845080723666
2019-01-05,10.75,10.75,2,2,2019,1,5,1,11.069444444444423,11.73154761904762,33.20833333333327,0.009668903646724257
2019-01-06,23.375,23.75,8,8,2019,1,6,1,16.48611111111109,11.320833333333335,49.45833333333327,0.0
2019-01-07,32.86363636363637,29.5,11,11,2019,1,7,1,22.32954545454544,15.758495670995671,66.98863636363632,0.011632202024653641
2019-01-08,25.75454545454545,5.5,11,11,2019,1,8,1,27.33106060606059,17.134145021645022,81.99318181818177,0.0
2019-01-09,25.45384615384615,24.5,13,13,2019,1,9,1,28.024009324009302,20.09362304362304,84.07202797202791,0.0038851858973409387
2019-01-10,16.927272727272726,16.5,11,11,2019,1,10,1,22.71188811188809,21.493947718947716,68.13566433566427,0.03434296964131814
2019-01-11,10.055555555555555,5.5,9,9,2019,1,11,1,17.47889147889146,20.739979464979466,52.43667443667437,0.0
2019-01-12,20.15,16.0,10,10,2019,1,12,1,15.710942760942741,22.082836607836605,47.13282828282822,0.03215626220862702
2019-01-13,31.630000000000003,36.25,10,10,2019,1,13,1,20.611851851851835,23.262122322122316,61.8355555555555,0.0
2019-01-14,22.285714285714285,9.0,14,14,2019,1,14,1,24.688571428571407,21.750990596704884,74.06571428571422,0.0
2019-01-15,4.928571428571429,2.5,7,7,2019,1,15,1,19.614761904761885,18.775851450137164,58.844285714285654,0.037134675607596195
2019-01-16,41.63333333333333,15.5,9,9,2019,1,16,1,22.94920634920633,21.087206761492475,68.84761904761899,0.013104995074416854
2019-01-17,17.642857142857142,3.5,7,7,2019,1,17,1,21.40158730158728,21.18943310657596,64.20476190476184,0.02538901143586768
2019-01-18,24.375,6.0,8,8,2019,1,18,1,27.883730158730135,23.235068027210882,83.65119047619041,0.005351241427294745
2019-01-19,11.107142857142858,2.5,14,14,2019,1,19,1,17.70833333333331,21.943231292517005,53.124999999999936,0.009187081500921197
2019-01-20,31.045454545454547,21.5,11,11,2019,1,20,1,22.17586580086578,21.859724799010515,66.52759740259734,0.015723745272095243
2019-01-21,5.7727272727272725,4.5,11,11,2019,1,21,1,15.975108225108203,19.500726654298084,47.92532467532461,0.006345189800896129
2019-01-22,23.7,19.0,10,10,2019,1,22,1,20.172727272727254,22.18235930735931,60.51818181818176,0.012726058149840423
2019-01-23,16.215384615384615,3.5,13,13,2019,1,23,1,15.229370629370607,18.551223776223775,45.68811188811182,0.0056177040818572235
2019-01-24,10.5,6.5,5,5,2019,1,24,1,16.805128205128185,17.53081561295847,50.41538461538455,0.006206295864154593
2019-01-25,11.833333333333334,1.5,9,9,2019,1,25,1,12.849572649572629,15.739148946291804,38.548717948717886,0.0
2019-01-26,10.0,3.25,8,8,2019,1,26,1,10.777777777777757,15.58098568098568,32.33333333333327,0.0
2019-01-27,15.425,2.95,8,8,2019,1,27,1,12.419444444444423,13.349492174492173,37.25833333333327,0.015318841637061499
2019-01-28,9.083333333333334,1.5,6,6,2019,1,28,1,11.502777777777757,13.822435897435899,34.50833333333327,0.04117437055488787
2019-01-29,1.5,0.0,8,8,2019,1,29,1,8.669444444444423,10.651007326007328,26.00833333333327,0.01570599889463581
2019-01-30,17.55,2.0,10,10,2019,1,30,1,9.377777777777757,10.841666666666667,28.13333333333327,0.011672492441100498
2019-01-31,5.0,0.0,11,11,2019,1,31,1,8.016666666666646,10.05595238095238,24.049999999999937,5.7332055311118755e-05
2019-02-01,11.555555555555555,2.5,9,9,2019,2,32,1,11.3685185185185,10.016269841269843,34.1055555555555,0.0
2019-02-02,24.75,18.5,8,8,2019,2,33,1,13.768518518518498,12.123412698412698,41.30555555555549,0.0
2019-02-03,21.291666666666668,11.0,12,12,2019,2,34,1,19.19907407407405,12.961507936507939,57.59722222222216,0.04208938361376181
2019-02-04,23.785714285714285,32.0,7,7,2019,2,35,1,23.27579365079363,15.061848072562357,69.82738095238089,0.0
2019-02-05,11.95,0.75,10,10,2019,2,36,1,19.00912698412696,16.5547052154195,57.02738095238089,0.015301509947935001
2019-02-06,7.25,7.25,2,2,2019,2,37,1,14.328571428571408,15.08327664399093,42.985714285714224,0.017689915347047013
2019-02-07,1.0833333333333333,0.25,6,6,2019,2,38,1,6.761111111111089,14.52375283446712,20.283333333333267,0.0
2019-02-08,18.38888888888889,12.5,9,9,2019,2,39,1,8.907407407407385,15.499943310657597,26.722222222222157,0.04283461986540397
2019-02-09,16.25,8.5,8,8,2019,2,40,1,11.907407407407385,14.285657596371882,35.72222222222216,0.0
2019-02-10,24.24,16.9,5,5,2019,2,41,1,19.626296296296275,14.706848072562357,58.878888888888824,0.008221180637321935
2019-02-11,44.5,51.75,4,4,2019,2,42,1,28.32999999999998,17.666031746031745,84.98999999999994,0.0
2019-02-12,16.25,17.5,6,6,2019,2,43,1,28.32999999999998,18.28031746031746,84.98999999999994,0.0
2019-02-13,11.785714285714286,10.5,7,7,2019,2,44,1,24.178571428571413,18.92827664399093,72.53571428571423,9.301722008005998e-05
2019-02-14,2.0,0.0,6,6,2019,2,45,1,10.011904761904743,19.05922902494331,30.035714285714228,0.0
2019-02-15,18.166666666666668,6.5,9,9,2019,2,46,1,10.650793650793632,19.027482993197278,31.9523809523809,0.0
2019-02-16,5.916666666666667,3.0,6,6,2019,2,47,1,8.694444444444427,17.551292517006804,26.083333333333282,0.0
2019-02-17,9.1125,0.0,8,8,2019,2,48,1,11.06527777777776,15.390221088435377,33.19583333333328,0.0018645805968646265
2019-02-18,14.5,14.4,3,3,2019,2,49,1,9.843055555555539,11.10450680272109,29.529166666666615,0.0
2019-02-19,5.1875,0.25,8,8,2019,2,50,1,9.599999999999982,9.524149659863948,28.799999999999947,0.0
2019-02-20,22.2,5.9,4,4,2019,2,51,1,13.962499999999983,11.011904761904763,41.887499999999946,0.0
2019-02-21,24.08333333333333,19.5,6,6,2019,2,52,1,17.156944444444424,14.166666666666668,51.470833333333275,0.0
2019-02-22,31.160000000000004,33.0,5,5,2019,2,53,1,25.814444444444423,16.02285714285714,77.44333333333327,0.0
2019-02-23,18.914285714285715,18.5,7,7,2019,2,54,1,24.71920634920633,17.87965986394558,74.157619047619,0.0
2019-02-24,35.25,31.75,10,10,2019,2,55,1,28.441428571428556,21.613588435374147,85.32428571428566,0.0
2019-02-25,7.583333333333333,5.25,6,6,2019,2,56,1,20.582539682539668,20.62549319727891,61.747619047619004,0.0
2019-02-26,9.928571428571429,1.5,7,7,2019,2,57,1,17.58730158730157,21.302789115646256,52.76190476190472,0.0
2019-02-27,0.1666666666666666,0.0,3,3,2019,2,58,1,5.892857142857127,18.15517006802721,17.67857142857138,0.015882339479211693
2019-02-28,14.833333333333334,1.75,6,6,2019,2,59,1,8.309523809523794,16.83374149659864,24.92857142857138,0.008720011437629198
2019-03-01,14.96,16.8,5,5,2019,3,60,1,9.98666666666665,14.519455782312926,29.95999999999995,0.0
2019-03-02,13.566666666666666,7.5,9,9,2019,3,61,1,14.453333333333317,13.755510204081633,43.35999999999995,0.0
2019-03-03,15.533333333333331,6.6,6,6,2019,3,62,1,14.686666666666648,10.938843537414966,44.059999999999945,0.0
2019-03-04,20.1,5.699999999999999,4,4,2019,3,63,1,16.39999999999998,12.726938775510206,49.199999999999946,0.0
2019-03-05,17.083333333333332,6.75,6,6,2019,3,64,1,17.572222222222205,13.74904761904762,52.71666666666662,0.0
2019-03-06,33.785714285714285,35.0,7,7,2019,3,65,1,23.656349206349187,18.55176870748299,70.96904761904756,0.0
2019-03-07,26.08333333333333,28.75,6,6,2019,3,66,1,25.650793650793634,20.158911564625846,76.9523809523809,0.010545466115031085
2019-03-08,2.1714285714285717,0.5,7,7,2019,3,67,1,20.680158730158713,18.331972789115643,62.040476190476134,0.0
2019-03-09,0.3571428571428571,0.0,7,7,2019,3,68,1,9.537301587301569,16.44489795918367,28.611904761904707,0.025822283526766365
2019-03-10,7.399999999999999,5.3,3,3,2019,3,69,1,3.3095238095237924,15.28299319727891,9.928571428571377,0.0012265585089990282
2019-03-11,0.0,0.0,2,2,2019,3,70,1,2.5857142857142685,12.41156462585034,7.757142857142806,0.007523018380970913
2019-03-12,44.16666666666666,44.5,3,3,2019,3,71,1,17.18888888888887,16.280612244897956,51.566666666666606,0.0
2019-03-13,0.8333333333333334,0.0,3,3,2019,3,72,1,14.99999999999998,11.573129251700678,44.99999999999994,0.0
2019-03-14,9.375,0.0,4,4,2019,3,73,1,18.124999999999982,9.186224489795917,54.37499999999994,0.006070088378271883
2019-03-15,38.6,27.5,6,6,2019,3,74,1,16.269444444444428,14.39030612244898,48.80833333333329,0.0
2019-03-16,2.0,1.5,3,3,2019,3,75,1,16.658333333333317,14.625,49.97499999999995,0.0
2019-03-17,1.9,1.05,4,4,2019,3,76,1,14.16666666666665,13.839285714285714,42.49999999999995,0.0
2019-03-18,2.1,0.0,3,3,2019,3,77,1,1.9999999999999833,14.139285714285714,5.99999999999995,0.012902806262623868
2019-03-19,6.5,0.0,3,3,2019,3,78,1,3.4999999999999836,8.758333333333335,10.49999999999995,0.02237556139858285
2019-03-20,23.0,10.5,3,3,2019,3,79,1,10.533333333333317,11.925,31.59999999999995,0.014671426663241185
2019-03-21,0.0,0.0,1,1,2019,3,80,1,9.833333333333316,10.585714285714287,29.49999999999995,0.010425536894260082
2019-03-22,6.0,8.5,3,3,2019,3,81,1,9.66666666666665,5.92857142857143,28.99999999999995,0.0
2019-03-23,13.1,1.3,3,3,2019,3,82,1,6.36666666666665,7.514285714285715,19.09999999999995,0.0
2019-03-24,8.0,6.5,3,3,2019,3,83,1,9.033333333333317,8.385714285714288,27.09999999999995,0.007052239655179692
2019-03-25,0.0,0.0,2,2,2019,3,84,1,7.033333333333317,8.085714285714287,21.09999999999995,0.02788734652552172
2019-03-26,12.8375,3.5,8,8,2019,3,85,1,6.945833333333316,8.991071428571429,20.83749999999995,0.0037565014523523016
2019-03-27,26.014285714285712,10.5,7,7,2019,3,86,1,12.95059523809522,9.421683673469389,38.85178571428566,0.0
2019-03-28,11.1,5.5,5,5,2019,3,87,1,16.65059523809522,11.007397959183674,49.95178571428566,0.0
2019-03-29,13.675,13.35,4,4,2019,3,88,1,16.929761904761886,12.103826530612247,50.78928571428566,0.0
2019-03-30,12.575,1.5,4,4,2019,3,89,1,12.449999999999983,12.028826530612246,37.34999999999995,0.031997104453430715
2019-03-31,5.6,5.6,1,1,2019,3,90,1,10.61666666666665,11.685969387755105,31.849999999999948,0.021578888720726344
2019-04-01,22.166666666666668,6.5,3,3,2019,4,91,0,13.447222222222203,14.852636054421769,40.34166666666661,0.0
2019-04-02,17.825,18.4,4,4,2019,4,92,0,15.197222222222207,15.56513605442177,45.59166666666662,0.0
2019-04-03,29.925,33.0,4,4,2019,4,93,0,23.30555555555554,16.123809523809523,69.91666666666661,0.0330452720065845
2019-04-04,36.766666666666666,18.5,3,3,2019,4,94,0,28.172222222222203,19.79047619047619,84.51666666666661,0.00514154066414785
2019-04-05,19.8,19.8,2,2,2019,4,95,0,28.830555555555534,20.66547619047619,86.4916666666666,0.0
2019-04-06,14.666666666666666,19.5,3,3,2019,4,96,0,23.744444444444426,20.96428571428572,71.23333333333328,0.0
2019-04-07,9.34,7.2,5,5,2019,4,97,0,14.602222222222203,21.49857142857143,43.80666666666661,0.031596557941325355
2019-04-08,40.72,51.0,5,5,2019,4,98,0,21.575555555555535,24.14904761904762,64.7266666666666,0.02137843568467783
2019-04-09,3.875,2.5,4,4,2019,4,99,0,17.978333333333314,22.15619047619048,53.93499999999994,0.00298869496172144
2019-04-10,0.0,0.0,2,2,2019,4,100,0,14.864999999999979,17.881190476190476,44.594999999999935,0.012800792902933338
2019-04-11,0.0,0.0,2,2,2019,4,101,0,1.2916666666666454,12.628809523809524,3.874999999999936,0.003632176359457205
2019-04-12,0.0,0.0,3,3,2019,4,102,0,0.0,9.800238095238097,0.0,0.0
2019-04-13,15.86,2.8,5,5,2019,4,103,0,5.286666666666645,9.970714285714285,15.859999999999935,0.0
2019-04-14,21.7,13.5,3,3,2019,4,104,0,12.519999999999976,11.736428571428572,37.55999999999993,0.0
2019-04-15,18.05,8.85,4,4,2019,4,105,0,18.536666666666644,8.497857142857145,55.609999999999935,0.0
2019-04-16,2.75,2.75,2,2,2019,4,106,0,14.166666666666645,8.337142857142858,42.499999999999936,0.0
2019-04-17,28.666666666666668,13.5,3,3,2019,4,107,0,16.48888888888887,12.432380952380953,49.466666666666605,0.0035176934883061994
2019-04-18,4.3,3.7,3,3,2019,4,108,0,11.905555555555535,13.046666666666667,35.716666666666605,0.0
2019-04-19,37.5,36.5,3,3,2019,4,109,0,23.48888888888887,18.403809523809525,70.46666666666661,0.02115556745858113
2019-04-20,20.8,20.8,1,1,2019,4,110,0,20.866666666666646,19.10952380952381,62.59999999999994,0.017084385366161442
2019-04-21,2.55,2.55,2,2,2019,4,111,0,20.283333333333314,16.373809523809523,60.84999999999994,0.0
2019-04-22,14.55,14.55,2,2,2019,4,112,0,12.633333333333312,15.873809523809525,37.899999999999935,0.0
2019-04-23,15.433333333333332,21.8,3,3,2019,4,113,0,10.844444444444422,17.685714285714287,32.53333333333327,0.0
2019-04-24,1.45,0.15,4,4,2019,4,114,0,10.477777777777757,13.79761904761905,31.43333333333327,0.014469468480479447
2019-04-25,9.1,9.1,2,2,2019,4,115,0,8.661111111111088,14.483333333333334,25.983333333333267,0.023514798805934482
2019-04-26,3.375,2.5,4,4,2019,4,116,0,4.641666666666645,9.608333333333334,13.924999999999935,0.019690302167656503
2019-04-27,3.262,3.262,2,2,2019,4,117,0,5.245666666666645,7.102904761904763,15.736999999999936,0.0
2019-04-28,22.0,22.0,2,2,2019,4,118,0,9.545666666666646,9.88147619047619,28.636999999999937,0.0
2019-04-29,0.0,0.0,1,1,2019,4,119,0,8.420666666666646,7.802904761904763,25.261999999999937,0.0
2019-05-01,7.8,0.0,5,5,2019,5,121,0,9.933333333333312,6.712428571428572,29.799999999999937,0.0
2019-05-02,3.257142857142857,0.0,7,7,2019,5,122,0,3.685714285714264,6.9705918367346955,11.057142857142793,0.015181764999474002
2019-05-03,22.6,2.8,3,3,2019,5,123,0,11.219047619047599,8.899163265306123,33.657142857142794,0.013409294016800875
2019-05-04,0.0,0.0,2,2,2019,5,124,0,8.619047619047597,8.417020408163266,25.857142857142794,0.005358649091296266
2019-05-06,8.1,8.1,2,2,2019,5,126,0,10.233333333333313,9.108163265306123,30.69999999999994,0.0
2019-05-07,5.25,5.25,2,2,2019,5,127,0,4.449999999999979,6.715306122448981,13.349999999999936,0.008867815485567363
2019-05-08,11.65,4.8,4,4,2019,5,128,0,8.333333333333313,8.379591836734695,24.999999999999936,0.01280719596851861
2019-05-09,21.2,7.3,3,3,2019,5,129,0,12.69999999999998,10.29387755102041,38.09999999999994,0.020659149491371535
2019-05-10,5.9,5.9,1,1,2019,5,130,0,12.916666666666645,10.671428571428574,38.749999999999936,0.031694921040522205
2019-05-11,1.55,1.55,2,2,2019,5,131,0,9.549999999999978,7.6642857142857155,28.649999999999935,0.026444691029118245
2019-05-12,0.0,0.0,1,1,2019,5,132,0,2.483333333333312,7.6642857142857155,7.449999999999936,0.0
2019-05-13,24.4,24.4,1,1,2019,5,133,0,8.649999999999979,9.992857142857144,25.949999999999935,0.0
2019-05-14,0.0,0.0,1,1,2019,5,134,0,8.133333333333312,9.242857142857144,24.399999999999935,0.009517504449415275
2019-05-15,9.6,9.6,1,1,2019,5,135,0,11.333333333333313,8.950000000000001,33.999999999999936,0.0
2019-05-16,19.633333333333336,19.2,3,3,2019,5,136,0,9.744444444444424,8.726190476190476,29.23333333333327,0.023903073487117853
2019-05-17,0.0,0.0,1,1,2019,5,137,0,9.744444444444424,7.883333333333334,29.23333333333327,0.0
2019-05-21,0.5,0.5,1,1,2019,5,141,0,6.71111111111109,7.733333333333334,20.13333333333327,0.0
2019-05-22,0.0,0.0,1,1,2019,5,142,0,0.16666666666664534,7.733333333333334,0.49999999999993605,0.0
2019-05-25,0.0,0.0,1,1,2019,5,145,0,0.16666666666664534,4.2476190476190485,0.49999999999993605,0.002520681777958076
2019-05-27,0.0,0.0,1,1,2019,5,147,0,0.0,4.2476190476190485,0.0,0.004019969017603869
2019-05-28,0.0,0.0,1,1,2019,5,148,0,0.0,2.876190476190477,0.0,0.0
2019-06-01,0.0,0.0,2,2,2019,6,152,0,0.0,0.07142857142857244,0.0,0.0
2019-06-02,0.0,0.0,2,2,2019,6,153,0,0.0,0.07142857142857244,0.0,0.0
2019-06-03,23.5,23.5,1,1,2019,6,154,0,7.833333333333312,3.357142857142858,23.499999999999936,0.03360156801098258
2019-06-04,1.75,1.75,2,2,2019,6,155,0,8.416666666666645,3.607142857142858,25.249999999999936,0.004853704852625455
2019-06-05,0.0,0.0,1,1,2019,6,156,0,8.416666666666645,3.607142857142858,25.249999999999936,0.0
2019-06-06,0.0,0.0,1,1,2019,6,157,0,0.583333333333312,3.607142857142858,1.749999999999936,0.01115536238911164
2019-06-09,6.083333333333333,0.75,6,6,2019,6,160,0,2.0277777777777564,4.476190476190477,6.083333333333269,0.009919313273886681
2019-06-10,43.0,43.0,1,1,2019,6,161,0,16.36111111111109,10.61904761904762,49.08333333333327,0.029119878345992282
2019-06-12,14.5,14.5,1,1,2019,6,163,0,21.194444444444425,12.690476190476192,63.58333333333327,0.005663840430742901
2019-06-13,2.5,2.5,1,1,2019,6,164,0,19.99999999999998,9.690476190476192,59.999999999999936,0.0
2019-06-14,0.0,0.0,1,1,2019,6,165,0,5.666666666666646,9.440476190476192,16.999999999999936,0.01567781187219724
2019-06-16,0.0,0.0,1,1,2019,6,167,0,0.833333333333312,9.440476190476192,2.499999999999936,0.002631656628862166
2019-06-17,9.25,9.25,2,2,2019,6,168,0,3.083333333333312,10.761904761904763,9.249999999999936,0.006155721822485909
2019-06-18,0.0,0.0,2,2,2019,6,169,0,3.083333333333312,9.892857142857144,9.249999999999936,0.014676432454153078
2019-06-23,28.5,28.5,1,1,2019,6,174,0,12.583333333333313,7.821428571428572,37.749999999999936,0.0
2019-06-24,0.0,0.0,1,1,2019,6,175,0,9.499999999999979,5.750000000000001,28.499999999999936,0.031177128790798134
2019-06-25,5.5,5.5,1,1,2019,6,176,0,11.333333333333313,6.17857142857143,33.999999999999936,0.0
2019-06-26,45.0,45.0,1,1,2019,6,177,0,16.83333333333331,12.607142857142858,50.499999999999936,0.008266799556872342
2019-07-04,1.35,1.35,2,2,2019,7,185,0,17.283333333333314,12.8,51.84999999999994,0.0
2019-07-05,0.0,0.0,1,1,2019,7,186,0,15.44999999999998,11.47857142857143,46.34999999999994,0.0
2019-07-08,12.6,12.6,1,1,2019,7,189,0,4.649999999999978,13.278571428571428,13.949999999999935,0.02349458309870854
2019-07-09,0.9666666666666668,0.0,3,3,2019,7,190,0,4.522222222222201,9.345238095238097,13.566666666666602,0.0
2019-07-11,18.25,18.25,2,2,2019,7,192,0,10.605555555555535,11.952380952380953,31.816666666666602,0.0
2019-07-12,3.333333333333333,0.5,3,3,2019,7,193,0,7.516666666666645,11.642857142857142,22.549999999999937,0.0007465936315314264
2019-07-13,1.25,1.25,2,2,2019,7,194,0,7.611111111111089,5.392857142857144,22.833333333333268,0.0058920894224878265
2019-07-14,0.0,0.0,2,2,2019,7,195,0,1.5277777777777564,5.200000000000001,4.583333333333269,0.0145574897275977
2019-07-15,4.5,4.5,1,1,2019,7,196,0,1.9166666666666454,5.842857142857143,5.749999999999936,0.009430386511423484
2019-07-19,47.0,47.0,1,1,2019,7,200,0,17.166666666666647,10.757142857142858,51.499999999999936,0.009757615610161304
2019-07-20,45.0,45.0,1,1,2019,7,201,0,32.16666666666665,17.047619047619047,96.49999999999994,0.027553427870355144
2019-07-22,0.0,0.0,1,1,2019,7,203,0,30.666666666666647,14.440476190476192,91.99999999999994,0.0028722952775853583
2019-07-26,6.625,6.625,2,2,2019,7,207,0,17.20833333333331,14.910714285714288,51.624999999999936,0.010177370591462847
2019-07-27,0.75,0.75,2,2,2019,7,208,0,2.458333333333312,14.839285714285717,7.374999999999936,0.0
2019-07-28,27.75,27.75,2,2,2019,7,209,0,11.708333333333313,18.803571428571427,35.124999999999936,0.0025335426839775345
2019-07-29,13.25,13.25,2,2,2019,7,210,0,13.916666666666645,20.053571428571427,41.749999999999936,0.0
2019-07-31,17.759999999999998,9.1,5,5,2019,7,212,0,19.586666666666645,15.876428571428574,58.759999999999934,0.005805342808494834
2019-08-01,0.0,0.0,2,2,2019,8,213,0,10.336666666666645,9.447857142857146,31.009999999999934,0.0
2019-08-02,28.75,28.75,2,2,2019,8,214,0,15.50333333333331,13.555000000000003,46.509999999999934,0.0
2019-08-04,10.5,10.5,1,1,2019,8,216,0,13.083333333333313,14.108571428571432,39.249999999999936,0.0
2019-08-06,77.0,77.0,1,1,2019,8,218,0,38.74999999999998,25.001428571428573,116.24999999999994,0.12288946945783666
2019-08-07,19.0,19.0,2,2,2019,8,219,0,35.49999999999998,23.751428571428573,106.49999999999994,0.016386695175327173
2019-08-09,3.5,3.5,1,1,2019,8,221,0,33.16666666666665,22.35857142857143,99.49999999999994,0.011872860371230377
2019-08-10,29.0,22.75,4,4,2019,8,222,0,17.166666666666647,23.964285714285715,51.49999999999994,0.01385281908746953
2019-08-11,9.95,9.95,2,2,2019,8,223,0,14.149999999999983,25.385714285714283,42.449999999999946,0.021691877276990335
2019-08-12,38.5,38.5,1,1,2019,8,224,0,25.81666666666665,26.77857142857143,77.44999999999995,0.0
2019-08-15,0.0,0.0,1,1,2019,8,227,0,16.14999999999998,25.27857142857143,48.449999999999946,0.0034052647720573636
2019-08-17,0.0,0.0,1,1,2019,8,229,0,12.833333333333314,14.27857142857143,38.49999999999994,0.0
2019-08-18,44.75,44.75,2,2,2019,8,230,0,14.916666666666648,17.95714285714286,44.74999999999994,0.02003026362035856
2019-08-19,1.5,1.5,1,1,2019,8,231,0,15.416666666666648,17.671428571428574,46.24999999999994,0.023695554753339173
2019-08-20,1.75,1.75,2,2,2019,8,232,0,15.99999999999998,13.77857142857143,47.99999999999994,0.0
2019-08-23,15.0,15.0,2,2,2019,8,235,0,6.083333333333314,14.500000000000002,18.249999999999943,0.0
2019-08-25,0.0,0.0,1,1,2019,8,237,0,5.583333333333314,9.000000000000002,16.749999999999943,0.0
2019-08-26,36.0,36.0,1,1,2019,8,238,0,16.999999999999982,14.142857142857144,50.99999999999994,0.018706892087600426
2019-08-27,23.5,23.5,2,2,2019,8,239,0,19.833333333333314,17.500000000000004,59.49999999999994,0.0
2019-08-28,26.5,26.5,1,1,2019,8,240,0,28.666666666666647,14.892857142857144,85.99999999999994,0.009359254335917647
2019-08-29,7.75,7.75,2,2,2019,8,241,0,19.249999999999982,15.785714285714288,57.74999999999994,0.02713131364885888
2019-08-30,0.0,0.0,1,1,2019,8,242,0,11.416666666666648,15.535714285714288,34.24999999999994,0.0
2019-08-31,17.0,17.0,2,2,2019,8,243,0,8.24999999999998,15.821428571428573,24.749999999999943,0.0
2019-09-01,0.0,0.0,1,1,2019,9,244,0,5.666666666666647,15.821428571428573,16.999999999999943,0.0
2019-09-02,19.9,19.9,1,1,2019,9,245,0,12.299999999999981,13.521428571428572,36.89999999999994,0.02606969374071233
2019-09-07,19.4,25.2,3,3,2019,9,250,0,13.09999999999998,12.935714285714287,39.29999999999994,0.03783773889733525
2019-09-08,0.0,0.0,1,1,2019,9,251,0,13.09999999999998,9.150000000000002,39.29999999999994,0.005556183873730493
2019-09-10,13.5,13.5,1,1,2019,9,253,0,10.966666666666647,9.971428571428573,32.89999999999994,0.0
2019-09-11,2.35,2.35,2,2,2019,9,254,0,5.283333333333315,10.307142857142859,15.849999999999943,0.003188191293560533
2019-09-13,0.0,0.0,1,1,2019,9,256,0,5.283333333333315,7.878571428571431,15.849999999999943,0.013032436826887551
2019-09-15,0.0,0.0,1,1,2019,9,258,0,0.7833333333333145,7.878571428571431,2.3499999999999432,0.021498093439745656
2019-09-19,8.0,8.0,2,2,2019,9,262,0,2.666666666666648,6.178571428571431,7.999999999999943,0.013287709919062854
2019-09-21,0.0,0.0,1,1,2019,9,264,0,2.666666666666648,3.4071428571428592,7.999999999999943,0.0
2019-09-23,63.0,63.0,1,1,2019,9,266,0,23.666666666666647,12.40714285714286,70.99999999999994,0.06193051307890668
2019-09-25,0.5,0.5,1,1,2019,9,268,0,21.166666666666647,10.550000000000002,63.49999999999994,0.0
2019-09-26,12.5,12.5,1,1,2019,9,269,0,25.333333333333314,12.000000000000004,75.99999999999994,0.005235256028681914
2019-09-29,13.066666666666668,7.2,3,3,2019,9,272,0,8.68888888888887,13.86666666666667,26.066666666666613,0.0
2019-09-30,8.25,8.25,2,2,2019,9,273,0,11.272222222222204,15.0452380952381,33.81666666666661,0.0
2019-10-08,4.7,4.7,1,1,2019,10,281,1,8.672222222222205,14.573809523809528,26.016666666666612,0.001554702835048219
2019-10-09,1.5,1.5,1,1,2019,10,282,1,4.816666666666648,14.788095238095242,14.449999999999942,0.021936952233732585
2019-10-11,32.0,32.0,1,1,2019,10,284,1,12.733333333333315,10.359523809523811,38.199999999999946,0.0
2019-10-17,0.0,0.0,2,2,2019,10,290,1,11.166666666666648,10.28809523809524,33.49999999999994,0.013681191687860379
2019-10-18,3.25,3.25,2,2,2019,10,291,1,11.74999999999998,8.966666666666669,35.24999999999994,0.0
2019-10-22,42.0,42.0,1,1,2019,10,295,1,15.083333333333314,13.100000000000003,45.24999999999994,0.0
2019-10-23,8.5,8.5,2,2,2019,10,296,1,17.916666666666647,13.135714285714288,53.74999999999994,0.0
2019-10-26,7.5,7.5,1,1,2019,10,299,1,19.333333333333314,13.535714285714286,57.99999999999994,0.024961370593037203
2019-10-27,0.0,0.0,1,1,2019,10,300,1,5.333333333333314,13.321428571428571,15.999999999999943,0.0
2019-10-28,11.5,11.5,2,2,2019,10,301,1,6.333333333333314,10.392857142857142,18.999999999999943,0.0
2019-10-29,2.5,2.5,1,1,2019,10,302,1,4.666666666666647,10.75,13.999999999999943,0.0
2019-10-30,0.0,0.0,1,1,2019,10,303,1,4.666666666666647,10.285714285714286,13.999999999999943,0.0
2019-11-01,12.375,8.0,4,4,2019,11,305,1,4.958333333333314,6.05357142857143,14.874999999999943,0.0
2019-11-02,1.35,1.35,2,2,2019,11,306,1,4.574999999999981,5.032142857142858,13.724999999999943,0.0
2019-11-03,13.8,13.8,1,1,2019,11,307,1,9.174999999999981,5.932142857142858,27.52499999999994,0.024601618004108077
2019-11-04,8.6,0.0,3,3,2019,11,308,1,7.916666666666647,7.1607142857142865,23.749999999999943,0.0
2019-11-05,28.366666666666664,24.7,3,3,2019,11,309,1,16.922222222222203,9.570238095238096,50.76666666666661,0.011054761151054453
2019-11-06,55.0,55.0,1,1,2019,11,310,1,30.655555555555537,17.070238095238096,91.96666666666661,0.04092600597634908
2019-11-07,8.95,8.95,2,2,2019,11,311,1,30.772222222222208,18.348809523809525,92.31666666666662,0.002777417954279988
2019-11-08,1.3,1.3,2,2,2019,11,312,1,21.749999999999982,16.76666666666667,65.24999999999994,0.0009763365778317329
2019-11-09,20.65,20.65,2,2,2019,11,313,1,10.299999999999981,19.523809523809526,30.89999999999994,0.0
2019-11-10,0.0,0.0,1,1,2019,11,314,1,7.316666666666648,17.552380952380954,21.949999999999942,0.0
2019-11-12,54.5,54.5,1,1,2019,11,316,1,25.049999999999983,24.10952380952381,75.14999999999995,0.045316004596171314
2019-11-14,7.25,7.25,2,2,2019,11,318,1,20.583333333333314,21.092857142857145,61.74999999999994,0.007336258716415266
2019-11-21,15.05,15.05,2,2,2019,11,325,1,25.59999999999998,15.385714285714288,76.79999999999994,0.000616908239637789
2019-11-22,19.8,19.8,2,2,2019,11,326,1,14.033333333333315,16.935714285714287,42.099999999999945,0.03333001471492758
2019-11-23,15.0,8.5,3,3,2019,11,327,1,16.61666666666665,18.892857142857142,49.849999999999945,0.0030431001017076115
2019-11-24,0.0,0.0,1,1,2019,11,328,1,11.59999999999998,15.942857142857145,34.79999999999994,0.04067406289669993
2019-11-25,1.7,1.7,1,1,2019,11,329,1,5.566666666666648,16.18571428571429,16.699999999999942,0.0
2019-11-26,10.45,10.45,2,2,2019,11,330,1,4.04999999999998,9.892857142857144,12.149999999999942,0.014277954603868095
2019-11-27,0.0,0.0,1,1,2019,11,331,1,4.04999999999998,8.85714285714286,12.149999999999942,0.004627150084507618
2019-11-28,0.75,0.75,2,2,2019,11,332,1,3.7333333333333143,6.814285714285717,11.199999999999942,0.00928585453665662
2019-11-29,6.333333333333333,1.5,3,3,2019,11,333,1,2.361111111111092,4.890476190476193,7.083333333333276,0.0
2019-11-30,1.75,1.75,2,2,2019,11,334,1,2.944444444444425,2.9976190476190494,8.833333333333275,0.0
2019-12-01,31.5,29.5,3,3,2019,12,335,1,13.194444444444423,7.497619047619049,39.58333333333327,0.00018328763617940968
2019-12-02,135.0,135.0,1,1,2019,12,336,1,56.083333333333314,26.540476190476195,168.24999999999994,0.4813416088084661
2019-12-03,23.5,23.5,1,1,2019,12,337,1,63.333333333333314,28.40476190476191,189.99999999999994,0.0
2019-12-04,9.125,0.25,4,4,2019,12,338,1,55.87499999999998,29.70833333333334,167.62499999999994,0.01401335455194031
2019-12-05,14.8,7.1,3,3,2019,12,339,1,15.808333333333314,31.7154761904762,47.42499999999994,0.0
2019-12-06,69.36666666666666,3.1,3,3,2019,12,340,1,31.0972222222222,40.720238095238095,93.2916666666666,0.10593724472267056
2019-12-07,24.33333333333333,8.5,3,3,2019,12,341,1,36.16666666666664,43.94642857142857,108.49999999999993,0.011293991881149146
2019-12-08,1.425,0.75,4,4,2019,12,342,1,31.70833333333331,39.65,95.12499999999993,0.017153409763972935
2019-12-10,0.0,0.0,1,1,2019,12,344,1,8.58611111111109,20.364285714285717,25.758333333333272,0.0
2019-12-11,0.8,0.8,2,2,2019,12,345,1,0.7416666666666477,17.121428571428574,2.2249999999999432,0.001720129340539492
2019-12-13,26.2,26.2,1,1,2019,12,347,1,8.99999999999998,19.560714285714287,26.999999999999943,0.0
2019-12-14,8.5,6.6,3,3,2019,12,348,1,11.833333333333314,18.66071428571429,35.49999999999994,0.0
2019-12-15,6.7,6.7,2,2,2019,12,349,1,13.799999999999983,9.708333333333337,41.39999999999995,0.0009665894521862896
2019-12-16,9.9,9.9,2,2,2019,12,350,1,8.366666666666648,7.646428571428577,25.099999999999945,0.0
2019-12-17,46.775,41.0,4,4,2019,12,351,1,21.124999999999982,14.125000000000004,63.37499999999994,0.018984434442648277
2019-12-18,43.35,46.2,4,4,2019,12,352,1,33.34166666666665,20.317857142857147,100.02499999999995,0.025411705271947024
2019-12-19,13.75,13.75,2,2,2019,12,353,1,34.62499999999998,22.167857142857144,103.87499999999994,0.0
2019-12-20,2.2,2.2,2,2,2019,12,354,1,19.766666666666648,18.73928571428572,59.29999999999995,0.0
2019-12-21,10.666666666666666,6.5,3,3,2019,12,355,1,8.872222222222204,19.048809523809528,26.61666666666661,0.02256895321883706
2019-12-22,6.7,2.6,3,3,2019,12,356,1,6.5222222222222035,19.048809523809528,19.56666666666661,0.0
2019-12-23,4.066666666666666,4.7,3,3,2019,12,357,1,7.144444444444425,18.215476190476192,21.433333333333277,0.014661663199268994
2019-12-24,2.5,2.5,1,1,2019,12,358,1,4.422222222222203,11.890476190476194,13.266666666666609,0.0216673480941864
2019-12-25,7.1000000000000005,1.6,3,3,2019,12,359,1,4.555555555555537,6.7119047619047665,13.666666666666611,0.020878201293378487
2019-12-26,13.466666666666669,12.9,3,3,2019,12,360,1,7.688888888888871,6.671428571428576,23.066666666666613,0.01965328216618143
2019-12-27,48.5,48.5,1,1,2019,12,361,1,23.0222222222222,13.28571428571429,69.0666666666666,0.03263100747432206
2019-12-28,4.3,4.3,2,2,2019,12,362,1,22.08888888888887,12.376190476190482,66.26666666666661,0.0
2020-01-01,37.605,33.0,20,20,2020,1,1,1,30.13499999999998,16.79119047619048,90.40499999999994,0.026802737765815363
2020-01-02,9.141666666666667,0.6,12,12,2020,1,2,1,17.015555555555533,17.51619047619048,51.0466666666666,0.0
2020-01-03,10.833333333333334,0.0,6,6,2020,1,3,1,19.193333333333314,18.70666666666667,57.57999999999994,0.01985532989543517
2020-01-04,6.5,0.0,7,7,2020,1,4,1,8.824999999999982,18.620952380952385,26.474999999999945,0.0
2020-01-05,15.385714285714286,0.0,7,7,2020,1,5,1,10.906349206349189,18.89510204081633,32.719047619047565,0.0
2020-01-06,11.76923076923077,1.5,13,13,2020,1,6,1,11.218315018315002,13.647849293563583,33.654945054945,0.013347774105101715
2020-01-07,4.707142857142856,0.8,14,14,2020,1,7,1,10.620695970695952,13.706012558869705,31.862087912087855,0.015208067958395775
2020-01-08,7.591666666666666,0.55,12,12,2020,1,8,1,8.022680097680079,9.418393511250658,24.068040293040234,0.0
2020-01-09,18.0,12.5,15,15,2020,1,9,1,10.099603174603155,10.683869701726849,30.298809523809464,0.0013880668411207415
2020-01-10,15.2,8.5,14,14,2020,1,10,1,13.597222222222202,11.307679225536372,40.79166666666661,0.0
2020-01-11,6.0600000000000005,1.4,15,15,2020,1,11,1,13.086666666666646,11.24482208267923,39.25999999999994,0.0
2020-01-12,16.166666666666668,6.5,12,12,2020,1,12,1,12.475555555555536,11.35638670852957,37.426666666666605,0.009073504256984796
2020-01-14,34.5,34.5,2,2,2020,1,14,1,18.908888888888868,14.603639455782316,56.7266666666666,0.008765204388668678
2020-01-15,8.416666666666666,4.0,6,6,2020,1,15,1,19.69444444444442,15.133571428571432,59.083333333333265,0.0
2020-01-16,11.88888888888889,0.0,9,9,2020,1,16,1,18.268518518518498,15.747460317460321,54.80555555555549,0.023752531493204332
2020-01-17,23.82,15.0,10,10,2020,1,17,1,14.708518518518497,16.57888888888889,44.12555555555549,0.021458966673211132
2020-01-18,24.10666666666667,15.5,15,15,2020,1,18,1,19.9385185185185,17.851269841269847,59.8155555555555,0.0
2020-01-19,15.35,9.85,10,10,2020,1,19,1,21.0922222222222,19.178412698412703,63.27666666666661,0.0
2020-01-20,17.41,3.05,10,10,2020,1,20,1,18.955555555555534,19.356031746031753,56.8666666666666,0.0
2020-01-21,16.207692307692305,7.5,13,13,2020,1,21,1,16.32256410256408,16.74284493284494,48.96769230769224,0.0
2020-01-22,18.018181818181816,5.2,11,11,2020,1,22,1,17.211958041958017,18.114489954489958,51.635874125874054,0.005406675544761861
2020-01-23,31.30625,30.200000000000003,16,16,2020,1,23,1,21.84404137529135,20.888398684648685,65.53212412587405,0.0
2020-01-24,14.166666666666666,7.5,12,12,2020,1,24,1,21.163699494949473,19.50935106560107,63.491098484848415,0.0
2020-01-25,25.63157894736842,22.5,19,19,2020,1,25,1,23.701498538011673,19.727195677129888,71.10449561403502,0.016363476837201213
2020-01-26,28.10625,33.35,16,16,2020,1,26,1,22.63483187134501,21.54951710570132,67.90449561403503,0.0
2020-01-27,11.821428571428571,5.65,14,14,2020,1,27,1,21.853085839598975,20.751149758762544,65.55925751879693,0.0
2020-01-28,13.738461538461538,5.5,13,13,2020,1,28,1,17.888713369963348,20.39840250601529,53.666140109890044,0.0
2020-01-29,3.6714285714285713,2.0,14,14,2020,1,29,1,9.743772893772872,18.348866327907682,29.231318681318616,0.010673870388537865
2020-01-30,20.263636363636365,17.5,11,11,2020,1,30,1,12.557842157842137,16.77135009414145,37.67352647352641,0.0
2020-01-31,8.35,3.55,10,10,2020,1,31,1,10.76168831168829,15.94039771318907,32.285064935064874,0.02976132902965047
2020-02-01,6.1,6.5,5,5,2020,2,32,1,11.571212121212099,13.150172149279296,34.7136363636363,0.02638062702350257
2020-02-02,10.2,5.35,6,6,2020,2,33,1,8.216666666666645,10.592136434993582,24.649999999999935,0.0
2020-02-03,2.9285714285714284,0.0,7,7,2020,2,34,1,6.409523809523787,9.321728271728276,19.22857142857136,0.0
2020-02-04,19.8,12.5,9,9,2020,2,35,1,10.976190476190453,10.187662337662342,32.92857142857136,0.023482734413462252
2020-02-05,38.73571428571428,41.4,14,14,2020,2,36,1,20.488095238095212,15.196846011131727,61.46428571428564,0.0
2020-02-06,37.84,35.25,10,10,2020,2,37,1,32.12523809523807,17.707755102040817,96.37571428571421,0.0
2020-02-07,38.2625,34.0,8,8,2020,2,38,1,38.279404761904736,21.980969387755106,114.83821428571422,0.0
2020-02-08,28.575,24.5,8,8,2020,2,39,1,34.89249999999998,25.19168367346939,104.67749999999994,0.0
2020-02-09,1.7600000000000002,2.5,5,5,2020,2,40,1,22.86583333333331,23.9859693877551,68.59749999999993,0.03183043816138613
2020-02-10,22.9,9.0,12,12,2020,2,41,1,17.744999999999976,26.8390306122449,53.23499999999993,0.027734849791893394
2020-02-11,11.357142857142858,3.5,7,7,2020,2,42,1,12.005714285714262,25.63290816326531,36.01714285714279,0.04793257068458129
2020-02-12,13.18,9.4,10,10,2020,2,43,1,15.812380952380929,21.9820918367347,47.43714285714279,0.02695777058570018
2020-02-13,31.383333333333336,16.0,6,6,2020,2,44,1,18.640158730158706,21.059710884353745,55.92047619047612,0.0
2020-02-14,26.41818181818182,7.5,11,11,2020,2,45,1,23.660505050505027,19.36766542980829,70.98151515151508,0.0
2020-02-15,36.28,29.4,5,5,2020,2,46,1,31.36050505050503,20.46837971552258,94.08151515151509,0.014671117460367894
2020-02-16,31.08333333333333,30.0,12,12,2020,2,47,1,31.260505050505028,24.657427334570198,93.78151515151508,0.0
2020-02-17,37.6,40.0,5,5,2020,2,48,1,34.98777777777775,26.757427334570195,104.96333333333325,0.03076480702010004
2020-02-18,29.45,30.5,6,6,2020,2,49,1,32.71111111111109,29.342121212121217,98.13333333333325,0.0
2020-02-19,20.9875,14.0,8,8,2020,2,50,1,29.345833333333314,30.457478354978356,88.03749999999994,0.0
2020-02-20,13.41,7.0,10,10,2020,2,51,1,21.282499999999974,27.88985930735931,63.847499999999926,0.0
2020-02-21,9.857142857142858,7.5,7,7,2020,2,52,1,14.751547619047594,25.523996598639457,44.254642857142784,0.0
2020-02-22,9.083333333333334,0.25,12,12,2020,2,53,1,10.78349206349204,21.638758503401363,32.35047619047612,0.0
2020-02-23,21.25,6.5,8,8,2020,2,54,1,13.396825396825372,20.23399659863946,40.19047619047612,0.002923253143042553
2020-02-24,34.285714285714285,14.5,7,7,2020,2,55,1,21.539682539682516,19.76052721088436,64.61904761904755,0.0
2020-02-25,20.557142857142857,12.4,7,7,2020,2,56,1,25.36428571428569,18.490119047619054,76.09285714285707,0.0009558053504202995
2020-02-26,7.3,7.0,6,6,2020,2,57,1,20.71428571428569,16.534761904761908,62.14285714285707,0.006551159612631978
2020-02-27,8.799999999999999,1.65,6,6,2020,2,58,1,12.219047619047595,15.876190476190478,36.65714285714279,0.0
2020-02-28,18.4,18.5,7,7,2020,2,59,1,11.499999999999977,17.096598639455785,34.49999999999993,0.010793253239297022
2020-02-29,32.88181818181818,35.5,11,11,2020,2,60,1,20.027272727272702,20.496382189239334,60.08181818181811,0.0
2020-03-01,12.12,7.5,5,5,2020,3,61,1,21.133939393939368,19.19209647495362,63.40181818181811,0.0
2020-03-02,5.5,0.0,7,7,2020,3,62,1,16.83393939393937,15.07985157699444,50.50181818181811,0.009244963175934743
2020-03-03,3.7,0.0,5,5,2020,3,63,1,7.106666666666643,12.671688311688314,21.31999999999993,0.007047803857195861
2020-03-04,18.9,9.9,6,6,2020,3,64,1,9.366666666666644,14.328831168831172,28.09999999999993,0.0
2020-03-05,21.2,17.5,7,7,2020,3,65,1,14.599999999999975,16.100259740259744,43.799999999999926,0.003878871518921159
2020-03-06,11.3,1.6,4,4,2020,3,66,1,17.133333333333308,15.085974025974028,51.39999999999993,0.010751893639634986
2020-03-07,28.4,28.4,2,2,2020,3,67,1,20.299999999999976,14.44571428571429,60.89999999999993,0.0
2020-03-08,17.5,9.0,4,4,2020,3,68,1,19.066666666666645,15.214285714285719,57.19999999999993,0.0
2020-03-09,2.375,2.5,4,4,2020,3,69,1,16.091666666666644,14.767857142857148,48.274999999999935,0.03449497852256172
2020-03-10,1.25,1.25,2,2,2020,3,70,1,7.041666666666644,14.417857142857148,21.124999999999932,0.0
2020-03-11,1.8142857142857145,0.0,7,7,2020,3,71,1,1.8130952380952159,11.977040816326534,5.439285714285647,0.0
2020-03-12,18.925,19.35,4,4,2020,3,72,1,7.329761904761884,11.652040816326535,21.98928571428565,0.0
2020-03-13,27.3,22.2,3,3,2020,3,73,1,16.013095238095215,13.937755102040821,48.03928571428565,0.005256596056725038
2020-03-14,8.8125,2.25,8,8,2020,3,74,1,18.34583333333331,11.139540816326534,55.03749999999993,0.0
2020-03-15,21.23333333333333,22.1,3,3,2020,3,75,1,19.115277777777752,11.672874149659867,57.34583333333326,0.01793572573404472
2020-03-16,22.5,9.5,7,7,2020,3,76,1,17.515277777777754,14.547874149659867,52.54583333333326,0.0
2020-03-17,12.175,11.6,4,4,2020,3,77,1,18.636111111111088,16.108588435374152,55.90833333333326,0.016551479957604805
2020-03-18,5.0,1.5,3,3,2020,3,78,1,13.224999999999975,16.56369047619048,39.674999999999926,0.019779811327049927
2020-03-19,24.05,21.75,6,6,2020,3,79,1,13.741666666666646,17.295833333333338,41.22499999999994,0.0
2020-03-20,24.28,11.8,5,5,2020,3,80,1,17.776666666666646,16.86440476190477,53.329999999999934,0.0
2020-03-21,49.21666666666667,36.9,6,6,2020,3,81,1,32.51555555555553,22.636428571428578,97.5466666666666,0.03926805299526745
2020-03-22,8.885714285714286,0.0,7,7,2020,3,82,1,27.46079365079363,20.87248299319728,82.38238095238088,0.0
2020-03-23,11.0,12.5,3,3,2020,3,83,1,23.03412698412696,19.229625850340142,69.10238095238088,0.0
2020-03-24,52.0,52.0,1,1,2020,3,84,1,23.961904761904737,24.918911564625855,71.88571428571422,0.026635136321478996
2020-03-25,21.0,26.0,4,4,2020,3,85,1,27.999999999999982,27.20462585034014,83.99999999999994,0.012988295492551571
2020-03-26,20.425,15.5,4,4,2020,3,86,1,31.141666666666648,26.686768707482997,93.42499999999994,0.0
2020-03-27,10.883333333333333,3.65,6,6,2020,3,87,1,17.43611111111109,24.77295918367347,52.308333333333266,0.0
2020-03-28,2.74,2.5,5,5,2020,3,88,1,11.349444444444423,18.133435374149663,34.04833333333327,0.012369148468095642
2020-03-29,11.24,6.2,5,5,2020,3,89,1,8.287777777777757,18.469761904761906,24.86333333333327,0.02487512250098204
2020-03-30,3.5,2.75,4,4,2020,3,90,1,5.826666666666646,17.398333333333337,17.479999999999936,0.007823929081411253
2020-03-31,9.875,5.0,8,8,2020,3,91,1,8.204999999999979,11.380476190476193,24.614999999999938,0.013939865995323826
2020-04-01,27.65,10.0,6,6,2020,4,92,0,13.674999999999978,12.330476190476194,41.024999999999935,0.023026332735743053
2020-04-02,1.3,1.3,2,2,2020,4,93,0,12.941666666666643,9.598333333333338,38.82499999999993,0.012778474693831044
2020-04-03,17.6,17.6,2,2,2020,4,94,0,15.516666666666646,10.557857142857147,46.54999999999994,0.018795654413434625
2020-04-04,7.833333333333333,9.5,3,3,2020,4,95,0,8.91111111111109,11.285476190476194,26.73333333333327,0.0
2020-04-05,24.0,28.9,5,5,2020,4,96,0,16.477777777777757,13.108333333333336,49.433333333333266,0.006847520917261075
2020-04-06,10.05,3.1,4,4,2020,4,97,0,13.961111111111089,14.044047619047621,41.88333333333327,0.05802464860374072
2020-04-07,26.35,7.5,4,4,2020,4,98,0,20.13333333333331,16.397619047619052,60.399999999999935,0.0
2020-04-08,5.449999999999999,5.449999999999999,2,2,2020,4,99,0,13.94999999999998,13.226190476190482,41.84999999999994,0.0
2020-04-09,20.48,8.4,5,5,2020,4,100,0,17.426666666666645,15.96619047619048,52.27999999999994,0.005393743293968632
2020-04-10,4.1,1.5,7,7,2020,4,101,0,10.009999999999978,14.037619047619051,30.029999999999937,0.018586802485532572
2020-04-11,55.84285714285714,11.5,7,7,2020,4,102,0,26.807619047619028,20.896122448979593,80.42285714285708,0.07032815795371422
2020-04-12,2.775,3.0,4,4,2020,4,103,0,20.90595238095236,17.86397959183674,62.71785714285708,0.024073898691022652
2020-04-13,10.6,10.6,2,2,2020,4,104,0,23.07261904761903,17.942551020408168,69.21785714285708,0.01721115216919523
2020-04-14,6.0,1.25,4,4,2020,4,105,0,6.458333333333314,15.035408163265307,19.374999999999943,0.02155108586056848
2020-04-15,7.166666666666667,0.0,3,3,2020,4,106,0,7.922222222222204,15.280646258503406,23.766666666666612,0.0
2020-04-16,0.0,0.0,3,3,2020,4,107,0,4.388888888888871,12.35493197278912,13.166666666666611,0.0
2020-04-17,16.216666666666665,12.0,6,6,2020,4,108,0,7.794444444444426,14.0858843537415,23.383333333333276,0.0
2020-04-18,12.95,12.95,2,2,2020,4,109,0,9.722222222222202,7.958333333333337,29.166666666666607,0.0
2020-04-19,10.2,8.65,4,4,2020,4,110,0,13.1222222222222,9.019047619047623,39.3666666666666,0.00868661108607612
2020-04-20,13.575,16.4,4,4,2020,4,111,0,12.241666666666646,9.444047619047623,36.72499999999994,0.0
2020-04-21,3.22,4.5,5,5,2020,4,112,0,8.998333333333314,9.046904761904766,26.99499999999994,0.004369251848044908
2020-04-22,5.5,3.5,5,5,2020,4,113,0,7.431666666666648,8.808809523809527,22.294999999999945,0.0015081905363896998
2020-04-23,0.0,0.0,1,1,2020,4,114,0,2.906666666666648,8.808809523809527,8.719999999999944,0.0
2020-04-24,1.75,1.75,2,2,2020,4,115,0,2.416666666666648,6.742142857142861,7.249999999999943,0.007491882347333121
2020-04-26,0.0,0.0,2,2,2020,4,117,0,0.5833333333333144,4.892142857142862,1.7499999999999432,0.0
2020-04-27,0.0,0.0,2,2,2020,4,118,0,0.5833333333333144,3.4350000000000045,1.7499999999999432,0.0
2020-04-28,0.65,0.65,2,2,2020,4,119,0,0.21666666666664772,1.5885714285714327,0.6499999999999432,0.0
2020-04-29,23.45,17.85,6,6,2020,4,120,0,8.033333333333314,4.478571428571433,24.09999999999994,0.018147281271217886
2020-04-30,10.375,4.25,4,4,2020,4,121,0,11.491666666666646,5.175000000000003,34.47499999999994,0.009184843120098967
2020-05-01,32.125,23.5,4,4,2020,5,122,0,21.98333333333331,9.764285714285718,65.94999999999993,0.0
2020-05-02,31.25,31.25,2,2,2020,5,123,0,24.583333333333314,13.978571428571431,73.74999999999994,9.456189907180261e-05
2020-05-03,16.25,16.25,2,2,2020,5,124,0,26.541666666666647,16.300000000000004,79.62499999999994,0.0
2020-05-04,4.25,4.25,2,2,2020,5,125,0,17.24999999999998,16.907142857142862,51.749999999999936,0.005144487008178083
2020-05-05,7.45,7.45,2,2,2020,5,126,0,9.316666666666645,17.87857142857143,27.949999999999935,0.007391832722112798
2020-05-06,8.459999999999999,2.5,5,5,2020,5,127,0,6.719999999999978,15.73714285714286,20.159999999999936,0.010475961347162239
2020-05-07,0.0,0.0,1,1,2020,5,128,0,5.303333333333312,14.255000000000004,15.909999999999936,0.0
2020-05-08,1.3,1.3,1,1,2020,5,129,0,3.2533333333333125,9.851428571428574,9.759999999999938,0.010648944867436363
2020-05-10,21.066666666666663,6.2,3,3,2020,5,131,0,7.4555555555555335,8.39666666666667,22.3666666666666,0.0
2020-05-11,22.83333333333333,3.5,3,3,2020,5,132,0,15.066666666666643,9.33714285714286,45.19999999999993,0.0
2020-05-12,8.0,4.1,4,4,2020,5,133,0,17.29999999999998,9.872857142857145,51.899999999999935,0.0
2020-05-13,16.7,17.4,4,4,2020,5,134,0,15.84444444444442,11.194285714285716,47.53333333333326,0.0
2020-05-14,28.0,28.0,2,2,2020,5,135,0,17.566666666666645,13.98571428571429,52.69999999999993,0.009550006007498424
2020-05-15,9.5,9.5,1,1,2020,5,136,0,18.066666666666645,15.342857142857145,54.19999999999993,0.0
2020-05-17,1.125,0.0,4,4,2020,5,138,0,12.874999999999977,15.317857142857147,38.62499999999993,0.0
2020-05-18,20.46666666666667,8.2,3,3,2020,5,139,0,10.363888888888868,15.232142857142861,31.091666666666605,0.0
2020-05-19,15.55,13.1,4,4,2020,5,140,0,12.380555555555537,14.191666666666672,37.14166666666661,0.0016185251483554583
2020-05-20,9.6,1.3,3,3,2020,5,141,0,15.205555555555534,14.4202380952381,45.6166666666666,0.033864761846577905
2020-05-21,36.8,49.0,5,5,2020,5,142,0,20.649999999999977,17.29166666666667,61.94999999999993,0.0
2020-05-22,3.6,3.6,2,2,2020,5,143,0,16.666666666666647,13.805952380952386,49.999999999999936,0.0095067853761033
2020-05-24,13.666666666666666,11.5,3,3,2020,5,145,0,18.0222222222222,14.40119047619048,54.0666666666666,0.0
2020-05-25,42.0,42.0,2,2,2020,5,146,0,19.755555555555535,20.240476190476194,59.2666666666666,0.029372123675089512
2020-05-26,14.833333333333334,17.5,3,3,2020,5,147,0,23.499999999999975,19.43571428571429,70.49999999999993,0.004241228423302591
2020-05-27,49.9,15.5,3,3,2020,5,148,0,35.577777777777754,24.34285714285715,106.73333333333326,0.0
2020-05-28,16.5,16.5,1,1,2020,5,149,0,27.077777777777754,25.32857142857143,81.23333333333326,0.0014438412275080655
2020-05-29,12.36,5.5,5,5,2020,5,150,0,26.253333333333313,21.837142857142858,78.75999999999993,0.0
2020-05-30,4.5,4.5,1,1,2020,5,151,0,11.119999999999978,21.965714285714288,33.359999999999935,0.0011377197703474188
2020-05-31,27.2,27.2,1,1,2020,5,152,0,14.686666666666644,23.89904761904762,44.05999999999993,0.03900401408253712
2020-06-01,7.5,7.5,1,1,2020,6,153,0,13.066666666666643,18.970476190476194,39.19999999999993,0.00540367348208154
2020-06-02,0.5,0.5,1,1,2020,6,154,0,11.733333333333311,16.922857142857147,35.19999999999993,0.0
2020-06-03,2.5,0.0,3,3,2020,6,155,0,3.4999999999999787,10.151428571428577,10.499999999999936,0.03923006106184695
2020-06-04,0.0,0.0,1,1,2020,6,156,0,0.9999999999999787,7.794285714285719,2.999999999999936,0.026202134651679344
2020-06-05,19.73333333333333,4.7,3,3,2020,6,157,0,7.411111111111089,8.847619047619052,22.233333333333267,0.003876649088580039
2020-06-06,8.0,8.0,2,2,2020,6,158,0,9.244444444444422,9.347619047619052,27.733333333333267,0.02875419243501406
2020-06-07,2.65,2.65,2,2,2020,6,159,0,10.127777777777755,5.840476190476194,30.383333333333265,0.0
2020-06-08,2.1,2.1,1,1,2020,6,160,0,4.249999999999979,5.069047619047622,12.749999999999936,0.0
2020-06-09,6.1,6.1,1,1,2020,6,161,0,3.6166666666666454,5.869047619047623,10.849999999999936,0.0
2020-06-10,0.0,0.0,1,1,2020,6,162,0,2.7333333333333116,5.511904761904765,8.199999999999935,0.0
2020-06-11,16.866666666666667,11.1,3,3,2020,6,163,0,7.655555555555535,7.921428571428575,22.966666666666605,0.0
2020-06-12,31.5,31.5,1,1,2020,6,164,0,16.122222222222202,9.602380952380956,48.3666666666666,0.0
2020-06-13,5.5,5.5,2,2,2020,6,165,0,17.955555555555534,9.245238095238099,53.8666666666666,0.0
2020-06-15,0.75,0.75,2,2,2020,6,167,0,12.583333333333313,8.973809523809528,37.749999999999936,0.010753532372903557
2020-06-17,6.633333333333333,5.5,3,3,2020,6,169,0,4.294444444444423,9.621428571428575,12.883333333333269,0.0
2020-06-18,0.7,0.7,1,1,2020,6,170,0,2.694444444444423,8.850000000000005,8.083333333333268,0.0
2020-06-19,3.75,3.75,2,2,2020,6,171,0,3.694444444444423,9.38571428571429,11.083333333333268,0.01642610856301978
2020-06-20,5.5,5.5,1,1,2020,6,172,0,3.316666666666645,7.761904761904766,9.949999999999935,0.0
2020-06-21,15.033333333333331,1.1,3,3,2020,6,173,0,8.094444444444422,5.4095238095238125,24.283333333333267,0.0
2020-06-22,2.825,2.25,4,4,2020,6,174,0,7.786111111111089,5.027380952380956,23.358333333333267,0.0
2020-06-23,31.73333333333333,35.0,3,3,2020,6,175,0,16.530555555555534,9.453571428571433,49.5916666666666,0.006740943959589168
2020-06-24,2.833333333333333,0.0,3,3,2020,6,176,0,12.463888888888867,8.910714285714288,37.3916666666666,0.0
2020-06-25,1.5,1.5,1,1,2020,6,177,0,12.022222222222199,9.025000000000002,36.0666666666666,0.0
2020-06-26,0.0,0.0,1,1,2020,6,178,0,1.444444444444423,8.489285714285717,4.333333333333269,0.0
2020-06-27,0.0,0.0,1,1,2020,6,179,0,0.4999999999999787,7.703571428571431,1.499999999999936,0.0
2020-06-29,0.0,0.0,1,1,2020,6,181,0,0.0,5.555952380952385,0.0,0.02053531069115281
2020-07-02,1.5,1.5,2,2,2020,7,184,0,0.4999999999999787,5.36666666666667,1.499999999999936,0.008896009579730592
2020-07-03,8.166666666666666,9.5,3,3,2020,7,185,0,3.2222222222222006,2.000000000000004,9.666666666666602,0.0
2020-07-04,36.0,36.0,1,1,2020,7,186,0,15.2222222222222,6.738095238095243,45.6666666666666,0.01827914839431226
2020-07-05,43.5,43.5,1,1,2020,7,187,0,29.2222222222222,12.738095238095243,87.6666666666666,0.008183722556727717
2020-07-06,2.4,2.4,1,1,2020,7,188,0,27.29999999999998,13.080952380952386,81.89999999999993,0.021394454418038517
2020-07-07,7.2,7.2,1,1,2020,7,189,0,17.699999999999978,14.109523809523813,53.09999999999994,0.0012991144670588084
2020-07-11,0.0,0.0,1,1,2020,7,193,0,3.1999999999999784,14.109523809523813,9.599999999999936,0.007613261464274877
2020-07-12,2.5,2.5,1,1,2020,7,194,0,3.2333333333333116,14.252380952380957,9.699999999999935,0.014082349718295686
2020-07-13,0.0,0.0,1,1,2020,7,195,0,0.833333333333312,13.085714285714289,2.499999999999936,0.0
2020-07-14,0.75,0.75,2,2,2020,7,196,0,1.083333333333312,8.050000000000004,3.249999999999936,0.0
2020-07-15,13.75,13.75,2,2,2020,7,197,0,4.833333333333312,3.8000000000000043,14.499999999999936,0.0
2020-07-16,0.0,0.0,1,1,2020,7,198,0,4.833333333333312,3.4571428571428617,14.499999999999936,0.0027032267602327105
2020-07-17,2.3,2.3,2,2,2020,7,199,0,5.349999999999979,2.7571428571428607,16.049999999999937,0.018980681233868774
2020-07-19,10.5,10.5,1,1,2020,7,201,0,4.266666666666645,4.257142857142861,12.799999999999937,0.021780412451507237
2020-07-20,16.5,16.5,2,2,2020,7,202,0,9.766666666666646,6.257142857142861,29.299999999999937,0.02987364885041806
2020-07-21,3.5,3.5,1,1,2020,7,203,0,10.166666666666645,6.757142857142861,30.499999999999936,0.0003089646541378746
2020-07-24,4.0,4.0,2,2,2020,7,206,0,7.999999999999979,7.221428571428575,23.999999999999936,0.0
2020-07-25,22.5,22.5,1,1,2020,7,207,0,9.999999999999979,8.471428571428575,29.999999999999936,0.001395705504839008
2020-07-27,21.5,21.5,1,1,2020,7,209,0,15.999999999999979,11.542857142857146,47.999999999999936,0.0
2020-07-28,2.5,2.5,1,1,2020,7,210,0,15.499999999999979,11.571428571428575,46.499999999999936,0.0
2020-07-29,0.0,0.0,1,1,2020,7,211,0,7.999999999999979,10.071428571428575,23.999999999999936,0.005893576521897928
2020-07-31,5.75,2.25,4,4,2020,7,213,0,2.7499999999999787,8.53571428571429,8.249999999999936,0.0
2020-08-03,0.0,0.0,1,1,2020,8,216,0,1.9166666666666454,8.03571428571429,5.749999999999936,0.0
2020-08-04,32.25,32.25,2,2,2020,8,217,0,12.666666666666645,12.071428571428575,37.999999999999936,0.0
2020-08-06,6.083333333333333,7.25,3,3,2020,8,219,0,12.777777777777757,9.72619047619048,38.33333333333327,0.025738825442941444
2020-08-07,1.5,1.5,1,1,2020,8,220,0,13.277777777777757,6.869047619047623,39.83333333333327,0.024883836717888217
2020-08-09,0.0,0.0,1,1,2020,8,222,0,2.5277777777777564,6.511904761904766,7.583333333333269,0.0
2020-08-12,11.375,5.5,4,4,2020,8,225,0,4.291666666666646,8.136904761904765,12.874999999999936,0.0
2020-08-13,0.0,0.0,2,2,2020,8,226,0,3.791666666666645,7.315476190476194,11.374999999999936,0.0
2020-08-14,8.875,6.0,4,4,2020,8,227,0,6.749999999999979,8.583333333333337,20.249999999999936,0.0
2020-08-15,1.1666666666666667,0.0,3,3,2020,8,228,0,3.3472222222222006,4.142857142857147,10.041666666666602,0.017407327360382117
2020-08-16,0.0,0.0,1,1,2020,8,229,0,3.3472222222222006,3.273809523809528,10.041666666666602,0.0
2020-08-17,6.25,6.25,2,2,2020,8,230,0,2.472222222222201,3.9523809523809565,7.416666666666603,0.017240298893067826
2020-08-19,41.5,41.5,1,1,2020,8,232,0,15.916666666666645,9.880952380952385,47.749999999999936,0.0
2020-08-20,0.0,0.0,1,1,2020,8,233,0,15.916666666666645,8.255952380952385,47.749999999999936,0.0
2020-08-21,39.0,39.0,1,1,2020,8,234,0,26.833333333333314,13.827380952380958,80.49999999999994,0.0
2020-08-22,45.0,45.0,1,1,2020,8,235,0,27.999999999999982,18.98809523809524,83.99999999999994,0.0007044975357077994
2020-08-24,4.8,4.8,1,1,2020,8,237,0,29.59999999999998,19.507142857142863,88.79999999999994,0.007837765844850625
2020-08-26,15.25,15.25,2,2,2020,8,239,0,21.683333333333312,21.68571428571429,65.04999999999994,0.0
2020-08-28,18.5,18.5,1,1,2020,8,241,0,12.84999999999998,23.43571428571429,38.54999999999994,1.9532040954253395e-05
2020-08-30,47.0,47.0,1,1,2020,8,243,0,26.916666666666647,24.22142857142858,80.74999999999994,0.02397496902770562
2020-09-01,35.0,35.0,1,1,2020,9,245,0,33.49999999999998,29.22142857142858,100.49999999999994,0.0
2020-09-02,22.5,22.5,2,2,2020,9,246,0,34.833333333333314,26.86428571428572,104.49999999999994,0.0
2020-09-03,0.0,0.0,2,2,2020,9,247,0,19.166666666666647,20.43571428571429,57.49999999999994,0.0005680989871990363
2020-09-06,0.0,0.0,1,1,2020,9,250,0,7.499999999999981,19.750000000000004,22.499999999999943,0.013282281100206699
2020-09-09,0.75,0.75,2,2,2020,9,253,0,0.24999999999998104,17.678571428571434,0.7499999999999432,0.03160606511348278
2020-09-14,0.65,0.65,2,2,2020,9,258,0,0.4666666666666477,15.128571428571433,1.399999999999943,0.0
2020-09-17,18.0,18.0,2,2,2020,9,261,0,6.466666666666647,10.985714285714291,19.39999999999994,0.0
2020-09-18,10.5,10.5,1,1,2020,9,262,0,9.716666666666647,7.485714285714289,29.14999999999994,0.0008397194887728696
2020-09-19,0.0,0.0,1,1,2020,9,263,0,9.49999999999998,4.271428571428575,28.499999999999943,0.007939139118070619
2020-09-20,8.75,8.75,2,2,2020,9,264,0,6.416666666666647,5.521428571428575,19.249999999999943,0.0
2020-09-21,6.975,7.1,4,4,2020,9,265,0,5.241666666666648,6.517857142857147,15.724999999999943,0.0138606367092342
2020-09-22,13.15,4.5,4,4,2020,9,266,0,9.62499999999998,8.289285714285718,28.874999999999943,0.007614086814137896
2020-09-23,6.5,5.5,3,3,2020,9,267,0,8.87499999999998,9.125000000000004,26.624999999999943,0.009587311840255117
2020-09-24,0.0,0.0,1,1,2020,9,268,0,6.54999999999998,6.553571428571432,19.64999999999994,0.0
2020-09-25,0.5,0.5,1,1,2020,9,269,0,2.3333333333333144,5.125000000000004,6.999999999999943,0.0
2020-09-26,34.0,34.0,2,2,2020,9,270,0,11.49999999999998,9.982142857142861,34.49999999999994,0.013717031156912472
2020-09-27,5.44,2.7,5,5,2020,9,271,0,13.313333333333313,9.509285714285719,39.93999999999994,0.04005909194691839
2020-09-28,21.75,21.75,2,2,2020,9,272,0,20.396666666666647,11.620000000000005,61.18999999999994,0.0003945565468206414
2020-09-29,24.5,24.5,1,1,2020,9,273,0,17.22999999999998,13.241428571428575,51.68999999999994,0.003054334326883218
2020-09-30,1.5,1.5,1,1,2020,9,274,0,15.916666666666648,12.527142857142861,47.74999999999994,0.0031771256437941463
2020-10-01,2.5,2.5,1,1,2020,10,275,1,9.49999999999998,12.884285714285719,28.499999999999943,0.0
2020-10-02,0.0,0.0,2,2,2020,10,276,1,1.3333333333333144,12.812857142857146,3.999999999999943,0.015756527380490555
2020-10-03,0.0,0.0,1,1,2020,10,277,1,0.8333333333333144,7.955714285714289,2.499999999999943,0.02872291266218464
2020-10-04,0.0,0.0,1,1,2020,10,278,1,0.0,7.178571428571432,0.0,0.0
2020-10-05,0.0,0.0,1,1,2020,10,279,1,0.0,4.071428571428576,0.0,0.0
2020-10-07,1.5,1.5,1,1,2020,10,281,1,0.49999999999998107,0.7857142857142898,1.4999999999999432,0.0
2020-10-08,0.0,0.0,1,1,2020,10,282,1,0.49999999999998107,0.5714285714285755,1.4999999999999432,0.0
2020-10-09,0.0,0.0,1,1,2020,10,283,1,0.49999999999998107,0.21428571428571835,1.4999999999999432,0.0
2020-10-10,4.5,4.5,1,1,2020,10,284,1,1.4999999999999811,0.8571428571428612,4.499999999999943,0.0
2020-10-12,10.0,10.0,2,2,2020,10,286,1,4.833333333333314,2.2857142857142896,14.499999999999943,0.0008477835264893713
2020-10-16,5.5,5.5,1,1,2020,10,290,1,6.666666666666647,3.0714285714285756,19.999999999999943,0.0
2020-10-17,3.6666666666666665,1.5,3,3,2020,10,291,1,6.388888888888871,3.5952380952380993,19.16666666666661,0.000788763701286018
2020-10-18,0.0,0.0,1,1,2020,10,292,1,3.0555555555555363,3.3809523809523854,9.16666666666661,0.006849856697863723
2020-10-19,16.2,16.2,2,2,2020,10,293,1,6.622222222222203,5.695238095238099,19.86666666666661,0.0
2020-10-20,26.1,24.95,4,4,2020,10,294,1,14.09999999999998,9.423809523809528,42.29999999999994,0.0
2020-10-21,54.525,52.5,4,4,2020,10,295,1,32.27499999999998,16.5702380952381,96.82499999999993,0.06197300117508865
2020-10-22,22.25,23.0,4,4,2020,10,296,1,34.29166666666665,18.3202380952381,102.87499999999994,0.0
2020-10-23,12.5,12.5,1,1,2020,10,297,1,29.758333333333315,19.3202380952381,89.27499999999995,0.0
2020-10-24,65.0,65.0,1,1,2020,10,298,1,33.24999999999998,28.082142857142863,99.74999999999994,0.1019205774210416
2020-10-25,5.5,5.5,1,1,2020,10,299,1,27.666666666666647,28.86785714285715,82.99999999999994,0.0
2020-10-26,1.95,1.95,2,2,2020,10,300,1,24.14999999999998,26.83214285714286,72.44999999999995,0.0
2020-10-27,21.83333333333333,20.5,3,3,2020,10,301,1,9.76111111111109,26.22261904761905,29.28333333333327,0.009607392499669564
2020-10-28,0.0,0.0,1,1,2020,10,302,1,7.927777777777757,18.433333333333337,23.78333333333327,0.0
2020-10-29,1.7,0.5,5,5,2020,10,303,1,7.844444444444424,15.497619047619052,23.53333333333327,0.0
2020-10-30,10.5,10.5,1,1,2020,10,304,1,4.066666666666648,15.211904761904767,12.199999999999942,0.0
2020-11-01,11.375,6.0,4,4,2020,11,306,1,7.858333333333314,7.551190476190482,23.574999999999942,0.01411381272440037
2020-11-03,0.0,0.0,1,1,2020,11,308,1,7.291666666666647,6.765476190476195,21.874999999999943,0.0
2020-11-06,0.0,0.0,1,1,2020,11,311,1,3.791666666666648,6.486904761904767,11.374999999999943,0.02606301110767867
2020-11-08,0.0,0.0,2,2,2020,11,313,1,0.0,3.3678571428571487,0.0,0.0
2020-11-09,0.0,0.0,1,1,2020,11,314,1,0.0,3.3678571428571487,0.0,0.0
2020-11-11,1.5,1.5,1,1,2020,11,316,1,0.49999999999998107,3.33928571428572,1.4999999999999432,0.010312024425479046
2020-11-14,0.5,0.5,1,1,2020,11,319,1,0.6666666666666478,1.9107142857142918,1.9999999999999432,0.013788881480244666
2020-11-15,0.0,0.0,1,1,2020,11,320,1,0.6666666666666478,0.2857142857142918,1.9999999999999432,0.004830118210057857
2020-11-19,0.0,0.0,1,1,2020,11,324,1,0.16666666666664773,0.2857142857142918,0.49999999999994316,0.006237915232990422
2020-11-20,0.0,0.0,1,1,2020,11,325,1,0.0,0.2857142857142918,0.0,0.027020374815009726
2020-11-21,7.4,7.4,2,2,2020,11,326,1,2.4666666666666477,1.342857142857149,7.3999999999999435,0.0
2020-11-22,14.6,14.6,2,2,2020,11,327,1,7.333333333333314,3.4285714285714346,21.999999999999943,0.033471177837795386
2020-11-23,8.25,8.25,2,2,2020,11,328,1,10.083333333333314,4.392857142857149,30.249999999999943,0.019646422802739236
2020-11-25,0.0,0.0,1,1,2020,11,330,1,7.6166666666666485,4.321428571428577,22.849999999999945,0.0
2020-11-27,0.0,0.0,1,1,2020,11,332,1,2.749999999999981,4.321428571428577,8.249999999999943,0.004316007113430453
2020-11-28,2.4,2.4,1,1,2020,11,333,1,0.7999999999999811,4.66428571428572,2.399999999999943,0.005721264046329356
2020-11-29,4.0,0.75,4,4,2020,11,334,1,2.1333333333333147,5.235714285714292,6.3999999999999435,0.004068156350748387
2020-12-01,8.75,8.75,2,2,2020,12,336,1,5.049999999999981,5.428571428571435,15.149999999999944,0.0
2020-12-05,0.0,0.0,1,1,2020,12,340,1,4.249999999999981,3.3428571428571487,12.749999999999943,0.0
2020-12-07,0.0,0.0,1,1,2020,12,342,1,2.916666666666648,2.1642857142857204,8.749999999999943,0.022691030955962845
2020-12-08,0.0,0.0,2,2,2020,12,343,1,0.0,2.1642857142857204,0.0,0.010638644251622842
2020-12-09,0.9,0.9,2,2,2020,12,344,1,0.29999999999998106,2.292857142857149,0.8999999999999432,0.0
2020-12-14,3.0,3.0,2,2,2020,12,349,1,1.299999999999981,2.3785714285714343,3.899999999999943,0.0
2020-12-15,14.6,14.6,1,1,2020,12,350,1,6.166666666666647,3.892857142857149,18.499999999999943,0.04173418308495116
2020-12-16,6.5,6.5,1,1,2020,12,351,1,8.033333333333315,3.5714285714285774,24.099999999999945,0.015742295643249263
2020-12-17,77.0,77.0,1,1,2020,12,352,1,32.69999999999998,14.571428571428578,98.09999999999994,0.16447806472499774
2020-12-18,3.7,3.7,1,1,2020,12,353,1,29.06666666666665,15.100000000000007,87.19999999999995,0.022592795731381947
2020-12-19,7.75,7.75,2,2,2020,12,354,1,29.48333333333331,16.207142857142863,88.44999999999993,0.0
2020-12-21,0.0,0.0,1,1,2020,12,356,1,3.816666666666643,16.078571428571433,11.449999999999928,0.0
2020-12-22,0.0,0.0,2,2,2020,12,357,1,2.5833333333333095,15.650000000000006,7.749999999999929,0.0
2020-12-25,0.0,0.0,1,1,2020,12,360,1,0.0,13.56428571428572,0.0,0.010704888242995859
2020-12-26,1.6,1.6,1,1,2020,12,361,1,0.5333333333333097,12.86428571428572,1.599999999999929,0.0
2020-12-27,2.5,2.5,1,1,2020,12,362,1,1.366666666666643,2.2214285714285777,4.099999999999929,0.0029676548941632904
2020-12-29,2.75,2.75,2,2,2020,12,364,1,2.2833333333333097,2.085714285714292,6.849999999999929,0.0
2021-01-01,0.7142857142857143,0.0,7,7,2021,1,1,1,1.9880952380952144,1.0806122448979651,5.964285714285643,0.0
2021-01-02,2.55,1.0,10,10,2021,1,2,1,2.004761904761881,1.4448979591836795,6.014285714285643,0.0
2021-01-03,9.764285714285714,4.6,14,14,2021,1,3,1,4.342857142857119,2.839795918367353,13.028571428571357,0.018036892361508065
2021-01-04,19.308333333333334,6.75,12,12,2021,1,4,1,10.540873015872991,5.598129251700686,31.622619047618976,0.030928899171097975
2021-01-05,7.083333333333333,1.25,12,12,2021,1,5,1,12.051984126984104,6.38146258503402,36.155952380952314,0.0
2021-01-06,10.583333333333334,1.75,6,6,2021,1,6,1,12.32499999999998,7.536224489795925,36.97499999999994,0.001832930576779479
2021-01-07,19.95,10.5,10,10,2021,1,7,1,12.538888888888865,9.993367346938783,37.616666666666596,0.020348548073345657
2021-01-08,4.05,1.5,10,10,2021,1,8,1,11.527777777777755,10.469897959183681,34.583333333333265,0.0
2021-01-09,18.290000000000003,9.5,15,15,2021,1,9,1,14.096666666666644,12.718469387755107,42.289999999999935,0.0
2021-01-10,33.970454545454544,33.9,22,22,2021,1,10,1,18.770151515151493,16.17649350649351,56.310454545454476,0.0
2021-01-11,19.192307692307693,13.5,13,13,2021,1,11,1,23.81758741258739,16.159918414918423,71.45276223776217,0.0014592403582323907
2021-01-12,7.913333333333333,1.5,15,15,2021,1,12,1,20.3586985236985,16.27848984348985,61.0760955710955,0.020603072102456457
2021-01-13,16.458333333333332,10.5,12,12,2021,1,13,1,14.521324786324763,17.117775557775563,43.56397435897429,0.038719316744742494
2021-01-14,8.7,4.0,10,10,2021,1,14,1,11.023888888888864,15.510632700632708,33.071666666666594,0.0
2021-01-15,18.61111111111111,5.5,9,9,2021,1,15,1,14.589814814814792,17.590791430791437,43.769444444444375,0.0
2021-01-16,31.5125,16.0,8,8,2021,1,16,1,19.607870370370346,19.479720002220006,58.823611111111035,0.0016326697097762803
2021-01-17,6.625,1.0,8,8,2021,1,17,1,18.916203703703676,15.5732264957265,56.74861111111103,0.0
2021-01-18,8.85,3.0,10,10,2021,1,18,1,15.662499999999975,14.095753968253975,46.987499999999926,0.010725739384859696
2021-01-19,19.285714285714285,8.5,14,14,2021,1,19,1,11.586904761904739,15.72037981859411,34.760714285714215,0.0
2021-01-20,7.961538461538462,3.0,13,13,2021,1,20,1,12.032417582417558,14.506551979766272,36.097252747252675,0.016965022455737205
2021-01-21,10.5625,7.25,8,8,2021,1,21,1,12.603250915750891,14.772623408337699,37.80975274725267,0.0
2021-01-22,17.527272727272727,5.5,11,11,2021,1,22,1,12.017103729603704,14.617789353503644,36.05131118881111,0.013267362433755052
2021-01-23,9.72222222222222,4.5,9,9,2021,1,23,1,12.603998316498291,11.504892528106819,37.811994949494874,0.0
2021-01-24,4.818181818181818,0.0,11,11,2021,1,24,1,10.689225589225563,11.246775644989938,32.06767676767669,0.0
2021-01-25,7.283333333333333,2.5,18,18,2021,1,25,1,7.274579124579098,11.022966121180414,21.823737373737295,0.010063342800937349
2021-01-26,12.227272727272728,10.5,11,11,2021,1,26,1,8.109595959595934,10.014617327117334,24.3287878787878,0.0
2021-01-27,11.464285714285714,5.0,14,14,2021,1,27,1,10.324963924963898,10.515009791795512,30.974891774891695,0.0
2021-01-28,8.0625,3.75,8,8,2021,1,28,1,10.58468614718612,10.157866934652656,31.754058441558364,0.0
2021-01-29,13.321428571428571,4.75,14,14,2021,1,29,1,10.949404761904736,9.557032055246347,32.84821428571421,0.043171417328475375
2021-01-30,19.75,9.75,10,10,2021,1,30,1,13.711309523809497,10.989571737786028,41.13392857142849,0.0
2021-01-31,13.11111111111111,1.5,9,9,2021,1,31,1,15.394179894179866,12.174275922490214,46.1825396825396,0.0005699008967942908
2021-02-01,4.7,4.1,6,6,2021,2,32,1,12.520370370370344,11.805228303442595,37.56111111111103,0.01915651127620969
2021-02-02,14.0,8.75,8,8,2021,2,33,1,10.603703703703678,12.058475056689348,31.811111111111032,0.0027095851979636997
2021-02-03,13.975,8.25,8,8,2021,2,34,1,10.891666666666639,12.417148526077103,32.67499999999992,0.01605753847571143
2021-02-04,8.542857142857143,7.3,7,7,2021,2,35,1,12.172619047619023,12.485770975056695,36.51785714285707,0.007840903304486089
2021-02-05,14.123076923076924,13.5,13,13,2021,2,36,1,12.213644688644663,12.600292168149318,36.64093406593399,0.0
2021-02-06,20.42727272727273,11.5,11,11,2021,2,37,1,14.364402264402239,12.697045414902565,43.09320679320672,0.0
2021-02-07,34.5,50.5,3,3,2021,2,38,1,23.016783216783193,15.75260097045812,69.05034965034957,0.0094228123414942
2021-02-08,40.09090909090909,17.5,11,11,2021,2,39,1,31.672727272727247,20.808445126302274,95.01818181818174,0.0
2021-02-09,16.5,10.0,9,9,2021,2,40,1,30.363636363636335,21.165587983445132,91.09090909090901,0.0
2021-02-10,15.6,2.5,10,10,2021,2,41,1,24.063636363636338,21.397730840587993,72.19090909090902,0.006498732052813436
2021-02-11,10.071428571428571,2.5,7,7,2021,2,42,1,14.05714285714283,21.616098187526767,42.17142857142849,0.0
2021-02-12,0.25,0.25,2,2,2021,2,43,1,8.640476190476164,19.634230055658634,25.921428571428493,0.00038391389129052147
2021-02-13,2.0,1.5,3,3,2021,2,44,1,4.107142857142831,17.0017625231911,12.321428571428493,0.011605343430340916
2021-02-14,3.5,3.5,2,2,2021,2,45,1,1.9166666666666405,12.573191094619672,5.749999999999922,0.007146741086254619
2021-02-15,0.0,0.0,3,3,2021,2,46,1,1.8333333333333073,6.845918367346945,5.499999999999922,0.0
2021-02-16,2.1666666666666665,0.0,6,6,2021,2,47,1,1.8888888888888626,4.798299319727897,5.666666666666588,0.001839188969171324
2021-02-17,5.0,1.75,4,4,2021,2,48,1,2.3888888888888626,3.2840136054421825,7.166666666666588,0.001166564937203469
2021-02-18,12.3,0.0,5,5,2021,2,49,1,6.488888888888863,3.6023809523809587,19.46666666666659,0.0
2021-02-19,16.84,3.7,5,5,2021,2,50,1,11.379999999999972,5.972380952380958,34.139999999999915,0.0
2021-02-20,17.583333333333332,18.5,6,6,2021,2,51,1,15.574444444444417,8.198571428571436,46.72333333333325,0.0
2021-02-21,47.875,39.75,4,4,2021,2,52,1,27.432777777777755,14.537857142857149,82.29833333333326,0.0
2021-02-22,9.0,0.0,4,4,2021,2,53,1,24.819444444444418,15.823571428571436,74.45833333333326,0.0024765854244505844
2021-02-23,6.666666666666667,0.5,6,6,2021,2,54,1,21.18055555555553,16.466428571428576,63.541666666666586,0.005022378476845351
2021-02-24,1.1875,0.0,8,8,2021,2,55,1,5.61805555555553,15.92178571428572,16.85416666666659,0.0
2021-02-25,17.52,1.5,5,5,2021,2,56,1,8.45805555555553,16.667500000000008,25.37416666666659,0.0039123937058546205
2021-02-26,1.25,1.25,2,2,2021,2,57,1,6.652499999999974,14.440357142857149,19.95749999999992,0.0
2021-02-27,10.839999999999998,3.5,3,3,2021,2,58,1,9.869999999999974,13.477023809523816,29.60999999999992,0.0
2021-02-28,38.0,36.75,4,4,2021,2,59,1,16.69666666666664,12.066309523809528,50.08999999999992,0.0
2021-03-01,15.333333333333334,3.5,3,3,2021,3,60,1,21.391111111111083,12.971071428571435,64.17333333333325,0.006425168585592889
2021-03-02,9.8,3.5,5,5,2021,3,61,1,21.04444444444442,13.41869047619048,63.133333333333255,0.0
2021-03-03,11.4,5.0,5,5,2021,3,62,1,12.177777777777754,14.877619047619053,36.53333333333326,0.02002011679659695
2021-03-04,12.7,12.0,5,5,2021,3,63,1,11.299999999999974,14.189047619047626,33.89999999999992,0.0
2021-03-05,12.75,6.5,6,6,2021,3,64,1,12.283333333333308,15.831904761904768,36.84999999999992,0.04700478477656029
2021-03-06,2.0,2.25,4,4,2021,3,65,1,9.149999999999974,14.569047619047625,27.44999999999992,0.0
2021-03-07,1.875,2.0,4,4,2021,3,66,1,5.54166666666664,9.40833333333334,16.624999999999922,0.0
2021-03-08,13.875,10.5,8,8,2021,3,67,1,5.91666666666664,9.200000000000005,17.749999999999922,0.005437757197490314
2021-03-09,10.9,4.5,5,5,2021,3,68,1,8.883333333333306,9.357142857142863,26.64999999999992,0.01204296764338536
2021-03-10,3.8333333333333335,4.0,3,3,2021,3,69,1,9.536111111111085,8.276190476190482,28.608333333333256,0.01811149561776727
2021-03-11,16.0,14.0,6,6,2021,3,70,1,10.244444444444419,8.747619047619054,30.733333333333256,0.0
2021-03-12,4.7,1.5,5,5,2021,3,71,1,8.177777777777752,7.597619047619054,24.533333333333257,0.021424126539247447
2021-03-13,6.625,3.0,4,4,2021,3,72,1,9.108333333333308,8.25833333333334,27.32499999999992,0.0
2021-03-14,2.1,0.5,5,5,2021,3,73,1,4.474999999999974,8.290476190476197,13.424999999999923,0.010345451082706021
2021-03-15,10.666666666666666,0.0,3,3,2021,3,74,1,6.463888888888863,7.8321428571428635,19.391666666666588,0.0
2021-03-16,13.285714285714286,5.5,7,7,2021,3,75,1,8.684126984126959,8.172959183673475,26.052380952380876,0.03754769785515943
2021-03-17,12.125,10.25,4,4,2021,3,76,1,12.025793650793625,9.357482993197285,36.07738095238088,0.0
2021-03-18,23.0,4.0,4,4,2021,3,77,1,16.136904761904734,10.357482993197285,48.41071428571421,0.0
2021-03-19,8.9,3.5,5,5,2021,3,78,1,14.674999999999974,10.957482993197285,44.02499999999992,0.01585121571615156
2021-03-20,11.875,13.25,4,4,2021,3,79,1,14.59166666666664,11.707482993197285,43.77499999999992,0.0
2021-03-21,7.0,3.75,6,6,2021,3,80,1,9.258333333333306,12.407482993197286,27.77499999999992,0.008913916856628224
2021-03-22,30.83333333333333,37.5,3,3,2021,3,81,1,16.569444444444418,15.288435374149666,49.70833333333325,0.0027452290169979856
2021-03-23,8.875,5.5,8,8,2021,3,82,1,15.569444444444416,14.65833333333334,46.70833333333325,0.0
2021-03-24,23.6875,19.5,8,8,2021,3,83,1,21.131944444444418,16.310119047619054,63.39583333333325,0.0
2021-03-25,24.5,20.5,7,7,2021,3,84,1,19.020833333333307,16.52440476190477,57.06249999999992,0.0
2021-03-26,29.25,36.5,4,4,2021,3,85,1,25.81249999999997,19.431547619047624,77.43749999999991,0.015342753212515497
2021-03-27,13.0,9.0,7,7,2021,3,86,1,22.24999999999997,19.59226190476191,66.74999999999991,0.0
2021-03-28,21.1875,18.5,8,8,2021,3,87,1,21.145833333333307,21.619047619047624,63.43749999999992,0.006918251049471742
2021-03-29,0.75,0.0,6,6,2021,3,88,1,11.645833333333307,17.321428571428577,34.93749999999992,0.023646862951870254
2021-03-30,2.5,2.5,1,1,2021,3,89,1,8.145833333333307,16.410714285714292,24.437499999999922,0.011710013762080874
2021-03-31,8.125,6.5,4,4,2021,3,90,1,3.7916666666666408,14.187500000000005,11.374999999999922,0.0
2021-04-01,14.714285714285714,0.0,7,7,2021,4,91,0,8.446428571428546,12.789540816326536,25.339285714285637,0.03616573684724484
2021-04-02,16.25,0.0,4,4,2021,4,92,0,13.029761904761878,10.932397959183678,39.08928571428564,0.02875416777523427
2021-04-03,12.583333333333334,8.5,6,6,2021,4,93,0,14.515873015872991,10.87287414965987,43.54761904761897,0.0
2021-04-04,2.833333333333333,3.0,3,3,2021,4,94,0,10.55555555555553,8.25085034013606,31.66666666666659,0.0
2021-04-05,23.928571428571427,0.5,7,7,2021,4,95,0,13.115079365079339,11.562074829931978,39.34523809523802,0.024448318348806
2021-04-06,2.125,1.5,4,4,2021,4,96,0,9.628968253968226,11.508503401360551,28.88690476190468,0.004969442615571569
2021-04-07,16.125,7.0,4,4,2021,4,97,0,14.059523809523782,12.651360544217694,42.178571428571345,0.0
2021-04-08,0.5,0.5,2,2,2021,4,98,0,6.249999999999974,10.620748299319734,18.749999999999922,0.0
2021-04-09,11.375,4.5,4,4,2021,4,99,0,9.333333333333307,9.924319727891161,27.999999999999922,0.014078613543875773
2021-04-10,9.0,9.0,1,1,2021,4,100,0,6.958333333333307,9.4124149659864,20.874999999999922,0.024634384491972652
2021-04-11,16.571428571428573,6.5,7,7,2021,4,101,0,12.315476190476167,11.375000000000005,36.9464285714285,0.009778522760896975
2021-04-12,10.5,4.0,4,4,2021,4,102,0,12.023809523809499,9.45663265306123,36.0714285714285,0.009396118324365151
2021-04-13,14.3,13.0,5,5,2021,4,103,0,13.790476190476165,11.195918367346946,41.371428571428496,0.005704482043905123
2021-04-14,9.48,8.5,5,5,2021,4,104,0,11.426666666666641,10.24663265306123,34.27999999999992,0.013699101469946276
2021-04-15,3.7857142857142856,1.5,7,7,2021,4,105,0,9.188571428571402,10.716020408163272,27.565714285714208,0.0
2021-04-16,17.833333333333332,11.0,3,3,2021,4,106,0,10.36634920634918,11.63863945578232,31.09904761904754,0.0
2021-04-18,0.75,0.75,2,2,2021,4,108,0,7.45634920634918,10.460068027210891,22.36904761904754,0.012559522658501783
2021-04-19,9.5,5.25,4,4,2021,4,109,0,9.361111111111084,9.449863945578238,28.083333333333254,0.0010815093424277036
2021-04-20,4.0,4.0,1,1,2021,4,110,0,4.749999999999974,8.52129251700681,14.249999999999922,0.0
2021-04-21,0.0,0.0,2,2,2021,4,111,0,4.499999999999974,6.478435374149666,13.499999999999922,0.01695645107521964
2021-04-22,15.5,15.5,1,1,2021,4,112,0,6.499999999999974,7.338435374149666,19.499999999999922,0.008277746035461003
2021-04-23,12.5,0.5,4,4,2021,4,113,0,9.333333333333307,8.58333333333334,27.999999999999922,0.0
2021-04-24,11.75,10.25,4,4,2021,4,114,0,13.249999999999973,7.714285714285721,39.74999999999992,0.017584826459287498
2021-04-25,0.25,0.25,2,2,2021,4,115,0,8.166666666666641,7.642857142857149,24.499999999999922,0.029830357190694316
2021-04-27,5.5,5.5,2,2,2021,4,117,0,5.833333333333307,7.071428571428577,17.499999999999922,0.0
2021-04-28,12.0,3.0,5,5,2021,4,118,0,5.91666666666664,8.21428571428572,17.749999999999922,0.0
2021-04-29,31.166666666666668,45.0,3,3,2021,4,119,0,16.222222222222197,12.666666666666673,48.666666666666586,0.0
2021-04-30,28.5,28.5,1,1,2021,4,120,0,23.88888888888886,14.52380952380953,71.66666666666659,0.0
2021-05-01,6.5,6.5,2,2,2021,5,121,0,22.05555555555553,13.666666666666673,66.16666666666659,0.0
2021-05-02,28.5,28.5,1,1,2021,5,122,0,21.16666666666664,16.059523809523817,63.499999999999915,0.009531511141634627
2021-05-04,22.0,19.75,4,4,2021,5,124,0,18.99999999999997,19.166666666666675,56.999999999999915,0.0
2021-05-05,7.416666666666667,4.75,6,6,2021,5,125,0,19.30555555555553,19.440476190476197,57.916666666666586,0.014732679341610152
2021-05-06,48.333333333333336,47.0,3,3,2021,5,126,0,25.916666666666643,24.630952380952387,77.74999999999993,0.01978761341367482
2021-05-07,33.725,39.75,4,4,2021,5,127,0,29.824999999999974,24.996428571428577,89.47499999999992,0.02722709435124693
2021-05-08,19.5,19.5,1,1,2021,5,128,0,33.85277777777775,23.710714285714293,101.55833333333325,0.033189558691764355
2021-05-09,7.5,7.5,1,1,2021,5,129,0,20.241666666666642,23.853571428571435,60.72499999999992,0.0
2021-05-10,4.5,4.5,1,1,2021,5,130,0,10.499999999999973,20.425000000000008,31.499999999999922,0.0
2021-05-11,20.33333333333333,19.5,3,3,2021,5,131,0,10.77777777777775,20.186904761904767,32.33333333333325,0.005850892037947586
2021-05-12,18.5,7.0,4,4,2021,5,132,0,14.444444444444416,21.770238095238103,43.33333333333325,0.0
2021-05-13,22.5,8.5,5,5,2021,5,133,0,20.444444444444418,18.07976190476191,61.33333333333325,0.014619854797500605
2021-05-14,13.0,6.0,3,3,2021,5,134,0,17.999999999999975,15.119047619047624,53.99999999999992,0.0017625856394313205
2021-05-15,27.33333333333333,13.5,3,3,2021,5,135,0,20.944444444444418,16.238095238095244,62.83333333333325,0.0
2021-05-16,23.75,21.25,4,4,2021,5,136,0,21.361111111111086,18.559523809523817,64.08333333333326,0.0
2021-05-17,6.75,6.75,2,2,2021,5,137,0,19.27777777777775,18.880952380952387,57.83333333333325,0.009780851905245552
2021-05-19,9.833333333333334,0.0,3,3,2021,5,139,0,13.44444444444442,17.380952380952387,40.33333333333326,0.015325217560569994
2021-05-20,1.1666666666666667,1.0,3,3,2021,5,140,0,5.91666666666664,14.904761904761912,17.749999999999922,0.0
2021-05-21,0.9,0.0,5,5,2021,5,141,0,3.9666666666666406,11.819047619047623,11.899999999999922,0.0014752416163124691
2021-05-22,14.875,7.0,4,4,2021,5,142,0,5.647222222222196,12.086904761904767,16.94166666666659,0.01774944058890312
2021-05-23,4.125,3.25,4,4,2021,5,143,0,6.633333333333307,8.771428571428578,19.89999999999992,0.0
2021-05-24,54.9,57.0,5,5,2021,5,144,0,24.633333333333308,13.221428571428577,73.89999999999992,0.03378758099965767
2021-05-25,8.0,5.75,4,4,2021,5,145,0,22.34166666666664,13.400000000000006,67.02499999999992,0.011275424848493358
2021-05-26,19.5,19.5,1,1,2021,5,146,0,27.46666666666664,14.780952380952387,82.39999999999992,0.021098352500411713
2021-05-27,10.5,10.5,1,1,2021,5,147,0,12.666666666666638,16.11428571428572,37.999999999999915,0.025476781917297978
2021-05-28,4.5,4.5,2,2,2021,5,148,0,11.499999999999972,16.628571428571433,34.499999999999915,0.0
2021-05-29,1.25,1.25,2,2,2021,5,149,0,5.4166666666666385,14.682142857142862,16.249999999999915,0.0
2021-05-30,9.5,9.5,1,1,2021,5,150,0,5.083333333333305,15.450000000000005,15.249999999999915,0.0
2021-05-31,3.25,3.25,2,2,2021,5,151,0,4.6666666666666385,8.071428571428578,13.999999999999915,0.0
2021-06-01,36.0,37.25,4,4,2021,6,152,0,16.24999999999997,12.071428571428578,48.749999999999915,0.021604077569519948
2021-06-02,10.0,0.0,4,4,2021,6,153,0,16.41666666666664,10.71428571428572,49.249999999999915,0.0
2021-06-03,20.5,20.5,2,2,2021,6,154,0,22.16666666666664,12.14285714285715,66.49999999999991,0.0
2021-06-04,7.625,3.0,4,4,2021,6,155,0,12.708333333333306,12.58928571428572,38.124999999999915,0.0
2021-06-05,16.5,16.5,1,1,2021,6,156,0,14.874999999999972,14.76785714285715,44.624999999999915,0.0
2021-06-06,11.0,11.0,2,2,2021,6,157,0,11.708333333333306,14.982142857142863,35.124999999999915,0.0
2021-06-07,1.75,1.75,2,2,2021,6,158,0,9.749999999999972,14.76785714285715,29.249999999999915,0.026569939251583446
2021-06-08,8.5,8.5,1,1,2021,6,159,0,7.083333333333305,10.83928571428572,21.249999999999915,0.007146383185257824
2021-06-09,4.0,4.0,1,1,2021,6,160,0,4.749999999999972,9.982142857142863,14.249999999999915,0.0
2021-06-10,10.75,10.75,2,2,2021,6,161,0,7.749999999999972,8.58928571428572,23.249999999999915,0.0
2021-06-11,23.714285714285715,19.5,7,7,2021,6,162,0,12.821428571428543,10.887755102040822,38.46428571428563,0.0
2021-06-12,9.125,6.0,4,4,2021,6,163,0,14.529761904761877,9.834183673469393,43.58928571428563,0.021708835140827828
2021-06-13,22.5,0.5,3,3,2021,6,164,0,18.446428571428545,11.477040816326536,55.33928571428563,0.009112774129970677
2021-06-14,30.25,30.25,2,2,2021,6,165,0,20.62499999999997,15.548469387755107,61.874999999999915,0.0
2021-06-15,0.0,0.0,1,1,2021,6,166,0,17.583333333333304,14.334183673469393,52.749999999999915,0.002181766235413511
2021-06-16,0.0,0.0,4,4,2021,6,167,0,10.083333333333306,13.762755102040822,30.249999999999915,0.0020577713347855664
2021-06-17,10.5,10.5,2,2,2021,6,168,0,3.4999999999999716,13.727040816326536,10.499999999999915,0.0
2021-06-18,18.166666666666668,16.5,3,3,2021,6,169,0,9.555555555555527,12.934523809523814,28.666666666666583,0.0
2021-06-19,23.875,23.25,4,4,2021,6,170,0,17.51388888888886,15.041666666666673,52.541666666666586,0.0
2021-06-20,27.75,20.75,4,4,2021,6,171,0,23.26388888888886,15.791666666666673,69.79166666666659,0.04437718017893632
2021-06-21,5.333333333333333,3.0,6,6,2021,6,172,0,18.986111111111082,12.232142857142865,56.95833333333324,0.0
2021-06-22,1.5,1.5,2,2,2021,6,173,0,11.527777777777748,12.44642857142858,34.58333333333324,0.009817485109678711
2021-06-23,2.625,2.75,4,4,2021,6,174,0,3.152777777777749,12.82142857142858,9.458333333333247,0.03437646845166949
2021-06-24,1.25,1.25,2,2,2021,6,175,0,1.7916666666666383,11.500000000000009,5.374999999999915,0.0
2021-06-25,0.0,0.0,3,3,2021,6,176,0,1.2916666666666383,8.90476190476191,3.8749999999999147,0.0
2021-06-26,0.0,0.0,2,2,2021,6,177,0,0.41666666666663826,5.494047619047625,1.2499999999999147,0.007637266243977682
2021-06-27,27.25,27.25,2,2,2021,6,178,0,9.083333333333306,5.422619047619053,27.249999999999915,0.0
2021-06-28,0.75,0.75,2,2,2021,6,179,0,9.333333333333306,4.767857142857149,27.999999999999915,0.001635228530580811
2021-06-29,0.0,0.0,1,1,2021,6,180,0,9.333333333333306,4.553571428571435,27.999999999999915,0.012126290988722541
2021-07-01,5.5,4.75,4,4,2021,7,182,0,2.083333333333305,4.964285714285721,6.249999999999915,0.0
2021-07-02,40.5,40.5,1,1,2021,7,183,0,15.333333333333306,10.571428571428578,45.999999999999915,0.003394690869851641
2021-07-04,0.0,0.0,1,1,2021,7,185,0,15.333333333333306,10.571428571428578,45.999999999999915,0.02687872696635466
2021-07-05,26.0,26.0,2,2,2021,7,186,0,22.16666666666664,14.285714285714292,66.49999999999991,0.026913315528219163
2021-07-07,4.25,4.25,2,2,2021,7,188,0,10.083333333333306,11.000000000000005,30.249999999999915,0.009868878245167634
2021-07-09,2.0,2.0,2,2,2021,7,190,0,10.749999999999972,11.178571428571434,32.249999999999915,0.008087193267326487
2021-07-10,19.5,19.5,2,2,2021,7,191,0,8.583333333333306,13.96428571428572,25.749999999999915,0.020096513375542382
2021-07-11,49.5,49.5,2,2,2021,7,192,0,23.66666666666664,20.250000000000007,70.99999999999991,0.03069775797753322
2021-07-12,41.0,41.0,1,1,2021,7,193,0,36.666666666666636,20.32142857142858,109.99999999999991,0.0
2021-07-13,0.0,0.0,1,1,2021,7,194,0,30.16666666666664,20.32142857142858,90.49999999999991,0.03317507224894623
2021-07-15,58.25,58.25,2,2,2021,7,196,0,33.08333333333331,24.928571428571438,99.24999999999991,0.03069074404796637
2021-07-16,45.0,45.0,1,1,2021,7,197,0,34.416666666666636,30.750000000000007,103.24999999999991,0.009707284348204915
2021-07-17,46.5,46.5,1,1,2021,7,198,0,49.916666666666636,37.10714285714287,149.74999999999991,0.022121053111261686
2021-07-18,19.0,19.0,1,1,2021,7,199,0,36.83333333333331,37.03571428571429,110.49999999999991,0.0
2021-07-19,7.0,5.5,4,4,2021,7,200,0,24.16666666666664,30.964285714285722,72.49999999999991,0.0037924601977062083
2021-07-20,0.75,0.75,2,2,2021,7,201,0,8.916666666666638,25.214285714285722,26.749999999999915,0.0
2021-07-21,5.5,5.5,2,2,2021,7,202,0,4.4166666666666385,26.000000000000007,13.249999999999915,0.0
2021-07-22,0.0,0.0,1,1,2021,7,203,0,2.083333333333305,17.678571428571434,6.249999999999915,0.0
2021-07-23,8.75,8.75,2,2,2021,7,204,0,4.749999999999972,12.500000000000005,14.249999999999915,0.0
2021-07-26,4.25,4.25,2,2,2021,7,207,0,4.333333333333305,6.464285714285721,12.999999999999915,0.0
2021-07-28,0.0,0.0,1,1,2021,7,209,0,4.333333333333305,3.750000000000006,12.999999999999915,0.015979292515638614
2021-07-29,1.5,1.5,1,1,2021,7,210,0,1.9166666666666383,2.96428571428572,5.749999999999915,0.005669352724674104
2021-07-31,0.0,0.0,1,1,2021,7,212,0,0.4999999999999716,2.8571428571428634,1.4999999999999147,0.0
2021-08-02,43.0,43.0,1,1,2021,8,214,0,14.833333333333306,8.21428571428572,44.499999999999915,0.0
2021-08-03,35.0,35.0,1,1,2021,8,215,0,25.99999999999997,13.21428571428572,77.99999999999991,0.0
2021-08-05,1.25,1.25,2,2,2021,8,217,0,26.41666666666664,12.14285714285715,79.24999999999991,0.0
2021-08-06,43.5,43.5,1,1,2021,8,218,0,26.583333333333304,17.750000000000007,79.74999999999991,0.0
2021-08-07,0.0,0.0,1,1,2021,8,219,0,14.916666666666638,17.750000000000007,44.749999999999915,0.0
2021-08-08,3.75,3.75,2,2,2021,8,220,0,15.749999999999972,18.071428571428577,47.249999999999915,0.023957423520357422
2021-08-09,13.75,9.25,4,4,2021,8,221,0,5.833333333333305,20.035714285714295,17.499999999999915,0.0
2021-08-10,47.0,47.0,1,1,2021,8,222,0,21.49999999999997,20.607142857142865,64.49999999999991,0.0
2021-08-11,35.25,35.25,2,2,2021,8,223,0,31.99999999999997,20.64285714285715,95.99999999999991,0.018494375386067085
2021-08-12,4.5,4.5,2,2,2021,8,224,0,28.91666666666664,21.107142857142865,86.74999999999991,0.001650981735367929
2021-08-13,5.5,5.5,1,1,2021,8,225,0,15.083333333333306,15.678571428571434,45.249999999999915,0.0522691388781643
2021-08-14,4.25,4.25,2,2,2021,8,226,0,4.749999999999972,16.285714285714292,14.249999999999915,0.0
2021-08-15,18.5,18.5,1,1,2021,8,227,0,9.416666666666638,18.39285714285715,28.249999999999915,0.0
2021-08-16,0.0,0.0,2,2,2021,8,228,0,7.583333333333305,16.428571428571434,22.749999999999915,0.0
2021-08-17,5.5,5.5,2,2,2021,8,229,0,7.999999999999972,10.500000000000005,23.999999999999915,0.0
2021-08-18,16.5,16.5,2,2,2021,8,230,0,7.333333333333305,7.821428571428577,21.999999999999915,0.0
2021-08-19,17.666666666666668,0.0,3,3,2021,8,231,0,13.222222222222195,9.70238095238096,39.666666666666586,0.006022262475774317
2021-08-20,10.5,3.25,6,6,2021,8,232,0,14.888888888888863,10.416666666666673,44.666666666666586,0.017309759708440144
2021-08-21,9.2,0.0,5,5,2021,8,233,0,12.455555555555527,11.123809523809529,37.36666666666658,0.0
2021-08-23,0.0,0.0,1,1,2021,8,235,0,6.566666666666638,8.480952380952386,19.699999999999914,0.0
2021-08-26,5.5,5.5,1,1,2021,8,238,0,4.899999999999971,9.266666666666671,14.699999999999914,0.008465155871656459
2021-08-28,40.0,40.0,1,1,2021,8,240,0,15.166666666666638,14.1952380952381,45.499999999999915,0.0
2021-08-29,9.0,9.0,1,1,2021,8,241,0,18.16666666666664,13.123809523809529,54.499999999999915,0.0
2021-08-30,0.5,0.5,1,1,2021,8,242,0,16.49999999999997,10.671428571428578,49.499999999999915,0.0
2021-09-01,0.0,0.0,1,1,2021,9,244,0,3.166666666666638,9.171428571428578,9.499999999999915,0.0
2021-09-04,10.5,10.5,1,1,2021,9,247,0,3.666666666666638,9.357142857142863,10.999999999999915,0.0007341181249745985
2021-09-07,1.0,1.0,1,1,2021,9,250,0,3.833333333333305,9.500000000000005,11.499999999999915,0.01119581157723136
2021-09-08,2.0,0.5,3,3,2021,9,251,0,4.499999999999972,9.000000000000005,13.499999999999915,0.0
2021-09-09,2.0,2.0,1,1,2021,9,252,0,1.6666666666666383,3.5714285714285774,4.999999999999915,0.0
2021-09-10,36.5,36.5,1,1,2021,9,253,0,13.499999999999972,7.500000000000006,40.499999999999915,0.0011504483869081979
2021-09-11,23.5,23.5,1,1,2021,9,254,0,20.66666666666664,10.785714285714292,61.999999999999915,0.0
2021-09-12,67.0,67.0,2,2,2021,9,255,0,42.33333333333331,20.357142857142865,126.99999999999991,0.08012596062036945
2021-09-13,38.5,38.5,2,2,2021,9,256,0,42.99999999999997,24.357142857142865,128.99999999999991,0.030319445483355825
2021-09-14,5.25,5.25,2,2,2021,9,257,0,36.916666666666636,24.964285714285722,110.74999999999991,0.0
2021-09-15,5.666666666666667,5.5,3,3,2021,9,258,0,16.472222222222193,25.488095238095244,49.41666666666658,0.0
2021-09-16,1.0,1.0,1,1,2021,9,259,0,3.9722222222221943,25.345238095238102,11.916666666666583,0.0
2021-09-19,0.0,0.0,1,1,2021,9,262,0,2.222222222222194,20.130952380952387,6.666666666666582,0.0
2021-09-20,12.166666666666666,2.5,3,3,2021,9,263,0,4.38888888888886,18.511904761904766,13.16666666666658,0.0
2021-09-21,0.0,0.0,1,1,2021,9,264,0,4.055555555555527,8.940476190476195,12.16666666666658,0.0
2021-09-23,26.5,26.5,1,1,2021,9,266,0,12.888888888888859,7.226190476190482,38.66666666666658,0.0
2021-09-25,20.0,8.5,3,3,2021,9,268,0,15.499999999999972,9.33333333333334,46.499999999999915,0.022906680675616294
2021-09-26,37.0,37.0,2,2,2021,9,269,0,27.833333333333304,13.809523809523816,83.49999999999991,0.0
2021-09-28,3.5,3.5,1,1,2021,9,271,0,20.16666666666664,14.166666666666673,60.499999999999915,0.012088573278492974
2021-09-29,29.75,29.75,2,2,2021,9,272,0,23.41666666666664,18.416666666666675,70.24999999999991,0.006077899452008033
2021-09-30,0.0,0.0,1,1,2021,9,273,0,11.083333333333306,16.678571428571434,33.249999999999915,0.0
2021-10-01,0.0,0.0,1,1,2021,10,274,1,9.916666666666638,16.678571428571434,29.749999999999915,0.002731919031286931
2021-10-02,7.5,7.5,1,1,2021,10,275,1,2.4999999999999716,13.964285714285719,7.499999999999915,0.0
2021-10-03,24.5,10.5,3,3,2021,10,276,1,10.666666666666638,14.607142857142861,31.999999999999915,0.007553323718606198
2021-10-04,5.0,5.0,2,2,2021,10,277,1,12.333333333333306,10.03571428571429,36.999999999999915,0.02993403158648956
2021-10-05,21.5,21.5,1,1,2021,10,278,1,16.99999999999997,12.607142857142861,50.999999999999915,0.013377108393835675
2021-10-07,5.0,5.0,2,2,2021,10,280,1,10.499999999999972,9.071428571428577,31.499999999999915,0.005204696467302239
2021-10-08,4.5,4.5,1,1,2021,10,281,1,10.333333333333306,9.714285714285719,30.999999999999915,0.0
2021-10-11,50.0,50.0,1,1,2021,10,284,1,19.833333333333304,16.85714285714286,59.499999999999915,0.011421537280805616
2021-10-13,2.5,2.5,2,2,2021,10,286,1,18.99999999999997,16.142857142857146,56.999999999999915,0.0
2021-10-15,17.5,17.5,1,1,2021,10,288,1,23.333333333333304,15.142857142857148,69.99999999999991,0.0
2021-10-16,0.0,0.0,1,1,2021,10,289,1,6.6666666666666385,14.428571428571432,19.999999999999915,0.02190302714790452
2021-10-19,52.25,52.25,2,2,2021,10,292,1,23.24999999999997,18.821428571428577,69.74999999999991,0.038669079014800364
2021-10-20,34.833333333333336,23.5,3,3,2021,10,293,1,29.027777777777754,23.08333333333334,87.08333333333326,0.0
2021-10-21,0.0,0.0,1,1,2021,10,294,1,29.027777777777754,22.440476190476197,87.08333333333326,0.0
2021-10-23,13.5,13.5,1,1,2021,10,296,1,16.111111111111082,17.22619047619048,48.33333333333325,0.02427059723619302
2021-10-24,0.0,0.0,1,1,2021,10,297,1,4.499999999999972,16.869047619047624,13.499999999999915,0.0
2021-10-25,4.75,4.75,2,2,2021,10,298,1,6.083333333333305,15.047619047619053,18.249999999999915,0.035843662592582905
2021-10-26,0.0,0.0,2,2,2021,10,299,1,1.5833333333333048,15.047619047619053,4.749999999999915,0.0
2021-10-27,35.875,37.5,4,4,2021,10,300,1,13.541666666666638,12.70833333333334,40.624999999999915,0.0
2021-10-28,5.5,1.25,4,4,2021,10,301,1,13.791666666666638,8.517857142857148,41.374999999999915,0.0017461761714293624
2021-10-29,33.75,33.75,2,2,2021,10,302,1,25.04166666666664,13.339285714285719,75.12499999999991,0.026006234344289406
2021-10-30,22.75,22.75,2,2,2021,10,303,1,20.66666666666664,14.66071428571429,61.999999999999915,0.0
2021-11-01,36.0,26.5,5,5,2021,11,305,1,30.833333333333304,19.803571428571434,92.49999999999991,0.007281912561089861
2021-11-02,31.75,31.75,2,2,2021,11,306,1,30.16666666666664,23.66071428571429,90.49999999999991,0.0012071050289735013
2021-11-03,30.0,39.0,3,3,2021,11,307,1,32.58333333333331,27.946428571428577,97.74999999999991,0.0
2021-11-07,51.5,51.5,1,1,2021,11,311,1,37.74999999999997,30.178571428571434,113.24999999999991,0.035453358689606196
2021-11-08,15.5,15.5,1,1,2021,11,312,1,32.33333333333331,31.60714285714286,96.99999999999991,0.024626442389134064
2021-11-09,35.166666666666664,45.5,3,3,2021,11,313,1,34.05555555555552,31.809523809523814,102.16666666666657,0.01937210600051995
2021-11-10,21.83333333333333,17.5,3,3,2021,11,314,1,24.16666666666664,31.678571428571434,72.49999999999991,0.0
2021-11-11,0.75,0.75,2,2,2021,11,315,1,19.249999999999968,26.642857142857146,57.74999999999991,0.022192678744120172
2021-11-12,44.0,44.0,1,1,2021,11,316,1,22.194444444444414,28.392857142857146,66.58333333333324,0.009231541507501937
2021-11-13,16.5,16.5,2,2,2021,11,317,1,20.41666666666664,26.46428571428572,61.249999999999915,0.0
2021-11-14,30.5,30.5,1,1,2021,11,318,1,30.333333333333304,23.46428571428572,90.99999999999991,0.0
2021-11-16,39.75,39.75,2,2,2021,11,320,1,28.91666666666664,26.928571428571434,86.74999999999991,0.0
2021-11-19,34.0,34.0,1,1,2021,11,323,1,34.74999999999997,26.761904761904766,104.24999999999991,0.0
2021-11-20,0.0,0.0,1,1,2021,11,324,1,24.583333333333304,23.642857142857146,73.74999999999991,0.014420053716253205
2021-11-24,21.5,21.5,1,1,2021,11,328,1,18.49999999999997,26.60714285714286,55.499999999999915,0.02322505520049852
2021-11-25,55.625,60.0,4,4,2021,11,329,1,25.708333333333304,28.267857142857146,77.12499999999991,0.02038327169589026
2021-11-26,17.5,17.5,2,2,2021,11,330,1,31.54166666666664,28.41071428571429,94.62499999999991,0.0
2021-11-27,18.55,18.55,2,2,2021,11,331,1,30.558333333333305,26.703571428571433,91.67499999999991,0.0017366697082049508
2021-11-28,0.0,0.0,2,2,2021,11,332,1,12.016666666666637,21.025000000000006,36.04999999999991,0.030565113335073706
2021-11-29,32.75,32.75,2,2,2021,11,333,1,17.09999999999997,20.84642857142857,51.29999999999991,0.015055431100186218
2021-12-01,22.0,22.0,2,2,2021,12,335,1,18.24999999999997,23.989285714285717,54.749999999999915,0.030130586504352068
2021-12-03,0.0,0.0,1,1,2021,12,337,1,18.24999999999997,20.917857142857144,54.749999999999915,0.03417734361499004
2021-12-05,1.5,1.5,1,1,2021,12,339,1,7.833333333333305,13.185714285714289,23.499999999999915,0.0
2021-12-09,32.0,36.0,3,3,2021,12,343,1,11.166666666666638,15.257142857142863,33.499999999999915,0.02121012335548441
2021-12-10,1.5,1.5,1,1,2021,12,344,1,11.666666666666638,12.821428571428575,34.999999999999915,0.011547804607733452
2021-12-11,4.75,4.75,2,2,2021,12,345,1,12.749999999999972,13.500000000000004,38.249999999999915,0.0
2021-12-13,40.0,40.0,1,1,2021,12,347,1,15.416666666666638,14.53571428571429,46.249999999999915,0.0034841651085575787
2021-12-16,22.5,22.5,1,1,2021,12,350,1,22.41666666666664,14.607142857142861,67.24999999999991,0.01900390004089249
2021-12-22,38.5,38.5,1,1,2021,12,356,1,33.666666666666636,20.10714285714286,100.99999999999991,0.0
2021-12-23,37.5,37.5,1,1,2021,12,357,1,32.83333333333331,25.250000000000004,98.49999999999991,0.005220770968483363
2021-12-25,19.75,19.75,2,2,2021,12,359,1,31.91666666666664,23.500000000000004,95.74999999999991,0.00553846642447815
2021-12-27,0.0,0.0,1,1,2021,12,361,1,19.083333333333304,23.28571428571429,57.249999999999915,0.007731792502133567
2021-12-28,0.0,0.0,1,1,2021,12,362,1,6.583333333333305,22.60714285714286,19.749999999999915,0.02571404826438702
